# q=  0.00000000E+00  0.00000000E+00  0.10000000E-02  (qpt 1)
#ncbands         Re chi(0,0)              extrap   Re chi(Gmax,Gmax)              extrap
       1     -0.18717850E-09     -0.71540403E-09     -0.38842909E-06     -0.42479224E-03
       2     -0.33988942E-09     -0.71540403E-09     -0.78232244E-06     -0.42479224E-03
       3     -0.37902329E-09     -0.71540403E-09     -0.11258039E-05     -0.42479224E-03
       4     -0.40202291E-09     -0.71540403E-09     -0.14623291E-05     -0.42479224E-03
       5     -0.42568461E-09     -0.71540403E-09     -0.17950583E-05     -0.42479224E-03
       6     -0.45682684E-09     -0.71540403E-09     -0.21290337E-05     -0.42479224E-03
       7     -0.47685743E-09     -0.71540403E-09     -0.24576831E-05     -0.42479224E-03
       8     -0.48574053E-09     -0.71540403E-09     -0.27818898E-05     -0.42479224E-03
       9     -0.49308409E-09     -0.71540403E-09     -0.31104661E-05     -0.42479224E-03
      10     -0.50121824E-09     -0.71540403E-09     -0.34072495E-05     -0.42479224E-03
      11     -0.51003367E-09     -0.71540403E-09     -0.36963726E-05     -0.42479224E-03
      12     -0.51772073E-09     -0.71540403E-09     -0.39516428E-05     -0.42479224E-03
      13     -0.52658684E-09     -0.71540403E-09     -0.42264689E-05     -0.42479224E-03
      14     -0.53828445E-09     -0.71540403E-09     -0.45066203E-05     -0.42479224E-03
      15     -0.54778702E-09     -0.71540403E-09     -0.47804816E-05     -0.42479224E-03
      16     -0.55400235E-09     -0.71540403E-09     -0.50868736E-05     -0.42479224E-03
      17     -0.55947643E-09     -0.71540403E-09     -0.53845201E-05     -0.42479224E-03
      18     -0.56371401E-09     -0.71540403E-09     -0.56574880E-05     -0.42479224E-03
      19     -0.57005859E-09     -0.71540403E-09     -0.59243498E-05     -0.42479224E-03
      20     -0.57380071E-09     -0.71540403E-09     -0.62046936E-05     -0.42479224E-03
      21     -0.57904983E-09     -0.71540403E-09     -0.64798096E-05     -0.42479224E-03
      22     -0.58632978E-09     -0.71540403E-09     -0.67448265E-05     -0.42479224E-03
      23     -0.59195636E-09     -0.71540403E-09     -0.70196713E-05     -0.42479224E-03
      24     -0.59623472E-09     -0.71540403E-09     -0.72830560E-05     -0.42479224E-03
      25     -0.60102345E-09     -0.71540403E-09     -0.75697054E-05     -0.42479224E-03
      26     -0.60394659E-09     -0.71540403E-09     -0.78622595E-05     -0.42479224E-03
      27     -0.60621753E-09     -0.71540403E-09     -0.81443412E-05     -0.42479224E-03
      28     -0.60863411E-09     -0.71540403E-09     -0.84274776E-05     -0.42479224E-03
      29     -0.61145199E-09     -0.71540403E-09     -0.86941694E-05     -0.42479224E-03
      30     -0.61482513E-09     -0.71540403E-09     -0.90001695E-05     -0.42479224E-03
      31     -0.61881431E-09     -0.71540403E-09     -0.92652764E-05     -0.42479224E-03
      32     -0.62255128E-09     -0.71540403E-09     -0.95290273E-05     -0.42479224E-03
      33     -0.62306067E-09     -0.71540403E-09     -0.97853978E-05     -0.42479224E-03
      34     -0.62325280E-09     -0.71540403E-09     -0.10034431E-04     -0.42479224E-03
      35     -0.62367591E-09     -0.71540403E-09     -0.10305869E-04     -0.42479224E-03
      36     -0.62527879E-09     -0.71540403E-09     -0.10589641E-04     -0.42479224E-03
      37     -0.62671501E-09     -0.71540403E-09     -0.10868684E-04     -0.42479224E-03
      38     -0.62701523E-09     -0.71540403E-09     -0.11126706E-04     -0.42479224E-03
      39     -0.62727253E-09     -0.71540403E-09     -0.11375208E-04     -0.42479224E-03
      40     -0.62822573E-09     -0.71540403E-09     -0.11649798E-04     -0.42479224E-03
      41     -0.62970921E-09     -0.71540403E-09     -0.11926805E-04     -0.42479224E-03
      42     -0.63051536E-09     -0.71540403E-09     -0.12187228E-04     -0.42479224E-03
      43     -0.63153016E-09     -0.71540403E-09     -0.12458872E-04     -0.42479224E-03
      44     -0.63292030E-09     -0.71540403E-09     -0.12735697E-04     -0.42479224E-03
      45     -0.63440407E-09     -0.71540403E-09     -0.13011701E-04     -0.42479224E-03
      46     -0.63633907E-09     -0.71540403E-09     -0.13290134E-04     -0.42479224E-03
      47     -0.63698363E-09     -0.71540403E-09     -0.13556821E-04     -0.42479224E-03
      48     -0.63708777E-09     -0.71540403E-09     -0.13817199E-04     -0.42479224E-03
      49     -0.63715884E-09     -0.71540403E-09     -0.14069839E-04     -0.42479224E-03
      50     -0.63727373E-09     -0.71540403E-09     -0.14322644E-04     -0.42479224E-03
      51     -0.63802189E-09     -0.71540403E-09     -0.14568614E-04     -0.42479224E-03
      52     -0.63889437E-09     -0.71540403E-09     -0.14865298E-04     -0.42479224E-03
      53     -0.63975368E-09     -0.71540403E-09     -0.15144325E-04     -0.42479224E-03
      54     -0.64102675E-09     -0.71540403E-09     -0.15426144E-04     -0.42479224E-03
      55     -0.64239106E-09     -0.71540403E-09     -0.15720922E-04     -0.42479224E-03
      56     -0.64349279E-09     -0.71540403E-09     -0.16010828E-04     -0.42479224E-03
      57     -0.64444156E-09     -0.71540403E-09     -0.16309784E-04     -0.42479224E-03
      58     -0.64524672E-09     -0.71540403E-09     -0.16588910E-04     -0.42479224E-03
      59     -0.64590471E-09     -0.71540403E-09     -0.16869034E-04     -0.42479224E-03
      60     -0.64646875E-09     -0.71540403E-09     -0.17130013E-04     -0.42479224E-03
      61     -0.64696848E-09     -0.71540403E-09     -0.17405249E-04     -0.42479224E-03
      62     -0.64733547E-09     -0.71540403E-09     -0.17691061E-04     -0.42479224E-03
      63     -0.64769235E-09     -0.71540403E-09     -0.17970282E-04     -0.42479224E-03
      64     -0.64820022E-09     -0.71540403E-09     -0.18249363E-04     -0.42479224E-03
      65     -0.64881390E-09     -0.71540403E-09     -0.18560016E-04     -0.42479224E-03
      66     -0.64927640E-09     -0.71540403E-09     -0.18845166E-04     -0.42479224E-03
      67     -0.64964605E-09     -0.71540403E-09     -0.19115938E-04     -0.42479224E-03
      68     -0.64995290E-09     -0.71540403E-09     -0.19389242E-04     -0.42479224E-03
      69     -0.65019866E-09     -0.71540403E-09     -0.19670884E-04     -0.42479224E-03
      70     -0.65043926E-09     -0.71540403E-09     -0.19941353E-04     -0.42479224E-03
      71     -0.65063372E-09     -0.71540403E-09     -0.20217461E-04     -0.42479224E-03
      72     -0.65087847E-09     -0.71540403E-09     -0.20508116E-04     -0.42479224E-03
      73     -0.65117538E-09     -0.71540403E-09     -0.20815026E-04     -0.42479224E-03
      74     -0.65135692E-09     -0.71540403E-09     -0.21115982E-04     -0.42479224E-03
      75     -0.65158615E-09     -0.71540403E-09     -0.21396969E-04     -0.42479224E-03
      76     -0.65168077E-09     -0.71540403E-09     -0.21664274E-04     -0.42479224E-03
      77     -0.65168413E-09     -0.71540403E-09     -0.21673965E-04     -0.42479224E-03
      78     -0.65168977E-09     -0.71540403E-09     -0.21682950E-04     -0.42479224E-03
      79     -0.65177318E-09     -0.71540403E-09     -0.21824323E-04     -0.42479224E-03
      80     -0.65195289E-09     -0.71540403E-09     -0.22098810E-04     -0.42479224E-03
      81     -0.65209617E-09     -0.71540403E-09     -0.22384811E-04     -0.42479224E-03
      82     -0.65220626E-09     -0.71540403E-09     -0.22674002E-04     -0.42479224E-03
      83     -0.65231490E-09     -0.71540403E-09     -0.22960023E-04     -0.42479224E-03
      84     -0.65238996E-09     -0.71540403E-09     -0.23225585E-04     -0.42479224E-03
      85     -0.65250248E-09     -0.71540403E-09     -0.23461221E-04     -0.42479224E-03
      86     -0.65256693E-09     -0.71540403E-09     -0.23609166E-04     -0.42479224E-03
      87     -0.65258985E-09     -0.71540403E-09     -0.23671644E-04     -0.42479224E-03
      88     -0.65261029E-09     -0.71540403E-09     -0.23799364E-04     -0.42479224E-03
      89     -0.65270196E-09     -0.71540403E-09     -0.24062208E-04     -0.42479224E-03
      90     -0.65279122E-09     -0.71540403E-09     -0.24343304E-04     -0.42479224E-03
      91     -0.65287092E-09     -0.71540403E-09     -0.24635779E-04     -0.42479224E-03
      92     -0.65293959E-09     -0.71540403E-09     -0.24921625E-04     -0.42479224E-03
      93     -0.65299994E-09     -0.71540403E-09     -0.25191563E-04     -0.42479224E-03
      94     -0.65304335E-09     -0.71540403E-09     -0.25447488E-04     -0.42479224E-03
      95     -0.65311229E-09     -0.71540403E-09     -0.25596934E-04     -0.42479224E-03
      96     -0.65317436E-09     -0.71540403E-09     -0.25740083E-04     -0.42479224E-03
      97     -0.65323662E-09     -0.71540403E-09     -0.25992136E-04     -0.42479224E-03
      98     -0.65329552E-09     -0.71540403E-09     -0.26239051E-04     -0.42479224E-03
      99     -0.65335191E-09     -0.71540403E-09     -0.26487135E-04     -0.42479224E-03
     100     -0.65340206E-09     -0.71540403E-09     -0.26755224E-04     -0.42479224E-03
     101     -0.65347159E-09     -0.71540403E-09     -0.27012273E-04     -0.42479224E-03
     102     -0.65349016E-09     -0.71540403E-09     -0.27122902E-04     -0.42479224E-03
     103     -0.65353600E-09     -0.71540403E-09     -0.27314971E-04     -0.42479224E-03
     104     -0.65357262E-09     -0.71540403E-09     -0.27450517E-04     -0.42479224E-03
     105     -0.65361969E-09     -0.71540403E-09     -0.27719956E-04     -0.42479224E-03
     106     -0.65365676E-09     -0.71540403E-09     -0.27975310E-04     -0.42479224E-03
     107     -0.65365886E-09     -0.71540403E-09     -0.27988037E-04     -0.42479224E-03
     108     -0.65369506E-09     -0.71540403E-09     -0.28192875E-04     -0.42479224E-03
     109     -0.65371311E-09     -0.71540403E-09     -0.28262137E-04     -0.42479224E-03
     110     -0.65376726E-09     -0.71540403E-09     -0.28411089E-04     -0.42479224E-03
     111     -0.65380372E-09     -0.71540403E-09     -0.28557104E-04     -0.42479224E-03
     112     -0.65383899E-09     -0.71540403E-09     -0.28703759E-04     -0.42479224E-03
     113     -0.65388588E-09     -0.71540403E-09     -0.28852160E-04     -0.42479224E-03
     114     -0.65393126E-09     -0.71540403E-09     -0.29005860E-04     -0.42479224E-03
     115     -0.65395594E-09     -0.71540403E-09     -0.29105626E-04     -0.42479224E-03
     116     -0.65398243E-09     -0.71540403E-09     -0.29241388E-04     -0.42479224E-03
     117     -0.65398418E-09     -0.71540403E-09     -0.29248550E-04     -0.42479224E-03
     118     -0.65399464E-09     -0.71540403E-09     -0.29398627E-04     -0.42479224E-03
     119     -0.65405529E-09     -0.71540403E-09     -0.29541735E-04     -0.42479224E-03
     120     -0.65411935E-09     -0.71540403E-09     -0.29682801E-04     -0.42479224E-03
     121     -0.65414931E-09     -0.71540403E-09     -0.29785674E-04     -0.42479224E-03
     122     -0.65414991E-09     -0.71540403E-09     -0.29791807E-04     -0.42479224E-03
     123     -0.65415406E-09     -0.71540403E-09     -0.29805581E-04     -0.42479224E-03
     124     -0.65415468E-09     -0.71540403E-09     -0.29811987E-04     -0.42479224E-03
     125     -0.65416326E-09     -0.71540403E-09     -0.29858097E-04     -0.42479224E-03
     126     -0.65417120E-09     -0.71540403E-09     -0.29886887E-04     -0.42479224E-03
     127     -0.65419596E-09     -0.71540403E-09     -0.29992327E-04     -0.42479224E-03
     128     -0.65423025E-09     -0.71540403E-09     -0.30111764E-04     -0.42479224E-03
     129     -0.65424226E-09     -0.71540403E-09     -0.30145401E-04     -0.42479224E-03
     130     -0.65429383E-09     -0.71540403E-09     -0.30392680E-04     -0.42479224E-03
     131     -0.65433483E-09     -0.71540403E-09     -0.30599727E-04     -0.42479224E-03
     132     -0.65433584E-09     -0.71540403E-09     -0.30605427E-04     -0.42479224E-03
     133     -0.65437084E-09     -0.71540403E-09     -0.30741588E-04     -0.42479224E-03
     134     -0.65438071E-09     -0.71540403E-09     -0.30779780E-04     -0.42479224E-03
     135     -0.65440318E-09     -0.71540403E-09     -0.30920058E-04     -0.42479224E-03
     136     -0.65442498E-09     -0.71540403E-09     -0.31061230E-04     -0.42479224E-03
     137     -0.65445312E-09     -0.71540403E-09     -0.31219129E-04     -0.42479224E-03
     138     -0.65448046E-09     -0.71540403E-09     -0.31356475E-04     -0.42479224E-03
     139     -0.65449003E-09     -0.71540403E-09     -0.31369278E-04     -0.42479224E-03
     140     -0.65449643E-09     -0.71540403E-09     -0.31388198E-04     -0.42479224E-03
     141     -0.65454995E-09     -0.71540403E-09     -0.31534339E-04     -0.42479224E-03
     142     -0.65455120E-09     -0.71540403E-09     -0.31537296E-04     -0.42479224E-03
     143     -0.65463020E-09     -0.71540403E-09     -0.31784659E-04     -0.42479224E-03
     144     -0.65463415E-09     -0.71540403E-09     -0.31790643E-04     -0.42479224E-03
     145     -0.65463529E-09     -0.71540403E-09     -0.31799796E-04     -0.42479224E-03
     146     -0.65464403E-09     -0.71540403E-09     -0.31817394E-04     -0.42479224E-03
     147     -0.65465409E-09     -0.71540403E-09     -0.31959613E-04     -0.42479224E-03
     148     -0.65466116E-09     -0.71540403E-09     -0.31973649E-04     -0.42479224E-03
     149     -0.65466490E-09     -0.71540403E-09     -0.32038947E-04     -0.42479224E-03
     150     -0.65466584E-09     -0.71540403E-09     -0.32043816E-04     -0.42479224E-03
     151     -0.65466911E-09     -0.71540403E-09     -0.32065495E-04     -0.42479224E-03
     152     -0.65468252E-09     -0.71540403E-09     -0.32152248E-04     -0.42479224E-03
     153     -0.65469111E-09     -0.71540403E-09     -0.32201153E-04     -0.42479224E-03
     154     -0.65469310E-09     -0.71540403E-09     -0.32210982E-04     -0.42479224E-03
     155     -0.65469349E-09     -0.71540403E-09     -0.32214516E-04     -0.42479224E-03
     156     -0.65470587E-09     -0.71540403E-09     -0.32245645E-04     -0.42479224E-03
     157     -0.65473910E-09     -0.71540403E-09     -0.32366365E-04     -0.42479224E-03
     158     -0.65476743E-09     -0.71540403E-09     -0.32515016E-04     -0.42479224E-03
     159     -0.65480171E-09     -0.71540403E-09     -0.32669373E-04     -0.42479224E-03
     160     -0.65482541E-09     -0.71540403E-09     -0.32814103E-04     -0.42479224E-03
     161     -0.65485491E-09     -0.71540403E-09     -0.33007514E-04     -0.42479224E-03
     162     -0.65485561E-09     -0.71540403E-09     -0.33013949E-04     -0.42479224E-03
     163     -0.65486428E-09     -0.71540403E-09     -0.33065603E-04     -0.42479224E-03
     164     -0.65486943E-09     -0.71540403E-09     -0.33094896E-04     -0.42479224E-03
     165     -0.65488055E-09     -0.71540403E-09     -0.33148802E-04     -0.42479224E-03
     166     -0.65490012E-09     -0.71540403E-09     -0.33297807E-04     -0.42479224E-03
     167     -0.65491473E-09     -0.71540403E-09     -0.33400353E-04     -0.42479224E-03
     168     -0.65491813E-09     -0.71540403E-09     -0.33428767E-04     -0.42479224E-03
     169     -0.65492490E-09     -0.71540403E-09     -0.33469044E-04     -0.42479224E-03
     170     -0.65492736E-09     -0.71540403E-09     -0.33480007E-04     -0.42479224E-03
     171     -0.65494017E-09     -0.71540403E-09     -0.33549091E-04     -0.42479224E-03
     172     -0.65496003E-09     -0.71540403E-09     -0.33647918E-04     -0.42479224E-03
     173     -0.65496526E-09     -0.71540403E-09     -0.33674034E-04     -0.42479224E-03
     174     -0.65496671E-09     -0.71540403E-09     -0.33680191E-04     -0.42479224E-03
     175     -0.65497696E-09     -0.71540403E-09     -0.33714325E-04     -0.42479224E-03
     176     -0.65501237E-09     -0.71540403E-09     -0.33815526E-04     -0.42479224E-03
     177     -0.65501779E-09     -0.71540403E-09     -0.33833618E-04     -0.42479224E-03
     178     -0.65502183E-09     -0.71540403E-09     -0.33849132E-04     -0.42479224E-03
     179     -0.65502242E-09     -0.71540403E-09     -0.33855140E-04     -0.42479224E-03
     180     -0.65507018E-09     -0.71540403E-09     -0.33979899E-04     -0.42479224E-03
     181     -0.65508053E-09     -0.71540403E-09     -0.34029902E-04     -0.42479224E-03
     182     -0.65508602E-09     -0.71540403E-09     -0.34053794E-04     -0.42479224E-03
     183     -0.65509029E-09     -0.71540403E-09     -0.34095979E-04     -0.42479224E-03
     184     -0.65509582E-09     -0.71540403E-09     -0.34155065E-04     -0.42479224E-03
     185     -0.65509821E-09     -0.71540403E-09     -0.34169668E-04     -0.42479224E-03
     186     -0.65510412E-09     -0.71540403E-09     -0.34221329E-04     -0.42479224E-03
     187     -0.65511172E-09     -0.71540403E-09     -0.34268768E-04     -0.42479224E-03
     188     -0.65511397E-09     -0.71540403E-09     -0.34280782E-04     -0.42479224E-03
     189     -0.65512333E-09     -0.71540403E-09     -0.34318690E-04     -0.42479224E-03
     190     -0.65512883E-09     -0.71540403E-09     -0.34357925E-04     -0.42479224E-03
     191     -0.65514330E-09     -0.71540403E-09     -0.34407228E-04     -0.42479224E-03
     192     -0.65518563E-09     -0.71540403E-09     -0.34558888E-04     -0.42479224E-03
     193     -0.65521386E-09     -0.71540403E-09     -0.34698907E-04     -0.42479224E-03
     194     -0.65523884E-09     -0.71540403E-09     -0.34875102E-04     -0.42479224E-03
     195     -0.65523927E-09     -0.71540403E-09     -0.34878340E-04     -0.42479224E-03
     196     -0.65524361E-09     -0.71540403E-09     -0.34903549E-04     -0.42479224E-03
     197     -0.65525159E-09     -0.71540403E-09     -0.34932211E-04     -0.42479224E-03
     198     -0.65525779E-09     -0.71540403E-09     -0.34961420E-04     -0.42479224E-03
     199     -0.65527550E-09     -0.71540403E-09     -0.35106049E-04     -0.42479224E-03
     200     -0.65528656E-09     -0.71540403E-09     -0.35157077E-04     -0.42479224E-03
     201     -0.65530861E-09     -0.71540403E-09     -0.35293896E-04     -0.42479224E-03
     202     -0.65532105E-09     -0.71540403E-09     -0.35376033E-04     -0.42479224E-03
     203     -0.65533495E-09     -0.71540403E-09     -0.35484435E-04     -0.42479224E-03
     204     -0.65534796E-09     -0.71540403E-09     -0.35632679E-04     -0.42479224E-03
     205     -0.65535752E-09     -0.71540403E-09     -0.35776592E-04     -0.42479224E-03
     206     -0.65535868E-09     -0.71540403E-09     -0.35781781E-04     -0.42479224E-03
     207     -0.65536146E-09     -0.71540403E-09     -0.35794553E-04     -0.42479224E-03
     208     -0.65536750E-09     -0.71540403E-09     -0.35821981E-04     -0.42479224E-03
     209     -0.65536930E-09     -0.71540403E-09     -0.35830678E-04     -0.42479224E-03
     210     -0.65538464E-09     -0.71540403E-09     -0.35898215E-04     -0.42479224E-03
     211     -0.65538566E-09     -0.71540403E-09     -0.35905133E-04     -0.42479224E-03
     212     -0.65540215E-09     -0.71540403E-09     -0.35973066E-04     -0.42479224E-03
     213     -0.65540868E-09     -0.71540403E-09     -0.36024543E-04     -0.42479224E-03
     214     -0.65543106E-09     -0.71540403E-09     -0.36097079E-04     -0.42479224E-03
     215     -0.65543584E-09     -0.71540403E-09     -0.36116455E-04     -0.42479224E-03
     216     -0.65548328E-09     -0.71540403E-09     -0.36279266E-04     -0.42479224E-03
     217     -0.65550382E-09     -0.71540403E-09     -0.36397317E-04     -0.42479224E-03
     218     -0.65550951E-09     -0.71540403E-09     -0.36428744E-04     -0.42479224E-03
     219     -0.65551659E-09     -0.71540403E-09     -0.36464734E-04     -0.42479224E-03
     220     -0.65551947E-09     -0.71540403E-09     -0.36488637E-04     -0.42479224E-03
     221     -0.65552248E-09     -0.71540403E-09     -0.36501972E-04     -0.42479224E-03
     222     -0.65553535E-09     -0.71540403E-09     -0.36546966E-04     -0.42479224E-03
     223     -0.65553952E-09     -0.71540403E-09     -0.36562289E-04     -0.42479224E-03
     224     -0.65557370E-09     -0.71540403E-09     -0.36673701E-04     -0.42479224E-03
     225     -0.65559111E-09     -0.71540403E-09     -0.36733152E-04     -0.42479224E-03
     226     -0.65560397E-09     -0.71540403E-09     -0.36786717E-04     -0.42479224E-03
     227     -0.65561193E-09     -0.71540403E-09     -0.36818167E-04     -0.42479224E-03
     228     -0.65563876E-09     -0.71540403E-09     -0.36954150E-04     -0.42479224E-03
     229     -0.65564964E-09     -0.71540403E-09     -0.37071783E-04     -0.42479224E-03
     230     -0.65567323E-09     -0.71540403E-09     -0.37202858E-04     -0.42479224E-03
     231     -0.65567750E-09     -0.71540403E-09     -0.37223456E-04     -0.42479224E-03
     232     -0.65568120E-09     -0.71540403E-09     -0.37241076E-04     -0.42479224E-03
     233     -0.65569092E-09     -0.71540403E-09     -0.37301750E-04     -0.42479224E-03
     234     -0.65569286E-09     -0.71540403E-09     -0.37308530E-04     -0.42479224E-03
     235     -0.65569838E-09     -0.71540403E-09     -0.37322462E-04     -0.42479224E-03
     236     -0.65570799E-09     -0.71540403E-09     -0.37381651E-04     -0.42479224E-03
     237     -0.65571479E-09     -0.71540403E-09     -0.37413223E-04     -0.42479224E-03
     238     -0.65572455E-09     -0.71540403E-09     -0.37457412E-04     -0.42479224E-03
     239     -0.65572995E-09     -0.71540403E-09     -0.37484525E-04     -0.42479224E-03
     240     -0.65573466E-09     -0.71540403E-09     -0.37499093E-04     -0.42479224E-03
     241     -0.65574269E-09     -0.71540403E-09     -0.37540072E-04     -0.42479224E-03
     242     -0.65576388E-09     -0.71540403E-09     -0.37652726E-04     -0.42479224E-03
     243     -0.65578071E-09     -0.71540403E-09     -0.37744289E-04     -0.42479224E-03
     244     -0.65582400E-09     -0.71540403E-09     -0.37967786E-04     -0.42479224E-03
     245     -0.65583516E-09     -0.71540403E-09     -0.38092512E-04     -0.42479224E-03
     246     -0.65585116E-09     -0.71540403E-09     -0.38219648E-04     -0.42479224E-03
     247     -0.65585433E-09     -0.71540403E-09     -0.38227018E-04     -0.42479224E-03
     248     -0.65585973E-09     -0.71540403E-09     -0.38249245E-04     -0.42479224E-03
     249     -0.65587770E-09     -0.71540403E-09     -0.38334579E-04     -0.42479224E-03
     250     -0.65588391E-09     -0.71540403E-09     -0.38363395E-04     -0.42479224E-03
     251     -0.65589648E-09     -0.71540403E-09     -0.38421850E-04     -0.42479224E-03
     252     -0.65591195E-09     -0.71540403E-09     -0.38496520E-04     -0.42479224E-03
     253     -0.65591990E-09     -0.71540403E-09     -0.38539945E-04     -0.42479224E-03
     254     -0.65593477E-09     -0.71540403E-09     -0.38665106E-04     -0.42479224E-03
     255     -0.65593933E-09     -0.71540403E-09     -0.38690214E-04     -0.42479224E-03
     256     -0.65596069E-09     -0.71540403E-09     -0.38798314E-04     -0.42479224E-03
     257     -0.65597552E-09     -0.71540403E-09     -0.38863236E-04     -0.42479224E-03
     258     -0.65598437E-09     -0.71540403E-09     -0.38900179E-04     -0.42479224E-03
     259     -0.65599950E-09     -0.71540403E-09     -0.38950416E-04     -0.42479224E-03
     260     -0.65600749E-09     -0.71540403E-09     -0.38981319E-04     -0.42479224E-03
     261     -0.65602691E-09     -0.71540403E-09     -0.39036829E-04     -0.42479224E-03
     262     -0.65606544E-09     -0.71540403E-09     -0.39145899E-04     -0.42479224E-03
     263     -0.65609224E-09     -0.71540403E-09     -0.39216554E-04     -0.42479224E-03
     264     -0.65611740E-09     -0.71540403E-09     -0.39291661E-04     -0.42479224E-03
     265     -0.65615561E-09     -0.71540403E-09     -0.39418510E-04     -0.42479224E-03
     266     -0.65617381E-09     -0.71540403E-09     -0.39470826E-04     -0.42479224E-03
     267     -0.65622377E-09     -0.71540403E-09     -0.39615906E-04     -0.42479224E-03
     268     -0.65624905E-09     -0.71540403E-09     -0.39712394E-04     -0.42479224E-03
     269     -0.65625514E-09     -0.71540403E-09     -0.39728359E-04     -0.42479224E-03
     270     -0.65627800E-09     -0.71540403E-09     -0.39797002E-04     -0.42479224E-03
     271     -0.65628668E-09     -0.71540403E-09     -0.39821866E-04     -0.42479224E-03
     272     -0.65631931E-09     -0.71540403E-09     -0.39945094E-04     -0.42479224E-03
     273     -0.65635761E-09     -0.71540403E-09     -0.40079292E-04     -0.42479224E-03
     274     -0.65639333E-09     -0.71540403E-09     -0.40178814E-04     -0.42479224E-03
     275     -0.65643250E-09     -0.71540403E-09     -0.40272186E-04     -0.42479224E-03
     276     -0.65647941E-09     -0.71540403E-09     -0.40396388E-04     -0.42479224E-03
     277     -0.65653543E-09     -0.71540403E-09     -0.40558291E-04     -0.42479224E-03
     278     -0.65655384E-09     -0.71540403E-09     -0.40605716E-04     -0.42479224E-03
     279     -0.65656917E-09     -0.71540403E-09     -0.40651162E-04     -0.42479224E-03
     280     -0.65659556E-09     -0.71540403E-09     -0.40728330E-04     -0.42479224E-03
     281     -0.65660701E-09     -0.71540403E-09     -0.40758802E-04     -0.42479224E-03
     282     -0.65661705E-09     -0.71540403E-09     -0.40781277E-04     -0.42479224E-03
     283     -0.65662842E-09     -0.71540403E-09     -0.40818034E-04     -0.42479224E-03
     284     -0.65663973E-09     -0.71540403E-09     -0.40850820E-04     -0.42479224E-03
     285     -0.65665128E-09     -0.71540403E-09     -0.40901334E-04     -0.42479224E-03
     286     -0.65665827E-09     -0.71540403E-09     -0.40929557E-04     -0.42479224E-03
     287     -0.65666373E-09     -0.71540403E-09     -0.40949431E-04     -0.42479224E-03
     288     -0.65666885E-09     -0.71540403E-09     -0.40964954E-04     -0.42479224E-03
     289     -0.65670654E-09     -0.71540403E-09     -0.41075631E-04     -0.42479224E-03
     290     -0.65673281E-09     -0.71540403E-09     -0.41148669E-04     -0.42479224E-03
     291     -0.65677459E-09     -0.71540403E-09     -0.41278892E-04     -0.42479224E-03
     292     -0.65679115E-09     -0.71540403E-09     -0.41348849E-04     -0.42479224E-03
     293     -0.65682917E-09     -0.71540403E-09     -0.41451282E-04     -0.42479224E-03
     294     -0.65686109E-09     -0.71540403E-09     -0.41553034E-04     -0.42479224E-03
     295     -0.65689868E-09     -0.71540403E-09     -0.41646785E-04     -0.42479224E-03
     296     -0.65690411E-09     -0.71540403E-09     -0.41660621E-04     -0.42479224E-03
     297     -0.65691556E-09     -0.71540403E-09     -0.41713837E-04     -0.42479224E-03
     298     -0.65691813E-09     -0.71540403E-09     -0.41724052E-04     -0.42479224E-03
     299     -0.65692410E-09     -0.71540403E-09     -0.41743666E-04     -0.42479224E-03
     300     -0.65694359E-09     -0.71540403E-09     -0.41859764E-04     -0.42479224E-03
     301     -0.65694701E-09     -0.71540403E-09     -0.41886010E-04     -0.42479224E-03
     302     -0.65694927E-09     -0.71540403E-09     -0.41890599E-04     -0.42479224E-03
     303     -0.65695666E-09     -0.71540403E-09     -0.41907068E-04     -0.42479224E-03
     304     -0.65695930E-09     -0.71540403E-09     -0.41913397E-04     -0.42479224E-03
     305     -0.65696366E-09     -0.71540403E-09     -0.41923158E-04     -0.42479224E-03
     306     -0.65697208E-09     -0.71540403E-09     -0.42015866E-04     -0.42479224E-03
     307     -0.65697903E-09     -0.71540403E-09     -0.42082580E-04     -0.42479224E-03
     308     -0.65697983E-09     -0.71540403E-09     -0.42083975E-04     -0.42479224E-03
     309     -0.65698233E-09     -0.71540403E-09     -0.42089655E-04     -0.42479224E-03
     310     -0.65699215E-09     -0.71540403E-09     -0.42132230E-04     -0.42479224E-03
     311     -0.65700585E-09     -0.71540403E-09     -0.42206161E-04     -0.42479224E-03
     312     -0.65701581E-09     -0.71540403E-09     -0.42241946E-04     -0.42479224E-03
     313     -0.65702001E-09     -0.71540403E-09     -0.42251470E-04     -0.42479224E-03
     314     -0.65703152E-09     -0.71540403E-09     -0.42294282E-04     -0.42479224E-03
     315     -0.65705023E-09     -0.71540403E-09     -0.42367427E-04     -0.42479224E-03
     316     -0.65706179E-09     -0.71540403E-09     -0.42402804E-04     -0.42479224E-03
     317     -0.65706577E-09     -0.71540403E-09     -0.42417297E-04     -0.42479224E-03
     318     -0.65707441E-09     -0.71540403E-09     -0.42440861E-04     -0.42479224E-03
     319     -0.65708091E-09     -0.71540403E-09     -0.42462388E-04     -0.42479224E-03
     320     -0.65710505E-09     -0.71540403E-09     -0.42531997E-04     -0.42479224E-03
     321     -0.65713860E-09     -0.71540403E-09     -0.42628975E-04     -0.42479224E-03
     322     -0.65715127E-09     -0.71540403E-09     -0.42662813E-04     -0.42479224E-03
     323     -0.65718975E-09     -0.71540403E-09     -0.42760282E-04     -0.42479224E-03
     324     -0.65720081E-09     -0.71540403E-09     -0.42791967E-04     -0.42479224E-03
     325     -0.65721923E-09     -0.71540403E-09     -0.42841261E-04     -0.42479224E-03
     326     -0.65724707E-09     -0.71540403E-09     -0.42913552E-04     -0.42479224E-03
     327     -0.65728168E-09     -0.71540403E-09     -0.43003940E-04     -0.42479224E-03
     328     -0.65730540E-09     -0.71540403E-09     -0.43070521E-04     -0.42479224E-03
     329     -0.65731482E-09     -0.71540403E-09     -0.43097919E-04     -0.42479224E-03
     330     -0.65731926E-09     -0.71540403E-09     -0.43110524E-04     -0.42479224E-03
     331     -0.65732332E-09     -0.71540403E-09     -0.43121470E-04     -0.42479224E-03
     332     -0.65733010E-09     -0.71540403E-09     -0.43139912E-04     -0.42479224E-03
     333     -0.65733391E-09     -0.71540403E-09     -0.43149944E-04     -0.42479224E-03
     334     -0.65733787E-09     -0.71540403E-09     -0.43158469E-04     -0.42479224E-03
     335     -0.65734409E-09     -0.71540403E-09     -0.43173548E-04     -0.42479224E-03
     336     -0.65734799E-09     -0.71540403E-09     -0.43184535E-04     -0.42479224E-03
     337     -0.65735658E-09     -0.71540403E-09     -0.43205422E-04     -0.42479224E-03
     338     -0.65735767E-09     -0.71540403E-09     -0.43208931E-04     -0.42479224E-03
     339     -0.65736369E-09     -0.71540403E-09     -0.43221910E-04     -0.42479224E-03
     340     -0.65737584E-09     -0.71540403E-09     -0.43250564E-04     -0.42479224E-03
     341     -0.65740670E-09     -0.71540403E-09     -0.43371785E-04     -0.42479224E-03
     342     -0.65742064E-09     -0.71540403E-09     -0.43404734E-04     -0.42479224E-03
     343     -0.65743893E-09     -0.71540403E-09     -0.43451874E-04     -0.42479224E-03
     344     -0.65745943E-09     -0.71540403E-09     -0.43492394E-04     -0.42479224E-03
     345     -0.65747843E-09     -0.71540403E-09     -0.43533951E-04     -0.42479224E-03
     346     -0.65751418E-09     -0.71540403E-09     -0.43637164E-04     -0.42479224E-03
     347     -0.65754804E-09     -0.71540403E-09     -0.43715170E-04     -0.42479224E-03
     348     -0.65757098E-09     -0.71540403E-09     -0.43801975E-04     -0.42479224E-03
     349     -0.65757746E-09     -0.71540403E-09     -0.43816409E-04     -0.42479224E-03
     350     -0.65758359E-09     -0.71540403E-09     -0.43830369E-04     -0.42479224E-03
     351     -0.65760198E-09     -0.71540403E-09     -0.43890330E-04     -0.42479224E-03
     352     -0.65761875E-09     -0.71540403E-09     -0.43976793E-04     -0.42479224E-03
     353     -0.65763275E-09     -0.71540403E-09     -0.44071153E-04     -0.42479224E-03
     354     -0.65765252E-09     -0.71540403E-09     -0.44127168E-04     -0.42479224E-03
     355     -0.65767760E-09     -0.71540403E-09     -0.44207446E-04     -0.42479224E-03
     356     -0.65769130E-09     -0.71540403E-09     -0.44260940E-04     -0.42479224E-03
     357     -0.65769426E-09     -0.71540403E-09     -0.44266298E-04     -0.42479224E-03
     358     -0.65771829E-09     -0.71540403E-09     -0.44363892E-04     -0.42479224E-03
     359     -0.65774101E-09     -0.71540403E-09     -0.44467982E-04     -0.42479224E-03
     360     -0.65774982E-09     -0.71540403E-09     -0.44488204E-04     -0.42479224E-03
     361     -0.65776218E-09     -0.71540403E-09     -0.44514465E-04     -0.42479224E-03
     362     -0.65776883E-09     -0.71540403E-09     -0.44530121E-04     -0.42479224E-03
     363     -0.65778327E-09     -0.71540403E-09     -0.44571741E-04     -0.42479224E-03
     364     -0.65780293E-09     -0.71540403E-09     -0.44619912E-04     -0.42479224E-03
     365     -0.65780759E-09     -0.71540403E-09     -0.44642180E-04     -0.42479224E-03
     366     -0.65781512E-09     -0.71540403E-09     -0.44675200E-04     -0.42479224E-03
     367     -0.65782184E-09     -0.71540403E-09     -0.44699347E-04     -0.42479224E-03
     368     -0.65782453E-09     -0.71540403E-09     -0.44704684E-04     -0.42479224E-03
     369     -0.65782885E-09     -0.71540403E-09     -0.44715791E-04     -0.42479224E-03
     370     -0.65783167E-09     -0.71540403E-09     -0.44722590E-04     -0.42479224E-03
     371     -0.65783586E-09     -0.71540403E-09     -0.44733515E-04     -0.42479224E-03
     372     -0.65784050E-09     -0.71540403E-09     -0.44744688E-04     -0.42479224E-03
     373     -0.65787523E-09     -0.71540403E-09     -0.44815958E-04     -0.42479224E-03
     374     -0.65787858E-09     -0.71540403E-09     -0.44823415E-04     -0.42479224E-03
     375     -0.65788065E-09     -0.71540403E-09     -0.44827096E-04     -0.42479224E-03
     376     -0.65790957E-09     -0.71540403E-09     -0.44881755E-04     -0.42479224E-03
     377     -0.65796361E-09     -0.71540403E-09     -0.44986907E-04     -0.42479224E-03
     378     -0.65802158E-09     -0.71540403E-09     -0.45069215E-04     -0.42479224E-03
     379     -0.65802806E-09     -0.71540403E-09     -0.45085711E-04     -0.42479224E-03
     380     -0.65803566E-09     -0.71540403E-09     -0.45099894E-04     -0.42479224E-03
     381     -0.65804410E-09     -0.71540403E-09     -0.45116263E-04     -0.42479224E-03
     382     -0.65807503E-09     -0.71540403E-09     -0.45140390E-04     -0.42479224E-03
     383     -0.65815082E-09     -0.71540403E-09     -0.45195100E-04     -0.42479224E-03
     384     -0.65827120E-09     -0.71540403E-09     -0.45332924E-04     -0.42479224E-03
     385     -0.65828156E-09     -0.71540403E-09     -0.45361446E-04     -0.42479224E-03
     386     -0.65828877E-09     -0.71540403E-09     -0.45376858E-04     -0.42479224E-03
     387     -0.65832150E-09     -0.71540403E-09     -0.45476950E-04     -0.42479224E-03
     388     -0.65833858E-09     -0.71540403E-09     -0.45513187E-04     -0.42479224E-03
     389     -0.65834454E-09     -0.71540403E-09     -0.45541114E-04     -0.42479224E-03
     390     -0.65836253E-09     -0.71540403E-09     -0.45581418E-04     -0.42479224E-03
     391     -0.65837126E-09     -0.71540403E-09     -0.45603512E-04     -0.42479224E-03
     392     -0.65838013E-09     -0.71540403E-09     -0.45616685E-04     -0.42479224E-03
     393     -0.65838649E-09     -0.71540403E-09     -0.45636876E-04     -0.42479224E-03
     394     -0.65839927E-09     -0.71540403E-09     -0.45704378E-04     -0.42479224E-03
     395     -0.65840967E-09     -0.71540403E-09     -0.45780697E-04     -0.42479224E-03
     396     -0.65844570E-09     -0.71540403E-09     -0.45847955E-04     -0.42479224E-03
     397     -0.65848381E-09     -0.71540403E-09     -0.45919286E-04     -0.42479224E-03
     398     -0.65853344E-09     -0.71540403E-09     -0.46032147E-04     -0.42479224E-03
     399     -0.65859745E-09     -0.71540403E-09     -0.46098721E-04     -0.42479224E-03
     400     -0.65862939E-09     -0.71540403E-09     -0.46157904E-04     -0.42479224E-03
     401     -0.65863970E-09     -0.71540403E-09     -0.46187770E-04     -0.42479224E-03
     402     -0.65865778E-09     -0.71540403E-09     -0.46234926E-04     -0.42479224E-03
     403     -0.65867414E-09     -0.71540403E-09     -0.46268484E-04     -0.42479224E-03
     404     -0.65867803E-09     -0.71540403E-09     -0.46280590E-04     -0.42479224E-03
     405     -0.65870427E-09     -0.71540403E-09     -0.46360418E-04     -0.42479224E-03
     406     -0.65871603E-09     -0.71540403E-09     -0.46411722E-04     -0.42479224E-03
     407     -0.65872378E-09     -0.71540403E-09     -0.46435783E-04     -0.42479224E-03
     408     -0.65875843E-09     -0.71540403E-09     -0.46543155E-04     -0.42479224E-03
     409     -0.65878710E-09     -0.71540403E-09     -0.46610024E-04     -0.42479224E-03
     410     -0.65880551E-09     -0.71540403E-09     -0.46654596E-04     -0.42479224E-03
     411     -0.65882539E-09     -0.71540403E-09     -0.46702956E-04     -0.42479224E-03
     412     -0.65884982E-09     -0.71540403E-09     -0.46756003E-04     -0.42479224E-03
     413     -0.65890910E-09     -0.71540403E-09     -0.46863814E-04     -0.42479224E-03
     414     -0.65894770E-09     -0.71540403E-09     -0.46947863E-04     -0.42479224E-03
     415     -0.65895197E-09     -0.71540403E-09     -0.46956371E-04     -0.42479224E-03
     416     -0.65898441E-09     -0.71540403E-09     -0.47044315E-04     -0.42479224E-03
     417     -0.65899283E-09     -0.71540403E-09     -0.47067785E-04     -0.42479224E-03
     418     -0.65905460E-09     -0.71540403E-09     -0.47194033E-04     -0.42479224E-03
     419     -0.65912038E-09     -0.71540403E-09     -0.47352805E-04     -0.42479224E-03
     420     -0.65917442E-09     -0.71540403E-09     -0.47514622E-04     -0.42479224E-03
     421     -0.65921343E-09     -0.71540403E-09     -0.47610450E-04     -0.42479224E-03
     422     -0.65924140E-09     -0.71540403E-09     -0.47713056E-04     -0.42479224E-03
     423     -0.65926137E-09     -0.71540403E-09     -0.47760421E-04     -0.42479224E-03
     424     -0.65935832E-09     -0.71540403E-09     -0.47916621E-04     -0.42479224E-03
     425     -0.65937977E-09     -0.71540403E-09     -0.47941564E-04     -0.42479224E-03
     426     -0.65940199E-09     -0.71540403E-09     -0.47978104E-04     -0.42479224E-03
     427     -0.65947785E-09     -0.71540403E-09     -0.48065795E-04     -0.42479224E-03
     428     -0.65957587E-09     -0.71540403E-09     -0.48221843E-04     -0.42479224E-03
     429     -0.65959855E-09     -0.71540403E-09     -0.48325288E-04     -0.42479224E-03
     430     -0.65965899E-09     -0.71540403E-09     -0.48389881E-04     -0.42479224E-03
     431     -0.65967062E-09     -0.71540403E-09     -0.48476619E-04     -0.42479224E-03
     432     -0.65973681E-09     -0.71540403E-09     -0.48590262E-04     -0.42479224E-03
     433     -0.65976616E-09     -0.71540403E-09     -0.48639729E-04     -0.42479224E-03
     434     -0.65983928E-09     -0.71540403E-09     -0.48803825E-04     -0.42479224E-03
     435     -0.65990557E-09     -0.71540403E-09     -0.48938097E-04     -0.42479224E-03
     436     -0.65996710E-09     -0.71540403E-09     -0.49006717E-04     -0.42479224E-03
     437     -0.66002176E-09     -0.71540403E-09     -0.49071766E-04     -0.42479224E-03
     438     -0.66010104E-09     -0.71540403E-09     -0.49159237E-04     -0.42479224E-03
     439     -0.66023318E-09     -0.71540403E-09     -0.49287081E-04     -0.42479224E-03
     440     -0.66026690E-09     -0.71540403E-09     -0.49341714E-04     -0.42479224E-03
     441     -0.66032681E-09     -0.71540403E-09     -0.49395364E-04     -0.42479224E-03
     442     -0.66042160E-09     -0.71540403E-09     -0.49480799E-04     -0.42479224E-03
     443     -0.66049376E-09     -0.71540403E-09     -0.49563570E-04     -0.42479224E-03
     444     -0.66058690E-09     -0.71540403E-09     -0.49643757E-04     -0.42479224E-03
     445     -0.66067177E-09     -0.71540403E-09     -0.49736263E-04     -0.42479224E-03
     446     -0.66070346E-09     -0.71540403E-09     -0.49768525E-04     -0.42479224E-03
     447     -0.66073458E-09     -0.71540403E-09     -0.49804129E-04     -0.42479224E-03
     448     -0.66082150E-09     -0.71540403E-09     -0.49892273E-04     -0.42479224E-03
     449     -0.66085301E-09     -0.71540403E-09     -0.49934178E-04     -0.42479224E-03
     450     -0.66086511E-09     -0.71540403E-09     -0.49950164E-04     -0.42479224E-03
     451     -0.66094425E-09     -0.71540403E-09     -0.50036681E-04     -0.42479224E-03
     452     -0.66096293E-09     -0.71540403E-09     -0.50062967E-04     -0.42479224E-03
     453     -0.66097599E-09     -0.71540403E-09     -0.50084598E-04     -0.42479224E-03
     454     -0.66108105E-09     -0.71540403E-09     -0.50248986E-04     -0.42479224E-03
     455     -0.66116255E-09     -0.71540403E-09     -0.50358694E-04     -0.42479224E-03
     456     -0.66123285E-09     -0.71540403E-09     -0.50440370E-04     -0.42479224E-03
     457     -0.66131962E-09     -0.71540403E-09     -0.50534093E-04     -0.42479224E-03
     458     -0.66132654E-09     -0.71540403E-09     -0.50554182E-04     -0.42479224E-03
     459     -0.66133347E-09     -0.71540403E-09     -0.50568069E-04     -0.42479224E-03
     460     -0.66134691E-09     -0.71540403E-09     -0.50590351E-04     -0.42479224E-03
     461     -0.66135319E-09     -0.71540403E-09     -0.50601651E-04     -0.42479224E-03
     462     -0.66136477E-09     -0.71540403E-09     -0.50618818E-04     -0.42479224E-03
     463     -0.66138582E-09     -0.71540403E-09     -0.50647111E-04     -0.42479224E-03
     464     -0.66139942E-09     -0.71540403E-09     -0.50666609E-04     -0.42479224E-03
     465     -0.66145597E-09     -0.71540403E-09     -0.50737690E-04     -0.42479224E-03
     466     -0.66145931E-09     -0.71540403E-09     -0.50744462E-04     -0.42479224E-03
     467     -0.66147926E-09     -0.71540403E-09     -0.50767170E-04     -0.42479224E-03
     468     -0.66148276E-09     -0.71540403E-09     -0.50774852E-04     -0.42479224E-03
     469     -0.66149843E-09     -0.71540403E-09     -0.50800160E-04     -0.42479224E-03
     470     -0.66150903E-09     -0.71540403E-09     -0.50819369E-04     -0.42479224E-03
     471     -0.66151389E-09     -0.71540403E-09     -0.50830245E-04     -0.42479224E-03
     472     -0.66151636E-09     -0.71540403E-09     -0.50836606E-04     -0.42479224E-03
     473     -0.66152831E-09     -0.71540403E-09     -0.50853517E-04     -0.42479224E-03
     474     -0.66153246E-09     -0.71540403E-09     -0.50861617E-04     -0.42479224E-03
     475     -0.66153937E-09     -0.71540403E-09     -0.50870504E-04     -0.42479224E-03
     476     -0.66154348E-09     -0.71540403E-09     -0.50876892E-04     -0.42479224E-03
     477     -0.66154564E-09     -0.71540403E-09     -0.50882320E-04     -0.42479224E-03
     478     -0.66155283E-09     -0.71540403E-09     -0.50893952E-04     -0.42479224E-03
     479     -0.66156031E-09     -0.71540403E-09     -0.50900505E-04     -0.42479224E-03
     480     -0.66156940E-09     -0.71540403E-09     -0.50915354E-04     -0.42479224E-03
     481     -0.66157175E-09     -0.71540403E-09     -0.50923692E-04     -0.42479224E-03
     482     -0.66157734E-09     -0.71540403E-09     -0.50931175E-04     -0.42479224E-03
     483     -0.66158228E-09     -0.71540403E-09     -0.50946331E-04     -0.42479224E-03
     484     -0.66158500E-09     -0.71540403E-09     -0.50951465E-04     -0.42479224E-03
     485     -0.66158817E-09     -0.71540403E-09     -0.50956839E-04     -0.42479224E-03
     486     -0.66159060E-09     -0.71540403E-09     -0.50963187E-04     -0.42479224E-03
     487     -0.66159323E-09     -0.71540403E-09     -0.50969493E-04     -0.42479224E-03
     488     -0.66159569E-09     -0.71540403E-09     -0.50973827E-04     -0.42479224E-03
     489     -0.66159930E-09     -0.71540403E-09     -0.50979868E-04     -0.42479224E-03
     490     -0.66160084E-09     -0.71540403E-09     -0.50986683E-04     -0.42479224E-03
     491     -0.66160296E-09     -0.71540403E-09     -0.50996435E-04     -0.42479224E-03
     492     -0.66160858E-09     -0.71540403E-09     -0.51006153E-04     -0.42479224E-03
     493     -0.66161197E-09     -0.71540403E-09     -0.51017097E-04     -0.42479224E-03
     494     -0.66161341E-09     -0.71540403E-09     -0.51020409E-04     -0.42479224E-03
     495     -0.66161438E-09     -0.71540403E-09     -0.51022878E-04     -0.42479224E-03
     496     -0.66161556E-09     -0.71540403E-09     -0.51024925E-04     -0.42479224E-03
     497     -0.66161710E-09     -0.71540403E-09     -0.51026901E-04     -0.42479224E-03
     498     -0.66162095E-09     -0.71540403E-09     -0.51035100E-04     -0.42479224E-03
     499     -0.66162535E-09     -0.71540403E-09     -0.51045462E-04     -0.42479224E-03
     500     -0.66162926E-09     -0.71540403E-09     -0.51054030E-04     -0.42479224E-03
     501     -0.66163717E-09     -0.71540403E-09     -0.51065757E-04     -0.42479224E-03
     502     -0.66163858E-09     -0.71540403E-09     -0.51068918E-04     -0.42479224E-03
     503     -0.66164242E-09     -0.71540403E-09     -0.51075753E-04     -0.42479224E-03
     504     -0.66164811E-09     -0.71540403E-09     -0.51083981E-04     -0.42479224E-03
     505     -0.66164943E-09     -0.71540403E-09     -0.51087792E-04     -0.42479224E-03
     506     -0.66166389E-09     -0.71540403E-09     -0.51109731E-04     -0.42479224E-03
     507     -0.66167044E-09     -0.71540403E-09     -0.51118901E-04     -0.42479224E-03
     508     -0.66167995E-09     -0.71540403E-09     -0.51130710E-04     -0.42479224E-03
     509     -0.66168274E-09     -0.71540403E-09     -0.51139250E-04     -0.42479224E-03
     510     -0.66169006E-09     -0.71540403E-09     -0.51148930E-04     -0.42479224E-03
     511     -0.66169442E-09     -0.71540403E-09     -0.51156207E-04     -0.42479224E-03
     512     -0.66170357E-09     -0.71540403E-09     -0.51169615E-04     -0.42479224E-03
     513     -0.66171688E-09     -0.71540403E-09     -0.51192918E-04     -0.42479224E-03
     514     -0.66171984E-09     -0.71540403E-09     -0.51202278E-04     -0.42479224E-03
     515     -0.66173913E-09     -0.71540403E-09     -0.51229144E-04     -0.42479224E-03
     516     -0.66174698E-09     -0.71540403E-09     -0.51240143E-04     -0.42479224E-03
     517     -0.66175610E-09     -0.71540403E-09     -0.51253970E-04     -0.42479224E-03
     518     -0.66177569E-09     -0.71540403E-09     -0.51275907E-04     -0.42479224E-03
     519     -0.66178608E-09     -0.71540403E-09     -0.51287024E-04     -0.42479224E-03
     520     -0.66187396E-09     -0.71540403E-09     -0.51369236E-04     -0.42479224E-03
     521     -0.66187892E-09     -0.71540403E-09     -0.51376114E-04     -0.42479224E-03
     522     -0.66189371E-09     -0.71540403E-09     -0.51390134E-04     -0.42479224E-03
     523     -0.66189954E-09     -0.71540403E-09     -0.51399671E-04     -0.42479224E-03
     524     -0.66197770E-09     -0.71540403E-09     -0.51472613E-04     -0.42479224E-03
     525     -0.66198274E-09     -0.71540403E-09     -0.51486082E-04     -0.42479224E-03
     526     -0.66198566E-09     -0.71540403E-09     -0.51498646E-04     -0.42479224E-03
     527     -0.66199166E-09     -0.71540403E-09     -0.51512135E-04     -0.42479224E-03
     528     -0.66200163E-09     -0.71540403E-09     -0.51530787E-04     -0.42479224E-03
     529     -0.66202338E-09     -0.71540403E-09     -0.51558502E-04     -0.42479224E-03
     530     -0.66202599E-09     -0.71540403E-09     -0.51562732E-04     -0.42479224E-03
     531     -0.66203113E-09     -0.71540403E-09     -0.51571061E-04     -0.42479224E-03
     532     -0.66204365E-09     -0.71540403E-09     -0.51584452E-04     -0.42479224E-03
     533     -0.66205414E-09     -0.71540403E-09     -0.51594458E-04     -0.42479224E-03
     534     -0.66205849E-09     -0.71540403E-09     -0.51602266E-04     -0.42479224E-03
     535     -0.66206290E-09     -0.71540403E-09     -0.51610258E-04     -0.42479224E-03
     536     -0.66207305E-09     -0.71540403E-09     -0.51622391E-04     -0.42479224E-03
     537     -0.66208517E-09     -0.71540403E-09     -0.51639284E-04     -0.42479224E-03
     538     -0.66209729E-09     -0.71540403E-09     -0.51653384E-04     -0.42479224E-03
     539     -0.66210252E-09     -0.71540403E-09     -0.51660745E-04     -0.42479224E-03
     540     -0.66223960E-09     -0.71540403E-09     -0.51776791E-04     -0.42479224E-03
     541     -0.66225916E-09     -0.71540403E-09     -0.51795878E-04     -0.42479224E-03
     542     -0.66235922E-09     -0.71540403E-09     -0.51894542E-04     -0.42479224E-03
     543     -0.66247207E-09     -0.71540403E-09     -0.51998780E-04     -0.42479224E-03
     544     -0.66249089E-09     -0.71540403E-09     -0.52016933E-04     -0.42479224E-03
     545     -0.66259481E-09     -0.71540403E-09     -0.52121830E-04     -0.42479224E-03
     546     -0.66264795E-09     -0.71540403E-09     -0.52148847E-04     -0.42479224E-03
     547     -0.66270770E-09     -0.71540403E-09     -0.52178871E-04     -0.42479224E-03
     548     -0.66284486E-09     -0.71540403E-09     -0.52307729E-04     -0.42479224E-03
     549     -0.66286765E-09     -0.71540403E-09     -0.52325590E-04     -0.42479224E-03
     550     -0.66298132E-09     -0.71540403E-09     -0.52411865E-04     -0.42479224E-03
     551     -0.66302761E-09     -0.71540403E-09     -0.52446976E-04     -0.42479224E-03
     552     -0.66304195E-09     -0.71540403E-09     -0.52458275E-04     -0.42479224E-03
     553     -0.66306014E-09     -0.71540403E-09     -0.52471248E-04     -0.42479224E-03
     554     -0.66306754E-09     -0.71540403E-09     -0.52493947E-04     -0.42479224E-03
     555     -0.66308588E-09     -0.71540403E-09     -0.52525048E-04     -0.42479224E-03
     556     -0.66317038E-09     -0.71540403E-09     -0.52608459E-04     -0.42479224E-03
     557     -0.66320320E-09     -0.71540403E-09     -0.52650027E-04     -0.42479224E-03
     558     -0.66322939E-09     -0.71540403E-09     -0.52675109E-04     -0.42479224E-03
     559     -0.66327789E-09     -0.71540403E-09     -0.52720155E-04     -0.42479224E-03
     560     -0.66333934E-09     -0.71540403E-09     -0.52779535E-04     -0.42479224E-03
     561     -0.66336056E-09     -0.71540403E-09     -0.52794325E-04     -0.42479224E-03
     562     -0.66340025E-09     -0.71540403E-09     -0.52817818E-04     -0.42479224E-03
     563     -0.66345793E-09     -0.71540403E-09     -0.52877492E-04     -0.42479224E-03
     564     -0.66348627E-09     -0.71540403E-09     -0.52898086E-04     -0.42479224E-03
     565     -0.66350898E-09     -0.71540403E-09     -0.52915831E-04     -0.42479224E-03
     566     -0.66353667E-09     -0.71540403E-09     -0.52950705E-04     -0.42479224E-03
     567     -0.66359607E-09     -0.71540403E-09     -0.53021107E-04     -0.42479224E-03
     568     -0.66363649E-09     -0.71540403E-09     -0.53055915E-04     -0.42479224E-03
     569     -0.66365136E-09     -0.71540403E-09     -0.53072293E-04     -0.42479224E-03
     570     -0.66376754E-09     -0.71540403E-09     -0.53159822E-04     -0.42479224E-03
     571     -0.66384033E-09     -0.71540403E-09     -0.53236535E-04     -0.42479224E-03
     572     -0.66385492E-09     -0.71540403E-09     -0.53253718E-04     -0.42479224E-03
     573     -0.66401116E-09     -0.71540403E-09     -0.53387061E-04     -0.42479224E-03
     574     -0.66405348E-09     -0.71540403E-09     -0.53405153E-04     -0.42479224E-03
     575     -0.66410598E-09     -0.71540403E-09     -0.53447356E-04     -0.42479224E-03
     576     -0.66412312E-09     -0.71540403E-09     -0.53463570E-04     -0.42479224E-03
     577     -0.66413607E-09     -0.71540403E-09     -0.53476168E-04     -0.42479224E-03
     578     -0.66416764E-09     -0.71540403E-09     -0.53491197E-04     -0.42479224E-03
     579     -0.66422615E-09     -0.71540403E-09     -0.53538637E-04     -0.42479224E-03
     580     -0.66425172E-09     -0.71540403E-09     -0.53570414E-04     -0.42479224E-03
     581     -0.66428167E-09     -0.71540403E-09     -0.53597790E-04     -0.42479224E-03
     582     -0.66430478E-09     -0.71540403E-09     -0.53619429E-04     -0.42479224E-03
     583     -0.66436694E-09     -0.71540403E-09     -0.53650694E-04     -0.42479224E-03
     584     -0.66439164E-09     -0.71540403E-09     -0.53682612E-04     -0.42479224E-03
     585     -0.66442238E-09     -0.71540403E-09     -0.53708235E-04     -0.42479224E-03
     586     -0.66444840E-09     -0.71540403E-09     -0.53725448E-04     -0.42479224E-03
     587     -0.66451006E-09     -0.71540403E-09     -0.53757172E-04     -0.42479224E-03
     588     -0.66453814E-09     -0.71540403E-09     -0.53791361E-04     -0.42479224E-03
     589     -0.66456220E-09     -0.71540403E-09     -0.53833643E-04     -0.42479224E-03
     590     -0.66464978E-09     -0.71540403E-09     -0.53938214E-04     -0.42479224E-03
     591     -0.66469736E-09     -0.71540403E-09     -0.53975203E-04     -0.42479224E-03
     592     -0.66476992E-09     -0.71540403E-09     -0.54017695E-04     -0.42479224E-03
     593     -0.66485039E-09     -0.71540403E-09     -0.54102484E-04     -0.42479224E-03
     594     -0.66493092E-09     -0.71540403E-09     -0.54187043E-04     -0.42479224E-03
     595     -0.66497544E-09     -0.71540403E-09     -0.54232467E-04     -0.42479224E-03
     596     -0.66505081E-09     -0.71540403E-09     -0.54305038E-04     -0.42479224E-03
     597     -0.66509406E-09     -0.71540403E-09     -0.54345473E-04     -0.42479224E-03
     598     -0.66510614E-09     -0.71540403E-09     -0.54360602E-04     -0.42479224E-03
     599     -0.66514176E-09     -0.71540403E-09     -0.54379156E-04     -0.42479224E-03
     600     -0.66518611E-09     -0.71540403E-09     -0.54395593E-04     -0.42479224E-03
     601     -0.66522411E-09     -0.71540403E-09     -0.54439243E-04     -0.42479224E-03
     602     -0.66528009E-09     -0.71540403E-09     -0.54470032E-04     -0.42479224E-03
     603     -0.66538607E-09     -0.71540403E-09     -0.54570193E-04     -0.42479224E-03
     604     -0.66547704E-09     -0.71540403E-09     -0.54606075E-04     -0.42479224E-03
     605     -0.66549743E-09     -0.71540403E-09     -0.54632547E-04     -0.42479224E-03
     606     -0.66550915E-09     -0.71540403E-09     -0.54647014E-04     -0.42479224E-03
     607     -0.66559972E-09     -0.71540403E-09     -0.54733781E-04     -0.42479224E-03
     608     -0.66570274E-09     -0.71540403E-09     -0.54775829E-04     -0.42479224E-03
     609     -0.66574812E-09     -0.71540403E-09     -0.54806265E-04     -0.42479224E-03
     610     -0.66577441E-09     -0.71540403E-09     -0.54825009E-04     -0.42479224E-03
     611     -0.66583575E-09     -0.71540403E-09     -0.54885457E-04     -0.42479224E-03
     612     -0.66587471E-09     -0.71540403E-09     -0.54913701E-04     -0.42479224E-03
     613     -0.66593326E-09     -0.71540403E-09     -0.54935407E-04     -0.42479224E-03
     614     -0.66596331E-09     -0.71540403E-09     -0.54963781E-04     -0.42479224E-03
     615     -0.66600799E-09     -0.71540403E-09     -0.54986602E-04     -0.42479224E-03
     616     -0.66603473E-09     -0.71540403E-09     -0.55013801E-04     -0.42479224E-03
     617     -0.66604785E-09     -0.71540403E-09     -0.55025981E-04     -0.42479224E-03
     618     -0.66606902E-09     -0.71540403E-09     -0.55051287E-04     -0.42479224E-03
     619     -0.66614325E-09     -0.71540403E-09     -0.55089400E-04     -0.42479224E-03
     620     -0.66617023E-09     -0.71540403E-09     -0.55108243E-04     -0.42479224E-03
     621     -0.66625966E-09     -0.71540403E-09     -0.55146430E-04     -0.42479224E-03
     622     -0.66631568E-09     -0.71540403E-09     -0.55171509E-04     -0.42479224E-03
     623     -0.66638072E-09     -0.71540403E-09     -0.55202793E-04     -0.42479224E-03
     624     -0.66645929E-09     -0.71540403E-09     -0.55246150E-04     -0.42479224E-03
     625     -0.66656634E-09     -0.71540403E-09     -0.55358235E-04     -0.42479224E-03
     626     -0.66667333E-09     -0.71540403E-09     -0.55405677E-04     -0.42479224E-03
     627     -0.66680799E-09     -0.71540403E-09     -0.55476953E-04     -0.42479224E-03
     628     -0.66682473E-09     -0.71540403E-09     -0.55491385E-04     -0.42479224E-03
     629     -0.66683247E-09     -0.71540403E-09     -0.55503082E-04     -0.42479224E-03
     630     -0.66688561E-09     -0.71540403E-09     -0.55540709E-04     -0.42479224E-03
     631     -0.66693103E-09     -0.71540403E-09     -0.55597226E-04     -0.42479224E-03
     632     -0.66700872E-09     -0.71540403E-09     -0.55629967E-04     -0.42479224E-03
     633     -0.66712442E-09     -0.71540403E-09     -0.55681126E-04     -0.42479224E-03
     634     -0.66720419E-09     -0.71540403E-09     -0.55788557E-04     -0.42479224E-03
     635     -0.66725022E-09     -0.71540403E-09     -0.55819006E-04     -0.42479224E-03
     636     -0.66728672E-09     -0.71540403E-09     -0.55849580E-04     -0.42479224E-03
     637     -0.66735436E-09     -0.71540403E-09     -0.55879270E-04     -0.42479224E-03
     638     -0.66737940E-09     -0.71540403E-09     -0.55908873E-04     -0.42479224E-03
     639     -0.66739421E-09     -0.71540403E-09     -0.55930893E-04     -0.42479224E-03
     640     -0.66743832E-09     -0.71540403E-09     -0.55963920E-04     -0.42479224E-03
     641     -0.66744932E-09     -0.71540403E-09     -0.55976426E-04     -0.42479224E-03
     642     -0.66747627E-09     -0.71540403E-09     -0.56004565E-04     -0.42479224E-03
     643     -0.66756012E-09     -0.71540403E-09     -0.56075368E-04     -0.42479224E-03
     644     -0.66761073E-09     -0.71540403E-09     -0.56112837E-04     -0.42479224E-03
     645     -0.66765366E-09     -0.71540403E-09     -0.56136865E-04     -0.42479224E-03
     646     -0.66768194E-09     -0.71540403E-09     -0.56174482E-04     -0.42479224E-03
     647     -0.66770586E-09     -0.71540403E-09     -0.56203025E-04     -0.42479224E-03
     648     -0.66776328E-09     -0.71540403E-09     -0.56237520E-04     -0.42479224E-03
     649     -0.66786900E-09     -0.71540403E-09     -0.56299486E-04     -0.42479224E-03
     650     -0.66789963E-09     -0.71540403E-09     -0.56320657E-04     -0.42479224E-03
     651     -0.66794873E-09     -0.71540403E-09     -0.56354890E-04     -0.42479224E-03
     652     -0.66798535E-09     -0.71540403E-09     -0.56386644E-04     -0.42479224E-03
     653     -0.66803322E-09     -0.71540403E-09     -0.56414871E-04     -0.42479224E-03
     654     -0.66811723E-09     -0.71540403E-09     -0.56529363E-04     -0.42479224E-03
     655     -0.66815234E-09     -0.71540403E-09     -0.56557203E-04     -0.42479224E-03
     656     -0.66822162E-09     -0.71540403E-09     -0.56620538E-04     -0.42479224E-03
     657     -0.66828996E-09     -0.71540403E-09     -0.56724499E-04     -0.42479224E-03
     658     -0.66834493E-09     -0.71540403E-09     -0.56793547E-04     -0.42479224E-03
     659     -0.66840059E-09     -0.71540403E-09     -0.56852946E-04     -0.42479224E-03
     660     -0.66843948E-09     -0.71540403E-09     -0.56869983E-04     -0.42479224E-03
     661     -0.66846821E-09     -0.71540403E-09     -0.56909054E-04     -0.42479224E-03
     662     -0.66848865E-09     -0.71540403E-09     -0.56939250E-04     -0.42479224E-03
     663     -0.66854079E-09     -0.71540403E-09     -0.56994155E-04     -0.42479224E-03
     664     -0.66858369E-09     -0.71540403E-09     -0.57027718E-04     -0.42479224E-03
     665     -0.66864949E-09     -0.71540403E-09     -0.57103590E-04     -0.42479224E-03
     666     -0.66873558E-09     -0.71540403E-09     -0.57145043E-04     -0.42479224E-03
     667     -0.66883894E-09     -0.71540403E-09     -0.57185151E-04     -0.42479224E-03
     668     -0.66893646E-09     -0.71540403E-09     -0.57245750E-04     -0.42479224E-03
     669     -0.66899006E-09     -0.71540403E-09     -0.57307883E-04     -0.42479224E-03
     670     -0.66902187E-09     -0.71540403E-09     -0.57366522E-04     -0.42479224E-03
     671     -0.66912614E-09     -0.71540403E-09     -0.57433384E-04     -0.42479224E-03
     672     -0.66921599E-09     -0.71540403E-09     -0.57511527E-04     -0.42479224E-03
     673     -0.66923879E-09     -0.71540403E-09     -0.57538752E-04     -0.42479224E-03
     674     -0.66927596E-09     -0.71540403E-09     -0.57587096E-04     -0.42479224E-03
     675     -0.66930435E-09     -0.71540403E-09     -0.57638406E-04     -0.42479224E-03
     676     -0.66932983E-09     -0.71540403E-09     -0.57682511E-04     -0.42479224E-03
     677     -0.66934308E-09     -0.71540403E-09     -0.57702814E-04     -0.42479224E-03
     678     -0.66937718E-09     -0.71540403E-09     -0.57728572E-04     -0.42479224E-03
     679     -0.66939796E-09     -0.71540403E-09     -0.57753268E-04     -0.42479224E-03
     680     -0.66943713E-09     -0.71540403E-09     -0.57777118E-04     -0.42479224E-03
     681     -0.66946711E-09     -0.71540403E-09     -0.57809236E-04     -0.42479224E-03
     682     -0.66950282E-09     -0.71540403E-09     -0.57852099E-04     -0.42479224E-03
     683     -0.66962629E-09     -0.71540403E-09     -0.57908831E-04     -0.42479224E-03
     684     -0.66969491E-09     -0.71540403E-09     -0.57966799E-04     -0.42479224E-03
     685     -0.66971878E-09     -0.71540403E-09     -0.57991772E-04     -0.42479224E-03
     686     -0.66979551E-09     -0.71540403E-09     -0.58028063E-04     -0.42479224E-03
     687     -0.66987375E-09     -0.71540403E-09     -0.58057931E-04     -0.42479224E-03
     688     -0.66992181E-09     -0.71540403E-09     -0.58083294E-04     -0.42479224E-03
     689     -0.66999988E-09     -0.71540403E-09     -0.58172762E-04     -0.42479224E-03
     690     -0.67002784E-09     -0.71540403E-09     -0.58203608E-04     -0.42479224E-03
     691     -0.67004443E-09     -0.71540403E-09     -0.58222138E-04     -0.42479224E-03
     692     -0.67005406E-09     -0.71540403E-09     -0.58237343E-04     -0.42479224E-03
     693     -0.67007226E-09     -0.71540403E-09     -0.58266469E-04     -0.42479224E-03
     694     -0.67009226E-09     -0.71540403E-09     -0.58287612E-04     -0.42479224E-03
     695     -0.67011474E-09     -0.71540403E-09     -0.58309698E-04     -0.42479224E-03
     696     -0.67013147E-09     -0.71540403E-09     -0.58328086E-04     -0.42479224E-03
     697     -0.67020019E-09     -0.71540403E-09     -0.58365777E-04     -0.42479224E-03
     698     -0.67021808E-09     -0.71540403E-09     -0.58386787E-04     -0.42479224E-03
     699     -0.67023074E-09     -0.71540403E-09     -0.58404956E-04     -0.42479224E-03
     700     -0.67027856E-09     -0.71540403E-09     -0.58430706E-04     -0.42479224E-03
     701     -0.67031410E-09     -0.71540403E-09     -0.58467348E-04     -0.42479224E-03
     702     -0.67036143E-09     -0.71540403E-09     -0.58540021E-04     -0.42479224E-03
     703     -0.67038933E-09     -0.71540403E-09     -0.58567977E-04     -0.42479224E-03
     704     -0.67042238E-09     -0.71540403E-09     -0.58614091E-04     -0.42479224E-03
     705     -0.67047445E-09     -0.71540403E-09     -0.58667430E-04     -0.42479224E-03
     706     -0.67050833E-09     -0.71540403E-09     -0.58711668E-04     -0.42479224E-03
     707     -0.67055702E-09     -0.71540403E-09     -0.58743758E-04     -0.42479224E-03
     708     -0.67058772E-09     -0.71540403E-09     -0.58796652E-04     -0.42479224E-03
     709     -0.67062081E-09     -0.71540403E-09     -0.58835676E-04     -0.42479224E-03
     710     -0.67066379E-09     -0.71540403E-09     -0.58885151E-04     -0.42479224E-03
     711     -0.67069376E-09     -0.71540403E-09     -0.58912481E-04     -0.42479224E-03
     712     -0.67070927E-09     -0.71540403E-09     -0.58933150E-04     -0.42479224E-03
     713     -0.67074742E-09     -0.71540403E-09     -0.58959289E-04     -0.42479224E-03
     714     -0.67078564E-09     -0.71540403E-09     -0.58998439E-04     -0.42479224E-03
     715     -0.67084836E-09     -0.71540403E-09     -0.59090640E-04     -0.42479224E-03
     716     -0.67095208E-09     -0.71540403E-09     -0.59228515E-04     -0.42479224E-03
     717     -0.67101715E-09     -0.71540403E-09     -0.59297530E-04     -0.42479224E-03
     718     -0.67108121E-09     -0.71540403E-09     -0.59363592E-04     -0.42479224E-03
     719     -0.67113442E-09     -0.71540403E-09     -0.59400252E-04     -0.42479224E-03
     720     -0.67119967E-09     -0.71540403E-09     -0.59442135E-04     -0.42479224E-03
     721     -0.67123718E-09     -0.71540403E-09     -0.59502615E-04     -0.42479224E-03
     722     -0.67127616E-09     -0.71540403E-09     -0.59588299E-04     -0.42479224E-03
     723     -0.67132114E-09     -0.71540403E-09     -0.59670421E-04     -0.42479224E-03
     724     -0.67133725E-09     -0.71540403E-09     -0.59697086E-04     -0.42479224E-03
     725     -0.67135784E-09     -0.71540403E-09     -0.59725222E-04     -0.42479224E-03
     726     -0.67141840E-09     -0.71540403E-09     -0.59770186E-04     -0.42479224E-03
     727     -0.67148850E-09     -0.71540403E-09     -0.59894411E-04     -0.42479224E-03
     728     -0.67153301E-09     -0.71540403E-09     -0.59934323E-04     -0.42479224E-03
     729     -0.67158806E-09     -0.71540403E-09     -0.59993544E-04     -0.42479224E-03
     730     -0.67161161E-09     -0.71540403E-09     -0.60029671E-04     -0.42479224E-03
     731     -0.67164884E-09     -0.71540403E-09     -0.60061282E-04     -0.42479224E-03
     732     -0.67169179E-09     -0.71540403E-09     -0.60096895E-04     -0.42479224E-03
     733     -0.67179724E-09     -0.71540403E-09     -0.60163915E-04     -0.42479224E-03
     734     -0.67190491E-09     -0.71540403E-09     -0.60282038E-04     -0.42479224E-03
     735     -0.67195594E-09     -0.71540403E-09     -0.60310011E-04     -0.42479224E-03
     736     -0.67200640E-09     -0.71540403E-09     -0.60344334E-04     -0.42479224E-03
     737     -0.67207062E-09     -0.71540403E-09     -0.60404154E-04     -0.42479224E-03
     738     -0.67211851E-09     -0.71540403E-09     -0.60457787E-04     -0.42479224E-03
     739     -0.67216464E-09     -0.71540403E-09     -0.60522246E-04     -0.42479224E-03
     740     -0.67218689E-09     -0.71540403E-09     -0.60543014E-04     -0.42479224E-03
     741     -0.67221595E-09     -0.71540403E-09     -0.60593118E-04     -0.42479224E-03
     742     -0.67224722E-09     -0.71540403E-09     -0.60622136E-04     -0.42479224E-03
     743     -0.67227767E-09     -0.71540403E-09     -0.60663216E-04     -0.42479224E-03
     744     -0.67232139E-09     -0.71540403E-09     -0.60701642E-04     -0.42479224E-03
     745     -0.67236004E-09     -0.71540403E-09     -0.60739849E-04     -0.42479224E-03
     746     -0.67241422E-09     -0.71540403E-09     -0.60774133E-04     -0.42479224E-03
     747     -0.67244309E-09     -0.71540403E-09     -0.60809145E-04     -0.42479224E-03
     748     -0.67254788E-09     -0.71540403E-09     -0.61031842E-04     -0.42479224E-03
     749     -0.67255820E-09     -0.71540403E-09     -0.61052780E-04     -0.42479224E-03
     750     -0.67258036E-09     -0.71540403E-09     -0.61093607E-04     -0.42479224E-03
     751     -0.67263571E-09     -0.71540403E-09     -0.61229553E-04     -0.42479224E-03
     752     -0.67270261E-09     -0.71540403E-09     -0.61390984E-04     -0.42479224E-03
     753     -0.67273574E-09     -0.71540403E-09     -0.61455242E-04     -0.42479224E-03
     754     -0.67277624E-09     -0.71540403E-09     -0.61531046E-04     -0.42479224E-03
     755     -0.67280839E-09     -0.71540403E-09     -0.61582884E-04     -0.42479224E-03
     756     -0.67295063E-09     -0.71540403E-09     -0.61851126E-04     -0.42479224E-03
     757     -0.67309525E-09     -0.71540403E-09     -0.62128705E-04     -0.42479224E-03
     758     -0.67328389E-09     -0.71540403E-09     -0.62498256E-04     -0.42479224E-03
     759     -0.67341810E-09     -0.71540403E-09     -0.62750609E-04     -0.42479224E-03
     760     -0.67363921E-09     -0.71540403E-09     -0.63164070E-04     -0.42479224E-03
     761     -0.67382186E-09     -0.71540403E-09     -0.63513206E-04     -0.42479224E-03
     762     -0.67411705E-09     -0.71540403E-09     -0.64092240E-04     -0.42479224E-03
     763     -0.67420122E-09     -0.71540403E-09     -0.64242656E-04     -0.42479224E-03
     764     -0.67428206E-09     -0.71540403E-09     -0.64376228E-04     -0.42479224E-03
     765     -0.67436157E-09     -0.71540403E-09     -0.64529759E-04     -0.42479224E-03
     766     -0.67450861E-09     -0.71540403E-09     -0.64820369E-04     -0.42479224E-03
     767     -0.67454547E-09     -0.71540403E-09     -0.64883415E-04     -0.42479224E-03
     768     -0.67459805E-09     -0.71540403E-09     -0.64967644E-04     -0.42479224E-03
     769     -0.67463962E-09     -0.71540403E-09     -0.65016907E-04     -0.42479224E-03
     770     -0.67475429E-09     -0.71540403E-09     -0.65118428E-04     -0.42479224E-03
     771     -0.67481787E-09     -0.71540403E-09     -0.65193656E-04     -0.42479224E-03
     772     -0.67488580E-09     -0.71540403E-09     -0.65273913E-04     -0.42479224E-03
     773     -0.67495255E-09     -0.71540403E-09     -0.65355864E-04     -0.42479224E-03
     774     -0.67505285E-09     -0.71540403E-09     -0.65427164E-04     -0.42479224E-03
     775     -0.67510953E-09     -0.71540403E-09     -0.65503482E-04     -0.42479224E-03
     776     -0.67514110E-09     -0.71540403E-09     -0.65542590E-04     -0.42479224E-03
     777     -0.67518606E-09     -0.71540403E-09     -0.65589453E-04     -0.42479224E-03
     778     -0.67524167E-09     -0.71540403E-09     -0.65643972E-04     -0.42479224E-03
     779     -0.67533966E-09     -0.71540403E-09     -0.65836611E-04     -0.42479224E-03
     780     -0.67549334E-09     -0.71540403E-09     -0.66135219E-04     -0.42479224E-03
     781     -0.67555209E-09     -0.71540403E-09     -0.66233063E-04     -0.42479224E-03
     782     -0.67558096E-09     -0.71540403E-09     -0.66263568E-04     -0.42479224E-03
     783     -0.67562177E-09     -0.71540403E-09     -0.66334850E-04     -0.42479224E-03
     784     -0.67565708E-09     -0.71540403E-09     -0.66376192E-04     -0.42479224E-03
     785     -0.67573410E-09     -0.71540403E-09     -0.66485858E-04     -0.42479224E-03
     786     -0.67574938E-09     -0.71540403E-09     -0.66504742E-04     -0.42479224E-03
     787     -0.67576619E-09     -0.71540403E-09     -0.66525799E-04     -0.42479224E-03
     788     -0.67583675E-09     -0.71540403E-09     -0.66571841E-04     -0.42479224E-03
     789     -0.67587860E-09     -0.71540403E-09     -0.66604989E-04     -0.42479224E-03
     790     -0.67596347E-09     -0.71540403E-09     -0.66675290E-04     -0.42479224E-03
     791     -0.67601454E-09     -0.71540403E-09     -0.66753389E-04     -0.42479224E-03
     792     -0.67609270E-09     -0.71540403E-09     -0.66814267E-04     -0.42479224E-03
     793     -0.67615787E-09     -0.71540403E-09     -0.66916665E-04     -0.42479224E-03
     794     -0.67627025E-09     -0.71540403E-09     -0.66978271E-04     -0.42479224E-03
     795     -0.67637798E-09     -0.71540403E-09     -0.67031466E-04     -0.42479224E-03
     796     -0.67647102E-09     -0.71540403E-09     -0.67086870E-04     -0.42479224E-03
     797     -0.67653164E-09     -0.71540403E-09     -0.67122319E-04     -0.42479224E-03
     798     -0.67657299E-09     -0.71540403E-09     -0.67153004E-04     -0.42479224E-03
     799     -0.67665586E-09     -0.71540403E-09     -0.67198518E-04     -0.42479224E-03
     800     -0.67674367E-09     -0.71540403E-09     -0.67269513E-04     -0.42479224E-03
     801     -0.67688978E-09     -0.71540403E-09     -0.67565640E-04     -0.42479224E-03
     802     -0.67707408E-09     -0.71540403E-09     -0.67759059E-04     -0.42479224E-03
     803     -0.67720900E-09     -0.71540403E-09     -0.67887681E-04     -0.42479224E-03
     804     -0.67731567E-09     -0.71540403E-09     -0.68082212E-04     -0.42479224E-03
     805     -0.67737446E-09     -0.71540403E-09     -0.68162439E-04     -0.42479224E-03
     806     -0.67741622E-09     -0.71540403E-09     -0.68247178E-04     -0.42479224E-03
     807     -0.67746715E-09     -0.71540403E-09     -0.68283160E-04     -0.42479224E-03
     808     -0.67750584E-09     -0.71540403E-09     -0.68318651E-04     -0.42479224E-03
     809     -0.67752636E-09     -0.71540403E-09     -0.68343382E-04     -0.42479224E-03
     810     -0.67754798E-09     -0.71540403E-09     -0.68380827E-04     -0.42479224E-03
     811     -0.67757075E-09     -0.71540403E-09     -0.68421008E-04     -0.42479224E-03
     812     -0.67760208E-09     -0.71540403E-09     -0.68464974E-04     -0.42479224E-03
     813     -0.67761744E-09     -0.71540403E-09     -0.68489638E-04     -0.42479224E-03
     814     -0.67765464E-09     -0.71540403E-09     -0.68544647E-04     -0.42479224E-03
     815     -0.67767722E-09     -0.71540403E-09     -0.68572359E-04     -0.42479224E-03
     816     -0.67771598E-09     -0.71540403E-09     -0.68632731E-04     -0.42479224E-03
     817     -0.67776275E-09     -0.71540403E-09     -0.68694375E-04     -0.42479224E-03
     818     -0.67784148E-09     -0.71540403E-09     -0.68847544E-04     -0.42479224E-03
     819     -0.67787653E-09     -0.71540403E-09     -0.68905164E-04     -0.42479224E-03
     820     -0.67797228E-09     -0.71540403E-09     -0.69029101E-04     -0.42479224E-03
     821     -0.67800570E-09     -0.71540403E-09     -0.69073728E-04     -0.42479224E-03
     822     -0.67814105E-09     -0.71540403E-09     -0.69211281E-04     -0.42479224E-03
     823     -0.67817697E-09     -0.71540403E-09     -0.69244234E-04     -0.42479224E-03
     824     -0.67827081E-09     -0.71540403E-09     -0.69329522E-04     -0.42479224E-03
     825     -0.67830658E-09     -0.71540403E-09     -0.69382717E-04     -0.42479224E-03
     826     -0.67832668E-09     -0.71540403E-09     -0.69405031E-04     -0.42479224E-03
     827     -0.67835988E-09     -0.71540403E-09     -0.69445172E-04     -0.42479224E-03
     828     -0.67848155E-09     -0.71540403E-09     -0.69591582E-04     -0.42479224E-03
     829     -0.67854069E-09     -0.71540403E-09     -0.69644939E-04     -0.42479224E-03
     830     -0.67866045E-09     -0.71540403E-09     -0.69720561E-04     -0.42479224E-03
     831     -0.67870728E-09     -0.71540403E-09     -0.69813125E-04     -0.42479224E-03
     832     -0.67884285E-09     -0.71540403E-09     -0.69944197E-04     -0.42479224E-03
     833     -0.67889283E-09     -0.71540403E-09     -0.70015551E-04     -0.42479224E-03
     834     -0.67896753E-09     -0.71540403E-09     -0.70153437E-04     -0.42479224E-03
     835     -0.67903252E-09     -0.71540403E-09     -0.70260770E-04     -0.42479224E-03
     836     -0.67913032E-09     -0.71540403E-09     -0.70319316E-04     -0.42479224E-03
     837     -0.67921817E-09     -0.71540403E-09     -0.70456949E-04     -0.42479224E-03
     838     -0.67932561E-09     -0.71540403E-09     -0.70549812E-04     -0.42479224E-03
     839     -0.67943666E-09     -0.71540403E-09     -0.70617301E-04     -0.42479224E-03
     840     -0.67945025E-09     -0.71540403E-09     -0.70644189E-04     -0.42479224E-03
     841     -0.67947312E-09     -0.71540403E-09     -0.70667162E-04     -0.42479224E-03
     842     -0.67949828E-09     -0.71540403E-09     -0.70694669E-04     -0.42479224E-03
     843     -0.67952211E-09     -0.71540403E-09     -0.70734787E-04     -0.42479224E-03
     844     -0.67954318E-09     -0.71540403E-09     -0.70766388E-04     -0.42479224E-03
     845     -0.67956441E-09     -0.71540403E-09     -0.70801289E-04     -0.42479224E-03
     846     -0.67958029E-09     -0.71540403E-09     -0.70831454E-04     -0.42479224E-03
     847     -0.67959779E-09     -0.71540403E-09     -0.70863896E-04     -0.42479224E-03
     848     -0.67960418E-09     -0.71540403E-09     -0.70875657E-04     -0.42479224E-03
     849     -0.67962370E-09     -0.71540403E-09     -0.70914409E-04     -0.42479224E-03
     850     -0.67963432E-09     -0.71540403E-09     -0.70938885E-04     -0.42479224E-03
     851     -0.67964733E-09     -0.71540403E-09     -0.70966691E-04     -0.42479224E-03
     852     -0.67966296E-09     -0.71540403E-09     -0.71001689E-04     -0.42479224E-03
     853     -0.67968491E-09     -0.71540403E-09     -0.71047013E-04     -0.42479224E-03
     854     -0.67970446E-09     -0.71540403E-09     -0.71083743E-04     -0.42479224E-03
     855     -0.67972037E-09     -0.71540403E-09     -0.71108045E-04     -0.42479224E-03
     856     -0.67976179E-09     -0.71540403E-09     -0.71186803E-04     -0.42479224E-03
     857     -0.67978275E-09     -0.71540403E-09     -0.71214961E-04     -0.42479224E-03
     858     -0.67980325E-09     -0.71540403E-09     -0.71241096E-04     -0.42479224E-03
     859     -0.67981393E-09     -0.71540403E-09     -0.71260041E-04     -0.42479224E-03
     860     -0.67987698E-09     -0.71540403E-09     -0.71427778E-04     -0.42479224E-03
     861     -0.67989339E-09     -0.71540403E-09     -0.71456769E-04     -0.42479224E-03
     862     -0.67991193E-09     -0.71540403E-09     -0.71501053E-04     -0.42479224E-03
     863     -0.67997931E-09     -0.71540403E-09     -0.71654616E-04     -0.42479224E-03
     864     -0.68001859E-09     -0.71540403E-09     -0.71723377E-04     -0.42479224E-03
     865     -0.68006699E-09     -0.71540403E-09     -0.71822382E-04     -0.42479224E-03
     866     -0.68010454E-09     -0.71540403E-09     -0.71885197E-04     -0.42479224E-03
     867     -0.68014759E-09     -0.71540403E-09     -0.71977588E-04     -0.42479224E-03
     868     -0.68022030E-09     -0.71540403E-09     -0.72036555E-04     -0.42479224E-03
     869     -0.68028070E-09     -0.71540403E-09     -0.72118828E-04     -0.42479224E-03
     870     -0.68031133E-09     -0.71540403E-09     -0.72176411E-04     -0.42479224E-03
     871     -0.68035931E-09     -0.71540403E-09     -0.72235456E-04     -0.42479224E-03
     872     -0.68038853E-09     -0.71540403E-09     -0.72288448E-04     -0.42479224E-03
     873     -0.68041660E-09     -0.71540403E-09     -0.72343556E-04     -0.42479224E-03
     874     -0.68044340E-09     -0.71540403E-09     -0.72404184E-04     -0.42479224E-03
     875     -0.68046590E-09     -0.71540403E-09     -0.72439029E-04     -0.42479224E-03
     876     -0.68049985E-09     -0.71540403E-09     -0.72482313E-04     -0.42479224E-03
     877     -0.68054690E-09     -0.71540403E-09     -0.72565338E-04     -0.42479224E-03
     878     -0.68058053E-09     -0.71540403E-09     -0.72613083E-04     -0.42479224E-03
     879     -0.68061591E-09     -0.71540403E-09     -0.72682118E-04     -0.42479224E-03
     880     -0.68063116E-09     -0.71540403E-09     -0.72709178E-04     -0.42479224E-03
     881     -0.68065187E-09     -0.71540403E-09     -0.72746283E-04     -0.42479224E-03
     882     -0.68071613E-09     -0.71540403E-09     -0.72792791E-04     -0.42479224E-03
     883     -0.68073398E-09     -0.71540403E-09     -0.72824585E-04     -0.42479224E-03
     884     -0.68077018E-09     -0.71540403E-09     -0.72883803E-04     -0.42479224E-03
     885     -0.68082523E-09     -0.71540403E-09     -0.72934548E-04     -0.42479224E-03
     886     -0.68085495E-09     -0.71540403E-09     -0.72981577E-04     -0.42479224E-03
     887     -0.68090632E-09     -0.71540403E-09     -0.73029414E-04     -0.42479224E-03
     888     -0.68098465E-09     -0.71540403E-09     -0.73090228E-04     -0.42479224E-03
     889     -0.68104596E-09     -0.71540403E-09     -0.73142200E-04     -0.42479224E-03
     890     -0.68108569E-09     -0.71540403E-09     -0.73200985E-04     -0.42479224E-03
     891     -0.68115355E-09     -0.71540403E-09     -0.73282055E-04     -0.42479224E-03
     892     -0.68120050E-09     -0.71540403E-09     -0.73379171E-04     -0.42479224E-03
     893     -0.68124237E-09     -0.71540403E-09     -0.73442303E-04     -0.42479224E-03
     894     -0.68129004E-09     -0.71540403E-09     -0.73489691E-04     -0.42479224E-03
     895     -0.68131352E-09     -0.71540403E-09     -0.73539542E-04     -0.42479224E-03
     896     -0.68134865E-09     -0.71540403E-09     -0.73622441E-04     -0.42479224E-03
     897     -0.68137955E-09     -0.71540403E-09     -0.73700672E-04     -0.42479224E-03
     898     -0.68141008E-09     -0.71540403E-09     -0.73755771E-04     -0.42479224E-03
     899     -0.68144173E-09     -0.71540403E-09     -0.73806774E-04     -0.42479224E-03
     900     -0.68146323E-09     -0.71540403E-09     -0.73835025E-04     -0.42479224E-03
     901     -0.68148873E-09     -0.71540403E-09     -0.73870273E-04     -0.42479224E-03
     902     -0.68151628E-09     -0.71540403E-09     -0.73912441E-04     -0.42479224E-03
     903     -0.68155220E-09     -0.71540403E-09     -0.73967687E-04     -0.42479224E-03
     904     -0.68159501E-09     -0.71540403E-09     -0.74013359E-04     -0.42479224E-03
     905     -0.68162319E-09     -0.71540403E-09     -0.74048475E-04     -0.42479224E-03
     906     -0.68164754E-09     -0.71540403E-09     -0.74092859E-04     -0.42479224E-03
     907     -0.68168694E-09     -0.71540403E-09     -0.74146167E-04     -0.42479224E-03
     908     -0.68172554E-09     -0.71540403E-09     -0.74205975E-04     -0.42479224E-03
     909     -0.68175349E-09     -0.71540403E-09     -0.74266402E-04     -0.42479224E-03
     910     -0.68177431E-09     -0.71540403E-09     -0.74307159E-04     -0.42479224E-03
     911     -0.68181189E-09     -0.71540403E-09     -0.74394354E-04     -0.42479224E-03
     912     -0.68193560E-09     -0.71540403E-09     -0.74506185E-04     -0.42479224E-03
     913     -0.68202050E-09     -0.71540403E-09     -0.74634082E-04     -0.42479224E-03
     914     -0.68217029E-09     -0.71540403E-09     -0.74826631E-04     -0.42479224E-03
     915     -0.68221570E-09     -0.71540403E-09     -0.74939749E-04     -0.42479224E-03
     916     -0.68224621E-09     -0.71540403E-09     -0.75000680E-04     -0.42479224E-03
     917     -0.68227330E-09     -0.71540403E-09     -0.75049624E-04     -0.42479224E-03
     918     -0.68231909E-09     -0.71540403E-09     -0.75110935E-04     -0.42479224E-03
     919     -0.68238378E-09     -0.71540403E-09     -0.75190993E-04     -0.42479224E-03
     920     -0.68245877E-09     -0.71540403E-09     -0.75286155E-04     -0.42479224E-03
     921     -0.68251343E-09     -0.71540403E-09     -0.75374580E-04     -0.42479224E-03
     922     -0.68258157E-09     -0.71540403E-09     -0.75499088E-04     -0.42479224E-03
     923     -0.68263321E-09     -0.71540403E-09     -0.75598382E-04     -0.42479224E-03
     924     -0.68267045E-09     -0.71540403E-09     -0.75649357E-04     -0.42479224E-03
     925     -0.68270988E-09     -0.71540403E-09     -0.75716026E-04     -0.42479224E-03
     926     -0.68275433E-09     -0.71540403E-09     -0.75798436E-04     -0.42479224E-03
     927     -0.68282340E-09     -0.71540403E-09     -0.75908282E-04     -0.42479224E-03
     928     -0.68285556E-09     -0.71540403E-09     -0.75977591E-04     -0.42479224E-03
     929     -0.68290505E-09     -0.71540403E-09     -0.76046462E-04     -0.42479224E-03
     930     -0.68294575E-09     -0.71540403E-09     -0.76120974E-04     -0.42479224E-03
     931     -0.68299405E-09     -0.71540403E-09     -0.76226097E-04     -0.42479224E-03
     932     -0.68303265E-09     -0.71540403E-09     -0.76284150E-04     -0.42479224E-03
     933     -0.68306306E-09     -0.71540403E-09     -0.76336413E-04     -0.42479224E-03
     934     -0.68315251E-09     -0.71540403E-09     -0.76549493E-04     -0.42479224E-03
     935     -0.68318831E-09     -0.71540403E-09     -0.76615623E-04     -0.42479224E-03
     936     -0.68322122E-09     -0.71540403E-09     -0.76683729E-04     -0.42479224E-03
     937     -0.68328819E-09     -0.71540403E-09     -0.76848895E-04     -0.42479224E-03
     938     -0.68335467E-09     -0.71540403E-09     -0.77004650E-04     -0.42479224E-03
     939     -0.68342176E-09     -0.71540403E-09     -0.77162901E-04     -0.42479224E-03
     940     -0.68349971E-09     -0.71540403E-09     -0.77313125E-04     -0.42479224E-03
     941     -0.68365315E-09     -0.71540403E-09     -0.77712848E-04     -0.42479224E-03
     942     -0.68374637E-09     -0.71540403E-09     -0.77935493E-04     -0.42479224E-03
     943     -0.68388599E-09     -0.71540403E-09     -0.78342022E-04     -0.42479224E-03
     944     -0.68392669E-09     -0.71540403E-09     -0.78408755E-04     -0.42479224E-03
     945     -0.68397350E-09     -0.71540403E-09     -0.78506455E-04     -0.42479224E-03
     946     -0.68403860E-09     -0.71540403E-09     -0.78636348E-04     -0.42479224E-03
     947     -0.68415506E-09     -0.71540403E-09     -0.78950999E-04     -0.42479224E-03
     948     -0.68420381E-09     -0.71540403E-09     -0.79045266E-04     -0.42479224E-03
     949     -0.68425278E-09     -0.71540403E-09     -0.79161255E-04     -0.42479224E-03
     950     -0.68430865E-09     -0.71540403E-09     -0.79264847E-04     -0.42479224E-03
     951     -0.68436818E-09     -0.71540403E-09     -0.79377190E-04     -0.42479224E-03
     952     -0.68448402E-09     -0.71540403E-09     -0.79700215E-04     -0.42479224E-03
     953     -0.68460294E-09     -0.71540403E-09     -0.80032093E-04     -0.42479224E-03
     954     -0.68466745E-09     -0.71540403E-09     -0.80200936E-04     -0.42479224E-03
     955     -0.68471119E-09     -0.71540403E-09     -0.80286761E-04     -0.42479224E-03
     956     -0.68476468E-09     -0.71540403E-09     -0.80413263E-04     -0.42479224E-03
     957     -0.68483514E-09     -0.71540403E-09     -0.80565999E-04     -0.42479224E-03
     958     -0.68491764E-09     -0.71540403E-09     -0.80813585E-04     -0.42479224E-03
     959     -0.68501664E-09     -0.71540403E-09     -0.81069246E-04     -0.42479224E-03
     960     -0.68508811E-09     -0.71540403E-09     -0.81257273E-04     -0.42479224E-03
     961     -0.68516638E-09     -0.71540403E-09     -0.81447976E-04     -0.42479224E-03
     962     -0.68522910E-09     -0.71540403E-09     -0.81574674E-04     -0.42479224E-03
     963     -0.68529072E-09     -0.71540403E-09     -0.81721866E-04     -0.42479224E-03
     964     -0.68533340E-09     -0.71540403E-09     -0.81801462E-04     -0.42479224E-03
     965     -0.68542199E-09     -0.71540403E-09     -0.82034222E-04     -0.42479224E-03
     966     -0.68550485E-09     -0.71540403E-09     -0.82203874E-04     -0.42479224E-03
     967     -0.68559530E-09     -0.71540403E-09     -0.82450723E-04     -0.42479224E-03
     968     -0.68563721E-09     -0.71540403E-09     -0.82556137E-04     -0.42479224E-03
     969     -0.68571681E-09     -0.71540403E-09     -0.82772397E-04     -0.42479224E-03
     970     -0.68575567E-09     -0.71540403E-09     -0.82847780E-04     -0.42479224E-03
     971     -0.68581779E-09     -0.71540403E-09     -0.83001711E-04     -0.42479224E-03
     972     -0.68585460E-09     -0.71540403E-09     -0.83093666E-04     -0.42479224E-03
     973     -0.68590374E-09     -0.71540403E-09     -0.83184997E-04     -0.42479224E-03
     974     -0.68595434E-09     -0.71540403E-09     -0.83297825E-04     -0.42479224E-03
     975     -0.68606329E-09     -0.71540403E-09     -0.83595789E-04     -0.42479224E-03
     976     -0.68613276E-09     -0.71540403E-09     -0.83782390E-04     -0.42479224E-03
     977     -0.68617498E-09     -0.71540403E-09     -0.83913229E-04     -0.42479224E-03
     978     -0.68623874E-09     -0.71540403E-09     -0.84005599E-04     -0.42479224E-03
     979     -0.68633208E-09     -0.71540403E-09     -0.84213539E-04     -0.42479224E-03
     980     -0.68644663E-09     -0.71540403E-09     -0.84430464E-04     -0.42479224E-03
     981     -0.68650600E-09     -0.71540403E-09     -0.84526763E-04     -0.42479224E-03
     982     -0.68662614E-09     -0.71540403E-09     -0.84671489E-04     -0.42479224E-03
     983     -0.68675099E-09     -0.71540403E-09     -0.84861484E-04     -0.42479224E-03
     984     -0.68680357E-09     -0.71540403E-09     -0.84981693E-04     -0.42479224E-03
     985     -0.68687194E-09     -0.71540403E-09     -0.85129022E-04     -0.42479224E-03
     986     -0.68691845E-09     -0.71540403E-09     -0.85220846E-04     -0.42479224E-03
     987     -0.68698747E-09     -0.71540403E-09     -0.85421207E-04     -0.42479224E-03
     988     -0.68703297E-09     -0.71540403E-09     -0.85463072E-04     -0.42479224E-03
     989     -0.68706652E-09     -0.71540403E-09     -0.85492675E-04     -0.42479224E-03
     990     -0.68711834E-09     -0.71540403E-09     -0.85561204E-04     -0.42479224E-03
     991     -0.68714499E-09     -0.71540403E-09     -0.85595660E-04     -0.42479224E-03
     992     -0.68717255E-09     -0.71540403E-09     -0.85632360E-04     -0.42479224E-03
     993     -0.68720476E-09     -0.71540403E-09     -0.85678465E-04     -0.42479224E-03
     994     -0.68726092E-09     -0.71540403E-09     -0.85737794E-04     -0.42479224E-03
     995     -0.68729364E-09     -0.71540403E-09     -0.85795468E-04     -0.42479224E-03
     996     -0.68731350E-09     -0.71540403E-09     -0.85816955E-04     -0.42479224E-03
     997     -0.68735247E-09     -0.71540403E-09     -0.85880919E-04     -0.42479224E-03
     998     -0.68738333E-09     -0.71540403E-09     -0.85934944E-04     -0.42479224E-03
     999     -0.68742101E-09     -0.71540403E-09     -0.86039132E-04     -0.42479224E-03
    1000     -0.68747491E-09     -0.71540403E-09     -0.86165650E-04     -0.42479224E-03
    1001     -0.68751089E-09     -0.71540403E-09     -0.86208827E-04     -0.42479224E-03
    1002     -0.68756518E-09     -0.71540403E-09     -0.86258456E-04     -0.42479224E-03
    1003     -0.68761314E-09     -0.71540403E-09     -0.86332344E-04     -0.42479224E-03
    1004     -0.68765619E-09     -0.71540403E-09     -0.86392384E-04     -0.42479224E-03
    1005     -0.68772520E-09     -0.71540403E-09     -0.86526321E-04     -0.42479224E-03
    1006     -0.68778168E-09     -0.71540403E-09     -0.86633766E-04     -0.42479224E-03
    1007     -0.68782403E-09     -0.71540403E-09     -0.86688816E-04     -0.42479224E-03
    1008     -0.68786911E-09     -0.71540403E-09     -0.86776137E-04     -0.42479224E-03
    1009     -0.68793705E-09     -0.71540403E-09     -0.86844241E-04     -0.42479224E-03
    1010     -0.68799300E-09     -0.71540403E-09     -0.86886552E-04     -0.42479224E-03
    1011     -0.68802861E-09     -0.71540403E-09     -0.86932215E-04     -0.42479224E-03
    1012     -0.68813943E-09     -0.71540403E-09     -0.87166976E-04     -0.42479224E-03
    1013     -0.68820351E-09     -0.71540403E-09     -0.87294135E-04     -0.42479224E-03
    1014     -0.68824242E-09     -0.71540403E-09     -0.87350835E-04     -0.42479224E-03
    1015     -0.68835001E-09     -0.71540403E-09     -0.87430982E-04     -0.42479224E-03
    1016     -0.68850064E-09     -0.71540403E-09     -0.87533855E-04     -0.42479224E-03
    1017     -0.68857810E-09     -0.71540403E-09     -0.87614613E-04     -0.42479224E-03
    1018     -0.68865992E-09     -0.71540403E-09     -0.87686158E-04     -0.42479224E-03
    1019     -0.68872030E-09     -0.71540403E-09     -0.87764312E-04     -0.42479224E-03
    1020     -0.68877740E-09     -0.71540403E-09     -0.87815309E-04     -0.42479224E-03
    1021     -0.68883637E-09     -0.71540403E-09     -0.87889075E-04     -0.42479224E-03
    1022     -0.68891084E-09     -0.71540403E-09     -0.87962496E-04     -0.42479224E-03
    1023     -0.68893796E-09     -0.71540403E-09     -0.88031086E-04     -0.42479224E-03
    1024     -0.68902072E-09     -0.71540403E-09     -0.88097122E-04     -0.42479224E-03
    1025     -0.68906049E-09     -0.71540403E-09     -0.88151266E-04     -0.42479224E-03
    1026     -0.68912097E-09     -0.71540403E-09     -0.88229480E-04     -0.42479224E-03
    1027     -0.68917474E-09     -0.71540403E-09     -0.88291248E-04     -0.42479224E-03
    1028     -0.68926623E-09     -0.71540403E-09     -0.88380779E-04     -0.42479224E-03
    1029     -0.68932994E-09     -0.71540403E-09     -0.88450819E-04     -0.42479224E-03
    1030     -0.68940009E-09     -0.71540403E-09     -0.88559492E-04     -0.42479224E-03
    1031     -0.68945396E-09     -0.71540403E-09     -0.88694315E-04     -0.42479224E-03
    1032     -0.68948647E-09     -0.71540403E-09     -0.88739259E-04     -0.42479224E-03
    1033     -0.68953362E-09     -0.71540403E-09     -0.88788665E-04     -0.42479224E-03
    1034     -0.68958975E-09     -0.71540403E-09     -0.88890910E-04     -0.42479224E-03
    1035     -0.68962121E-09     -0.71540403E-09     -0.88960491E-04     -0.42479224E-03
    1036     -0.68964172E-09     -0.71540403E-09     -0.89001968E-04     -0.42479224E-03
    1037     -0.68965763E-09     -0.71540403E-09     -0.89019940E-04     -0.42479224E-03
    1038     -0.68968056E-09     -0.71540403E-09     -0.89054800E-04     -0.42479224E-03
    1039     -0.68973457E-09     -0.71540403E-09     -0.89108200E-04     -0.42479224E-03
    1040     -0.68977328E-09     -0.71540403E-09     -0.89168289E-04     -0.42479224E-03
    1041     -0.68981231E-09     -0.71540403E-09     -0.89263059E-04     -0.42479224E-03
    1042     -0.68983742E-09     -0.71540403E-09     -0.89321895E-04     -0.42479224E-03
    1043     -0.68986018E-09     -0.71540403E-09     -0.89363981E-04     -0.42479224E-03
    1044     -0.68989288E-09     -0.71540403E-09     -0.89443310E-04     -0.42479224E-03
    1045     -0.68992784E-09     -0.71540403E-09     -0.89487765E-04     -0.42479224E-03
    1046     -0.68994956E-09     -0.71540403E-09     -0.89540393E-04     -0.42479224E-03
    1047     -0.68998075E-09     -0.71540403E-09     -0.89592829E-04     -0.42479224E-03
    1048     -0.69001640E-09     -0.71540403E-09     -0.89649243E-04     -0.42479224E-03
    1049     -0.69005594E-09     -0.71540403E-09     -0.89726176E-04     -0.42479224E-03
    1050     -0.69010879E-09     -0.71540403E-09     -0.89792012E-04     -0.42479224E-03
    1051     -0.69013597E-09     -0.71540403E-09     -0.89866686E-04     -0.42479224E-03
    1052     -0.69015333E-09     -0.71540403E-09     -0.89912218E-04     -0.42479224E-03
    1053     -0.69023124E-09     -0.71540403E-09     -0.90078883E-04     -0.42479224E-03
    1054     -0.69025509E-09     -0.71540403E-09     -0.90130867E-04     -0.42479224E-03
    1055     -0.69029503E-09     -0.71540403E-09     -0.90211342E-04     -0.42479224E-03
    1056     -0.69031304E-09     -0.71540403E-09     -0.90250442E-04     -0.42479224E-03
    1057     -0.69033191E-09     -0.71540403E-09     -0.90298118E-04     -0.42479224E-03
    1058     -0.69037817E-09     -0.71540403E-09     -0.90424378E-04     -0.42479224E-03
    1059     -0.69039820E-09     -0.71540403E-09     -0.90463323E-04     -0.42479224E-03
    1060     -0.69042899E-09     -0.71540403E-09     -0.90548061E-04     -0.42479224E-03
    1061     -0.69047582E-09     -0.71540403E-09     -0.90685960E-04     -0.42479224E-03
    1062     -0.69049932E-09     -0.71540403E-09     -0.90734369E-04     -0.42479224E-03
    1063     -0.69051897E-09     -0.71540403E-09     -0.90783343E-04     -0.42479224E-03
    1064     -0.69053137E-09     -0.71540403E-09     -0.90805599E-04     -0.42479224E-03
    1065     -0.69055278E-09     -0.71540403E-09     -0.90845361E-04     -0.42479224E-03
    1066     -0.69058567E-09     -0.71540403E-09     -0.90901691E-04     -0.42479224E-03
    1067     -0.69061467E-09     -0.71540403E-09     -0.90956599E-04     -0.42479224E-03
    1068     -0.69064095E-09     -0.71540403E-09     -0.91010086E-04     -0.42479224E-03
    1069     -0.69065811E-09     -0.71540403E-09     -0.91051975E-04     -0.42479224E-03
    1070     -0.69068710E-09     -0.71540403E-09     -0.91104607E-04     -0.42479224E-03
    1071     -0.69070844E-09     -0.71540403E-09     -0.91147441E-04     -0.42479224E-03
    1072     -0.69073138E-09     -0.71540403E-09     -0.91190781E-04     -0.42479224E-03
    1073     -0.69076509E-09     -0.71540403E-09     -0.91232730E-04     -0.42479224E-03
    1074     -0.69081885E-09     -0.71540403E-09     -0.91290649E-04     -0.42479224E-03
    1075     -0.69086077E-09     -0.71540403E-09     -0.91335541E-04     -0.42479224E-03
    1076     -0.69089587E-09     -0.71540403E-09     -0.91391579E-04     -0.42479224E-03
    1077     -0.69093034E-09     -0.71540403E-09     -0.91444911E-04     -0.42479224E-03
    1078     -0.69096276E-09     -0.71540403E-09     -0.91479991E-04     -0.42479224E-03
    1079     -0.69098343E-09     -0.71540403E-09     -0.91517109E-04     -0.42479224E-03
    1080     -0.69099755E-09     -0.71540403E-09     -0.91552550E-04     -0.42479224E-03
    1081     -0.69101818E-09     -0.71540403E-09     -0.91587165E-04     -0.42479224E-03
    1082     -0.69106288E-09     -0.71540403E-09     -0.91633111E-04     -0.42479224E-03
    1083     -0.69110714E-09     -0.71540403E-09     -0.91681788E-04     -0.42479224E-03
    1084     -0.69113031E-09     -0.71540403E-09     -0.91717516E-04     -0.42479224E-03
    1085     -0.69116053E-09     -0.71540403E-09     -0.91777446E-04     -0.42479224E-03
    1086     -0.69119865E-09     -0.71540403E-09     -0.91813448E-04     -0.42479224E-03
    1087     -0.69121668E-09     -0.71540403E-09     -0.91847329E-04     -0.42479224E-03
    1088     -0.69131833E-09     -0.71540403E-09     -0.91942537E-04     -0.42479224E-03
    1089     -0.69135480E-09     -0.71540403E-09     -0.92017157E-04     -0.42479224E-03
    1090     -0.69137723E-09     -0.71540403E-09     -0.92065332E-04     -0.42479224E-03
    1091     -0.69138725E-09     -0.71540403E-09     -0.92086245E-04     -0.42479224E-03
    1092     -0.69147286E-09     -0.71540403E-09     -0.92160736E-04     -0.42479224E-03
    1093     -0.69155871E-09     -0.71540403E-09     -0.92272719E-04     -0.42479224E-03
    1094     -0.69159236E-09     -0.71540403E-09     -0.92358033E-04     -0.42479224E-03
    1095     -0.69164249E-09     -0.71540403E-09     -0.92428311E-04     -0.42479224E-03
    1096     -0.69171830E-09     -0.71540403E-09     -0.92632628E-04     -0.42479224E-03
    1097     -0.69175694E-09     -0.71540403E-09     -0.92733386E-04     -0.42479224E-03
    1098     -0.69180002E-09     -0.71540403E-09     -0.92804200E-04     -0.42479224E-03
    1099     -0.69186586E-09     -0.71540403E-09     -0.92965160E-04     -0.42479224E-03
    1100     -0.69192735E-09     -0.71540403E-09     -0.93071195E-04     -0.42479224E-03
    1101     -0.69197810E-09     -0.71540403E-09     -0.93195146E-04     -0.42479224E-03
    1102     -0.69202523E-09     -0.71540403E-09     -0.93272818E-04     -0.42479224E-03
    1103     -0.69204804E-09     -0.71540403E-09     -0.93322801E-04     -0.42479224E-03
    1104     -0.69208225E-09     -0.71540403E-09     -0.93389132E-04     -0.42479224E-03
    1105     -0.69209693E-09     -0.71540403E-09     -0.93423011E-04     -0.42479224E-03
    1106     -0.69212572E-09     -0.71540403E-09     -0.93503279E-04     -0.42479224E-03
    1107     -0.69214925E-09     -0.71540403E-09     -0.93592688E-04     -0.42479224E-03
    1108     -0.69216886E-09     -0.71540403E-09     -0.93651098E-04     -0.42479224E-03
    1109     -0.69219875E-09     -0.71540403E-09     -0.93775191E-04     -0.42479224E-03
    1110     -0.69224180E-09     -0.71540403E-09     -0.93931847E-04     -0.42479224E-03
    1111     -0.69227072E-09     -0.71540403E-09     -0.94008756E-04     -0.42479224E-03
    1112     -0.69230233E-09     -0.71540403E-09     -0.94092889E-04     -0.42479224E-03
    1113     -0.69233112E-09     -0.71540403E-09     -0.94171775E-04     -0.42479224E-03
    1114     -0.69237328E-09     -0.71540403E-09     -0.94249769E-04     -0.42479224E-03
    1115     -0.69240577E-09     -0.71540403E-09     -0.94314237E-04     -0.42479224E-03
    1116     -0.69243130E-09     -0.71540403E-09     -0.94358984E-04     -0.42479224E-03
    1117     -0.69246209E-09     -0.71540403E-09     -0.94425620E-04     -0.42479224E-03
    1118     -0.69249244E-09     -0.71540403E-09     -0.94525146E-04     -0.42479224E-03
    1119     -0.69252496E-09     -0.71540403E-09     -0.94622393E-04     -0.42479224E-03
    1120     -0.69256420E-09     -0.71540403E-09     -0.94725429E-04     -0.42479224E-03
    1121     -0.69259816E-09     -0.71540403E-09     -0.94832696E-04     -0.42479224E-03
    1122     -0.69264319E-09     -0.71540403E-09     -0.94951905E-04     -0.42479224E-03
    1123     -0.69268273E-09     -0.71540403E-09     -0.95066249E-04     -0.42479224E-03
    1124     -0.69270162E-09     -0.71540403E-09     -0.95113645E-04     -0.42479224E-03
    1125     -0.69273072E-09     -0.71540403E-09     -0.95181423E-04     -0.42479224E-03
    1126     -0.69276346E-09     -0.71540403E-09     -0.95282536E-04     -0.42479224E-03
    1127     -0.69278149E-09     -0.71540403E-09     -0.95328680E-04     -0.42479224E-03
    1128     -0.69281499E-09     -0.71540403E-09     -0.95430856E-04     -0.42479224E-03
    1129     -0.69284111E-09     -0.71540403E-09     -0.95484973E-04     -0.42479224E-03
    1130     -0.69290840E-09     -0.71540403E-09     -0.95592717E-04     -0.42479224E-03
    1131     -0.69293702E-09     -0.71540403E-09     -0.95653778E-04     -0.42479224E-03
    1132     -0.69295444E-09     -0.71540403E-09     -0.95695884E-04     -0.42479224E-03
    1133     -0.69298039E-09     -0.71540403E-09     -0.95755736E-04     -0.42479224E-03
    1134     -0.69299207E-09     -0.71540403E-09     -0.95786419E-04     -0.42479224E-03
    1135     -0.69302168E-09     -0.71540403E-09     -0.95865897E-04     -0.42479224E-03
    1136     -0.69303942E-09     -0.71540403E-09     -0.95902746E-04     -0.42479224E-03
    1137     -0.69305635E-09     -0.71540403E-09     -0.95949368E-04     -0.42479224E-03
    1138     -0.69306709E-09     -0.71540403E-09     -0.95976546E-04     -0.42479224E-03
    1139     -0.69308008E-09     -0.71540403E-09     -0.96013655E-04     -0.42479224E-03
    1140     -0.69309250E-09     -0.71540403E-09     -0.96044522E-04     -0.42479224E-03
    1141     -0.69310667E-09     -0.71540403E-09     -0.96080440E-04     -0.42479224E-03
    1142     -0.69311725E-09     -0.71540403E-09     -0.96111654E-04     -0.42479224E-03
    1143     -0.69313116E-09     -0.71540403E-09     -0.96135745E-04     -0.42479224E-03
    1144     -0.69313800E-09     -0.71540403E-09     -0.96154290E-04     -0.42479224E-03
    1145     -0.69315584E-09     -0.71540403E-09     -0.96191340E-04     -0.42479224E-03
    1146     -0.69316857E-09     -0.71540403E-09     -0.96219105E-04     -0.42479224E-03
    1147     -0.69319730E-09     -0.71540403E-09     -0.96279429E-04     -0.42479224E-03
    1148     -0.69321019E-09     -0.71540403E-09     -0.96318287E-04     -0.42479224E-03
    1149     -0.69324128E-09     -0.71540403E-09     -0.96386404E-04     -0.42479224E-03
    1150     -0.69326013E-09     -0.71540403E-09     -0.96429853E-04     -0.42479224E-03
    1151     -0.69328512E-09     -0.71540403E-09     -0.96485958E-04     -0.42479224E-03
    1152     -0.69331988E-09     -0.71540403E-09     -0.96543891E-04     -0.42479224E-03
    1153     -0.69333851E-09     -0.71540403E-09     -0.96594349E-04     -0.42479224E-03
    1154     -0.69335670E-09     -0.71540403E-09     -0.96630785E-04     -0.42479224E-03
    1155     -0.69337391E-09     -0.71540403E-09     -0.96681748E-04     -0.42479224E-03
    1156     -0.69342595E-09     -0.71540403E-09     -0.96743614E-04     -0.42479224E-03
    1157     -0.69347239E-09     -0.71540403E-09     -0.96797485E-04     -0.42479224E-03
    1158     -0.69348713E-09     -0.71540403E-09     -0.96841955E-04     -0.42479224E-03
    1159     -0.69351780E-09     -0.71540403E-09     -0.96889982E-04     -0.42479224E-03
    1160     -0.69353025E-09     -0.71540403E-09     -0.96919774E-04     -0.42479224E-03
    1161     -0.69354681E-09     -0.71540403E-09     -0.96958376E-04     -0.42479224E-03
    1162     -0.69356877E-09     -0.71540403E-09     -0.96990798E-04     -0.42479224E-03
    1163     -0.69359738E-09     -0.71540403E-09     -0.97030860E-04     -0.42479224E-03
    1164     -0.69363360E-09     -0.71540403E-09     -0.97082246E-04     -0.42479224E-03
    1165     -0.69365912E-09     -0.71540403E-09     -0.97133117E-04     -0.42479224E-03
    1166     -0.69371053E-09     -0.71540403E-09     -0.97200737E-04     -0.42479224E-03
    1167     -0.69373106E-09     -0.71540403E-09     -0.97246722E-04     -0.42479224E-03
    1168     -0.69380674E-09     -0.71540403E-09     -0.97326845E-04     -0.42479224E-03
    1169     -0.69386805E-09     -0.71540403E-09     -0.97392494E-04     -0.42479224E-03
    1170     -0.69389899E-09     -0.71540403E-09     -0.97435466E-04     -0.42479224E-03
    1171     -0.69391933E-09     -0.71540403E-09     -0.97479286E-04     -0.42479224E-03
    1172     -0.69395516E-09     -0.71540403E-09     -0.97526421E-04     -0.42479224E-03
    1173     -0.69398785E-09     -0.71540403E-09     -0.97571615E-04     -0.42479224E-03
    1174     -0.69401098E-09     -0.71540403E-09     -0.97606503E-04     -0.42479224E-03
    1175     -0.69409264E-09     -0.71540403E-09     -0.97664828E-04     -0.42479224E-03
    1176     -0.69415751E-09     -0.71540403E-09     -0.97739645E-04     -0.42479224E-03
    1177     -0.69420141E-09     -0.71540403E-09     -0.97822365E-04     -0.42479224E-03
    1178     -0.69427248E-09     -0.71540403E-09     -0.97901583E-04     -0.42479224E-03
    1179     -0.69432046E-09     -0.71540403E-09     -0.97956689E-04     -0.42479224E-03
    1180     -0.69441293E-09     -0.71540403E-09     -0.98019155E-04     -0.42479224E-03
    1181     -0.69445705E-09     -0.71540403E-09     -0.98068733E-04     -0.42479224E-03
    1182     -0.69447565E-09     -0.71540403E-09     -0.98103592E-04     -0.42479224E-03
    1183     -0.69449354E-09     -0.71540403E-09     -0.98142256E-04     -0.42479224E-03
    1184     -0.69453665E-09     -0.71540403E-09     -0.98215794E-04     -0.42479224E-03
    1185     -0.69458698E-09     -0.71540403E-09     -0.98286797E-04     -0.42479224E-03
    1186     -0.69463292E-09     -0.71540403E-09     -0.98383002E-04     -0.42479224E-03
    1187     -0.69467064E-09     -0.71540403E-09     -0.98444269E-04     -0.42479224E-03
    1188     -0.69470749E-09     -0.71540403E-09     -0.98494760E-04     -0.42479224E-03
    1189     -0.69474008E-09     -0.71540403E-09     -0.98578793E-04     -0.42479224E-03
    1190     -0.69480913E-09     -0.71540403E-09     -0.98650860E-04     -0.42479224E-03
    1191     -0.69487621E-09     -0.71540403E-09     -0.98745319E-04     -0.42479224E-03
    1192     -0.69491209E-09     -0.71540403E-09     -0.98818747E-04     -0.42479224E-03
    1193     -0.69496972E-09     -0.71540403E-09     -0.98866710E-04     -0.42479224E-03
    1194     -0.69501747E-09     -0.71540403E-09     -0.98931762E-04     -0.42479224E-03
    1195     -0.69511642E-09     -0.71540403E-09     -0.98998585E-04     -0.42479224E-03
    1196     -0.69515248E-09     -0.71540403E-09     -0.99047798E-04     -0.42479224E-03
    1197     -0.69517250E-09     -0.71540403E-09     -0.99080447E-04     -0.42479224E-03
    1198     -0.69521772E-09     -0.71540403E-09     -0.99124974E-04     -0.42479224E-03
    1199     -0.69525617E-09     -0.71540403E-09     -0.99178493E-04     -0.42479224E-03
    1200     -0.69527944E-09     -0.71540403E-09     -0.99221541E-04     -0.42479224E-03
    1201     -0.69533795E-09     -0.71540403E-09     -0.99269274E-04     -0.42479224E-03
    1202     -0.69535372E-09     -0.71540403E-09     -0.99304388E-04     -0.42479224E-03
    1203     -0.69537986E-09     -0.71540403E-09     -0.99359716E-04     -0.42479224E-03
    1204     -0.69539255E-09     -0.71540403E-09     -0.99389225E-04     -0.42479224E-03
    1205     -0.69540384E-09     -0.71540403E-09     -0.99422997E-04     -0.42479224E-03
    1206     -0.69543339E-09     -0.71540403E-09     -0.99465247E-04     -0.42479224E-03
    1207     -0.69549305E-09     -0.71540403E-09     -0.99509280E-04     -0.42479224E-03
    1208     -0.69554042E-09     -0.71540403E-09     -0.99555263E-04     -0.42479224E-03
    1209     -0.69556198E-09     -0.71540403E-09     -0.99579178E-04     -0.42479224E-03
    1210     -0.69561246E-09     -0.71540403E-09     -0.99622953E-04     -0.42479224E-03
    1211     -0.69562107E-09     -0.71540403E-09     -0.99641828E-04     -0.42479224E-03
    1212     -0.69563720E-09     -0.71540403E-09     -0.99679813E-04     -0.42479224E-03
    1213     -0.69576632E-09     -0.71540403E-09     -0.99754276E-04     -0.42479224E-03
    1214     -0.69579727E-09     -0.71540403E-09     -0.99793015E-04     -0.42479224E-03
    1215     -0.69581711E-09     -0.71540403E-09     -0.99836668E-04     -0.42479224E-03
    1216     -0.69583655E-09     -0.71540403E-09     -0.99880223E-04     -0.42479224E-03
    1217     -0.69592807E-09     -0.71540403E-09     -0.99941749E-04     -0.42479224E-03
    1218     -0.69598149E-09     -0.71540403E-09     -0.10000321E-03     -0.42479224E-03
    1219     -0.69603861E-09     -0.71540403E-09     -0.10008174E-03     -0.42479224E-03
    1220     -0.69605676E-09     -0.71540403E-09     -0.10011329E-03     -0.42479224E-03
    1221     -0.69606805E-09     -0.71540403E-09     -0.10013884E-03     -0.42479224E-03
    1222     -0.69609455E-09     -0.71540403E-09     -0.10018679E-03     -0.42479224E-03
    1223     -0.69612802E-09     -0.71540403E-09     -0.10024779E-03     -0.42479224E-03
    1224     -0.69614702E-09     -0.71540403E-09     -0.10028717E-03     -0.42479224E-03
    1225     -0.69616563E-09     -0.71540403E-09     -0.10032320E-03     -0.42479224E-03
    1226     -0.69621084E-09     -0.71540403E-09     -0.10037612E-03     -0.42479224E-03
    1227     -0.69623166E-09     -0.71540403E-09     -0.10041674E-03     -0.42479224E-03
    1228     -0.69626282E-09     -0.71540403E-09     -0.10046649E-03     -0.42479224E-03
    1229     -0.69628335E-09     -0.71540403E-09     -0.10050389E-03     -0.42479224E-03
    1230     -0.69631335E-09     -0.71540403E-09     -0.10055576E-03     -0.42479224E-03
    1231     -0.69634122E-09     -0.71540403E-09     -0.10059698E-03     -0.42479224E-03
    1232     -0.69636705E-09     -0.71540403E-09     -0.10065052E-03     -0.42479224E-03
    1233     -0.69638138E-09     -0.71540403E-09     -0.10067561E-03     -0.42479224E-03
    1234     -0.69641466E-09     -0.71540403E-09     -0.10071228E-03     -0.42479224E-03
    1235     -0.69643546E-09     -0.71540403E-09     -0.10073305E-03     -0.42479224E-03
    1236     -0.69644584E-09     -0.71540403E-09     -0.10074899E-03     -0.42479224E-03
    1237     -0.69645425E-09     -0.71540403E-09     -0.10077208E-03     -0.42479224E-03
    1238     -0.69646701E-09     -0.71540403E-09     -0.10079823E-03     -0.42479224E-03
    1239     -0.69655914E-09     -0.71540403E-09     -0.10086797E-03     -0.42479224E-03
    1240     -0.69658330E-09     -0.71540403E-09     -0.10089796E-03     -0.42479224E-03
    1241     -0.69660395E-09     -0.71540403E-09     -0.10092323E-03     -0.42479224E-03
    1242     -0.69661317E-09     -0.71540403E-09     -0.10094491E-03     -0.42479224E-03
    1243     -0.69667430E-09     -0.71540403E-09     -0.10099300E-03     -0.42479224E-03
    1244     -0.69669467E-09     -0.71540403E-09     -0.10102257E-03     -0.42479224E-03
    1245     -0.69671276E-09     -0.71540403E-09     -0.10105039E-03     -0.42479224E-03
    1246     -0.69675693E-09     -0.71540403E-09     -0.10109305E-03     -0.42479224E-03
    1247     -0.69677147E-09     -0.71540403E-09     -0.10111214E-03     -0.42479224E-03
    1248     -0.69678201E-09     -0.71540403E-09     -0.10113432E-03     -0.42479224E-03
    1249     -0.69680403E-09     -0.71540403E-09     -0.10116295E-03     -0.42479224E-03
    1250     -0.69682440E-09     -0.71540403E-09     -0.10119922E-03     -0.42479224E-03
    1251     -0.69686502E-09     -0.71540403E-09     -0.10124489E-03     -0.42479224E-03
    1252     -0.69690138E-09     -0.71540403E-09     -0.10128234E-03     -0.42479224E-03
    1253     -0.69692364E-09     -0.71540403E-09     -0.10130898E-03     -0.42479224E-03
    1254     -0.69704727E-09     -0.71540403E-09     -0.10138496E-03     -0.42479224E-03
    1255     -0.69707026E-09     -0.71540403E-09     -0.10141634E-03     -0.42479224E-03
    1256     -0.69711410E-09     -0.71540403E-09     -0.10145385E-03     -0.42479224E-03
    1257     -0.69713882E-09     -0.71540403E-09     -0.10148468E-03     -0.42479224E-03
    1258     -0.69720619E-09     -0.71540403E-09     -0.10152947E-03     -0.42479224E-03
    1259     -0.69735400E-09     -0.71540403E-09     -0.10160642E-03     -0.42479224E-03
    1260     -0.69740823E-09     -0.71540403E-09     -0.10165056E-03     -0.42479224E-03
    1261     -0.69748408E-09     -0.71540403E-09     -0.10171241E-03     -0.42479224E-03
    1262     -0.69749984E-09     -0.71540403E-09     -0.10173801E-03     -0.42479224E-03
    1263     -0.69752876E-09     -0.71540403E-09     -0.10177958E-03     -0.42479224E-03
    1264     -0.69755840E-09     -0.71540403E-09     -0.10181653E-03     -0.42479224E-03
    1265     -0.69757395E-09     -0.71540403E-09     -0.10184780E-03     -0.42479224E-03
    1266     -0.69758408E-09     -0.71540403E-09     -0.10187171E-03     -0.42479224E-03
    1267     -0.69759997E-09     -0.71540403E-09     -0.10190002E-03     -0.42479224E-03
    1268     -0.69771486E-09     -0.71540403E-09     -0.10197055E-03     -0.42479224E-03
    1269     -0.69784212E-09     -0.71540403E-09     -0.10204627E-03     -0.42479224E-03
    1270     -0.69786714E-09     -0.71540403E-09     -0.10208594E-03     -0.42479224E-03
    1271     -0.69787808E-09     -0.71540403E-09     -0.10211760E-03     -0.42479224E-03
    1272     -0.69789394E-09     -0.71540403E-09     -0.10215573E-03     -0.42479224E-03
    1273     -0.69790325E-09     -0.71540403E-09     -0.10218071E-03     -0.42479224E-03
    1274     -0.69793175E-09     -0.71540403E-09     -0.10227643E-03     -0.42479224E-03
    1275     -0.69794681E-09     -0.71540403E-09     -0.10232943E-03     -0.42479224E-03
    1276     -0.69797751E-09     -0.71540403E-09     -0.10237869E-03     -0.42479224E-03
    1277     -0.69798848E-09     -0.71540403E-09     -0.10240644E-03     -0.42479224E-03
    1278     -0.69800166E-09     -0.71540403E-09     -0.10244936E-03     -0.42479224E-03
    1279     -0.69808109E-09     -0.71540403E-09     -0.10254870E-03     -0.42479224E-03
    1280     -0.69813173E-09     -0.71540403E-09     -0.10260455E-03     -0.42479224E-03
    1281     -0.69814485E-09     -0.71540403E-09     -0.10265149E-03     -0.42479224E-03
    1282     -0.69816082E-09     -0.71540403E-09     -0.10268837E-03     -0.42479224E-03
    1283     -0.69818995E-09     -0.71540403E-09     -0.10273729E-03     -0.42479224E-03
    1284     -0.69822164E-09     -0.71540403E-09     -0.10278370E-03     -0.42479224E-03
    1285     -0.69823706E-09     -0.71540403E-09     -0.10281232E-03     -0.42479224E-03
    1286     -0.69826667E-09     -0.71540403E-09     -0.10286228E-03     -0.42479224E-03
    1287     -0.69828885E-09     -0.71540403E-09     -0.10290407E-03     -0.42479224E-03
    1288     -0.69829895E-09     -0.71540403E-09     -0.10292930E-03     -0.42479224E-03
    1289     -0.69831425E-09     -0.71540403E-09     -0.10296143E-03     -0.42479224E-03
    1290     -0.69832876E-09     -0.71540403E-09     -0.10297907E-03     -0.42479224E-03
    1291     -0.69835215E-09     -0.71540403E-09     -0.10301456E-03     -0.42479224E-03
    1292     -0.69836472E-09     -0.71540403E-09     -0.10303728E-03     -0.42479224E-03
    1293     -0.69840329E-09     -0.71540403E-09     -0.10308887E-03     -0.42479224E-03
    1294     -0.69841656E-09     -0.71540403E-09     -0.10312029E-03     -0.42479224E-03
    1295     -0.69843938E-09     -0.71540403E-09     -0.10315916E-03     -0.42479224E-03
    1296     -0.69845686E-09     -0.71540403E-09     -0.10318868E-03     -0.42479224E-03
    1297     -0.69847873E-09     -0.71540403E-09     -0.10323861E-03     -0.42479224E-03
    1298     -0.69849917E-09     -0.71540403E-09     -0.10329283E-03     -0.42479224E-03
    1299     -0.69851242E-09     -0.71540403E-09     -0.10333076E-03     -0.42479224E-03
    1300     -0.69852871E-09     -0.71540403E-09     -0.10336442E-03     -0.42479224E-03
    1301     -0.69856034E-09     -0.71540403E-09     -0.10345515E-03     -0.42479224E-03
    1302     -0.69859350E-09     -0.71540403E-09     -0.10353886E-03     -0.42479224E-03
    1303     -0.69863584E-09     -0.71540403E-09     -0.10367038E-03     -0.42479224E-03
    1304     -0.69866580E-09     -0.71540403E-09     -0.10373733E-03     -0.42479224E-03
    1305     -0.69868979E-09     -0.71540403E-09     -0.10379410E-03     -0.42479224E-03
    1306     -0.69878092E-09     -0.71540403E-09     -0.10391403E-03     -0.42479224E-03
    1307     -0.69879566E-09     -0.71540403E-09     -0.10396374E-03     -0.42479224E-03
    1308     -0.69884521E-09     -0.71540403E-09     -0.10403425E-03     -0.42479224E-03
    1309     -0.69892587E-09     -0.71540403E-09     -0.10411492E-03     -0.42479224E-03
    1310     -0.69898713E-09     -0.71540403E-09     -0.10417739E-03     -0.42479224E-03
    1311     -0.69904252E-09     -0.71540403E-09     -0.10424504E-03     -0.42479224E-03
    1312     -0.69909009E-09     -0.71540403E-09     -0.10430842E-03     -0.42479224E-03
    1313     -0.69912673E-09     -0.71540403E-09     -0.10435194E-03     -0.42479224E-03
    1314     -0.69930151E-09     -0.71540403E-09     -0.10446077E-03     -0.42479224E-03
    1315     -0.69932627E-09     -0.71540403E-09     -0.10450708E-03     -0.42479224E-03
    1316     -0.69934599E-09     -0.71540403E-09     -0.10455245E-03     -0.42479224E-03
    1317     -0.69937537E-09     -0.71540403E-09     -0.10459662E-03     -0.42479224E-03
    1318     -0.69947304E-09     -0.71540403E-09     -0.10467310E-03     -0.42479224E-03
    1319     -0.69948449E-09     -0.71540403E-09     -0.10469604E-03     -0.42479224E-03
    1320     -0.69949556E-09     -0.71540403E-09     -0.10471742E-03     -0.42479224E-03
    1321     -0.69951429E-09     -0.71540403E-09     -0.10475764E-03     -0.42479224E-03
    1322     -0.69952834E-09     -0.71540403E-09     -0.10478852E-03     -0.42479224E-03
    1323     -0.69954421E-09     -0.71540403E-09     -0.10482861E-03     -0.42479224E-03
    1324     -0.69955122E-09     -0.71540403E-09     -0.10484922E-03     -0.42479224E-03
    1325     -0.69956873E-09     -0.71540403E-09     -0.10489885E-03     -0.42479224E-03
    1326     -0.69959436E-09     -0.71540403E-09     -0.10496611E-03     -0.42479224E-03
    1327     -0.69961713E-09     -0.71540403E-09     -0.10501874E-03     -0.42479224E-03
    1328     -0.69965415E-09     -0.71540403E-09     -0.10510732E-03     -0.42479224E-03
    1329     -0.69967140E-09     -0.71540403E-09     -0.10515713E-03     -0.42479224E-03
    1330     -0.69970048E-09     -0.71540403E-09     -0.10522355E-03     -0.42479224E-03
    1331     -0.69971967E-09     -0.71540403E-09     -0.10526974E-03     -0.42479224E-03
    1332     -0.69975318E-09     -0.71540403E-09     -0.10533884E-03     -0.42479224E-03
    1333     -0.69976525E-09     -0.71540403E-09     -0.10537816E-03     -0.42479224E-03
    1334     -0.69978381E-09     -0.71540403E-09     -0.10542600E-03     -0.42479224E-03
    1335     -0.69979572E-09     -0.71540403E-09     -0.10546885E-03     -0.42479224E-03
    1336     -0.69980817E-09     -0.71540403E-09     -0.10550856E-03     -0.42479224E-03
    1337     -0.69981841E-09     -0.71540403E-09     -0.10555259E-03     -0.42479224E-03
    1338     -0.69983584E-09     -0.71540403E-09     -0.10559100E-03     -0.42479224E-03
    1339     -0.69984656E-09     -0.71540403E-09     -0.10562017E-03     -0.42479224E-03
    1340     -0.69986394E-09     -0.71540403E-09     -0.10566391E-03     -0.42479224E-03
    1341     -0.69987807E-09     -0.71540403E-09     -0.10570564E-03     -0.42479224E-03
    1342     -0.69988806E-09     -0.71540403E-09     -0.10573528E-03     -0.42479224E-03
    1343     -0.69989756E-09     -0.71540403E-09     -0.10576742E-03     -0.42479224E-03
    1344     -0.69991001E-09     -0.71540403E-09     -0.10581202E-03     -0.42479224E-03
    1345     -0.69992490E-09     -0.71540403E-09     -0.10585913E-03     -0.42479224E-03
    1346     -0.69992919E-09     -0.71540403E-09     -0.10587468E-03     -0.42479224E-03
    1347     -0.69993541E-09     -0.71540403E-09     -0.10589770E-03     -0.42479224E-03
    1348     -0.69994178E-09     -0.71540403E-09     -0.10591629E-03     -0.42479224E-03
    1349     -0.69994769E-09     -0.71540403E-09     -0.10593543E-03     -0.42479224E-03
    1350     -0.69996278E-09     -0.71540403E-09     -0.10598373E-03     -0.42479224E-03
    1351     -0.69997263E-09     -0.71540403E-09     -0.10601621E-03     -0.42479224E-03
    1352     -0.69997923E-09     -0.71540403E-09     -0.10603909E-03     -0.42479224E-03
    1353     -0.69998904E-09     -0.71540403E-09     -0.10606844E-03     -0.42479224E-03
    1354     -0.70000487E-09     -0.71540403E-09     -0.10611245E-03     -0.42479224E-03
    1355     -0.70001491E-09     -0.71540403E-09     -0.10614019E-03     -0.42479224E-03
    1356     -0.70001990E-09     -0.71540403E-09     -0.10615843E-03     -0.42479224E-03
    1357     -0.70004636E-09     -0.71540403E-09     -0.10619903E-03     -0.42479224E-03
    1358     -0.70011735E-09     -0.71540403E-09     -0.10627163E-03     -0.42479224E-03
    1359     -0.70012893E-09     -0.71540403E-09     -0.10629980E-03     -0.42479224E-03
    1360     -0.70014166E-09     -0.71540403E-09     -0.10633615E-03     -0.42479224E-03
    1361     -0.70015378E-09     -0.71540403E-09     -0.10636430E-03     -0.42479224E-03
    1362     -0.70016367E-09     -0.71540403E-09     -0.10639639E-03     -0.42479224E-03
    1363     -0.70022643E-09     -0.71540403E-09     -0.10647592E-03     -0.42479224E-03
    1364     -0.70024495E-09     -0.71540403E-09     -0.10651059E-03     -0.42479224E-03
    1365     -0.70028172E-09     -0.71540403E-09     -0.10657201E-03     -0.42479224E-03
    1366     -0.70029731E-09     -0.71540403E-09     -0.10661449E-03     -0.42479224E-03
    1367     -0.70030832E-09     -0.71540403E-09     -0.10664679E-03     -0.42479224E-03
    1368     -0.70032048E-09     -0.71540403E-09     -0.10668000E-03     -0.42479224E-03
    1369     -0.70032845E-09     -0.71540403E-09     -0.10670372E-03     -0.42479224E-03
    1370     -0.70037439E-09     -0.71540403E-09     -0.10675677E-03     -0.42479224E-03
    1371     -0.70042149E-09     -0.71540403E-09     -0.10680948E-03     -0.42479224E-03
    1372     -0.70042575E-09     -0.71540403E-09     -0.10682836E-03     -0.42479224E-03
    1373     -0.70047241E-09     -0.71540403E-09     -0.10687244E-03     -0.42479224E-03
    1374     -0.70047593E-09     -0.71540403E-09     -0.10688719E-03     -0.42479224E-03
    1375     -0.70048349E-09     -0.71540403E-09     -0.10690754E-03     -0.42479224E-03
    1376     -0.70051110E-09     -0.71540403E-09     -0.10696020E-03     -0.42479224E-03
    1377     -0.70052510E-09     -0.71540403E-09     -0.10699264E-03     -0.42479224E-03
    1378     -0.70054456E-09     -0.71540403E-09     -0.10702605E-03     -0.42479224E-03
    1379     -0.70057102E-09     -0.71540403E-09     -0.10706652E-03     -0.42479224E-03
    1380     -0.70067696E-09     -0.71540403E-09     -0.10716338E-03     -0.42479224E-03
    1381     -0.70068204E-09     -0.71540403E-09     -0.10718211E-03     -0.42479224E-03
    1382     -0.70069465E-09     -0.71540403E-09     -0.10721159E-03     -0.42479224E-03
    1383     -0.70070016E-09     -0.71540403E-09     -0.10723299E-03     -0.42479224E-03
    1384     -0.70070908E-09     -0.71540403E-09     -0.10726447E-03     -0.42479224E-03
    1385     -0.70071973E-09     -0.71540403E-09     -0.10730652E-03     -0.42479224E-03
    1386     -0.70073312E-09     -0.71540403E-09     -0.10736473E-03     -0.42479224E-03
    1387     -0.70074302E-09     -0.71540403E-09     -0.10740122E-03     -0.42479224E-03
    1388     -0.70076242E-09     -0.71540403E-09     -0.10746785E-03     -0.42479224E-03
    1389     -0.70078573E-09     -0.71540403E-09     -0.10758266E-03     -0.42479224E-03
    1390     -0.70080228E-09     -0.71540403E-09     -0.10765817E-03     -0.42479224E-03
    1391     -0.70083481E-09     -0.71540403E-09     -0.10777804E-03     -0.42479224E-03
    1392     -0.70086681E-09     -0.71540403E-09     -0.10785002E-03     -0.42479224E-03
    1393     -0.70087877E-09     -0.71540403E-09     -0.10789881E-03     -0.42479224E-03
    1394     -0.70089087E-09     -0.71540403E-09     -0.10794921E-03     -0.42479224E-03
    1395     -0.70089944E-09     -0.71540403E-09     -0.10798878E-03     -0.42479224E-03
    1396     -0.70090792E-09     -0.71540403E-09     -0.10802067E-03     -0.42479224E-03
    1397     -0.70095664E-09     -0.71540403E-09     -0.10809283E-03     -0.42479224E-03
    1398     -0.70097071E-09     -0.71540403E-09     -0.10814956E-03     -0.42479224E-03
    1399     -0.70098455E-09     -0.71540403E-09     -0.10820064E-03     -0.42479224E-03
    1400     -0.70099585E-09     -0.71540403E-09     -0.10824983E-03     -0.42479224E-03
    1401     -0.70100729E-09     -0.71540403E-09     -0.10828272E-03     -0.42479224E-03
    1402     -0.70102532E-09     -0.71540403E-09     -0.10835518E-03     -0.42479224E-03
    1403     -0.70103495E-09     -0.71540403E-09     -0.10840325E-03     -0.42479224E-03
    1404     -0.70105239E-09     -0.71540403E-09     -0.10846017E-03     -0.42479224E-03
    1405     -0.70106265E-09     -0.71540403E-09     -0.10850930E-03     -0.42479224E-03
    1406     -0.70108932E-09     -0.71540403E-09     -0.10858657E-03     -0.42479224E-03
    1407     -0.70111164E-09     -0.71540403E-09     -0.10865538E-03     -0.42479224E-03
    1408     -0.70114347E-09     -0.71540403E-09     -0.10876192E-03     -0.42479224E-03
    1409     -0.70121490E-09     -0.71540403E-09     -0.10888490E-03     -0.42479224E-03
    1410     -0.70125637E-09     -0.71540403E-09     -0.10898406E-03     -0.42479224E-03
    1411     -0.70127414E-09     -0.71540403E-09     -0.10903812E-03     -0.42479224E-03
    1412     -0.70128404E-09     -0.71540403E-09     -0.10906690E-03     -0.42479224E-03
    1413     -0.70130290E-09     -0.71540403E-09     -0.10912963E-03     -0.42479224E-03
    1414     -0.70130973E-09     -0.71540403E-09     -0.10915933E-03     -0.42479224E-03
    1415     -0.70131546E-09     -0.71540403E-09     -0.10918337E-03     -0.42479224E-03
    1416     -0.70133433E-09     -0.71540403E-09     -0.10927329E-03     -0.42479224E-03
    1417     -0.70133988E-09     -0.71540403E-09     -0.10929661E-03     -0.42479224E-03
    1418     -0.70136558E-09     -0.71540403E-09     -0.10942413E-03     -0.42479224E-03
    1419     -0.70137983E-09     -0.71540403E-09     -0.10949760E-03     -0.42479224E-03
    1420     -0.70139237E-09     -0.71540403E-09     -0.10955154E-03     -0.42479224E-03
    1421     -0.70139848E-09     -0.71540403E-09     -0.10957693E-03     -0.42479224E-03
    1422     -0.70140934E-09     -0.71540403E-09     -0.10962982E-03     -0.42479224E-03
    1423     -0.70141525E-09     -0.71540403E-09     -0.10965455E-03     -0.42479224E-03
    1424     -0.70144639E-09     -0.71540403E-09     -0.10983457E-03     -0.42479224E-03
    1425     -0.70145360E-09     -0.71540403E-09     -0.10986197E-03     -0.42479224E-03
    1426     -0.70146377E-09     -0.71540403E-09     -0.10991171E-03     -0.42479224E-03
    1427     -0.70146932E-09     -0.71540403E-09     -0.10993682E-03     -0.42479224E-03
    1428     -0.70147679E-09     -0.71540403E-09     -0.10997424E-03     -0.42479224E-03
    1429     -0.70148316E-09     -0.71540403E-09     -0.11000151E-03     -0.42479224E-03
    1430     -0.70149027E-09     -0.71540403E-09     -0.11003581E-03     -0.42479224E-03
    1431     -0.70150066E-09     -0.71540403E-09     -0.11008425E-03     -0.42479224E-03
    1432     -0.70150867E-09     -0.71540403E-09     -0.11012396E-03     -0.42479224E-03
    1433     -0.70151558E-09     -0.71540403E-09     -0.11015606E-03     -0.42479224E-03
    1434     -0.70152094E-09     -0.71540403E-09     -0.11018057E-03     -0.42479224E-03
    1435     -0.70152680E-09     -0.71540403E-09     -0.11021478E-03     -0.42479224E-03
    1436     -0.70153038E-09     -0.71540403E-09     -0.11023151E-03     -0.42479224E-03
    1437     -0.70153544E-09     -0.71540403E-09     -0.11025482E-03     -0.42479224E-03
    1438     -0.70155362E-09     -0.71540403E-09     -0.11034031E-03     -0.42479224E-03
    1439     -0.70157074E-09     -0.71540403E-09     -0.11040841E-03     -0.42479224E-03
    1440     -0.70159505E-09     -0.71540403E-09     -0.11048040E-03     -0.42479224E-03
    1441     -0.70160689E-09     -0.71540403E-09     -0.11054678E-03     -0.42479224E-03
    1442     -0.70161217E-09     -0.71540403E-09     -0.11057426E-03     -0.42479224E-03
    1443     -0.70163940E-09     -0.71540403E-09     -0.11064083E-03     -0.42479224E-03
    1444     -0.70169219E-09     -0.71540403E-09     -0.11071663E-03     -0.42479224E-03
    1445     -0.70170386E-09     -0.71540403E-09     -0.11075125E-03     -0.42479224E-03
    1446     -0.70172638E-09     -0.71540403E-09     -0.11081387E-03     -0.42479224E-03
    1447     -0.70173805E-09     -0.71540403E-09     -0.11086346E-03     -0.42479224E-03
    1448     -0.70175367E-09     -0.71540403E-09     -0.11091103E-03     -0.42479224E-03
    1449     -0.70175823E-09     -0.71540403E-09     -0.11093084E-03     -0.42479224E-03
    1450     -0.70176830E-09     -0.71540403E-09     -0.11095941E-03     -0.42479224E-03
    1451     -0.70180731E-09     -0.71540403E-09     -0.11102513E-03     -0.42479224E-03
    1452     -0.70181609E-09     -0.71540403E-09     -0.11106237E-03     -0.42479224E-03
    1453     -0.70185283E-09     -0.71540403E-09     -0.11113716E-03     -0.42479224E-03
    1454     -0.70186967E-09     -0.71540403E-09     -0.11120280E-03     -0.42479224E-03
    1455     -0.70188551E-09     -0.71540403E-09     -0.11127026E-03     -0.42479224E-03
    1456     -0.70189792E-09     -0.71540403E-09     -0.11131469E-03     -0.42479224E-03
    1457     -0.70191296E-09     -0.71540403E-09     -0.11137575E-03     -0.42479224E-03
    1458     -0.70195595E-09     -0.71540403E-09     -0.11146233E-03     -0.42479224E-03
    1459     -0.70198520E-09     -0.71540403E-09     -0.11151486E-03     -0.42479224E-03
    1460     -0.70200349E-09     -0.71540403E-09     -0.11159561E-03     -0.42479224E-03
    1461     -0.70202444E-09     -0.71540403E-09     -0.11165214E-03     -0.42479224E-03
    1462     -0.70204395E-09     -0.71540403E-09     -0.11177050E-03     -0.42479224E-03
    1463     -0.70209552E-09     -0.71540403E-09     -0.11187946E-03     -0.42479224E-03
    1464     -0.70211633E-09     -0.71540403E-09     -0.11197046E-03     -0.42479224E-03
    1465     -0.70213125E-09     -0.71540403E-09     -0.11204832E-03     -0.42479224E-03
    1466     -0.70214068E-09     -0.71540403E-09     -0.11209814E-03     -0.42479224E-03
    1467     -0.70214553E-09     -0.71540403E-09     -0.11212698E-03     -0.42479224E-03
    1468     -0.70215132E-09     -0.71540403E-09     -0.11216074E-03     -0.42479224E-03
    1469     -0.70215972E-09     -0.71540403E-09     -0.11219885E-03     -0.42479224E-03
    1470     -0.70217180E-09     -0.71540403E-09     -0.11226417E-03     -0.42479224E-03
    1471     -0.70218761E-09     -0.71540403E-09     -0.11236153E-03     -0.42479224E-03
    1472     -0.70219374E-09     -0.71540403E-09     -0.11240079E-03     -0.42479224E-03
    1473     -0.70221417E-09     -0.71540403E-09     -0.11251401E-03     -0.42479224E-03
    1474     -0.70224300E-09     -0.71540403E-09     -0.11269670E-03     -0.42479224E-03
    1475     -0.70224815E-09     -0.71540403E-09     -0.11272707E-03     -0.42479224E-03
    1476     -0.70226040E-09     -0.71540403E-09     -0.11278785E-03     -0.42479224E-03
    1477     -0.70227138E-09     -0.71540403E-09     -0.11284310E-03     -0.42479224E-03
    1478     -0.70229835E-09     -0.71540403E-09     -0.11298518E-03     -0.42479224E-03
    1479     -0.70231462E-09     -0.71540403E-09     -0.11308702E-03     -0.42479224E-03
    1480     -0.70234072E-09     -0.71540403E-09     -0.11324809E-03     -0.42479224E-03
    1481     -0.70235364E-09     -0.71540403E-09     -0.11331381E-03     -0.42479224E-03
    1482     -0.70237624E-09     -0.71540403E-09     -0.11347560E-03     -0.42479224E-03
    1483     -0.70239848E-09     -0.71540403E-09     -0.11362934E-03     -0.42479224E-03
    1484     -0.70241133E-09     -0.71540403E-09     -0.11371663E-03     -0.42479224E-03
    1485     -0.70241777E-09     -0.71540403E-09     -0.11375493E-03     -0.42479224E-03
    1486     -0.70242767E-09     -0.71540403E-09     -0.11382005E-03     -0.42479224E-03
    1487     -0.70243664E-09     -0.71540403E-09     -0.11386833E-03     -0.42479224E-03
    1488     -0.70244508E-09     -0.71540403E-09     -0.11390066E-03     -0.42479224E-03
    1489     -0.70245404E-09     -0.71540403E-09     -0.11396106E-03     -0.42479224E-03
    1490     -0.70246119E-09     -0.71540403E-09     -0.11400295E-03     -0.42479224E-03
    1491     -0.70246513E-09     -0.71540403E-09     -0.11403696E-03     -0.42479224E-03
    1492     -0.70247444E-09     -0.71540403E-09     -0.11409469E-03     -0.42479224E-03
    1493     -0.70248483E-09     -0.71540403E-09     -0.11413864E-03     -0.42479224E-03
    1494     -0.70249919E-09     -0.71540403E-09     -0.11422896E-03     -0.42479224E-03
    1495     -0.70251134E-09     -0.71540403E-09     -0.11431097E-03     -0.42479224E-03
    1496     -0.70252922E-09     -0.71540403E-09     -0.11442417E-03     -0.42479224E-03
    1497     -0.70254175E-09     -0.71540403E-09     -0.11448970E-03     -0.42479224E-03
    1498     -0.70255481E-09     -0.71540403E-09     -0.11455869E-03     -0.42479224E-03
    1499     -0.70257401E-09     -0.71540403E-09     -0.11467570E-03     -0.42479224E-03
    1500     -0.70259009E-09     -0.71540403E-09     -0.11476505E-03     -0.42479224E-03
    1501     -0.70261151E-09     -0.71540403E-09     -0.11490179E-03     -0.42479224E-03
    1502     -0.70263019E-09     -0.71540403E-09     -0.11500450E-03     -0.42479224E-03
    1503     -0.70263866E-09     -0.71540403E-09     -0.11504141E-03     -0.42479224E-03
    1504     -0.70266666E-09     -0.71540403E-09     -0.11521973E-03     -0.42479224E-03
    1505     -0.70269052E-09     -0.71540403E-09     -0.11539506E-03     -0.42479224E-03
    1506     -0.70269840E-09     -0.71540403E-09     -0.11543889E-03     -0.42479224E-03
    1507     -0.70270651E-09     -0.71540403E-09     -0.11548079E-03     -0.42479224E-03
    1508     -0.70271345E-09     -0.71540403E-09     -0.11551726E-03     -0.42479224E-03
    1509     -0.70271933E-09     -0.71540403E-09     -0.11554618E-03     -0.42479224E-03
    1510     -0.70272677E-09     -0.71540403E-09     -0.11558681E-03     -0.42479224E-03
    1511     -0.70273654E-09     -0.71540403E-09     -0.11563099E-03     -0.42479224E-03
    1512     -0.70276044E-09     -0.71540403E-09     -0.11574230E-03     -0.42479224E-03
    1513     -0.70277020E-09     -0.71540403E-09     -0.11581273E-03     -0.42479224E-03
    1514     -0.70278777E-09     -0.71540403E-09     -0.11587036E-03     -0.42479224E-03
    1515     -0.70280457E-09     -0.71540403E-09     -0.11595651E-03     -0.42479224E-03
    1516     -0.70283767E-09     -0.71540403E-09     -0.11604151E-03     -0.42479224E-03
    1517     -0.70285389E-09     -0.71540403E-09     -0.11610537E-03     -0.42479224E-03
    1518     -0.70287022E-09     -0.71540403E-09     -0.11616176E-03     -0.42479224E-03
    1519     -0.70288100E-09     -0.71540403E-09     -0.11623021E-03     -0.42479224E-03
    1520     -0.70288817E-09     -0.71540403E-09     -0.11627708E-03     -0.42479224E-03
    1521     -0.70290028E-09     -0.71540403E-09     -0.11633992E-03     -0.42479224E-03
    1522     -0.70291079E-09     -0.71540403E-09     -0.11638398E-03     -0.42479224E-03
    1523     -0.70292367E-09     -0.71540403E-09     -0.11644856E-03     -0.42479224E-03
    1524     -0.70293302E-09     -0.71540403E-09     -0.11650504E-03     -0.42479224E-03
    1525     -0.70294216E-09     -0.71540403E-09     -0.11655745E-03     -0.42479224E-03
    1526     -0.70294892E-09     -0.71540403E-09     -0.11659970E-03     -0.42479224E-03
    1527     -0.70296240E-09     -0.71540403E-09     -0.11666274E-03     -0.42479224E-03
    1528     -0.70297237E-09     -0.71540403E-09     -0.11672975E-03     -0.42479224E-03
    1529     -0.70299069E-09     -0.71540403E-09     -0.11681246E-03     -0.42479224E-03
    1530     -0.70299652E-09     -0.71540403E-09     -0.11684116E-03     -0.42479224E-03
    1531     -0.70300449E-09     -0.71540403E-09     -0.11688764E-03     -0.42479224E-03
    1532     -0.70302355E-09     -0.71540403E-09     -0.11695969E-03     -0.42479224E-03
    1533     -0.70303009E-09     -0.71540403E-09     -0.11699141E-03     -0.42479224E-03
    1534     -0.70303603E-09     -0.71540403E-09     -0.11702590E-03     -0.42479224E-03
    1535     -0.70305328E-09     -0.71540403E-09     -0.11709495E-03     -0.42479224E-03
    1536     -0.70306676E-09     -0.71540403E-09     -0.11714746E-03     -0.42479224E-03
    1537     -0.70307734E-09     -0.71540403E-09     -0.11719527E-03     -0.42479224E-03
    1538     -0.70308734E-09     -0.71540403E-09     -0.11722531E-03     -0.42479224E-03
    1539     -0.70309676E-09     -0.71540403E-09     -0.11726502E-03     -0.42479224E-03
    1540     -0.70312233E-09     -0.71540403E-09     -0.11735607E-03     -0.42479224E-03
    1541     -0.70318974E-09     -0.71540403E-09     -0.11753257E-03     -0.42479224E-03
    1542     -0.70323352E-09     -0.71540403E-09     -0.11765524E-03     -0.42479224E-03
    1543     -0.70325775E-09     -0.71540403E-09     -0.11773920E-03     -0.42479224E-03
    1544     -0.70326144E-09     -0.71540403E-09     -0.11775775E-03     -0.42479224E-03
    1545     -0.70327259E-09     -0.71540403E-09     -0.11779180E-03     -0.42479224E-03
    1546     -0.70327973E-09     -0.71540403E-09     -0.11781949E-03     -0.42479224E-03
    1547     -0.70329248E-09     -0.71540403E-09     -0.11786166E-03     -0.42479224E-03
    1548     -0.70334389E-09     -0.71540403E-09     -0.11797116E-03     -0.42479224E-03
    1549     -0.70334918E-09     -0.71540403E-09     -0.11800208E-03     -0.42479224E-03
    1550     -0.70335966E-09     -0.71540403E-09     -0.11803632E-03     -0.42479224E-03
    1551     -0.70337582E-09     -0.71540403E-09     -0.11809094E-03     -0.42479224E-03
    1552     -0.70338066E-09     -0.71540403E-09     -0.11811490E-03     -0.42479224E-03
    1553     -0.70338582E-09     -0.71540403E-09     -0.11814589E-03     -0.42479224E-03
    1554     -0.70341253E-09     -0.71540403E-09     -0.11824780E-03     -0.42479224E-03
    1555     -0.70341582E-09     -0.71540403E-09     -0.11826533E-03     -0.42479224E-03
    1556     -0.70342570E-09     -0.71540403E-09     -0.11830574E-03     -0.42479224E-03
    1557     -0.70343105E-09     -0.71540403E-09     -0.11833111E-03     -0.42479224E-03
    1558     -0.70344063E-09     -0.71540403E-09     -0.11837418E-03     -0.42479224E-03
    1559     -0.70345105E-09     -0.71540403E-09     -0.11842580E-03     -0.42479224E-03
    1560     -0.70345893E-09     -0.71540403E-09     -0.11846566E-03     -0.42479224E-03
    1561     -0.70346540E-09     -0.71540403E-09     -0.11850029E-03     -0.42479224E-03
    1562     -0.70347730E-09     -0.71540403E-09     -0.11856208E-03     -0.42479224E-03
    1563     -0.70348480E-09     -0.71540403E-09     -0.11859720E-03     -0.42479224E-03
    1564     -0.70349504E-09     -0.71540403E-09     -0.11864046E-03     -0.42479224E-03
    1565     -0.70350425E-09     -0.71540403E-09     -0.11868121E-03     -0.42479224E-03
    1566     -0.70350932E-09     -0.71540403E-09     -0.11870331E-03     -0.42479224E-03
    1567     -0.70351196E-09     -0.71540403E-09     -0.11871583E-03     -0.42479224E-03
    1568     -0.70352048E-09     -0.71540403E-09     -0.11874848E-03     -0.42479224E-03
    1569     -0.70352773E-09     -0.71540403E-09     -0.11877658E-03     -0.42479224E-03
    1570     -0.70353336E-09     -0.71540403E-09     -0.11879522E-03     -0.42479224E-03
    1571     -0.70353784E-09     -0.71540403E-09     -0.11882062E-03     -0.42479224E-03
    1572     -0.70354218E-09     -0.71540403E-09     -0.11884233E-03     -0.42479224E-03
    1573     -0.70354791E-09     -0.71540403E-09     -0.11886681E-03     -0.42479224E-03
    1574     -0.70355442E-09     -0.71540403E-09     -0.11889481E-03     -0.42479224E-03
    1575     -0.70356623E-09     -0.71540403E-09     -0.11893095E-03     -0.42479224E-03
    1576     -0.70357000E-09     -0.71540403E-09     -0.11894971E-03     -0.42479224E-03
    1577     -0.70359028E-09     -0.71540403E-09     -0.11900358E-03     -0.42479224E-03
    1578     -0.70360164E-09     -0.71540403E-09     -0.11903885E-03     -0.42479224E-03
    1579     -0.70360393E-09     -0.71540403E-09     -0.11905278E-03     -0.42479224E-03
    1580     -0.70362068E-09     -0.71540403E-09     -0.11910253E-03     -0.42479224E-03
    1581     -0.70363226E-09     -0.71540403E-09     -0.11915096E-03     -0.42479224E-03
    1582     -0.70364728E-09     -0.71540403E-09     -0.11919342E-03     -0.42479224E-03
    1583     -0.70365605E-09     -0.71540403E-09     -0.11922591E-03     -0.42479224E-03
    1584     -0.70366497E-09     -0.71540403E-09     -0.11926397E-03     -0.42479224E-03
    1585     -0.70367422E-09     -0.71540403E-09     -0.11931373E-03     -0.42479224E-03
    1586     -0.70368282E-09     -0.71540403E-09     -0.11935549E-03     -0.42479224E-03
    1587     -0.70368825E-09     -0.71540403E-09     -0.11938455E-03     -0.42479224E-03
    1588     -0.70369676E-09     -0.71540403E-09     -0.11942184E-03     -0.42479224E-03
    1589     -0.70370725E-09     -0.71540403E-09     -0.11946430E-03     -0.42479224E-03
    1590     -0.70371290E-09     -0.71540403E-09     -0.11949176E-03     -0.42479224E-03
    1591     -0.70371683E-09     -0.71540403E-09     -0.11951321E-03     -0.42479224E-03
    1592     -0.70372093E-09     -0.71540403E-09     -0.11953443E-03     -0.42479224E-03
    1593     -0.70372529E-09     -0.71540403E-09     -0.11955971E-03     -0.42479224E-03
    1594     -0.70373014E-09     -0.71540403E-09     -0.11958633E-03     -0.42479224E-03
    1595     -0.70373754E-09     -0.71540403E-09     -0.11961875E-03     -0.42479224E-03
    1596     -0.70374123E-09     -0.71540403E-09     -0.11964025E-03     -0.42479224E-03
    1597     -0.70374581E-09     -0.71540403E-09     -0.11966875E-03     -0.42479224E-03
    1598     -0.70375003E-09     -0.71540403E-09     -0.11969896E-03     -0.42479224E-03
    1599     -0.70375312E-09     -0.71540403E-09     -0.11972402E-03     -0.42479224E-03
    1600     -0.70377166E-09     -0.71540403E-09     -0.11980330E-03     -0.42479224E-03
    1601     -0.70378569E-09     -0.71540403E-09     -0.11986370E-03     -0.42479224E-03
    1602     -0.70379366E-09     -0.71540403E-09     -0.11989970E-03     -0.42479224E-03
    1603     -0.70380634E-09     -0.71540403E-09     -0.11995138E-03     -0.42479224E-03
    1604     -0.70384220E-09     -0.71540403E-09     -0.12007285E-03     -0.42479224E-03
    1605     -0.70386374E-09     -0.71540403E-09     -0.12014624E-03     -0.42479224E-03
    1606     -0.70386855E-09     -0.71540403E-09     -0.12020313E-03     -0.42479224E-03
    1607     -0.70387925E-09     -0.71540403E-09     -0.12028290E-03     -0.42479224E-03
    1608     -0.70389149E-09     -0.71540403E-09     -0.12034052E-03     -0.42479224E-03
    1609     -0.70389616E-09     -0.71540403E-09     -0.12037360E-03     -0.42479224E-03
    1610     -0.70390363E-09     -0.71540403E-09     -0.12041691E-03     -0.42479224E-03
    1611     -0.70390890E-09     -0.71540403E-09     -0.12044385E-03     -0.42479224E-03
    1612     -0.70392904E-09     -0.71540403E-09     -0.12052158E-03     -0.42479224E-03
    1613     -0.70394990E-09     -0.71540403E-09     -0.12060351E-03     -0.42479224E-03
    1614     -0.70396403E-09     -0.71540403E-09     -0.12068067E-03     -0.42479224E-03
    1615     -0.70397376E-09     -0.71540403E-09     -0.12072744E-03     -0.42479224E-03
    1616     -0.70398281E-09     -0.71540403E-09     -0.12078591E-03     -0.42479224E-03
    1617     -0.70400085E-09     -0.71540403E-09     -0.12087072E-03     -0.42479224E-03
    1618     -0.70400587E-09     -0.71540403E-09     -0.12090309E-03     -0.42479224E-03
    1619     -0.70403414E-09     -0.71540403E-09     -0.12100100E-03     -0.42479224E-03
    1620     -0.70403981E-09     -0.71540403E-09     -0.12106169E-03     -0.42479224E-03
    1621     -0.70404533E-09     -0.71540403E-09     -0.12110194E-03     -0.42479224E-03
    1622     -0.70405058E-09     -0.71540403E-09     -0.12114948E-03     -0.42479224E-03
    1623     -0.70405572E-09     -0.71540403E-09     -0.12118338E-03     -0.42479224E-03
    1624     -0.70405967E-09     -0.71540403E-09     -0.12121411E-03     -0.42479224E-03
    1625     -0.70406755E-09     -0.71540403E-09     -0.12128082E-03     -0.42479224E-03
    1626     -0.70407259E-09     -0.71540403E-09     -0.12132071E-03     -0.42479224E-03
    1627     -0.70407747E-09     -0.71540403E-09     -0.12136616E-03     -0.42479224E-03
    1628     -0.70408208E-09     -0.71540403E-09     -0.12140423E-03     -0.42479224E-03
    1629     -0.70408677E-09     -0.71540403E-09     -0.12143635E-03     -0.42479224E-03
    1630     -0.70409394E-09     -0.71540403E-09     -0.12149237E-03     -0.42479224E-03
    1631     -0.70409830E-09     -0.71540403E-09     -0.12152269E-03     -0.42479224E-03
    1632     -0.70410868E-09     -0.71540403E-09     -0.12158105E-03     -0.42479224E-03
    1633     -0.70411349E-09     -0.71540403E-09     -0.12161040E-03     -0.42479224E-03
    1634     -0.70411864E-09     -0.71540403E-09     -0.12164692E-03     -0.42479224E-03
    1635     -0.70412258E-09     -0.71540403E-09     -0.12168304E-03     -0.42479224E-03
    1636     -0.70412695E-09     -0.71540403E-09     -0.12171609E-03     -0.42479224E-03
    1637     -0.70412990E-09     -0.71540403E-09     -0.12173670E-03     -0.42479224E-03
    1638     -0.70413932E-09     -0.71540403E-09     -0.12178768E-03     -0.42479224E-03
    1639     -0.70414239E-09     -0.71540403E-09     -0.12180836E-03     -0.42479224E-03
    1640     -0.70415093E-09     -0.71540403E-09     -0.12185606E-03     -0.42479224E-03
    1641     -0.70415729E-09     -0.71540403E-09     -0.12189748E-03     -0.42479224E-03
    1642     -0.70416370E-09     -0.71540403E-09     -0.12193669E-03     -0.42479224E-03
    1643     -0.70417120E-09     -0.71540403E-09     -0.12197709E-03     -0.42479224E-03
    1644     -0.70417775E-09     -0.71540403E-09     -0.12201836E-03     -0.42479224E-03
    1645     -0.70418170E-09     -0.71540403E-09     -0.12204622E-03     -0.42479224E-03
    1646     -0.70418714E-09     -0.71540403E-09     -0.12209105E-03     -0.42479224E-03
    1647     -0.70419225E-09     -0.71540403E-09     -0.12212632E-03     -0.42479224E-03
    1648     -0.70419858E-09     -0.71540403E-09     -0.12216800E-03     -0.42479224E-03
    1649     -0.70420347E-09     -0.71540403E-09     -0.12220961E-03     -0.42479224E-03
    1650     -0.70420642E-09     -0.71540403E-09     -0.12222990E-03     -0.42479224E-03
    1651     -0.70421154E-09     -0.71540403E-09     -0.12226234E-03     -0.42479224E-03
    1652     -0.70421759E-09     -0.71540403E-09     -0.12229547E-03     -0.42479224E-03
    1653     -0.70422451E-09     -0.71540403E-09     -0.12233953E-03     -0.42479224E-03
    1654     -0.70423058E-09     -0.71540403E-09     -0.12237542E-03     -0.42479224E-03
    1655     -0.70423610E-09     -0.71540403E-09     -0.12241074E-03     -0.42479224E-03
    1656     -0.70424506E-09     -0.71540403E-09     -0.12246965E-03     -0.42479224E-03
    1657     -0.70425208E-09     -0.71540403E-09     -0.12251156E-03     -0.42479224E-03
    1658     -0.70425783E-09     -0.71540403E-09     -0.12255003E-03     -0.42479224E-03
    1659     -0.70426568E-09     -0.71540403E-09     -0.12259687E-03     -0.42479224E-03
    1660     -0.70427085E-09     -0.71540403E-09     -0.12263178E-03     -0.42479224E-03
    1661     -0.70427510E-09     -0.71540403E-09     -0.12266659E-03     -0.42479224E-03
    1662     -0.70428122E-09     -0.71540403E-09     -0.12271447E-03     -0.42479224E-03
    1663     -0.70428649E-09     -0.71540403E-09     -0.12276161E-03     -0.42479224E-03
    1664     -0.70429066E-09     -0.71540403E-09     -0.12279021E-03     -0.42479224E-03
    1665     -0.70430648E-09     -0.71540403E-09     -0.12288426E-03     -0.42479224E-03
    1666     -0.70431292E-09     -0.71540403E-09     -0.12292297E-03     -0.42479224E-03
    1667     -0.70432060E-09     -0.71540403E-09     -0.12297420E-03     -0.42479224E-03
    1668     -0.70433324E-09     -0.71540403E-09     -0.12304251E-03     -0.42479224E-03
    1669     -0.70434207E-09     -0.71540403E-09     -0.12308860E-03     -0.42479224E-03
    1670     -0.70434974E-09     -0.71540403E-09     -0.12313266E-03     -0.42479224E-03
    1671     -0.70436441E-09     -0.71540403E-09     -0.12321359E-03     -0.42479224E-03
    1672     -0.70436958E-09     -0.71540403E-09     -0.12324538E-03     -0.42479224E-03
    1673     -0.70438533E-09     -0.71540403E-09     -0.12332594E-03     -0.42479224E-03
    1674     -0.70439056E-09     -0.71540403E-09     -0.12335728E-03     -0.42479224E-03
    1675     -0.70439298E-09     -0.71540403E-09     -0.12337573E-03     -0.42479224E-03
    1676     -0.70439834E-09     -0.71540403E-09     -0.12340566E-03     -0.42479224E-03
    1677     -0.70440243E-09     -0.71540403E-09     -0.12343191E-03     -0.42479224E-03
    1678     -0.70440836E-09     -0.71540403E-09     -0.12346654E-03     -0.42479224E-03
    1679     -0.70441324E-09     -0.71540403E-09     -0.12349538E-03     -0.42479224E-03
    1680     -0.70441992E-09     -0.71540403E-09     -0.12353245E-03     -0.42479224E-03
    1681     -0.70442619E-09     -0.71540403E-09     -0.12356604E-03     -0.42479224E-03
    1682     -0.70443176E-09     -0.71540403E-09     -0.12359015E-03     -0.42479224E-03
    1683     -0.70443868E-09     -0.71540403E-09     -0.12362251E-03     -0.42479224E-03
    1684     -0.70444843E-09     -0.71540403E-09     -0.12367249E-03     -0.42479224E-03
    1685     -0.70445324E-09     -0.71540403E-09     -0.12370045E-03     -0.42479224E-03
    1686     -0.70445840E-09     -0.71540403E-09     -0.12372696E-03     -0.42479224E-03
    1687     -0.70446999E-09     -0.71540403E-09     -0.12380416E-03     -0.42479224E-03
    1688     -0.70447537E-09     -0.71540403E-09     -0.12383262E-03     -0.42479224E-03
    1689     -0.70448454E-09     -0.71540403E-09     -0.12388012E-03     -0.42479224E-03
    1690     -0.70449512E-09     -0.71540403E-09     -0.12394482E-03     -0.42479224E-03
    1691     -0.70450541E-09     -0.71540403E-09     -0.12400052E-03     -0.42479224E-03
    1692     -0.70450949E-09     -0.71540403E-09     -0.12402988E-03     -0.42479224E-03
    1693     -0.70451566E-09     -0.71540403E-09     -0.12407241E-03     -0.42479224E-03
    1694     -0.70452148E-09     -0.71540403E-09     -0.12410681E-03     -0.42479224E-03
    1695     -0.70452553E-09     -0.71540403E-09     -0.12413265E-03     -0.42479224E-03
    1696     -0.70453072E-09     -0.71540403E-09     -0.12416994E-03     -0.42479224E-03
    1697     -0.70454161E-09     -0.71540403E-09     -0.12423350E-03     -0.42479224E-03
    1698     -0.70454592E-09     -0.71540403E-09     -0.12426605E-03     -0.42479224E-03
    1699     -0.70455708E-09     -0.71540403E-09     -0.12434017E-03     -0.42479224E-03
    1700     -0.70456528E-09     -0.71540403E-09     -0.12439132E-03     -0.42479224E-03
    1701     -0.70457869E-09     -0.71540403E-09     -0.12446721E-03     -0.42479224E-03
    1702     -0.70458762E-09     -0.71540403E-09     -0.12452658E-03     -0.42479224E-03
    1703     -0.70459260E-09     -0.71540403E-09     -0.12456544E-03     -0.42479224E-03
    1704     -0.70459677E-09     -0.71540403E-09     -0.12459496E-03     -0.42479224E-03
    1705     -0.70459915E-09     -0.71540403E-09     -0.12461117E-03     -0.42479224E-03
    1706     -0.70460896E-09     -0.71540403E-09     -0.12467192E-03     -0.42479224E-03
    1707     -0.70461497E-09     -0.71540403E-09     -0.12471962E-03     -0.42479224E-03
    1708     -0.70461769E-09     -0.71540403E-09     -0.12474195E-03     -0.42479224E-03
    1709     -0.70462313E-09     -0.71540403E-09     -0.12478770E-03     -0.42479224E-03
    1710     -0.70462677E-09     -0.71540403E-09     -0.12481550E-03     -0.42479224E-03
    1711     -0.70463140E-09     -0.71540403E-09     -0.12485412E-03     -0.42479224E-03
    1712     -0.70463713E-09     -0.71540403E-09     -0.12489857E-03     -0.42479224E-03
    1713     -0.70464382E-09     -0.71540403E-09     -0.12495364E-03     -0.42479224E-03
    1714     -0.70464719E-09     -0.71540403E-09     -0.12497861E-03     -0.42479224E-03
    1715     -0.70465278E-09     -0.71540403E-09     -0.12502098E-03     -0.42479224E-03
    1716     -0.70465675E-09     -0.71540403E-09     -0.12504922E-03     -0.42479224E-03
    1717     -0.70466033E-09     -0.71540403E-09     -0.12507719E-03     -0.42479224E-03
    1718     -0.70466485E-09     -0.71540403E-09     -0.12511035E-03     -0.42479224E-03
    1719     -0.70466879E-09     -0.71540403E-09     -0.12514217E-03     -0.42479224E-03
    1720     -0.70467329E-09     -0.71540403E-09     -0.12517348E-03     -0.42479224E-03
    1721     -0.70467951E-09     -0.71540403E-09     -0.12524449E-03     -0.42479224E-03
    1722     -0.70468545E-09     -0.71540403E-09     -0.12528221E-03     -0.42479224E-03
    1723     -0.70469074E-09     -0.71540403E-09     -0.12532503E-03     -0.42479224E-03
    1724     -0.70469617E-09     -0.71540403E-09     -0.12536571E-03     -0.42479224E-03
    1725     -0.70469852E-09     -0.71540403E-09     -0.12538894E-03     -0.42479224E-03
    1726     -0.70470236E-09     -0.71540403E-09     -0.12541925E-03     -0.42479224E-03
    1727     -0.70470570E-09     -0.71540403E-09     -0.12544975E-03     -0.42479224E-03
    1728     -0.70470971E-09     -0.71540403E-09     -0.12547987E-03     -0.42479224E-03
    1729     -0.70471536E-09     -0.71540403E-09     -0.12552401E-03     -0.42479224E-03
    1730     -0.70471887E-09     -0.71540403E-09     -0.12554816E-03     -0.42479224E-03
    1731     -0.70472282E-09     -0.71540403E-09     -0.12557674E-03     -0.42479224E-03
    1732     -0.70472751E-09     -0.71540403E-09     -0.12561211E-03     -0.42479224E-03
    1733     -0.70474095E-09     -0.71540403E-09     -0.12569199E-03     -0.42479224E-03
    1734     -0.70475750E-09     -0.71540403E-09     -0.12579687E-03     -0.42479224E-03
    1735     -0.70477021E-09     -0.71540403E-09     -0.12585672E-03     -0.42479224E-03
    1736     -0.70478658E-09     -0.71540403E-09     -0.12594212E-03     -0.42479224E-03
    1737     -0.70480599E-09     -0.71540403E-09     -0.12606370E-03     -0.42479224E-03
    1738     -0.70481627E-09     -0.71540403E-09     -0.12611905E-03     -0.42479224E-03
    1739     -0.70483242E-09     -0.71540403E-09     -0.12622078E-03     -0.42479224E-03
    1740     -0.70484409E-09     -0.71540403E-09     -0.12629058E-03     -0.42479224E-03
    1741     -0.70485280E-09     -0.71540403E-09     -0.12633344E-03     -0.42479224E-03
    1742     -0.70486926E-09     -0.71540403E-09     -0.12643777E-03     -0.42479224E-03
    1743     -0.70489363E-09     -0.71540403E-09     -0.12656137E-03     -0.42479224E-03
    1744     -0.70491067E-09     -0.71540403E-09     -0.12666523E-03     -0.42479224E-03
    1745     -0.70492745E-09     -0.71540403E-09     -0.12676537E-03     -0.42479224E-03
    1746     -0.70493970E-09     -0.71540403E-09     -0.12684108E-03     -0.42479224E-03
    1747     -0.70494895E-09     -0.71540403E-09     -0.12690924E-03     -0.42479224E-03
    1748     -0.70495978E-09     -0.71540403E-09     -0.12699399E-03     -0.42479224E-03
    1749     -0.70496699E-09     -0.71540403E-09     -0.12704891E-03     -0.42479224E-03
    1750     -0.70497057E-09     -0.71540403E-09     -0.12707889E-03     -0.42479224E-03
    1751     -0.70497543E-09     -0.71540403E-09     -0.12711742E-03     -0.42479224E-03
    1752     -0.70498240E-09     -0.71540403E-09     -0.12717303E-03     -0.42479224E-03
    1753     -0.70499159E-09     -0.71540403E-09     -0.12725062E-03     -0.42479224E-03
    1754     -0.70499990E-09     -0.71540403E-09     -0.12731927E-03     -0.42479224E-03
    1755     -0.70500264E-09     -0.71540403E-09     -0.12734120E-03     -0.42479224E-03
    1756     -0.70500772E-09     -0.71540403E-09     -0.12737901E-03     -0.42479224E-03
    1757     -0.70501630E-09     -0.71540403E-09     -0.12745379E-03     -0.42479224E-03
    1758     -0.70503184E-09     -0.71540403E-09     -0.12758579E-03     -0.42479224E-03
    1759     -0.70504092E-09     -0.71540403E-09     -0.12767044E-03     -0.42479224E-03
    1760     -0.70504832E-09     -0.71540403E-09     -0.12773720E-03     -0.42479224E-03
    1761     -0.70505664E-09     -0.71540403E-09     -0.12780050E-03     -0.42479224E-03
    1762     -0.70506114E-09     -0.71540403E-09     -0.12783808E-03     -0.42479224E-03
    1763     -0.70506732E-09     -0.71540403E-09     -0.12788824E-03     -0.42479224E-03
    1764     -0.70508447E-09     -0.71540403E-09     -0.12802061E-03     -0.42479224E-03
    1765     -0.70508878E-09     -0.71540403E-09     -0.12805524E-03     -0.42479224E-03
    1766     -0.70509207E-09     -0.71540403E-09     -0.12807978E-03     -0.42479224E-03
    1767     -0.70509807E-09     -0.71540403E-09     -0.12813116E-03     -0.42479224E-03
    1768     -0.70510598E-09     -0.71540403E-09     -0.12819488E-03     -0.42479224E-03
    1769     -0.70510991E-09     -0.71540403E-09     -0.12823050E-03     -0.42479224E-03
    1770     -0.70511718E-09     -0.71540403E-09     -0.12829098E-03     -0.42479224E-03
    1771     -0.70512242E-09     -0.71540403E-09     -0.12832549E-03     -0.42479224E-03
    1772     -0.70512536E-09     -0.71540403E-09     -0.12834894E-03     -0.42479224E-03
    1773     -0.70512898E-09     -0.71540403E-09     -0.12837857E-03     -0.42479224E-03
    1774     -0.70513636E-09     -0.71540403E-09     -0.12844654E-03     -0.42479224E-03
    1775     -0.70514578E-09     -0.71540403E-09     -0.12852956E-03     -0.42479224E-03
    1776     -0.70515014E-09     -0.71540403E-09     -0.12856481E-03     -0.42479224E-03
    1777     -0.70515495E-09     -0.71540403E-09     -0.12860280E-03     -0.42479224E-03
    1778     -0.70515904E-09     -0.71540403E-09     -0.12863950E-03     -0.42479224E-03
    1779     -0.70516520E-09     -0.71540403E-09     -0.12869928E-03     -0.42479224E-03
    1780     -0.70517071E-09     -0.71540403E-09     -0.12874418E-03     -0.42479224E-03
    1781     -0.70517762E-09     -0.71540403E-09     -0.12882193E-03     -0.42479224E-03
    1782     -0.70518318E-09     -0.71540403E-09     -0.12887466E-03     -0.42479224E-03
    1783     -0.70518693E-09     -0.71540403E-09     -0.12890556E-03     -0.42479224E-03
    1784     -0.70519283E-09     -0.71540403E-09     -0.12895648E-03     -0.42479224E-03
    1785     -0.70519933E-09     -0.71540403E-09     -0.12901925E-03     -0.42479224E-03
    1786     -0.70520682E-09     -0.71540403E-09     -0.12909900E-03     -0.42479224E-03
    1787     -0.70521657E-09     -0.71540403E-09     -0.12918415E-03     -0.42479224E-03
    1788     -0.70522554E-09     -0.71540403E-09     -0.12927486E-03     -0.42479224E-03
    1789     -0.70523619E-09     -0.71540403E-09     -0.12936704E-03     -0.42479224E-03
    1790     -0.70524631E-09     -0.71540403E-09     -0.12945300E-03     -0.42479224E-03
    1791     -0.70525278E-09     -0.71540403E-09     -0.12950704E-03     -0.42479224E-03
    1792     -0.70525823E-09     -0.71540403E-09     -0.12954978E-03     -0.42479224E-03
    1793     -0.70526470E-09     -0.71540403E-09     -0.12960270E-03     -0.42479224E-03
    1794     -0.70527217E-09     -0.71540403E-09     -0.12966648E-03     -0.42479224E-03
    1795     -0.70527702E-09     -0.71540403E-09     -0.12971175E-03     -0.42479224E-03
    1796     -0.70528225E-09     -0.71540403E-09     -0.12975801E-03     -0.42479224E-03
    1797     -0.70529003E-09     -0.71540403E-09     -0.12983179E-03     -0.42479224E-03
    1798     -0.70529576E-09     -0.71540403E-09     -0.12988965E-03     -0.42479224E-03
    1799     -0.70530517E-09     -0.71540403E-09     -0.12997854E-03     -0.42479224E-03
    1800     -0.70531066E-09     -0.71540403E-09     -0.13002082E-03     -0.42479224E-03
    1801     -0.70531703E-09     -0.71540403E-09     -0.13007854E-03     -0.42479224E-03
    1802     -0.70532120E-09     -0.71540403E-09     -0.13011574E-03     -0.42479224E-03
    1803     -0.70532485E-09     -0.71540403E-09     -0.13015209E-03     -0.42479224E-03
    1804     -0.70533151E-09     -0.71540403E-09     -0.13023113E-03     -0.42479224E-03
    1805     -0.70533855E-09     -0.71540403E-09     -0.13030510E-03     -0.42479224E-03
    1806     -0.70534353E-09     -0.71540403E-09     -0.13034669E-03     -0.42479224E-03
    1807     -0.70535344E-09     -0.71540403E-09     -0.13040769E-03     -0.42479224E-03
    1808     -0.70536651E-09     -0.71540403E-09     -0.13048605E-03     -0.42479224E-03
    1809     -0.70537098E-09     -0.71540403E-09     -0.13052142E-03     -0.42479224E-03
    1810     -0.70537493E-09     -0.71540403E-09     -0.13056252E-03     -0.42479224E-03
    1811     -0.70538260E-09     -0.71540403E-09     -0.13061577E-03     -0.42479224E-03
    1812     -0.70538917E-09     -0.71540403E-09     -0.13067291E-03     -0.42479224E-03
    1813     -0.70540246E-09     -0.71540403E-09     -0.13075384E-03     -0.42479224E-03
    1814     -0.70541973E-09     -0.71540403E-09     -0.13084423E-03     -0.42479224E-03
    1815     -0.70543447E-09     -0.71540403E-09     -0.13093103E-03     -0.42479224E-03
    1816     -0.70544985E-09     -0.71540403E-09     -0.13101618E-03     -0.42479224E-03
    1817     -0.70545463E-09     -0.71540403E-09     -0.13105604E-03     -0.42479224E-03
    1818     -0.70545932E-09     -0.71540403E-09     -0.13110407E-03     -0.42479224E-03
    1819     -0.70546332E-09     -0.71540403E-09     -0.13114077E-03     -0.42479224E-03
    1820     -0.70546992E-09     -0.71540403E-09     -0.13119289E-03     -0.42479224E-03
    1821     -0.70547603E-09     -0.71540403E-09     -0.13124052E-03     -0.42479224E-03
    1822     -0.70548153E-09     -0.71540403E-09     -0.13128777E-03     -0.42479224E-03
    1823     -0.70548585E-09     -0.71540403E-09     -0.13132539E-03     -0.42479224E-03
    1824     -0.70548951E-09     -0.71540403E-09     -0.13135751E-03     -0.42479224E-03
    1825     -0.70549298E-09     -0.71540403E-09     -0.13138856E-03     -0.42479224E-03
    1826     -0.70549648E-09     -0.71540403E-09     -0.13141900E-03     -0.42479224E-03
    1827     -0.70549985E-09     -0.71540403E-09     -0.13145393E-03     -0.42479224E-03
    1828     -0.70550432E-09     -0.71540403E-09     -0.13149569E-03     -0.42479224E-03
    1829     -0.70550884E-09     -0.71540403E-09     -0.13154166E-03     -0.42479224E-03
    1830     -0.70551502E-09     -0.71540403E-09     -0.13159650E-03     -0.42479224E-03
    1831     -0.70551904E-09     -0.71540403E-09     -0.13163377E-03     -0.42479224E-03
    1832     -0.70552429E-09     -0.71540403E-09     -0.13167451E-03     -0.42479224E-03
    1833     -0.70552797E-09     -0.71540403E-09     -0.13171215E-03     -0.42479224E-03
    1834     -0.70553200E-09     -0.71540403E-09     -0.13174897E-03     -0.42479224E-03
    1835     -0.70553515E-09     -0.71540403E-09     -0.13178789E-03     -0.42479224E-03
    1836     -0.70553863E-09     -0.71540403E-09     -0.13182992E-03     -0.42479224E-03
    1837     -0.70554128E-09     -0.71540403E-09     -0.13186074E-03     -0.42479224E-03
    1838     -0.70554453E-09     -0.71540403E-09     -0.13190369E-03     -0.42479224E-03
    1839     -0.70554705E-09     -0.71540403E-09     -0.13193989E-03     -0.42479224E-03
    1840     -0.70554999E-09     -0.71540403E-09     -0.13197453E-03     -0.42479224E-03
    1841     -0.70555294E-09     -0.71540403E-09     -0.13200700E-03     -0.42479224E-03
    1842     -0.70555620E-09     -0.71540403E-09     -0.13204263E-03     -0.42479224E-03
    1843     -0.70555845E-09     -0.71540403E-09     -0.13206800E-03     -0.42479224E-03
    1844     -0.70556116E-09     -0.71540403E-09     -0.13210069E-03     -0.42479224E-03
    1845     -0.70556495E-09     -0.71540403E-09     -0.13213773E-03     -0.42479224E-03
    1846     -0.70556753E-09     -0.71540403E-09     -0.13216844E-03     -0.42479224E-03
    1847     -0.70557055E-09     -0.71540403E-09     -0.13219621E-03     -0.42479224E-03
    1848     -0.70557367E-09     -0.71540403E-09     -0.13222670E-03     -0.42479224E-03
    1849     -0.70557695E-09     -0.71540403E-09     -0.13226343E-03     -0.42479224E-03
    1850     -0.70557912E-09     -0.71540403E-09     -0.13228779E-03     -0.42479224E-03
    1851     -0.70558138E-09     -0.71540403E-09     -0.13231514E-03     -0.42479224E-03
    1852     -0.70558497E-09     -0.71540403E-09     -0.13235976E-03     -0.42479224E-03
    1853     -0.70558855E-09     -0.71540403E-09     -0.13239871E-03     -0.42479224E-03
    1854     -0.70559211E-09     -0.71540403E-09     -0.13244266E-03     -0.42479224E-03
    1855     -0.70559553E-09     -0.71540403E-09     -0.13248715E-03     -0.42479224E-03
    1856     -0.70559827E-09     -0.71540403E-09     -0.13251519E-03     -0.42479224E-03
    1857     -0.70560143E-09     -0.71540403E-09     -0.13255207E-03     -0.42479224E-03
    1858     -0.70560365E-09     -0.71540403E-09     -0.13257822E-03     -0.42479224E-03
    1859     -0.70560639E-09     -0.71540403E-09     -0.13262490E-03     -0.42479224E-03
    1860     -0.70560772E-09     -0.71540403E-09     -0.13264589E-03     -0.42479224E-03
    1861     -0.70561010E-09     -0.71540403E-09     -0.13267555E-03     -0.42479224E-03
    1862     -0.70561265E-09     -0.71540403E-09     -0.13270112E-03     -0.42479224E-03
    1863     -0.70561503E-09     -0.71540403E-09     -0.13272888E-03     -0.42479224E-03
    1864     -0.70561818E-09     -0.71540403E-09     -0.13275932E-03     -0.42479224E-03
    1865     -0.70562199E-09     -0.71540403E-09     -0.13280320E-03     -0.42479224E-03
    1866     -0.70562570E-09     -0.71540403E-09     -0.13283824E-03     -0.42479224E-03
    1867     -0.70562885E-09     -0.71540403E-09     -0.13287032E-03     -0.42479224E-03
    1868     -0.70563233E-09     -0.71540403E-09     -0.13290320E-03     -0.42479224E-03
    1869     -0.70563535E-09     -0.71540403E-09     -0.13293443E-03     -0.42479224E-03
    1870     -0.70563808E-09     -0.71540403E-09     -0.13295863E-03     -0.42479224E-03
    1871     -0.70564192E-09     -0.71540403E-09     -0.13299608E-03     -0.42479224E-03
    1872     -0.70564403E-09     -0.71540403E-09     -0.13301684E-03     -0.42479224E-03
    1873     -0.70564796E-09     -0.71540403E-09     -0.13305328E-03     -0.42479224E-03
    1874     -0.70565343E-09     -0.71540403E-09     -0.13311262E-03     -0.42479224E-03
    1875     -0.70565628E-09     -0.71540403E-09     -0.13314610E-03     -0.42479224E-03
    1876     -0.70566042E-09     -0.71540403E-09     -0.13318834E-03     -0.42479224E-03
    1877     -0.70566321E-09     -0.71540403E-09     -0.13321828E-03     -0.42479224E-03
    1878     -0.70566586E-09     -0.71540403E-09     -0.13325012E-03     -0.42479224E-03
    1879     -0.70566974E-09     -0.71540403E-09     -0.13329127E-03     -0.42479224E-03
    1880     -0.70567398E-09     -0.71540403E-09     -0.13333238E-03     -0.42479224E-03
    1881     -0.70567827E-09     -0.71540403E-09     -0.13337614E-03     -0.42479224E-03
    1882     -0.70568159E-09     -0.71540403E-09     -0.13340939E-03     -0.42479224E-03
    1883     -0.70568640E-09     -0.71540403E-09     -0.13345283E-03     -0.42479224E-03
    1884     -0.70569165E-09     -0.71540403E-09     -0.13350366E-03     -0.42479224E-03
    1885     -0.70569518E-09     -0.71540403E-09     -0.13353666E-03     -0.42479224E-03
    1886     -0.70570106E-09     -0.71540403E-09     -0.13358942E-03     -0.42479224E-03
    1887     -0.70570790E-09     -0.71540403E-09     -0.13364663E-03     -0.42479224E-03
    1888     -0.70571455E-09     -0.71540403E-09     -0.13370356E-03     -0.42479224E-03
    1889     -0.70571731E-09     -0.71540403E-09     -0.13372874E-03     -0.42479224E-03
    1890     -0.70573201E-09     -0.71540403E-09     -0.13383585E-03     -0.42479224E-03
    1891     -0.70574459E-09     -0.71540403E-09     -0.13393497E-03     -0.42479224E-03
    1892     -0.70575135E-09     -0.71540403E-09     -0.13398914E-03     -0.42479224E-03
    1893     -0.70576407E-09     -0.71540403E-09     -0.13409193E-03     -0.42479224E-03
    1894     -0.70577035E-09     -0.71540403E-09     -0.13414489E-03     -0.42479224E-03
    1895     -0.70577752E-09     -0.71540403E-09     -0.13422034E-03     -0.42479224E-03
    1896     -0.70578274E-09     -0.71540403E-09     -0.13426982E-03     -0.42479224E-03
    1897     -0.70578901E-09     -0.71540403E-09     -0.13433499E-03     -0.42479224E-03
    1898     -0.70579572E-09     -0.71540403E-09     -0.13439885E-03     -0.42479224E-03
    1899     -0.70580082E-09     -0.71540403E-09     -0.13445723E-03     -0.42479224E-03
    1900     -0.70580695E-09     -0.71540403E-09     -0.13452116E-03     -0.42479224E-03
    1901     -0.70581092E-09     -0.71540403E-09     -0.13456245E-03     -0.42479224E-03
    1902     -0.70581625E-09     -0.71540403E-09     -0.13462307E-03     -0.42479224E-03
    1903     -0.70582083E-09     -0.71540403E-09     -0.13467414E-03     -0.42479224E-03
    1904     -0.70583357E-09     -0.71540403E-09     -0.13479485E-03     -0.42479224E-03
    1905     -0.70583741E-09     -0.71540403E-09     -0.13483610E-03     -0.42479224E-03
    1906     -0.70584315E-09     -0.71540403E-09     -0.13490117E-03     -0.42479224E-03
    1907     -0.70584802E-09     -0.71540403E-09     -0.13495078E-03     -0.42479224E-03
    1908     -0.70585312E-09     -0.71540403E-09     -0.13500740E-03     -0.42479224E-03
    1909     -0.70586036E-09     -0.71540403E-09     -0.13511322E-03     -0.42479224E-03
    1910     -0.70586605E-09     -0.71540403E-09     -0.13518469E-03     -0.42479224E-03
    1911     -0.70587103E-09     -0.71540403E-09     -0.13523699E-03     -0.42479224E-03
    1912     -0.70587898E-09     -0.71540403E-09     -0.13533604E-03     -0.42479224E-03
    1913     -0.70588379E-09     -0.71540403E-09     -0.13540046E-03     -0.42479224E-03
    1914     -0.70588735E-09     -0.71540403E-09     -0.13544483E-03     -0.42479224E-03
    1915     -0.70588999E-09     -0.71540403E-09     -0.13548171E-03     -0.42479224E-03
    1916     -0.70589328E-09     -0.71540403E-09     -0.13551851E-03     -0.42479224E-03
    1917     -0.70589603E-09     -0.71540403E-09     -0.13555007E-03     -0.42479224E-03
    1918     -0.70589917E-09     -0.71540403E-09     -0.13558729E-03     -0.42479224E-03
    1919     -0.70590243E-09     -0.71540403E-09     -0.13562919E-03     -0.42479224E-03
    1920     -0.70590548E-09     -0.71540403E-09     -0.13566163E-03     -0.42479224E-03
    1921     -0.70590864E-09     -0.71540403E-09     -0.13569596E-03     -0.42479224E-03
    1922     -0.70591119E-09     -0.71540403E-09     -0.13572107E-03     -0.42479224E-03
    1923     -0.70591389E-09     -0.71540403E-09     -0.13574892E-03     -0.42479224E-03
    1924     -0.70591617E-09     -0.71540403E-09     -0.13577707E-03     -0.42479224E-03
    1925     -0.70591914E-09     -0.71540403E-09     -0.13580900E-03     -0.42479224E-03
    1926     -0.70592171E-09     -0.71540403E-09     -0.13583901E-03     -0.42479224E-03
    1927     -0.70592408E-09     -0.71540403E-09     -0.13587401E-03     -0.42479224E-03
    1928     -0.70592671E-09     -0.71540403E-09     -0.13590521E-03     -0.42479224E-03
    1929     -0.70592995E-09     -0.71540403E-09     -0.13593440E-03     -0.42479224E-03
    1930     -0.70593299E-09     -0.71540403E-09     -0.13597852E-03     -0.42479224E-03
    1931     -0.70593613E-09     -0.71540403E-09     -0.13600926E-03     -0.42479224E-03
    1932     -0.70593867E-09     -0.71540403E-09     -0.13603516E-03     -0.42479224E-03
    1933     -0.70594140E-09     -0.71540403E-09     -0.13606658E-03     -0.42479224E-03
    1934     -0.70594354E-09     -0.71540403E-09     -0.13609595E-03     -0.42479224E-03
    1935     -0.70594696E-09     -0.71540403E-09     -0.13613622E-03     -0.42479224E-03
    1936     -0.70594923E-09     -0.71540403E-09     -0.13616341E-03     -0.42479224E-03
    1937     -0.70595281E-09     -0.71540403E-09     -0.13620173E-03     -0.42479224E-03
    1938     -0.70595500E-09     -0.71540403E-09     -0.13622406E-03     -0.42479224E-03
    1939     -0.70595863E-09     -0.71540403E-09     -0.13626286E-03     -0.42479224E-03
    1940     -0.70596162E-09     -0.71540403E-09     -0.13629208E-03     -0.42479224E-03
    1941     -0.70596499E-09     -0.71540403E-09     -0.13632387E-03     -0.42479224E-03
    1942     -0.70596767E-09     -0.71540403E-09     -0.13635527E-03     -0.42479224E-03
    1943     -0.70598932E-09     -0.71540403E-09     -0.13652374E-03     -0.42479224E-03
    1944     -0.70599291E-09     -0.71540403E-09     -0.13656407E-03     -0.42479224E-03
    1945     -0.70599690E-09     -0.71540403E-09     -0.13659894E-03     -0.42479224E-03
    1946     -0.70601002E-09     -0.71540403E-09     -0.13670512E-03     -0.42479224E-03
    1947     -0.70601721E-09     -0.71540403E-09     -0.13676516E-03     -0.42479224E-03
    1948     -0.70602712E-09     -0.71540403E-09     -0.13686325E-03     -0.42479224E-03
    1949     -0.70603277E-09     -0.71540403E-09     -0.13692254E-03     -0.42479224E-03
    1950     -0.70604154E-09     -0.71540403E-09     -0.13700759E-03     -0.42479224E-03
    1951     -0.70604759E-09     -0.71540403E-09     -0.13705453E-03     -0.42479224E-03
    1952     -0.70605225E-09     -0.71540403E-09     -0.13710336E-03     -0.42479224E-03
    1953     -0.70605573E-09     -0.71540403E-09     -0.13713717E-03     -0.42479224E-03
    1954     -0.70606321E-09     -0.71540403E-09     -0.13721803E-03     -0.42479224E-03
    1955     -0.70607472E-09     -0.71540403E-09     -0.13731893E-03     -0.42479224E-03
    1956     -0.70609276E-09     -0.71540403E-09     -0.13747394E-03     -0.42479224E-03
    1957     -0.70610153E-09     -0.71540403E-09     -0.13756344E-03     -0.42479224E-03
    1958     -0.70611155E-09     -0.71540403E-09     -0.13765464E-03     -0.42479224E-03
    1959     -0.70611975E-09     -0.71540403E-09     -0.13772927E-03     -0.42479224E-03
    1960     -0.70612622E-09     -0.71540403E-09     -0.13779732E-03     -0.42479224E-03
    1961     -0.70613041E-09     -0.71540403E-09     -0.13784334E-03     -0.42479224E-03
    1962     -0.70613600E-09     -0.71540403E-09     -0.13790908E-03     -0.42479224E-03
    1963     -0.70614115E-09     -0.71540403E-09     -0.13796668E-03     -0.42479224E-03
    1964     -0.70615062E-09     -0.71540403E-09     -0.13805863E-03     -0.42479224E-03
    1965     -0.70616526E-09     -0.71540403E-09     -0.13819181E-03     -0.42479224E-03
    1966     -0.70617418E-09     -0.71540403E-09     -0.13829809E-03     -0.42479224E-03
    1967     -0.70617803E-09     -0.71540403E-09     -0.13833923E-03     -0.42479224E-03
    1968     -0.70618604E-09     -0.71540403E-09     -0.13841580E-03     -0.42479224E-03
    1969     -0.70619445E-09     -0.71540403E-09     -0.13850332E-03     -0.42479224E-03
    1970     -0.70619987E-09     -0.71540403E-09     -0.13856496E-03     -0.42479224E-03
    1971     -0.70620540E-09     -0.71540403E-09     -0.13863177E-03     -0.42479224E-03
    1972     -0.70621102E-09     -0.71540403E-09     -0.13869932E-03     -0.42479224E-03
    1973     -0.70621632E-09     -0.71540403E-09     -0.13877407E-03     -0.42479224E-03
    1974     -0.70622245E-09     -0.71540403E-09     -0.13885907E-03     -0.42479224E-03
    1975     -0.70623001E-09     -0.71540403E-09     -0.13896228E-03     -0.42479224E-03
    1976     -0.70623416E-09     -0.71540403E-09     -0.13902229E-03     -0.42479224E-03
    1977     -0.70624083E-09     -0.71540403E-09     -0.13911632E-03     -0.42479224E-03
    1978     -0.70624680E-09     -0.71540403E-09     -0.13921003E-03     -0.42479224E-03
    1979     -0.70625247E-09     -0.71540403E-09     -0.13929796E-03     -0.42479224E-03
    1980     -0.70625865E-09     -0.71540403E-09     -0.13938414E-03     -0.42479224E-03
    1981     -0.70626400E-09     -0.71540403E-09     -0.13945949E-03     -0.42479224E-03
    1982     -0.70626865E-09     -0.71540403E-09     -0.13952781E-03     -0.42479224E-03
    1983     -0.70627477E-09     -0.71540403E-09     -0.13961693E-03     -0.42479224E-03
    1984     -0.70627747E-09     -0.71540403E-09     -0.13965175E-03     -0.42479224E-03
    1985     -0.70628087E-09     -0.71540403E-09     -0.13969916E-03     -0.42479224E-03
    1986     -0.70628548E-09     -0.71540403E-09     -0.13976151E-03     -0.42479224E-03
    1987     -0.70628920E-09     -0.71540403E-09     -0.13980613E-03     -0.42479224E-03
    1988     -0.70629334E-09     -0.71540403E-09     -0.13985906E-03     -0.42479224E-03
    1989     -0.70629684E-09     -0.71540403E-09     -0.13990716E-03     -0.42479224E-03
    1990     -0.70630073E-09     -0.71540403E-09     -0.13996939E-03     -0.42479224E-03
    1991     -0.70630392E-09     -0.71540403E-09     -0.14000944E-03     -0.42479224E-03
    1992     -0.70630676E-09     -0.71540403E-09     -0.14004672E-03     -0.42479224E-03
    1993     -0.70630890E-09     -0.71540403E-09     -0.14007507E-03     -0.42479224E-03
    1994     -0.70631094E-09     -0.71540403E-09     -0.14010484E-03     -0.42479224E-03
    1995     -0.70631434E-09     -0.71540403E-09     -0.14015218E-03     -0.42479224E-03
    1996     -0.70631734E-09     -0.71540403E-09     -0.14019324E-03     -0.42479224E-03
    1997     -0.70631993E-09     -0.71540403E-09     -0.14022501E-03     -0.42479224E-03
    1998     -0.70632415E-09     -0.71540403E-09     -0.14027846E-03     -0.42479224E-03
    1999     -0.70632863E-09     -0.71540403E-09     -0.14033298E-03     -0.42479224E-03
    2000     -0.70633095E-09     -0.71540403E-09     -0.14035951E-03     -0.42479224E-03
    2001     -0.70633443E-09     -0.71540403E-09     -0.14040243E-03     -0.42479224E-03
    2002     -0.70633758E-09     -0.71540403E-09     -0.14044489E-03     -0.42479224E-03
    2003     -0.70634156E-09     -0.71540403E-09     -0.14049384E-03     -0.42479224E-03
    2004     -0.70634581E-09     -0.71540403E-09     -0.14055564E-03     -0.42479224E-03
    2005     -0.70635064E-09     -0.71540403E-09     -0.14062539E-03     -0.42479224E-03
    2006     -0.70635472E-09     -0.71540403E-09     -0.14068652E-03     -0.42479224E-03
    2007     -0.70635718E-09     -0.71540403E-09     -0.14072564E-03     -0.42479224E-03
    2008     -0.70636084E-09     -0.71540403E-09     -0.14078257E-03     -0.42479224E-03
    2009     -0.70636435E-09     -0.71540403E-09     -0.14083033E-03     -0.42479224E-03
    2010     -0.70636766E-09     -0.71540403E-09     -0.14087542E-03     -0.42479224E-03
    2011     -0.70637117E-09     -0.71540403E-09     -0.14092931E-03     -0.42479224E-03
    2012     -0.70637451E-09     -0.71540403E-09     -0.14097324E-03     -0.42479224E-03
    2013     -0.70638008E-09     -0.71540403E-09     -0.14105615E-03     -0.42479224E-03
    2014     -0.70638652E-09     -0.71540403E-09     -0.14115659E-03     -0.42479224E-03
    2015     -0.70639215E-09     -0.71540403E-09     -0.14123894E-03     -0.42479224E-03
    2016     -0.70639640E-09     -0.71540403E-09     -0.14129480E-03     -0.42479224E-03
    2017     -0.70640087E-09     -0.71540403E-09     -0.14136023E-03     -0.42479224E-03
    2018     -0.70640520E-09     -0.71540403E-09     -0.14141694E-03     -0.42479224E-03
    2019     -0.70640918E-09     -0.71540403E-09     -0.14146594E-03     -0.42479224E-03
    2020     -0.70641275E-09     -0.71540403E-09     -0.14151487E-03     -0.42479224E-03
    2021     -0.70641757E-09     -0.71540403E-09     -0.14158261E-03     -0.42479224E-03
    2022     -0.70642098E-09     -0.71540403E-09     -0.14163516E-03     -0.42479224E-03
    2023     -0.70642520E-09     -0.71540403E-09     -0.14168883E-03     -0.42479224E-03
    2024     -0.70642994E-09     -0.71540403E-09     -0.14174636E-03     -0.42479224E-03
    2025     -0.70643438E-09     -0.71540403E-09     -0.14180046E-03     -0.42479224E-03
    2026     -0.70643889E-09     -0.71540403E-09     -0.14185955E-03     -0.42479224E-03
    2027     -0.70644361E-09     -0.71540403E-09     -0.14193265E-03     -0.42479224E-03
    2028     -0.70645121E-09     -0.71540403E-09     -0.14203109E-03     -0.42479224E-03
    2029     -0.70645619E-09     -0.71540403E-09     -0.14210753E-03     -0.42479224E-03
    2030     -0.70646092E-09     -0.71540403E-09     -0.14217609E-03     -0.42479224E-03
    2031     -0.70646623E-09     -0.71540403E-09     -0.14225159E-03     -0.42479224E-03
    2032     -0.70647016E-09     -0.71540403E-09     -0.14230309E-03     -0.42479224E-03
    2033     -0.70647630E-09     -0.71540403E-09     -0.14239403E-03     -0.42479224E-03
    2034     -0.70648248E-09     -0.71540403E-09     -0.14248210E-03     -0.42479224E-03
    2035     -0.70648787E-09     -0.71540403E-09     -0.14254462E-03     -0.42479224E-03
    2036     -0.70649448E-09     -0.71540403E-09     -0.14263136E-03     -0.42479224E-03
    2037     -0.70649926E-09     -0.71540403E-09     -0.14268586E-03     -0.42479224E-03
    2038     -0.70650786E-09     -0.71540403E-09     -0.14277033E-03     -0.42479224E-03
    2039     -0.70651393E-09     -0.71540403E-09     -0.14283719E-03     -0.42479224E-03
    2040     -0.70652404E-09     -0.71540403E-09     -0.14293188E-03     -0.42479224E-03
    2041     -0.70653240E-09     -0.71540403E-09     -0.14301685E-03     -0.42479224E-03
    2042     -0.70653945E-09     -0.71540403E-09     -0.14310183E-03     -0.42479224E-03
    2043     -0.70654554E-09     -0.71540403E-09     -0.14316915E-03     -0.42479224E-03
    2044     -0.70655277E-09     -0.71540403E-09     -0.14324143E-03     -0.42479224E-03
    2045     -0.70655709E-09     -0.71540403E-09     -0.14329846E-03     -0.42479224E-03
    2046     -0.70656185E-09     -0.71540403E-09     -0.14335443E-03     -0.42479224E-03
    2047     -0.70656516E-09     -0.71540403E-09     -0.14340416E-03     -0.42479224E-03
    2048     -0.70656723E-09     -0.71540403E-09     -0.14343726E-03     -0.42479224E-03
    2049     -0.70656905E-09     -0.71540403E-09     -0.14346529E-03     -0.42479224E-03
    2050     -0.70657264E-09     -0.71540403E-09     -0.14351870E-03     -0.42479224E-03
    2051     -0.70657668E-09     -0.71540403E-09     -0.14356684E-03     -0.42479224E-03
    2052     -0.70657871E-09     -0.71540403E-09     -0.14359654E-03     -0.42479224E-03
    2053     -0.70658383E-09     -0.71540403E-09     -0.14366349E-03     -0.42479224E-03
    2054     -0.70658802E-09     -0.71540403E-09     -0.14372039E-03     -0.42479224E-03
    2055     -0.70659446E-09     -0.71540403E-09     -0.14381505E-03     -0.42479224E-03
    2056     -0.70660150E-09     -0.71540403E-09     -0.14391032E-03     -0.42479224E-03
    2057     -0.70661002E-09     -0.71540403E-09     -0.14400265E-03     -0.42479224E-03
    2058     -0.70661555E-09     -0.71540403E-09     -0.14406532E-03     -0.42479224E-03
    2059     -0.70662574E-09     -0.71540403E-09     -0.14415461E-03     -0.42479224E-03
    2060     -0.70663080E-09     -0.71540403E-09     -0.14420387E-03     -0.42479224E-03
    2061     -0.70663459E-09     -0.71540403E-09     -0.14425500E-03     -0.42479224E-03
    2062     -0.70663889E-09     -0.71540403E-09     -0.14432553E-03     -0.42479224E-03
    2063     -0.70664433E-09     -0.71540403E-09     -0.14440865E-03     -0.42479224E-03
    2064     -0.70664857E-09     -0.71540403E-09     -0.14446195E-03     -0.42479224E-03
    2065     -0.70665185E-09     -0.71540403E-09     -0.14450757E-03     -0.42479224E-03
    2066     -0.70665621E-09     -0.71540403E-09     -0.14456653E-03     -0.42479224E-03
    2067     -0.70666025E-09     -0.71540403E-09     -0.14462416E-03     -0.42479224E-03
    2068     -0.70666410E-09     -0.71540403E-09     -0.14467637E-03     -0.42479224E-03
    2069     -0.70666806E-09     -0.71540403E-09     -0.14473159E-03     -0.42479224E-03
    2070     -0.70667158E-09     -0.71540403E-09     -0.14477227E-03     -0.42479224E-03
    2071     -0.70667542E-09     -0.71540403E-09     -0.14482457E-03     -0.42479224E-03
    2072     -0.70667832E-09     -0.71540403E-09     -0.14486440E-03     -0.42479224E-03
    2073     -0.70668189E-09     -0.71540403E-09     -0.14490404E-03     -0.42479224E-03
    2074     -0.70668546E-09     -0.71540403E-09     -0.14496813E-03     -0.42479224E-03
    2075     -0.70668804E-09     -0.71540403E-09     -0.14500647E-03     -0.42479224E-03
    2076     -0.70669076E-09     -0.71540403E-09     -0.14503970E-03     -0.42479224E-03
    2077     -0.70669352E-09     -0.71540403E-09     -0.14507281E-03     -0.42479224E-03
    2078     -0.70669714E-09     -0.71540403E-09     -0.14512471E-03     -0.42479224E-03
    2079     -0.70670043E-09     -0.71540403E-09     -0.14517071E-03     -0.42479224E-03
    2080     -0.70670383E-09     -0.71540403E-09     -0.14521698E-03     -0.42479224E-03
    2081     -0.70670769E-09     -0.71540403E-09     -0.14526349E-03     -0.42479224E-03
    2082     -0.70671250E-09     -0.71540403E-09     -0.14533689E-03     -0.42479224E-03
    2083     -0.70671588E-09     -0.71540403E-09     -0.14538330E-03     -0.42479224E-03
    2084     -0.70672026E-09     -0.71540403E-09     -0.14545459E-03     -0.42479224E-03
    2085     -0.70672364E-09     -0.71540403E-09     -0.14549902E-03     -0.42479224E-03
    2086     -0.70672740E-09     -0.71540403E-09     -0.14556169E-03     -0.42479224E-03
    2087     -0.70673126E-09     -0.71540403E-09     -0.14562111E-03     -0.42479224E-03
    2088     -0.70673513E-09     -0.71540403E-09     -0.14568165E-03     -0.42479224E-03
    2089     -0.70673964E-09     -0.71540403E-09     -0.14575158E-03     -0.42479224E-03
    2090     -0.70674399E-09     -0.71540403E-09     -0.14581217E-03     -0.42479224E-03
    2091     -0.70674811E-09     -0.71540403E-09     -0.14588367E-03     -0.42479224E-03
    2092     -0.70675136E-09     -0.71540403E-09     -0.14594124E-03     -0.42479224E-03
    2093     -0.70675564E-09     -0.71540403E-09     -0.14601541E-03     -0.42479224E-03
    2094     -0.70675879E-09     -0.71540403E-09     -0.14606543E-03     -0.42479224E-03
    2095     -0.70676137E-09     -0.71540403E-09     -0.14610303E-03     -0.42479224E-03
    2096     -0.70676627E-09     -0.71540403E-09     -0.14617286E-03     -0.42479224E-03
    2097     -0.70677023E-09     -0.71540403E-09     -0.14622655E-03     -0.42479224E-03
    2098     -0.70677731E-09     -0.71540403E-09     -0.14633153E-03     -0.42479224E-03
    2099     -0.70678715E-09     -0.71540403E-09     -0.14650615E-03     -0.42479224E-03
    2100     -0.70679705E-09     -0.71540403E-09     -0.14665898E-03     -0.42479224E-03
    2101     -0.70680174E-09     -0.71540403E-09     -0.14672675E-03     -0.42479224E-03
    2102     -0.70680976E-09     -0.71540403E-09     -0.14685844E-03     -0.42479224E-03
    2103     -0.70682030E-09     -0.71540403E-09     -0.14705571E-03     -0.42479224E-03
    2104     -0.70682589E-09     -0.71540403E-09     -0.14713447E-03     -0.42479224E-03
    2105     -0.70683182E-09     -0.71540403E-09     -0.14722273E-03     -0.42479224E-03
    2106     -0.70683799E-09     -0.71540403E-09     -0.14732279E-03     -0.42479224E-03
    2107     -0.70684829E-09     -0.71540403E-09     -0.14746231E-03     -0.42479224E-03
    2108     -0.70685583E-09     -0.71540403E-09     -0.14757495E-03     -0.42479224E-03
    2109     -0.70686049E-09     -0.71540403E-09     -0.14763810E-03     -0.42479224E-03
    2110     -0.70686601E-09     -0.71540403E-09     -0.14771881E-03     -0.42479224E-03
    2111     -0.70687009E-09     -0.71540403E-09     -0.14778112E-03     -0.42479224E-03
    2112     -0.70687397E-09     -0.71540403E-09     -0.14783325E-03     -0.42479224E-03
    2113     -0.70687692E-09     -0.71540403E-09     -0.14787243E-03     -0.42479224E-03
    2114     -0.70688154E-09     -0.71540403E-09     -0.14793810E-03     -0.42479224E-03
    2115     -0.70688881E-09     -0.71540403E-09     -0.14804160E-03     -0.42479224E-03
    2116     -0.70689423E-09     -0.71540403E-09     -0.14812033E-03     -0.42479224E-03
    2117     -0.70689769E-09     -0.71540403E-09     -0.14816966E-03     -0.42479224E-03
    2118     -0.70690705E-09     -0.71540403E-09     -0.14827606E-03     -0.42479224E-03
    2119     -0.70691070E-09     -0.71540403E-09     -0.14832579E-03     -0.42479224E-03
    2120     -0.70691549E-09     -0.71540403E-09     -0.14839785E-03     -0.42479224E-03
    2121     -0.70692222E-09     -0.71540403E-09     -0.14847964E-03     -0.42479224E-03
    2122     -0.70693087E-09     -0.71540403E-09     -0.14858403E-03     -0.42479224E-03
    2123     -0.70693586E-09     -0.71540403E-09     -0.14864675E-03     -0.42479224E-03
    2124     -0.70693944E-09     -0.71540403E-09     -0.14870008E-03     -0.42479224E-03
    2125     -0.70694566E-09     -0.71540403E-09     -0.14879372E-03     -0.42479224E-03
    2126     -0.70694987E-09     -0.71540403E-09     -0.14884772E-03     -0.42479224E-03
    2127     -0.70695308E-09     -0.71540403E-09     -0.14889151E-03     -0.42479224E-03
    2128     -0.70695600E-09     -0.71540403E-09     -0.14893394E-03     -0.42479224E-03
    2129     -0.70695819E-09     -0.71540403E-09     -0.14896508E-03     -0.42479224E-03
    2130     -0.70696082E-09     -0.71540403E-09     -0.14900016E-03     -0.42479224E-03
    2131     -0.70696329E-09     -0.71540403E-09     -0.14903761E-03     -0.42479224E-03
    2132     -0.70696572E-09     -0.71540403E-09     -0.14906883E-03     -0.42479224E-03
    2133     -0.70696809E-09     -0.71540403E-09     -0.14910094E-03     -0.42479224E-03
    2134     -0.70697090E-09     -0.71540403E-09     -0.14913659E-03     -0.42479224E-03
    2135     -0.70697455E-09     -0.71540403E-09     -0.14918317E-03     -0.42479224E-03
    2136     -0.70697778E-09     -0.71540403E-09     -0.14922211E-03     -0.42479224E-03
    2137     -0.70698036E-09     -0.71540403E-09     -0.14925123E-03     -0.42479224E-03
    2138     -0.70698399E-09     -0.71540403E-09     -0.14930123E-03     -0.42479224E-03
    2139     -0.70698672E-09     -0.71540403E-09     -0.14934185E-03     -0.42479224E-03
    2140     -0.70698934E-09     -0.71540403E-09     -0.14937861E-03     -0.42479224E-03
    2141     -0.70699147E-09     -0.71540403E-09     -0.14940578E-03     -0.42479224E-03
    2142     -0.70699365E-09     -0.71540403E-09     -0.14943601E-03     -0.42479224E-03
    2143     -0.70699632E-09     -0.71540403E-09     -0.14947123E-03     -0.42479224E-03
    2144     -0.70699890E-09     -0.71540403E-09     -0.14950895E-03     -0.42479224E-03
    2145     -0.70700103E-09     -0.71540403E-09     -0.14953528E-03     -0.42479224E-03
    2146     -0.70700267E-09     -0.71540403E-09     -0.14956114E-03     -0.42479224E-03
    2147     -0.70700480E-09     -0.71540403E-09     -0.14959614E-03     -0.42479224E-03
    2148     -0.70700712E-09     -0.71540403E-09     -0.14962701E-03     -0.42479224E-03
    2149     -0.70701005E-09     -0.71540403E-09     -0.14966260E-03     -0.42479224E-03
    2150     -0.70701245E-09     -0.71540403E-09     -0.14968768E-03     -0.42479224E-03
    2151     -0.70701445E-09     -0.71540403E-09     -0.14971382E-03     -0.42479224E-03
    2152     -0.70701670E-09     -0.71540403E-09     -0.14974253E-03     -0.42479224E-03
    2153     -0.70701914E-09     -0.71540403E-09     -0.14977350E-03     -0.42479224E-03
    2154     -0.70702141E-09     -0.71540403E-09     -0.14979844E-03     -0.42479224E-03
    2155     -0.70702310E-09     -0.71540403E-09     -0.14982132E-03     -0.42479224E-03
    2156     -0.70702647E-09     -0.71540403E-09     -0.14986762E-03     -0.42479224E-03
    2157     -0.70702866E-09     -0.71540403E-09     -0.14989308E-03     -0.42479224E-03
    2158     -0.70703084E-09     -0.71540403E-09     -0.14991702E-03     -0.42479224E-03
    2159     -0.70703324E-09     -0.71540403E-09     -0.14994391E-03     -0.42479224E-03
    2160     -0.70703639E-09     -0.71540403E-09     -0.14998531E-03     -0.42479224E-03
    2161     -0.70703912E-09     -0.71540403E-09     -0.15002539E-03     -0.42479224E-03
    2162     -0.70704097E-09     -0.71540403E-09     -0.15004900E-03     -0.42479224E-03
    2163     -0.70704463E-09     -0.71540403E-09     -0.15010419E-03     -0.42479224E-03
    2164     -0.70704698E-09     -0.71540403E-09     -0.15013619E-03     -0.42479224E-03
    2165     -0.70705095E-09     -0.71540403E-09     -0.15019563E-03     -0.42479224E-03
    2166     -0.70705436E-09     -0.71540403E-09     -0.15024441E-03     -0.42479224E-03
    2167     -0.70705790E-09     -0.71540403E-09     -0.15029548E-03     -0.42479224E-03
    2168     -0.70706182E-09     -0.71540403E-09     -0.15035302E-03     -0.42479224E-03
    2169     -0.70706668E-09     -0.71540403E-09     -0.15042857E-03     -0.42479224E-03
    2170     -0.70707146E-09     -0.71540403E-09     -0.15049437E-03     -0.42479224E-03
    2171     -0.70707498E-09     -0.71540403E-09     -0.15054949E-03     -0.42479224E-03
    2172     -0.70708080E-09     -0.71540403E-09     -0.15063259E-03     -0.42479224E-03
    2173     -0.70708521E-09     -0.71540403E-09     -0.15069389E-03     -0.42479224E-03
    2174     -0.70708851E-09     -0.71540403E-09     -0.15074366E-03     -0.42479224E-03
    2175     -0.70709268E-09     -0.71540403E-09     -0.15080682E-03     -0.42479224E-03
    2176     -0.70709706E-09     -0.71540403E-09     -0.15086452E-03     -0.42479224E-03
    2177     -0.70710087E-09     -0.71540403E-09     -0.15091557E-03     -0.42479224E-03
    2178     -0.70710599E-09     -0.71540403E-09     -0.15099160E-03     -0.42479224E-03
    2179     -0.70711010E-09     -0.71540403E-09     -0.15105531E-03     -0.42479224E-03
    2180     -0.70711498E-09     -0.71540403E-09     -0.15111787E-03     -0.42479224E-03
    2181     -0.70712086E-09     -0.71540403E-09     -0.15118692E-03     -0.42479224E-03
    2182     -0.70712537E-09     -0.71540403E-09     -0.15125254E-03     -0.42479224E-03
    2183     -0.70712985E-09     -0.71540403E-09     -0.15132808E-03     -0.42479224E-03
    2184     -0.70713286E-09     -0.71540403E-09     -0.15138162E-03     -0.42479224E-03
    2185     -0.70713843E-09     -0.71540403E-09     -0.15146367E-03     -0.42479224E-03
    2186     -0.70714661E-09     -0.71540403E-09     -0.15156693E-03     -0.42479224E-03
    2187     -0.70715209E-09     -0.71540403E-09     -0.15165270E-03     -0.42479224E-03
    2188     -0.70715944E-09     -0.71540403E-09     -0.15176857E-03     -0.42479224E-03
    2189     -0.70716445E-09     -0.71540403E-09     -0.15185271E-03     -0.42479224E-03
    2190     -0.70717619E-09     -0.71540403E-09     -0.15201216E-03     -0.42479224E-03
    2191     -0.70718672E-09     -0.71540403E-09     -0.15214173E-03     -0.42479224E-03
    2192     -0.70718968E-09     -0.71540403E-09     -0.15218993E-03     -0.42479224E-03
    2193     -0.70719374E-09     -0.71540403E-09     -0.15225401E-03     -0.42479224E-03
    2194     -0.70719702E-09     -0.71540403E-09     -0.15230717E-03     -0.42479224E-03
    2195     -0.70720131E-09     -0.71540403E-09     -0.15237740E-03     -0.42479224E-03
    2196     -0.70720507E-09     -0.71540403E-09     -0.15242310E-03     -0.42479224E-03
    2197     -0.70720848E-09     -0.71540403E-09     -0.15247232E-03     -0.42479224E-03
    2198     -0.70721245E-09     -0.71540403E-09     -0.15252647E-03     -0.42479224E-03
    2199     -0.70721600E-09     -0.71540403E-09     -0.15257787E-03     -0.42479224E-03
    2200     -0.70721981E-09     -0.71540403E-09     -0.15263428E-03     -0.42479224E-03
    2201     -0.70722229E-09     -0.71540403E-09     -0.15267383E-03     -0.42479224E-03
    2202     -0.70722520E-09     -0.71540403E-09     -0.15271436E-03     -0.42479224E-03
    2203     -0.70722964E-09     -0.71540403E-09     -0.15277606E-03     -0.42479224E-03
    2204     -0.70723325E-09     -0.71540403E-09     -0.15282779E-03     -0.42479224E-03
    2205     -0.70723835E-09     -0.71540403E-09     -0.15290575E-03     -0.42479224E-03
    2206     -0.70724101E-09     -0.71540403E-09     -0.15294430E-03     -0.42479224E-03
    2207     -0.70724454E-09     -0.71540403E-09     -0.15299795E-03     -0.42479224E-03
    2208     -0.70724799E-09     -0.71540403E-09     -0.15305245E-03     -0.42479224E-03
    2209     -0.70725162E-09     -0.71540403E-09     -0.15311338E-03     -0.42479224E-03
    2210     -0.70725579E-09     -0.71540403E-09     -0.15317970E-03     -0.42479224E-03
    2211     -0.70725916E-09     -0.71540403E-09     -0.15323409E-03     -0.42479224E-03
    2212     -0.70726237E-09     -0.71540403E-09     -0.15328559E-03     -0.42479224E-03
    2213     -0.70726569E-09     -0.71540403E-09     -0.15333275E-03     -0.42479224E-03
    2214     -0.70726908E-09     -0.71540403E-09     -0.15338449E-03     -0.42479224E-03
    2215     -0.70727231E-09     -0.71540403E-09     -0.15343433E-03     -0.42479224E-03
    2216     -0.70727537E-09     -0.71540403E-09     -0.15348201E-03     -0.42479224E-03
    2217     -0.70727846E-09     -0.71540403E-09     -0.15353313E-03     -0.42479224E-03
    2218     -0.70728324E-09     -0.71540403E-09     -0.15361254E-03     -0.42479224E-03
    2219     -0.70728625E-09     -0.71540403E-09     -0.15365995E-03     -0.42479224E-03
    2220     -0.70729077E-09     -0.71540403E-09     -0.15373312E-03     -0.42479224E-03
    2221     -0.70729680E-09     -0.71540403E-09     -0.15384148E-03     -0.42479224E-03
    2222     -0.70730159E-09     -0.71540403E-09     -0.15392934E-03     -0.42479224E-03
    2223     -0.70730632E-09     -0.71540403E-09     -0.15401779E-03     -0.42479224E-03
    2224     -0.70731113E-09     -0.71540403E-09     -0.15410660E-03     -0.42479224E-03
    2225     -0.70731575E-09     -0.71540403E-09     -0.15418893E-03     -0.42479224E-03
    2226     -0.70731974E-09     -0.71540403E-09     -0.15425590E-03     -0.42479224E-03
    2227     -0.70732358E-09     -0.71540403E-09     -0.15431335E-03     -0.42479224E-03
    2228     -0.70732878E-09     -0.71540403E-09     -0.15440171E-03     -0.42479224E-03
    2229     -0.70733423E-09     -0.71540403E-09     -0.15449210E-03     -0.42479224E-03
    2230     -0.70733838E-09     -0.71540403E-09     -0.15456623E-03     -0.42479224E-03
    2231     -0.70734318E-09     -0.71540403E-09     -0.15464237E-03     -0.42479224E-03
    2232     -0.70734711E-09     -0.71540403E-09     -0.15470322E-03     -0.42479224E-03
    2233     -0.70735053E-09     -0.71540403E-09     -0.15476566E-03     -0.42479224E-03
    2234     -0.70735560E-09     -0.71540403E-09     -0.15485146E-03     -0.42479224E-03
    2235     -0.70735861E-09     -0.71540403E-09     -0.15489551E-03     -0.42479224E-03
    2236     -0.70736436E-09     -0.71540403E-09     -0.15499199E-03     -0.42479224E-03
    2237     -0.70736914E-09     -0.71540403E-09     -0.15506453E-03     -0.42479224E-03
    2238     -0.70737443E-09     -0.71540403E-09     -0.15515035E-03     -0.42479224E-03
    2239     -0.70737959E-09     -0.71540403E-09     -0.15521840E-03     -0.42479224E-03
    2240     -0.70738413E-09     -0.71540403E-09     -0.15528735E-03     -0.42479224E-03
    2241     -0.70738851E-09     -0.71540403E-09     -0.15535928E-03     -0.42479224E-03
    2242     -0.70739346E-09     -0.71540403E-09     -0.15541792E-03     -0.42479224E-03
    2243     -0.70739778E-09     -0.71540403E-09     -0.15547777E-03     -0.42479224E-03
    2244     -0.70740397E-09     -0.71540403E-09     -0.15557545E-03     -0.42479224E-03
    2245     -0.70740851E-09     -0.71540403E-09     -0.15563546E-03     -0.42479224E-03
    2246     -0.70741158E-09     -0.71540403E-09     -0.15567632E-03     -0.42479224E-03
    2247     -0.70741548E-09     -0.71540403E-09     -0.15572970E-03     -0.42479224E-03
    2248     -0.70741868E-09     -0.71540403E-09     -0.15577458E-03     -0.42479224E-03
    2249     -0.70742212E-09     -0.71540403E-09     -0.15581779E-03     -0.42479224E-03
    2250     -0.70742577E-09     -0.71540403E-09     -0.15586656E-03     -0.42479224E-03
    2251     -0.70743015E-09     -0.71540403E-09     -0.15593148E-03     -0.42479224E-03
    2252     -0.70743363E-09     -0.71540403E-09     -0.15598592E-03     -0.42479224E-03
    2253     -0.70743717E-09     -0.71540403E-09     -0.15603898E-03     -0.42479224E-03
    2254     -0.70744039E-09     -0.71540403E-09     -0.15608411E-03     -0.42479224E-03
    2255     -0.70744346E-09     -0.71540403E-09     -0.15612487E-03     -0.42479224E-03
    2256     -0.70744745E-09     -0.71540403E-09     -0.15619100E-03     -0.42479224E-03
    2257     -0.70745127E-09     -0.71540403E-09     -0.15625676E-03     -0.42479224E-03
    2258     -0.70745424E-09     -0.71540403E-09     -0.15630751E-03     -0.42479224E-03
    2259     -0.70745657E-09     -0.71540403E-09     -0.15634394E-03     -0.42479224E-03
    2260     -0.70745944E-09     -0.71540403E-09     -0.15638016E-03     -0.42479224E-03
    2261     -0.70746259E-09     -0.71540403E-09     -0.15642776E-03     -0.42479224E-03
    2262     -0.70746496E-09     -0.71540403E-09     -0.15646112E-03     -0.42479224E-03
    2263     -0.70746753E-09     -0.71540403E-09     -0.15650288E-03     -0.42479224E-03
    2264     -0.70747038E-09     -0.71540403E-09     -0.15653711E-03     -0.42479224E-03
    2265     -0.70747289E-09     -0.71540403E-09     -0.15658159E-03     -0.42479224E-03
    2266     -0.70747600E-09     -0.71540403E-09     -0.15662487E-03     -0.42479224E-03
    2267     -0.70747733E-09     -0.71540403E-09     -0.15664619E-03     -0.42479224E-03
    2268     -0.70747993E-09     -0.71540403E-09     -0.15668629E-03     -0.42479224E-03
    2269     -0.70748277E-09     -0.71540403E-09     -0.15672796E-03     -0.42479224E-03
    2270     -0.70748679E-09     -0.71540403E-09     -0.15678920E-03     -0.42479224E-03
    2271     -0.70749000E-09     -0.71540403E-09     -0.15683384E-03     -0.42479224E-03
    2272     -0.70749413E-09     -0.71540403E-09     -0.15690144E-03     -0.42479224E-03
    2273     -0.70749760E-09     -0.71540403E-09     -0.15695439E-03     -0.42479224E-03
    2274     -0.70750151E-09     -0.71540403E-09     -0.15701064E-03     -0.42479224E-03
    2275     -0.70750618E-09     -0.71540403E-09     -0.15709521E-03     -0.42479224E-03
    2276     -0.70751173E-09     -0.71540403E-09     -0.15719330E-03     -0.42479224E-03
    2277     -0.70751505E-09     -0.71540403E-09     -0.15724850E-03     -0.42479224E-03
    2278     -0.70751883E-09     -0.71540403E-09     -0.15730925E-03     -0.42479224E-03
    2279     -0.70752407E-09     -0.71540403E-09     -0.15739960E-03     -0.42479224E-03
    2280     -0.70752924E-09     -0.71540403E-09     -0.15749362E-03     -0.42479224E-03
    2281     -0.70753433E-09     -0.71540403E-09     -0.15758484E-03     -0.42479224E-03
    2282     -0.70753743E-09     -0.71540403E-09     -0.15764220E-03     -0.42479224E-03
    2283     -0.70754116E-09     -0.71540403E-09     -0.15770222E-03     -0.42479224E-03
    2284     -0.70754679E-09     -0.71540403E-09     -0.15780396E-03     -0.42479224E-03
    2285     -0.70755217E-09     -0.71540403E-09     -0.15789598E-03     -0.42479224E-03
    2286     -0.70755519E-09     -0.71540403E-09     -0.15794529E-03     -0.42479224E-03
    2287     -0.70755861E-09     -0.71540403E-09     -0.15799681E-03     -0.42479224E-03
    2288     -0.70756167E-09     -0.71540403E-09     -0.15804674E-03     -0.42479224E-03
    2289     -0.70756542E-09     -0.71540403E-09     -0.15810376E-03     -0.42479224E-03
    2290     -0.70757105E-09     -0.71540403E-09     -0.15819980E-03     -0.42479224E-03
    2291     -0.70757525E-09     -0.71540403E-09     -0.15827647E-03     -0.42479224E-03
    2292     -0.70757852E-09     -0.71540403E-09     -0.15833007E-03     -0.42479224E-03
    2293     -0.70758199E-09     -0.71540403E-09     -0.15838515E-03     -0.42479224E-03
    2294     -0.70758483E-09     -0.71540403E-09     -0.15841812E-03     -0.42479224E-03
    2295     -0.70759081E-09     -0.71540403E-09     -0.15852544E-03     -0.42479224E-03
    2296     -0.70759375E-09     -0.71540403E-09     -0.15856772E-03     -0.42479224E-03
    2297     -0.70759635E-09     -0.71540403E-09     -0.15860755E-03     -0.42479224E-03
    2298     -0.70759846E-09     -0.71540403E-09     -0.15863717E-03     -0.42479224E-03
    2299     -0.70760142E-09     -0.71540403E-09     -0.15868596E-03     -0.42479224E-03
    2300     -0.70760338E-09     -0.71540403E-09     -0.15871713E-03     -0.42479224E-03
    2301     -0.70760835E-09     -0.71540403E-09     -0.15879322E-03     -0.42479224E-03
    2302     -0.70761289E-09     -0.71540403E-09     -0.15886213E-03     -0.42479224E-03
    2303     -0.70761568E-09     -0.71540403E-09     -0.15891449E-03     -0.42479224E-03
    2304     -0.70761860E-09     -0.71540403E-09     -0.15896405E-03     -0.42479224E-03
    2305     -0.70762150E-09     -0.71540403E-09     -0.15900602E-03     -0.42479224E-03
    2306     -0.70762499E-09     -0.71540403E-09     -0.15905696E-03     -0.42479224E-03
    2307     -0.70762850E-09     -0.71540403E-09     -0.15910414E-03     -0.42479224E-03
    2308     -0.70763131E-09     -0.71540403E-09     -0.15914525E-03     -0.42479224E-03
    2309     -0.70763400E-09     -0.71540403E-09     -0.15918256E-03     -0.42479224E-03
    2310     -0.70763932E-09     -0.71540403E-09     -0.15924792E-03     -0.42479224E-03
    2311     -0.70764351E-09     -0.71540403E-09     -0.15929876E-03     -0.42479224E-03
    2312     -0.70764661E-09     -0.71540403E-09     -0.15934256E-03     -0.42479224E-03
    2313     -0.70764885E-09     -0.71540403E-09     -0.15937944E-03     -0.42479224E-03
    2314     -0.70765239E-09     -0.71540403E-09     -0.15944266E-03     -0.42479224E-03
    2315     -0.70765603E-09     -0.71540403E-09     -0.15949888E-03     -0.42479224E-03
    2316     -0.70766017E-09     -0.71540403E-09     -0.15955735E-03     -0.42479224E-03
    2317     -0.70766969E-09     -0.71540403E-09     -0.15968167E-03     -0.42479224E-03
    2318     -0.70767295E-09     -0.71540403E-09     -0.15973442E-03     -0.42479224E-03
    2319     -0.70767852E-09     -0.71540403E-09     -0.15980670E-03     -0.42479224E-03
    2320     -0.70768161E-09     -0.71540403E-09     -0.15985259E-03     -0.42479224E-03
    2321     -0.70768847E-09     -0.71540403E-09     -0.15995252E-03     -0.42479224E-03
    2322     -0.70769196E-09     -0.71540403E-09     -0.16002076E-03     -0.42479224E-03
    2323     -0.70769610E-09     -0.71540403E-09     -0.16009405E-03     -0.42479224E-03
    2324     -0.70770121E-09     -0.71540403E-09     -0.16018202E-03     -0.42479224E-03
    2325     -0.70770442E-09     -0.71540403E-09     -0.16023168E-03     -0.42479224E-03
    2326     -0.70770812E-09     -0.71540403E-09     -0.16028720E-03     -0.42479224E-03
    2327     -0.70771048E-09     -0.71540403E-09     -0.16032755E-03     -0.42479224E-03
    2328     -0.70771427E-09     -0.71540403E-09     -0.16037936E-03     -0.42479224E-03
    2329     -0.70771785E-09     -0.71540403E-09     -0.16043033E-03     -0.42479224E-03
    2330     -0.70772141E-09     -0.71540403E-09     -0.16049339E-03     -0.42479224E-03
    2331     -0.70772517E-09     -0.71540403E-09     -0.16055098E-03     -0.42479224E-03
    2332     -0.70773019E-09     -0.71540403E-09     -0.16063295E-03     -0.42479224E-03
    2333     -0.70773364E-09     -0.71540403E-09     -0.16067787E-03     -0.42479224E-03
    2334     -0.70773803E-09     -0.71540403E-09     -0.16074201E-03     -0.42479224E-03
    2335     -0.70774317E-09     -0.71540403E-09     -0.16082721E-03     -0.42479224E-03
    2336     -0.70774545E-09     -0.71540403E-09     -0.16085743E-03     -0.42479224E-03
    2337     -0.70774757E-09     -0.71540403E-09     -0.16089169E-03     -0.42479224E-03
    2338     -0.70775092E-09     -0.71540403E-09     -0.16094267E-03     -0.42479224E-03
    2339     -0.70775403E-09     -0.71540403E-09     -0.16098920E-03     -0.42479224E-03
    2340     -0.70775721E-09     -0.71540403E-09     -0.16104555E-03     -0.42479224E-03
    2341     -0.70775941E-09     -0.71540403E-09     -0.16107757E-03     -0.42479224E-03
    2342     -0.70776121E-09     -0.71540403E-09     -0.16110571E-03     -0.42479224E-03
    2343     -0.70776249E-09     -0.71540403E-09     -0.16112554E-03     -0.42479224E-03
    2344     -0.70776490E-09     -0.71540403E-09     -0.16115643E-03     -0.42479224E-03
    2345     -0.70776754E-09     -0.71540403E-09     -0.16119258E-03     -0.42479224E-03
    2346     -0.70776951E-09     -0.71540403E-09     -0.16121958E-03     -0.42479224E-03
    2347     -0.70777182E-09     -0.71540403E-09     -0.16124719E-03     -0.42479224E-03
    2348     -0.70777347E-09     -0.71540403E-09     -0.16126637E-03     -0.42479224E-03
    2349     -0.70777601E-09     -0.71540403E-09     -0.16130478E-03     -0.42479224E-03
    2350     -0.70777915E-09     -0.71540403E-09     -0.16133963E-03     -0.42479224E-03
    2351     -0.70778229E-09     -0.71540403E-09     -0.16138059E-03     -0.42479224E-03
    2352     -0.70778558E-09     -0.71540403E-09     -0.16142287E-03     -0.42479224E-03
    2353     -0.70778859E-09     -0.71540403E-09     -0.16145908E-03     -0.42479224E-03
    2354     -0.70779182E-09     -0.71540403E-09     -0.16150659E-03     -0.42479224E-03
    2355     -0.70779438E-09     -0.71540403E-09     -0.16154412E-03     -0.42479224E-03
    2356     -0.70779738E-09     -0.71540403E-09     -0.16158657E-03     -0.42479224E-03
    2357     -0.70780026E-09     -0.71540403E-09     -0.16162944E-03     -0.42479224E-03
    2358     -0.70780312E-09     -0.71540403E-09     -0.16167147E-03     -0.42479224E-03
    2359     -0.70780548E-09     -0.71540403E-09     -0.16170589E-03     -0.42479224E-03
    2360     -0.70780827E-09     -0.71540403E-09     -0.16174058E-03     -0.42479224E-03
    2361     -0.70781174E-09     -0.71540403E-09     -0.16179339E-03     -0.42479224E-03
    2362     -0.70781395E-09     -0.71540403E-09     -0.16182554E-03     -0.42479224E-03
    2363     -0.70781655E-09     -0.71540403E-09     -0.16185938E-03     -0.42479224E-03
    2364     -0.70781966E-09     -0.71540403E-09     -0.16189867E-03     -0.42479224E-03
    2365     -0.70782223E-09     -0.71540403E-09     -0.16193381E-03     -0.42479224E-03
    2366     -0.70782484E-09     -0.71540403E-09     -0.16197484E-03     -0.42479224E-03
    2367     -0.70782754E-09     -0.71540403E-09     -0.16201687E-03     -0.42479224E-03
    2368     -0.70782972E-09     -0.71540403E-09     -0.16204406E-03     -0.42479224E-03
    2369     -0.70783357E-09     -0.71540403E-09     -0.16209238E-03     -0.42479224E-03
    2370     -0.70783658E-09     -0.71540403E-09     -0.16212394E-03     -0.42479224E-03
    2371     -0.70783905E-09     -0.71540403E-09     -0.16216177E-03     -0.42479224E-03
    2372     -0.70784170E-09     -0.71540403E-09     -0.16219382E-03     -0.42479224E-03
    2373     -0.70784440E-09     -0.71540403E-09     -0.16222888E-03     -0.42479224E-03
    2374     -0.70784601E-09     -0.71540403E-09     -0.16225557E-03     -0.42479224E-03
    2375     -0.70784862E-09     -0.71540403E-09     -0.16228526E-03     -0.42479224E-03
    2376     -0.70785114E-09     -0.71540403E-09     -0.16232479E-03     -0.42479224E-03
    2377     -0.70785408E-09     -0.71540403E-09     -0.16235888E-03     -0.42479224E-03
    2378     -0.70785709E-09     -0.71540403E-09     -0.16239631E-03     -0.42479224E-03
    2379     -0.70785999E-09     -0.71540403E-09     -0.16243365E-03     -0.42479224E-03
    2380     -0.70786260E-09     -0.71540403E-09     -0.16247014E-03     -0.42479224E-03
    2381     -0.70786526E-09     -0.71540403E-09     -0.16250816E-03     -0.42479224E-03
    2382     -0.70786809E-09     -0.71540403E-09     -0.16254812E-03     -0.42479224E-03
    2383     -0.70787066E-09     -0.71540403E-09     -0.16258813E-03     -0.42479224E-03
    2384     -0.70787326E-09     -0.71540403E-09     -0.16261881E-03     -0.42479224E-03
    2385     -0.70787568E-09     -0.71540403E-09     -0.16265678E-03     -0.42479224E-03
    2386     -0.70787819E-09     -0.71540403E-09     -0.16269262E-03     -0.42479224E-03
    2387     -0.70788025E-09     -0.71540403E-09     -0.16272136E-03     -0.42479224E-03
    2388     -0.70788253E-09     -0.71540403E-09     -0.16275697E-03     -0.42479224E-03
    2389     -0.70788510E-09     -0.71540403E-09     -0.16279642E-03     -0.42479224E-03
    2390     -0.70788698E-09     -0.71540403E-09     -0.16282638E-03     -0.42479224E-03
    2391     -0.70788870E-09     -0.71540403E-09     -0.16285170E-03     -0.42479224E-03
    2392     -0.70789190E-09     -0.71540403E-09     -0.16290380E-03     -0.42479224E-03
    2393     -0.70789398E-09     -0.71540403E-09     -0.16293035E-03     -0.42479224E-03
    2394     -0.70789650E-09     -0.71540403E-09     -0.16296313E-03     -0.42479224E-03
    2395     -0.70789960E-09     -0.71540403E-09     -0.16300458E-03     -0.42479224E-03
    2396     -0.70790212E-09     -0.71540403E-09     -0.16303800E-03     -0.42479224E-03
    2397     -0.70790475E-09     -0.71540403E-09     -0.16307937E-03     -0.42479224E-03
    2398     -0.70790799E-09     -0.71540403E-09     -0.16312022E-03     -0.42479224E-03
    2399     -0.70791066E-09     -0.71540403E-09     -0.16315504E-03     -0.42479224E-03
    2400     -0.70791338E-09     -0.71540403E-09     -0.16319803E-03     -0.42479224E-03
    2401     -0.70791686E-09     -0.71540403E-09     -0.16325320E-03     -0.42479224E-03
    2402     -0.70791972E-09     -0.71540403E-09     -0.16328766E-03     -0.42479224E-03
    2403     -0.70792224E-09     -0.71540403E-09     -0.16332606E-03     -0.42479224E-03
    2404     -0.70792541E-09     -0.71540403E-09     -0.16337780E-03     -0.42479224E-03
    2405     -0.70793011E-09     -0.71540403E-09     -0.16345623E-03     -0.42479224E-03
    2406     -0.70793364E-09     -0.71540403E-09     -0.16349626E-03     -0.42479224E-03
    2407     -0.70793936E-09     -0.71540403E-09     -0.16358689E-03     -0.42479224E-03
    2408     -0.70794286E-09     -0.71540403E-09     -0.16364783E-03     -0.42479224E-03
    2409     -0.70794638E-09     -0.71540403E-09     -0.16369024E-03     -0.42479224E-03
    2410     -0.70794996E-09     -0.71540403E-09     -0.16375475E-03     -0.42479224E-03
    2411     -0.70795325E-09     -0.71540403E-09     -0.16379863E-03     -0.42479224E-03
    2412     -0.70795831E-09     -0.71540403E-09     -0.16387708E-03     -0.42479224E-03
    2413     -0.70796222E-09     -0.71540403E-09     -0.16394179E-03     -0.42479224E-03
    2414     -0.70796546E-09     -0.71540403E-09     -0.16399117E-03     -0.42479224E-03
    2415     -0.70796984E-09     -0.71540403E-09     -0.16406740E-03     -0.42479224E-03
    2416     -0.70797252E-09     -0.71540403E-09     -0.16411008E-03     -0.42479224E-03
    2417     -0.70797568E-09     -0.71540403E-09     -0.16416537E-03     -0.42479224E-03
    2418     -0.70797937E-09     -0.71540403E-09     -0.16422438E-03     -0.42479224E-03
    2419     -0.70798205E-09     -0.71540403E-09     -0.16425819E-03     -0.42479224E-03
    2420     -0.70798448E-09     -0.71540403E-09     -0.16429619E-03     -0.42479224E-03
    2421     -0.70798692E-09     -0.71540403E-09     -0.16433777E-03     -0.42479224E-03
    2422     -0.70799018E-09     -0.71540403E-09     -0.16438300E-03     -0.42479224E-03
    2423     -0.70799350E-09     -0.71540403E-09     -0.16442976E-03     -0.42479224E-03
    2424     -0.70799665E-09     -0.71540403E-09     -0.16447048E-03     -0.42479224E-03
    2425     -0.70800024E-09     -0.71540403E-09     -0.16452468E-03     -0.42479224E-03
    2426     -0.70800316E-09     -0.71540403E-09     -0.16456466E-03     -0.42479224E-03
    2427     -0.70800583E-09     -0.71540403E-09     -0.16460234E-03     -0.42479224E-03
    2428     -0.70800818E-09     -0.71540403E-09     -0.16463697E-03     -0.42479224E-03
    2429     -0.70801328E-09     -0.71540403E-09     -0.16471825E-03     -0.42479224E-03
    2430     -0.70801698E-09     -0.71540403E-09     -0.16477515E-03     -0.42479224E-03
    2431     -0.70802036E-09     -0.71540403E-09     -0.16482925E-03     -0.42479224E-03
    2432     -0.70802403E-09     -0.71540403E-09     -0.16488103E-03     -0.42479224E-03
    2433     -0.70802928E-09     -0.71540403E-09     -0.16496640E-03     -0.42479224E-03
    2434     -0.70803193E-09     -0.71540403E-09     -0.16499985E-03     -0.42479224E-03
    2435     -0.70803614E-09     -0.71540403E-09     -0.16503956E-03     -0.42479224E-03
    2436     -0.70803889E-09     -0.71540403E-09     -0.16506764E-03     -0.42479224E-03
    2437     -0.70804110E-09     -0.71540403E-09     -0.16509649E-03     -0.42479224E-03
    2438     -0.70804362E-09     -0.71540403E-09     -0.16513761E-03     -0.42479224E-03
    2439     -0.70804651E-09     -0.71540403E-09     -0.16517523E-03     -0.42479224E-03
    2440     -0.70804954E-09     -0.71540403E-09     -0.16521719E-03     -0.42479224E-03
    2441     -0.70805202E-09     -0.71540403E-09     -0.16525320E-03     -0.42479224E-03
    2442     -0.70805362E-09     -0.71540403E-09     -0.16527606E-03     -0.42479224E-03
    2443     -0.70805582E-09     -0.71540403E-09     -0.16530399E-03     -0.42479224E-03
    2444     -0.70805870E-09     -0.71540403E-09     -0.16534912E-03     -0.42479224E-03
    2445     -0.70806112E-09     -0.71540403E-09     -0.16537585E-03     -0.42479224E-03
    2446     -0.70806395E-09     -0.71540403E-09     -0.16541436E-03     -0.42479224E-03
    2447     -0.70806633E-09     -0.71540403E-09     -0.16544945E-03     -0.42479224E-03
    2448     -0.70806854E-09     -0.71540403E-09     -0.16548228E-03     -0.42479224E-03
    2449     -0.70807100E-09     -0.71540403E-09     -0.16551555E-03     -0.42479224E-03
    2450     -0.70807440E-09     -0.71540403E-09     -0.16555536E-03     -0.42479224E-03
    2451     -0.70807772E-09     -0.71540403E-09     -0.16558969E-03     -0.42479224E-03
    2452     -0.70808228E-09     -0.71540403E-09     -0.16562964E-03     -0.42479224E-03
    2453     -0.70808661E-09     -0.71540403E-09     -0.16569416E-03     -0.42479224E-03
    2454     -0.70809122E-09     -0.71540403E-09     -0.16575721E-03     -0.42479224E-03
    2455     -0.70809412E-09     -0.71540403E-09     -0.16578832E-03     -0.42479224E-03
    2456     -0.70809646E-09     -0.71540403E-09     -0.16582338E-03     -0.42479224E-03
    2457     -0.70809962E-09     -0.71540403E-09     -0.16585644E-03     -0.42479224E-03
    2458     -0.70810209E-09     -0.71540403E-09     -0.16589202E-03     -0.42479224E-03
    2459     -0.70810470E-09     -0.71540403E-09     -0.16592525E-03     -0.42479224E-03
    2460     -0.70810829E-09     -0.71540403E-09     -0.16596974E-03     -0.42479224E-03
    2461     -0.70811353E-09     -0.71540403E-09     -0.16601799E-03     -0.42479224E-03
    2462     -0.70812221E-09     -0.71540403E-09     -0.16608475E-03     -0.42479224E-03
    2463     -0.70812607E-09     -0.71540403E-09     -0.16613072E-03     -0.42479224E-03
    2464     -0.70812889E-09     -0.71540403E-09     -0.16618002E-03     -0.42479224E-03
    2465     -0.70813137E-09     -0.71540403E-09     -0.16621263E-03     -0.42479224E-03
    2466     -0.70813603E-09     -0.71540403E-09     -0.16627305E-03     -0.42479224E-03
    2467     -0.70814305E-09     -0.71540403E-09     -0.16633976E-03     -0.42479224E-03
    2468     -0.70814700E-09     -0.71540403E-09     -0.16638408E-03     -0.42479224E-03
    2469     -0.70815089E-09     -0.71540403E-09     -0.16643297E-03     -0.42479224E-03
    2470     -0.70815564E-09     -0.71540403E-09     -0.16648699E-03     -0.42479224E-03
    2471     -0.70815959E-09     -0.71540403E-09     -0.16652635E-03     -0.42479224E-03
    2472     -0.70816606E-09     -0.71540403E-09     -0.16658476E-03     -0.42479224E-03
    2473     -0.70817406E-09     -0.71540403E-09     -0.16665900E-03     -0.42479224E-03
    2474     -0.70817856E-09     -0.71540403E-09     -0.16671424E-03     -0.42479224E-03
    2475     -0.70818502E-09     -0.71540403E-09     -0.16677998E-03     -0.42479224E-03
    2476     -0.70818810E-09     -0.71540403E-09     -0.16682086E-03     -0.42479224E-03
    2477     -0.70819245E-09     -0.71540403E-09     -0.16686875E-03     -0.42479224E-03
    2478     -0.70819576E-09     -0.71540403E-09     -0.16690585E-03     -0.42479224E-03
    2479     -0.70819926E-09     -0.71540403E-09     -0.16694556E-03     -0.42479224E-03
    2480     -0.70820239E-09     -0.71540403E-09     -0.16699049E-03     -0.42479224E-03
    2481     -0.70820532E-09     -0.71540403E-09     -0.16703197E-03     -0.42479224E-03
    2482     -0.70820951E-09     -0.71540403E-09     -0.16710365E-03     -0.42479224E-03
    2483     -0.70821228E-09     -0.71540403E-09     -0.16714123E-03     -0.42479224E-03
    2484     -0.70821796E-09     -0.71540403E-09     -0.16720080E-03     -0.42479224E-03
    2485     -0.70822254E-09     -0.71540403E-09     -0.16725611E-03     -0.42479224E-03
    2486     -0.70822810E-09     -0.71540403E-09     -0.16731570E-03     -0.42479224E-03
    2487     -0.70823552E-09     -0.71540403E-09     -0.16737604E-03     -0.42479224E-03
    2488     -0.70824252E-09     -0.71540403E-09     -0.16744208E-03     -0.42479224E-03
    2489     -0.70824564E-09     -0.71540403E-09     -0.16748785E-03     -0.42479224E-03
    2490     -0.70825015E-09     -0.71540403E-09     -0.16753630E-03     -0.42479224E-03
    2491     -0.70826079E-09     -0.71540403E-09     -0.16761977E-03     -0.42479224E-03
    2492     -0.70826444E-09     -0.71540403E-09     -0.16766289E-03     -0.42479224E-03
    2493     -0.70826858E-09     -0.71540403E-09     -0.16770316E-03     -0.42479224E-03
    2494     -0.70827390E-09     -0.71540403E-09     -0.16776075E-03     -0.42479224E-03
    2495     -0.70827866E-09     -0.71540403E-09     -0.16780427E-03     -0.42479224E-03
    2496     -0.70828625E-09     -0.71540403E-09     -0.16787652E-03     -0.42479224E-03
    2497     -0.70829264E-09     -0.71540403E-09     -0.16792645E-03     -0.42479224E-03
    2498     -0.70829607E-09     -0.71540403E-09     -0.16796304E-03     -0.42479224E-03
    2499     -0.70830576E-09     -0.71540403E-09     -0.16803183E-03     -0.42479224E-03
    2500     -0.70831064E-09     -0.71540403E-09     -0.16808999E-03     -0.42479224E-03
    2501     -0.70831690E-09     -0.71540403E-09     -0.16814416E-03     -0.42479224E-03
    2502     -0.70832024E-09     -0.71540403E-09     -0.16817985E-03     -0.42479224E-03
    2503     -0.70832414E-09     -0.71540403E-09     -0.16822910E-03     -0.42479224E-03
    2504     -0.70832818E-09     -0.71540403E-09     -0.16827653E-03     -0.42479224E-03
    2505     -0.70833176E-09     -0.71540403E-09     -0.16832522E-03     -0.42479224E-03
    2506     -0.70833819E-09     -0.71540403E-09     -0.16838365E-03     -0.42479224E-03
    2507     -0.70834691E-09     -0.71540403E-09     -0.16845150E-03     -0.42479224E-03
    2508     -0.70835825E-09     -0.71540403E-09     -0.16852626E-03     -0.42479224E-03
    2509     -0.70836545E-09     -0.71540403E-09     -0.16858748E-03     -0.42479224E-03
    2510     -0.70836964E-09     -0.71540403E-09     -0.16864070E-03     -0.42479224E-03
    2511     -0.70837466E-09     -0.71540403E-09     -0.16868829E-03     -0.42479224E-03
    2512     -0.70838400E-09     -0.71540403E-09     -0.16875698E-03     -0.42479224E-03
    2513     -0.70839107E-09     -0.71540403E-09     -0.16882111E-03     -0.42479224E-03
    2514     -0.70839765E-09     -0.71540403E-09     -0.16888008E-03     -0.42479224E-03
    2515     -0.70840468E-09     -0.71540403E-09     -0.16893843E-03     -0.42479224E-03
    2516     -0.70840748E-09     -0.71540403E-09     -0.16897125E-03     -0.42479224E-03
    2517     -0.70841117E-09     -0.71540403E-09     -0.16901271E-03     -0.42479224E-03
    2518     -0.70841718E-09     -0.71540403E-09     -0.16907099E-03     -0.42479224E-03
    2519     -0.70842105E-09     -0.71540403E-09     -0.16912059E-03     -0.42479224E-03
    2520     -0.70842497E-09     -0.71540403E-09     -0.16915643E-03     -0.42479224E-03
    2521     -0.70842955E-09     -0.71540403E-09     -0.16920118E-03     -0.42479224E-03
    2522     -0.70843355E-09     -0.71540403E-09     -0.16924153E-03     -0.42479224E-03
    2523     -0.70843977E-09     -0.71540403E-09     -0.16930111E-03     -0.42479224E-03
    2524     -0.70844327E-09     -0.71540403E-09     -0.16934521E-03     -0.42479224E-03
    2525     -0.70844923E-09     -0.71540403E-09     -0.16939468E-03     -0.42479224E-03
    2526     -0.70845494E-09     -0.71540403E-09     -0.16944237E-03     -0.42479224E-03
    2527     -0.70845831E-09     -0.71540403E-09     -0.16948004E-03     -0.42479224E-03
    2528     -0.70846547E-09     -0.71540403E-09     -0.16954581E-03     -0.42479224E-03
    2529     -0.70847096E-09     -0.71540403E-09     -0.16960116E-03     -0.42479224E-03
    2530     -0.70847916E-09     -0.71540403E-09     -0.16966326E-03     -0.42479224E-03
    2531     -0.70848373E-09     -0.71540403E-09     -0.16970970E-03     -0.42479224E-03
    2532     -0.70848875E-09     -0.71540403E-09     -0.16975493E-03     -0.42479224E-03
    2533     -0.70849371E-09     -0.71540403E-09     -0.16980354E-03     -0.42479224E-03
    2534     -0.70850329E-09     -0.71540403E-09     -0.16987521E-03     -0.42479224E-03
    2535     -0.70851013E-09     -0.71540403E-09     -0.16993834E-03     -0.42479224E-03
    2536     -0.70851823E-09     -0.71540403E-09     -0.17000503E-03     -0.42479224E-03
    2537     -0.70852243E-09     -0.71540403E-09     -0.17004343E-03     -0.42479224E-03
    2538     -0.70852888E-09     -0.71540403E-09     -0.17009198E-03     -0.42479224E-03
    2539     -0.70853440E-09     -0.71540403E-09     -0.17014376E-03     -0.42479224E-03
    2540     -0.70853844E-09     -0.71540403E-09     -0.17018697E-03     -0.42479224E-03
    2541     -0.70854461E-09     -0.71540403E-09     -0.17024807E-03     -0.42479224E-03
    2542     -0.70854932E-09     -0.71540403E-09     -0.17029539E-03     -0.42479224E-03
    2543     -0.70855702E-09     -0.71540403E-09     -0.17035245E-03     -0.42479224E-03
    2544     -0.70856416E-09     -0.71540403E-09     -0.17041685E-03     -0.42479224E-03
    2545     -0.70857542E-09     -0.71540403E-09     -0.17049758E-03     -0.42479224E-03
    2546     -0.70858295E-09     -0.71540403E-09     -0.17055793E-03     -0.42479224E-03
    2547     -0.70858985E-09     -0.71540403E-09     -0.17061962E-03     -0.42479224E-03
    2548     -0.70859543E-09     -0.71540403E-09     -0.17067096E-03     -0.42479224E-03
    2549     -0.70860090E-09     -0.71540403E-09     -0.17071909E-03     -0.42479224E-03
    2550     -0.70860682E-09     -0.71540403E-09     -0.17077683E-03     -0.42479224E-03
    2551     -0.70861395E-09     -0.71540403E-09     -0.17084837E-03     -0.42479224E-03
    2552     -0.70861968E-09     -0.71540403E-09     -0.17089764E-03     -0.42479224E-03
    2553     -0.70862559E-09     -0.71540403E-09     -0.17095129E-03     -0.42479224E-03
    2554     -0.70863360E-09     -0.71540403E-09     -0.17101218E-03     -0.42479224E-03
    2555     -0.70864081E-09     -0.71540403E-09     -0.17107047E-03     -0.42479224E-03
    2556     -0.70865202E-09     -0.71540403E-09     -0.17115724E-03     -0.42479224E-03
    2557     -0.70865934E-09     -0.71540403E-09     -0.17123952E-03     -0.42479224E-03
    2558     -0.70866465E-09     -0.71540403E-09     -0.17129640E-03     -0.42479224E-03
    2559     -0.70867367E-09     -0.71540403E-09     -0.17138316E-03     -0.42479224E-03
    2560     -0.70867994E-09     -0.71540403E-09     -0.17145006E-03     -0.42479224E-03
    2561     -0.70869166E-09     -0.71540403E-09     -0.17155311E-03     -0.42479224E-03
    2562     -0.70870438E-09     -0.71540403E-09     -0.17165250E-03     -0.42479224E-03
    2563     -0.70871182E-09     -0.71540403E-09     -0.17173141E-03     -0.42479224E-03
    2564     -0.70872156E-09     -0.71540403E-09     -0.17182323E-03     -0.42479224E-03
    2565     -0.70873044E-09     -0.71540403E-09     -0.17189812E-03     -0.42479224E-03
    2566     -0.70873633E-09     -0.71540403E-09     -0.17196298E-03     -0.42479224E-03
    2567     -0.70874986E-09     -0.71540403E-09     -0.17206838E-03     -0.42479224E-03
    2568     -0.70876463E-09     -0.71540403E-09     -0.17216954E-03     -0.42479224E-03
    2569     -0.70877198E-09     -0.71540403E-09     -0.17223957E-03     -0.42479224E-03
    2570     -0.70878124E-09     -0.71540403E-09     -0.17232267E-03     -0.42479224E-03
    2571     -0.70879683E-09     -0.71540403E-09     -0.17244738E-03     -0.42479224E-03
    2572     -0.70880766E-09     -0.71540403E-09     -0.17253036E-03     -0.42479224E-03
    2573     -0.70881787E-09     -0.71540403E-09     -0.17262520E-03     -0.42479224E-03
    2574     -0.70882438E-09     -0.71540403E-09     -0.17269727E-03     -0.42479224E-03
    2575     -0.70882967E-09     -0.71540403E-09     -0.17275474E-03     -0.42479224E-03
    2576     -0.70883903E-09     -0.71540403E-09     -0.17282933E-03     -0.42479224E-03
    2577     -0.70884705E-09     -0.71540403E-09     -0.17290718E-03     -0.42479224E-03
    2578     -0.70885201E-09     -0.71540403E-09     -0.17296159E-03     -0.42479224E-03
    2579     -0.70885966E-09     -0.71540403E-09     -0.17302769E-03     -0.42479224E-03
    2580     -0.70886382E-09     -0.71540403E-09     -0.17308782E-03     -0.42479224E-03
    2581     -0.70886993E-09     -0.71540403E-09     -0.17314947E-03     -0.42479224E-03
    2582     -0.70887549E-09     -0.71540403E-09     -0.17320950E-03     -0.42479224E-03
    2583     -0.70888144E-09     -0.71540403E-09     -0.17328717E-03     -0.42479224E-03
    2584     -0.70889009E-09     -0.71540403E-09     -0.17335590E-03     -0.42479224E-03
    2585     -0.70889405E-09     -0.71540403E-09     -0.17340353E-03     -0.42479224E-03
    2586     -0.70890482E-09     -0.71540403E-09     -0.17349898E-03     -0.42479224E-03
    2587     -0.70891215E-09     -0.71540403E-09     -0.17359265E-03     -0.42479224E-03
    2588     -0.70892032E-09     -0.71540403E-09     -0.17366222E-03     -0.42479224E-03
    2589     -0.70892648E-09     -0.71540403E-09     -0.17373942E-03     -0.42479224E-03
    2590     -0.70893224E-09     -0.71540403E-09     -0.17380136E-03     -0.42479224E-03
    2591     -0.70893647E-09     -0.71540403E-09     -0.17385215E-03     -0.42479224E-03
    2592     -0.70894212E-09     -0.71540403E-09     -0.17391310E-03     -0.42479224E-03
    2593     -0.70894957E-09     -0.71540403E-09     -0.17399135E-03     -0.42479224E-03
    2594     -0.70895410E-09     -0.71540403E-09     -0.17406493E-03     -0.42479224E-03
    2595     -0.70896131E-09     -0.71540403E-09     -0.17415872E-03     -0.42479224E-03
    2596     -0.70896719E-09     -0.71540403E-09     -0.17425184E-03     -0.42479224E-03
    2597     -0.70897218E-09     -0.71540403E-09     -0.17432487E-03     -0.42479224E-03
    2598     -0.70897947E-09     -0.71540403E-09     -0.17445397E-03     -0.42479224E-03
    2599     -0.70898324E-09     -0.71540403E-09     -0.17450799E-03     -0.42479224E-03
    2600     -0.70898799E-09     -0.71540403E-09     -0.17456335E-03     -0.42479224E-03
    2601     -0.70899502E-09     -0.71540403E-09     -0.17465134E-03     -0.42479224E-03
    2602     -0.70899981E-09     -0.71540403E-09     -0.17471602E-03     -0.42479224E-03
    2603     -0.70900537E-09     -0.71540403E-09     -0.17477559E-03     -0.42479224E-03
    2604     -0.70901123E-09     -0.71540403E-09     -0.17485213E-03     -0.42479224E-03
    2605     -0.70901638E-09     -0.71540403E-09     -0.17491402E-03     -0.42479224E-03
    2606     -0.70902090E-09     -0.71540403E-09     -0.17496467E-03     -0.42479224E-03
    2607     -0.70902727E-09     -0.71540403E-09     -0.17503166E-03     -0.42479224E-03
    2608     -0.70903253E-09     -0.71540403E-09     -0.17508379E-03     -0.42479224E-03
    2609     -0.70903631E-09     -0.71540403E-09     -0.17514616E-03     -0.42479224E-03
    2610     -0.70904127E-09     -0.71540403E-09     -0.17521103E-03     -0.42479224E-03
    2611     -0.70904572E-09     -0.71540403E-09     -0.17526384E-03     -0.42479224E-03
    2612     -0.70905231E-09     -0.71540403E-09     -0.17533053E-03     -0.42479224E-03
    2613     -0.70905703E-09     -0.71540403E-09     -0.17538546E-03     -0.42479224E-03
    2614     -0.70906202E-09     -0.71540403E-09     -0.17544273E-03     -0.42479224E-03
    2615     -0.70906729E-09     -0.71540403E-09     -0.17550343E-03     -0.42479224E-03
    2616     -0.70907193E-09     -0.71540403E-09     -0.17555112E-03     -0.42479224E-03
    2617     -0.70908008E-09     -0.71540403E-09     -0.17564264E-03     -0.42479224E-03
    2618     -0.70908442E-09     -0.71540403E-09     -0.17569149E-03     -0.42479224E-03
    2619     -0.70909011E-09     -0.71540403E-09     -0.17575335E-03     -0.42479224E-03
    2620     -0.70909729E-09     -0.71540403E-09     -0.17582632E-03     -0.42479224E-03
    2621     -0.70910622E-09     -0.71540403E-09     -0.17591302E-03     -0.42479224E-03
    2622     -0.70911577E-09     -0.71540403E-09     -0.17600950E-03     -0.42479224E-03
    2623     -0.70912385E-09     -0.71540403E-09     -0.17610111E-03     -0.42479224E-03
    2624     -0.70913040E-09     -0.71540403E-09     -0.17617146E-03     -0.42479224E-03
    2625     -0.70914094E-09     -0.71540403E-09     -0.17627132E-03     -0.42479224E-03
    2626     -0.70915347E-09     -0.71540403E-09     -0.17637554E-03     -0.42479224E-03
    2627     -0.70916104E-09     -0.71540403E-09     -0.17644351E-03     -0.42479224E-03
    2628     -0.70917050E-09     -0.71540403E-09     -0.17653491E-03     -0.42479224E-03
    2629     -0.70917941E-09     -0.71540403E-09     -0.17661707E-03     -0.42479224E-03
    2630     -0.70919105E-09     -0.71540403E-09     -0.17671886E-03     -0.42479224E-03
    2631     -0.70920474E-09     -0.71540403E-09     -0.17683717E-03     -0.42479224E-03
    2632     -0.70921341E-09     -0.71540403E-09     -0.17692442E-03     -0.42479224E-03
    2633     -0.70922215E-09     -0.71540403E-09     -0.17700154E-03     -0.42479224E-03
    2634     -0.70923146E-09     -0.71540403E-09     -0.17708802E-03     -0.42479224E-03
    2635     -0.70923913E-09     -0.71540403E-09     -0.17716197E-03     -0.42479224E-03
    2636     -0.70924487E-09     -0.71540403E-09     -0.17722424E-03     -0.42479224E-03
    2637     -0.70925069E-09     -0.71540403E-09     -0.17728163E-03     -0.42479224E-03
    2638     -0.70925725E-09     -0.71540403E-09     -0.17735083E-03     -0.42479224E-03
    2639     -0.70926293E-09     -0.71540403E-09     -0.17741463E-03     -0.42479224E-03
    2640     -0.70926723E-09     -0.71540403E-09     -0.17746923E-03     -0.42479224E-03
    2641     -0.70927540E-09     -0.71540403E-09     -0.17755337E-03     -0.42479224E-03
    2642     -0.70928207E-09     -0.71540403E-09     -0.17763151E-03     -0.42479224E-03
    2643     -0.70928843E-09     -0.71540403E-09     -0.17770767E-03     -0.42479224E-03
    2644     -0.70929358E-09     -0.71540403E-09     -0.17777014E-03     -0.42479224E-03
    2645     -0.70930064E-09     -0.71540403E-09     -0.17785642E-03     -0.42479224E-03
    2646     -0.70930736E-09     -0.71540403E-09     -0.17793575E-03     -0.42479224E-03
    2647     -0.70931258E-09     -0.71540403E-09     -0.17800355E-03     -0.42479224E-03
    2648     -0.70931763E-09     -0.71540403E-09     -0.17806780E-03     -0.42479224E-03
    2649     -0.70932144E-09     -0.71540403E-09     -0.17811885E-03     -0.42479224E-03
    2650     -0.70932609E-09     -0.71540403E-09     -0.17817795E-03     -0.42479224E-03
    2651     -0.70933013E-09     -0.71540403E-09     -0.17823364E-03     -0.42479224E-03
    2652     -0.70933303E-09     -0.71540403E-09     -0.17827315E-03     -0.42479224E-03
    2653     -0.70933689E-09     -0.71540403E-09     -0.17832913E-03     -0.42479224E-03
    2654     -0.70934066E-09     -0.71540403E-09     -0.17838071E-03     -0.42479224E-03
    2655     -0.70934500E-09     -0.71540403E-09     -0.17843286E-03     -0.42479224E-03
    2656     -0.70934889E-09     -0.71540403E-09     -0.17848143E-03     -0.42479224E-03
    2657     -0.70935287E-09     -0.71540403E-09     -0.17853357E-03     -0.42479224E-03
    2658     -0.70936187E-09     -0.71540403E-09     -0.17862933E-03     -0.42479224E-03
    2659     -0.70936838E-09     -0.71540403E-09     -0.17869199E-03     -0.42479224E-03
    2660     -0.70937210E-09     -0.71540403E-09     -0.17874121E-03     -0.42479224E-03
    2661     -0.70937827E-09     -0.71540403E-09     -0.17881087E-03     -0.42479224E-03
    2662     -0.70938220E-09     -0.71540403E-09     -0.17886137E-03     -0.42479224E-03
    2663     -0.70938756E-09     -0.71540403E-09     -0.17891938E-03     -0.42479224E-03
    2664     -0.70939612E-09     -0.71540403E-09     -0.17900678E-03     -0.42479224E-03
    2665     -0.70940141E-09     -0.71540403E-09     -0.17906440E-03     -0.42479224E-03
    2666     -0.70940748E-09     -0.71540403E-09     -0.17912120E-03     -0.42479224E-03
    2667     -0.70941341E-09     -0.71540403E-09     -0.17918375E-03     -0.42479224E-03
    2668     -0.70942010E-09     -0.71540403E-09     -0.17924816E-03     -0.42479224E-03
    2669     -0.70942513E-09     -0.71540403E-09     -0.17929918E-03     -0.42479224E-03
    2670     -0.70943096E-09     -0.71540403E-09     -0.17935674E-03     -0.42479224E-03
    2671     -0.70943510E-09     -0.71540403E-09     -0.17940552E-03     -0.42479224E-03
    2672     -0.70944118E-09     -0.71540403E-09     -0.17947085E-03     -0.42479224E-03
    2673     -0.70945015E-09     -0.71540403E-09     -0.17954104E-03     -0.42479224E-03
    2674     -0.70945568E-09     -0.71540403E-09     -0.17959664E-03     -0.42479224E-03
    2675     -0.70946150E-09     -0.71540403E-09     -0.17965681E-03     -0.42479224E-03
    2676     -0.70946548E-09     -0.71540403E-09     -0.17969641E-03     -0.42479224E-03
    2677     -0.70948293E-09     -0.71540403E-09     -0.17982324E-03     -0.42479224E-03
    2678     -0.70949631E-09     -0.71540403E-09     -0.17992040E-03     -0.42479224E-03
    2679     -0.70950738E-09     -0.71540403E-09     -0.18000998E-03     -0.42479224E-03
    2680     -0.70951321E-09     -0.71540403E-09     -0.18006837E-03     -0.42479224E-03
    2681     -0.70951710E-09     -0.71540403E-09     -0.18011480E-03     -0.42479224E-03
    2682     -0.70952392E-09     -0.71540403E-09     -0.18019003E-03     -0.42479224E-03
    2683     -0.70953032E-09     -0.71540403E-09     -0.18026577E-03     -0.42479224E-03
    2684     -0.70953814E-09     -0.71540403E-09     -0.18035340E-03     -0.42479224E-03
    2685     -0.70954278E-09     -0.71540403E-09     -0.18041099E-03     -0.42479224E-03
    2686     -0.70954552E-09     -0.71540403E-09     -0.18044629E-03     -0.42479224E-03
    2687     -0.70954850E-09     -0.71540403E-09     -0.18049243E-03     -0.42479224E-03
    2688     -0.70955204E-09     -0.71540403E-09     -0.18053585E-03     -0.42479224E-03
    2689     -0.70955523E-09     -0.71540403E-09     -0.18058094E-03     -0.42479224E-03
    2690     -0.70955878E-09     -0.71540403E-09     -0.18063214E-03     -0.42479224E-03
    2691     -0.70956283E-09     -0.71540403E-09     -0.18068409E-03     -0.42479224E-03
    2692     -0.70956921E-09     -0.71540403E-09     -0.18075822E-03     -0.42479224E-03
    2693     -0.70957454E-09     -0.71540403E-09     -0.18082164E-03     -0.42479224E-03
    2694     -0.70957854E-09     -0.71540403E-09     -0.18087582E-03     -0.42479224E-03
    2695     -0.70958197E-09     -0.71540403E-09     -0.18092489E-03     -0.42479224E-03
    2696     -0.70958505E-09     -0.71540403E-09     -0.18097752E-03     -0.42479224E-03
    2697     -0.70958936E-09     -0.71540403E-09     -0.18102676E-03     -0.42479224E-03
    2698     -0.70959278E-09     -0.71540403E-09     -0.18107753E-03     -0.42479224E-03
    2699     -0.70959666E-09     -0.71540403E-09     -0.18113593E-03     -0.42479224E-03
    2700     -0.70959998E-09     -0.71540403E-09     -0.18118838E-03     -0.42479224E-03
    2701     -0.70960413E-09     -0.71540403E-09     -0.18124754E-03     -0.42479224E-03
    2702     -0.70960754E-09     -0.71540403E-09     -0.18129871E-03     -0.42479224E-03
    2703     -0.70961078E-09     -0.71540403E-09     -0.18134722E-03     -0.42479224E-03
    2704     -0.70961530E-09     -0.71540403E-09     -0.18141348E-03     -0.42479224E-03
    2705     -0.70961795E-09     -0.71540403E-09     -0.18146169E-03     -0.42479224E-03
    2706     -0.70962106E-09     -0.71540403E-09     -0.18150546E-03     -0.42479224E-03
    2707     -0.70962401E-09     -0.71540403E-09     -0.18155199E-03     -0.42479224E-03
    2708     -0.70962640E-09     -0.71540403E-09     -0.18158874E-03     -0.42479224E-03
    2709     -0.70963025E-09     -0.71540403E-09     -0.18164046E-03     -0.42479224E-03
    2710     -0.70963344E-09     -0.71540403E-09     -0.18168918E-03     -0.42479224E-03
    2711     -0.70963776E-09     -0.71540403E-09     -0.18175250E-03     -0.42479224E-03
    2712     -0.70964255E-09     -0.71540403E-09     -0.18182462E-03     -0.42479224E-03
    2713     -0.70964703E-09     -0.71540403E-09     -0.18187804E-03     -0.42479224E-03
    2714     -0.70965144E-09     -0.71540403E-09     -0.18192712E-03     -0.42479224E-03
    2715     -0.70965778E-09     -0.71540403E-09     -0.18201317E-03     -0.42479224E-03
    2716     -0.70966258E-09     -0.71540403E-09     -0.18207371E-03     -0.42479224E-03
    2717     -0.70966709E-09     -0.71540403E-09     -0.18212452E-03     -0.42479224E-03
    2718     -0.70967311E-09     -0.71540403E-09     -0.18219600E-03     -0.42479224E-03
    2719     -0.70967600E-09     -0.71540403E-09     -0.18224103E-03     -0.42479224E-03
    2720     -0.70967937E-09     -0.71540403E-09     -0.18228932E-03     -0.42479224E-03
    2721     -0.70968289E-09     -0.71540403E-09     -0.18233570E-03     -0.42479224E-03
    2722     -0.70968613E-09     -0.71540403E-09     -0.18238256E-03     -0.42479224E-03
    2723     -0.70968959E-09     -0.71540403E-09     -0.18242163E-03     -0.42479224E-03
    2724     -0.70969345E-09     -0.71540403E-09     -0.18247148E-03     -0.42479224E-03
    2725     -0.70969689E-09     -0.71540403E-09     -0.18251469E-03     -0.42479224E-03
    2726     -0.70970012E-09     -0.71540403E-09     -0.18256639E-03     -0.42479224E-03
    2727     -0.70970514E-09     -0.71540403E-09     -0.18261473E-03     -0.42479224E-03
    2728     -0.70971355E-09     -0.71540403E-09     -0.18269348E-03     -0.42479224E-03
    2729     -0.70971723E-09     -0.71540403E-09     -0.18274573E-03     -0.42479224E-03
    2730     -0.70972250E-09     -0.71540403E-09     -0.18280498E-03     -0.42479224E-03
    2731     -0.70972598E-09     -0.71540403E-09     -0.18286120E-03     -0.42479224E-03
    2732     -0.70973146E-09     -0.71540403E-09     -0.18292540E-03     -0.42479224E-03
    2733     -0.70973978E-09     -0.71540403E-09     -0.18299464E-03     -0.42479224E-03
    2734     -0.70974362E-09     -0.71540403E-09     -0.18305014E-03     -0.42479224E-03
    2735     -0.70974599E-09     -0.71540403E-09     -0.18308909E-03     -0.42479224E-03
    2736     -0.70974948E-09     -0.71540403E-09     -0.18316028E-03     -0.42479224E-03
    2737     -0.70975206E-09     -0.71540403E-09     -0.18320699E-03     -0.42479224E-03
    2738     -0.70975568E-09     -0.71540403E-09     -0.18325586E-03     -0.42479224E-03
    2739     -0.70975955E-09     -0.71540403E-09     -0.18332270E-03     -0.42479224E-03
    2740     -0.70976223E-09     -0.71540403E-09     -0.18336668E-03     -0.42479224E-03
    2741     -0.70976601E-09     -0.71540403E-09     -0.18341439E-03     -0.42479224E-03
    2742     -0.70976909E-09     -0.71540403E-09     -0.18346713E-03     -0.42479224E-03
    2743     -0.70977181E-09     -0.71540403E-09     -0.18350975E-03     -0.42479224E-03
    2744     -0.70977489E-09     -0.71540403E-09     -0.18355906E-03     -0.42479224E-03
    2745     -0.70977746E-09     -0.71540403E-09     -0.18359859E-03     -0.42479224E-03
    2746     -0.70978093E-09     -0.71540403E-09     -0.18365327E-03     -0.42479224E-03
    2747     -0.70978387E-09     -0.71540403E-09     -0.18369983E-03     -0.42479224E-03
    2748     -0.70978684E-09     -0.71540403E-09     -0.18375157E-03     -0.42479224E-03
    2749     -0.70978970E-09     -0.71540403E-09     -0.18380745E-03     -0.42479224E-03
    2750     -0.70979277E-09     -0.71540403E-09     -0.18386452E-03     -0.42479224E-03
    2751     -0.70979624E-09     -0.71540403E-09     -0.18392485E-03     -0.42479224E-03
    2752     -0.70979867E-09     -0.71540403E-09     -0.18395992E-03     -0.42479224E-03
    2753     -0.70980145E-09     -0.71540403E-09     -0.18400631E-03     -0.42479224E-03
    2754     -0.70980478E-09     -0.71540403E-09     -0.18406008E-03     -0.42479224E-03
    2755     -0.70980747E-09     -0.71540403E-09     -0.18410427E-03     -0.42479224E-03
    2756     -0.70980973E-09     -0.71540403E-09     -0.18414919E-03     -0.42479224E-03
    2757     -0.70981337E-09     -0.71540403E-09     -0.18421046E-03     -0.42479224E-03
    2758     -0.70981620E-09     -0.71540403E-09     -0.18427028E-03     -0.42479224E-03
    2759     -0.70982004E-09     -0.71540403E-09     -0.18435708E-03     -0.42479224E-03
    2760     -0.70982307E-09     -0.71540403E-09     -0.18442453E-03     -0.42479224E-03
    2761     -0.70982573E-09     -0.71540403E-09     -0.18447774E-03     -0.42479224E-03
    2762     -0.70982937E-09     -0.71540403E-09     -0.18455649E-03     -0.42479224E-03
    2763     -0.70983150E-09     -0.71540403E-09     -0.18460104E-03     -0.42479224E-03
    2764     -0.70983572E-09     -0.71540403E-09     -0.18469136E-03     -0.42479224E-03
    2765     -0.70983764E-09     -0.71540403E-09     -0.18473591E-03     -0.42479224E-03
    2766     -0.70984062E-09     -0.71540403E-09     -0.18478958E-03     -0.42479224E-03
    2767     -0.70984363E-09     -0.71540403E-09     -0.18485572E-03     -0.42479224E-03
    2768     -0.70984554E-09     -0.71540403E-09     -0.18488800E-03     -0.42479224E-03
    2769     -0.70984752E-09     -0.71540403E-09     -0.18492325E-03     -0.42479224E-03
    2770     -0.70985010E-09     -0.71540403E-09     -0.18496887E-03     -0.42479224E-03
    2771     -0.70985286E-09     -0.71540403E-09     -0.18501569E-03     -0.42479224E-03
    2772     -0.70985533E-09     -0.71540403E-09     -0.18505844E-03     -0.42479224E-03
    2773     -0.70985844E-09     -0.71540403E-09     -0.18511567E-03     -0.42479224E-03
    2774     -0.70986059E-09     -0.71540403E-09     -0.18515612E-03     -0.42479224E-03
    2775     -0.70986283E-09     -0.71540403E-09     -0.18519357E-03     -0.42479224E-03
    2776     -0.70986516E-09     -0.71540403E-09     -0.18523200E-03     -0.42479224E-03
    2777     -0.70986768E-09     -0.71540403E-09     -0.18527588E-03     -0.42479224E-03
    2778     -0.70987001E-09     -0.71540403E-09     -0.18531091E-03     -0.42479224E-03
    2779     -0.70987161E-09     -0.71540403E-09     -0.18534437E-03     -0.42479224E-03
    2780     -0.70987321E-09     -0.71540403E-09     -0.18537235E-03     -0.42479224E-03
    2781     -0.70987542E-09     -0.71540403E-09     -0.18540887E-03     -0.42479224E-03
    2782     -0.70987735E-09     -0.71540403E-09     -0.18544045E-03     -0.42479224E-03
    2783     -0.70987934E-09     -0.71540403E-09     -0.18547455E-03     -0.42479224E-03
    2784     -0.70988165E-09     -0.71540403E-09     -0.18551827E-03     -0.42479224E-03
    2785     -0.70988383E-09     -0.71540403E-09     -0.18555514E-03     -0.42479224E-03
    2786     -0.70988576E-09     -0.71540403E-09     -0.18559159E-03     -0.42479224E-03
    2787     -0.70988842E-09     -0.71540403E-09     -0.18564230E-03     -0.42479224E-03
    2788     -0.70989141E-09     -0.71540403E-09     -0.18569074E-03     -0.42479224E-03
    2789     -0.70989335E-09     -0.71540403E-09     -0.18572454E-03     -0.42479224E-03
    2790     -0.70989562E-09     -0.71540403E-09     -0.18576868E-03     -0.42479224E-03
    2791     -0.70989765E-09     -0.71540403E-09     -0.18580556E-03     -0.42479224E-03
    2792     -0.70989998E-09     -0.71540403E-09     -0.18584975E-03     -0.42479224E-03
    2793     -0.70990235E-09     -0.71540403E-09     -0.18589356E-03     -0.42479224E-03
    2794     -0.70990523E-09     -0.71540403E-09     -0.18594225E-03     -0.42479224E-03
    2795     -0.70990791E-09     -0.71540403E-09     -0.18598313E-03     -0.42479224E-03
    2796     -0.70991071E-09     -0.71540403E-09     -0.18602643E-03     -0.42479224E-03
    2797     -0.70991370E-09     -0.71540403E-09     -0.18607102E-03     -0.42479224E-03
    2798     -0.70991595E-09     -0.71540403E-09     -0.18611416E-03     -0.42479224E-03
    2799     -0.70991805E-09     -0.71540403E-09     -0.18615178E-03     -0.42479224E-03
    2800     -0.70992083E-09     -0.71540403E-09     -0.18620297E-03     -0.42479224E-03
    2801     -0.70992328E-09     -0.71540403E-09     -0.18624417E-03     -0.42479224E-03
    2802     -0.70992583E-09     -0.71540403E-09     -0.18629321E-03     -0.42479224E-03
    2803     -0.70992849E-09     -0.71540403E-09     -0.18634044E-03     -0.42479224E-03
    2804     -0.70993067E-09     -0.71540403E-09     -0.18637823E-03     -0.42479224E-03
    2805     -0.70993332E-09     -0.71540403E-09     -0.18642323E-03     -0.42479224E-03
    2806     -0.70993542E-09     -0.71540403E-09     -0.18645887E-03     -0.42479224E-03
    2807     -0.70993738E-09     -0.71540403E-09     -0.18649439E-03     -0.42479224E-03
    2808     -0.70993938E-09     -0.71540403E-09     -0.18653795E-03     -0.42479224E-03
    2809     -0.70994178E-09     -0.71540403E-09     -0.18658560E-03     -0.42479224E-03
    2810     -0.70994473E-09     -0.71540403E-09     -0.18664674E-03     -0.42479224E-03
    2811     -0.70994760E-09     -0.71540403E-09     -0.18669650E-03     -0.42479224E-03
    2812     -0.70995047E-09     -0.71540403E-09     -0.18675210E-03     -0.42479224E-03
    2813     -0.70995311E-09     -0.71540403E-09     -0.18680229E-03     -0.42479224E-03
    2814     -0.70995595E-09     -0.71540403E-09     -0.18685948E-03     -0.42479224E-03
    2815     -0.70995864E-09     -0.71540403E-09     -0.18691200E-03     -0.42479224E-03
    2816     -0.70996147E-09     -0.71540403E-09     -0.18696709E-03     -0.42479224E-03
    2817     -0.70996474E-09     -0.71540403E-09     -0.18702419E-03     -0.42479224E-03
    2818     -0.70996770E-09     -0.71540403E-09     -0.18707715E-03     -0.42479224E-03
    2819     -0.70997297E-09     -0.71540403E-09     -0.18714747E-03     -0.42479224E-03
    2820     -0.70997667E-09     -0.71540403E-09     -0.18720739E-03     -0.42479224E-03
    2821     -0.70997937E-09     -0.71540403E-09     -0.18726487E-03     -0.42479224E-03
    2822     -0.70998157E-09     -0.71540403E-09     -0.18730728E-03     -0.42479224E-03
    2823     -0.70999298E-09     -0.71540403E-09     -0.18745290E-03     -0.42479224E-03
    2824     -0.70999912E-09     -0.71540403E-09     -0.18753799E-03     -0.42479224E-03
    2825     -0.71000556E-09     -0.71540403E-09     -0.18762335E-03     -0.42479224E-03
    2826     -0.71001014E-09     -0.71540403E-09     -0.18769869E-03     -0.42479224E-03
    2827     -0.71001294E-09     -0.71540403E-09     -0.18775488E-03     -0.42479224E-03
    2828     -0.71001759E-09     -0.71540403E-09     -0.18781996E-03     -0.42479224E-03
    2829     -0.71002297E-09     -0.71540403E-09     -0.18791391E-03     -0.42479224E-03
    2830     -0.71002575E-09     -0.71540403E-09     -0.18796603E-03     -0.42479224E-03
    2831     -0.71003113E-09     -0.71540403E-09     -0.18805321E-03     -0.42479224E-03
    2832     -0.71003433E-09     -0.71540403E-09     -0.18812322E-03     -0.42479224E-03
    2833     -0.71003646E-09     -0.71540403E-09     -0.18816213E-03     -0.42479224E-03
    2834     -0.71003916E-09     -0.71540403E-09     -0.18822188E-03     -0.42479224E-03
    2835     -0.71004414E-09     -0.71540403E-09     -0.18830227E-03     -0.42479224E-03
    2836     -0.71004763E-09     -0.71540403E-09     -0.18836882E-03     -0.42479224E-03
    2837     -0.71005049E-09     -0.71540403E-09     -0.18842480E-03     -0.42479224E-03
    2838     -0.71005509E-09     -0.71540403E-09     -0.18850463E-03     -0.42479224E-03
    2839     -0.71006039E-09     -0.71540403E-09     -0.18858358E-03     -0.42479224E-03
    2840     -0.71006311E-09     -0.71540403E-09     -0.18863500E-03     -0.42479224E-03
    2841     -0.71008153E-09     -0.71540403E-09     -0.18884449E-03     -0.42479224E-03
    2842     -0.71008793E-09     -0.71540403E-09     -0.18894795E-03     -0.42479224E-03
    2843     -0.71009243E-09     -0.71540403E-09     -0.18901758E-03     -0.42479224E-03
    2844     -0.71009726E-09     -0.71540403E-09     -0.18909378E-03     -0.42479224E-03
    2845     -0.71010342E-09     -0.71540403E-09     -0.18918609E-03     -0.42479224E-03
    2846     -0.71010700E-09     -0.71540403E-09     -0.18925964E-03     -0.42479224E-03
    2847     -0.71011275E-09     -0.71540403E-09     -0.18935271E-03     -0.42479224E-03
    2848     -0.71011934E-09     -0.71540403E-09     -0.18943994E-03     -0.42479224E-03
    2849     -0.71012348E-09     -0.71540403E-09     -0.18950450E-03     -0.42479224E-03
    2850     -0.71012718E-09     -0.71540403E-09     -0.18956257E-03     -0.42479224E-03
    2851     -0.71013035E-09     -0.71540403E-09     -0.18962358E-03     -0.42479224E-03
    2852     -0.71013267E-09     -0.71540403E-09     -0.18966887E-03     -0.42479224E-03
    2853     -0.71013520E-09     -0.71540403E-09     -0.18972577E-03     -0.42479224E-03
    2854     -0.71013955E-09     -0.71540403E-09     -0.18980932E-03     -0.42479224E-03
    2855     -0.71014265E-09     -0.71540403E-09     -0.18987936E-03     -0.42479224E-03
    2856     -0.71014569E-09     -0.71540403E-09     -0.18995625E-03     -0.42479224E-03
    2857     -0.71014916E-09     -0.71540403E-09     -0.19003060E-03     -0.42479224E-03
    2858     -0.71015187E-09     -0.71540403E-09     -0.19009455E-03     -0.42479224E-03
    2859     -0.71015489E-09     -0.71540403E-09     -0.19017000E-03     -0.42479224E-03
    2860     -0.71015793E-09     -0.71540403E-09     -0.19023331E-03     -0.42479224E-03
    2861     -0.71016059E-09     -0.71540403E-09     -0.19029394E-03     -0.42479224E-03
    2862     -0.71016339E-09     -0.71540403E-09     -0.19035355E-03     -0.42479224E-03
    2863     -0.71016570E-09     -0.71540403E-09     -0.19039898E-03     -0.42479224E-03
    2864     -0.71016772E-09     -0.71540403E-09     -0.19043724E-03     -0.42479224E-03
    2865     -0.71017001E-09     -0.71540403E-09     -0.19048305E-03     -0.42479224E-03
    2866     -0.71017201E-09     -0.71540403E-09     -0.19052195E-03     -0.42479224E-03
    2867     -0.71017451E-09     -0.71540403E-09     -0.19056758E-03     -0.42479224E-03
    2868     -0.71017647E-09     -0.71540403E-09     -0.19060874E-03     -0.42479224E-03
    2869     -0.71017948E-09     -0.71540403E-09     -0.19066192E-03     -0.42479224E-03
    2870     -0.71018127E-09     -0.71540403E-09     -0.19069708E-03     -0.42479224E-03
    2871     -0.71018371E-09     -0.71540403E-09     -0.19074405E-03     -0.42479224E-03
    2872     -0.71018597E-09     -0.71540403E-09     -0.19079385E-03     -0.42479224E-03
    2873     -0.71018802E-09     -0.71540403E-09     -0.19083446E-03     -0.42479224E-03
    2874     -0.71019018E-09     -0.71540403E-09     -0.19087687E-03     -0.42479224E-03
    2875     -0.71019264E-09     -0.71540403E-09     -0.19092064E-03     -0.42479224E-03
    2876     -0.71019512E-09     -0.71540403E-09     -0.19097188E-03     -0.42479224E-03
    2877     -0.71019713E-09     -0.71540403E-09     -0.19101174E-03     -0.42479224E-03
    2878     -0.71020095E-09     -0.71540403E-09     -0.19108252E-03     -0.42479224E-03
    2879     -0.71020281E-09     -0.71540403E-09     -0.19112593E-03     -0.42479224E-03
    2880     -0.71020487E-09     -0.71540403E-09     -0.19117415E-03     -0.42479224E-03
    2881     -0.71020811E-09     -0.71540403E-09     -0.19124055E-03     -0.42479224E-03
    2882     -0.71021115E-09     -0.71540403E-09     -0.19130277E-03     -0.42479224E-03
    2883     -0.71021474E-09     -0.71540403E-09     -0.19136498E-03     -0.42479224E-03
    2884     -0.71021692E-09     -0.71540403E-09     -0.19142274E-03     -0.42479224E-03
    2885     -0.71022064E-09     -0.71540403E-09     -0.19149098E-03     -0.42479224E-03
    2886     -0.71022594E-09     -0.71540403E-09     -0.19159036E-03     -0.42479224E-03
    2887     -0.71023298E-09     -0.71540403E-09     -0.19169455E-03     -0.42479224E-03
    2888     -0.71023771E-09     -0.71540403E-09     -0.19178444E-03     -0.42479224E-03
    2889     -0.71024552E-09     -0.71540403E-09     -0.19190673E-03     -0.42479224E-03
    2890     -0.71025379E-09     -0.71540403E-09     -0.19205355E-03     -0.42479224E-03
    2891     -0.71025787E-09     -0.71540403E-09     -0.19214716E-03     -0.42479224E-03
    2892     -0.71026231E-09     -0.71540403E-09     -0.19223199E-03     -0.42479224E-03
    2893     -0.71026619E-09     -0.71540403E-09     -0.19230835E-03     -0.42479224E-03
    2894     -0.71026891E-09     -0.71540403E-09     -0.19236514E-03     -0.42479224E-03
    2895     -0.71027264E-09     -0.71540403E-09     -0.19243876E-03     -0.42479224E-03
    2896     -0.71027541E-09     -0.71540403E-09     -0.19250287E-03     -0.42479224E-03
    2897     -0.71027867E-09     -0.71540403E-09     -0.19257024E-03     -0.42479224E-03
    2898     -0.71028178E-09     -0.71540403E-09     -0.19263583E-03     -0.42479224E-03
    2899     -0.71028458E-09     -0.71540403E-09     -0.19269971E-03     -0.42479224E-03
    2900     -0.71028760E-09     -0.71540403E-09     -0.19275687E-03     -0.42479224E-03
    2901     -0.71029069E-09     -0.71540403E-09     -0.19281769E-03     -0.42479224E-03
    2902     -0.71029305E-09     -0.71540403E-09     -0.19286914E-03     -0.42479224E-03
    2903     -0.71029540E-09     -0.71540403E-09     -0.19292666E-03     -0.42479224E-03
    2904     -0.71029874E-09     -0.71540403E-09     -0.19299884E-03     -0.42479224E-03
    2905     -0.71030188E-09     -0.71540403E-09     -0.19306345E-03     -0.42479224E-03
    2906     -0.71030742E-09     -0.71540403E-09     -0.19318079E-03     -0.42479224E-03
    2907     -0.71030993E-09     -0.71540403E-09     -0.19323923E-03     -0.42479224E-03
    2908     -0.71031301E-09     -0.71540403E-09     -0.19330616E-03     -0.42479224E-03
    2909     -0.71031595E-09     -0.71540403E-09     -0.19337192E-03     -0.42479224E-03
    2910     -0.71031785E-09     -0.71540403E-09     -0.19340764E-03     -0.42479224E-03
    2911     -0.71032075E-09     -0.71540403E-09     -0.19347233E-03     -0.42479224E-03
    2912     -0.71032300E-09     -0.71540403E-09     -0.19351850E-03     -0.42479224E-03
    2913     -0.71032574E-09     -0.71540403E-09     -0.19357878E-03     -0.42479224E-03
    2914     -0.71032882E-09     -0.71540403E-09     -0.19363683E-03     -0.42479224E-03
    2915     -0.71033092E-09     -0.71540403E-09     -0.19368300E-03     -0.42479224E-03
    2916     -0.71033292E-09     -0.71540403E-09     -0.19372509E-03     -0.42479224E-03
    2917     -0.71033534E-09     -0.71540403E-09     -0.19377812E-03     -0.42479224E-03
    2918     -0.71033786E-09     -0.71540403E-09     -0.19383409E-03     -0.42479224E-03
    2919     -0.71033947E-09     -0.71540403E-09     -0.19387125E-03     -0.42479224E-03
    2920     -0.71034117E-09     -0.71540403E-09     -0.19391191E-03     -0.42479224E-03
    2921     -0.71034281E-09     -0.71540403E-09     -0.19394824E-03     -0.42479224E-03
    2922     -0.71034480E-09     -0.71540403E-09     -0.19399697E-03     -0.42479224E-03
    2923     -0.71034677E-09     -0.71540403E-09     -0.19404032E-03     -0.42479224E-03
    2924     -0.71034836E-09     -0.71540403E-09     -0.19407678E-03     -0.42479224E-03
    2925     -0.71034989E-09     -0.71540403E-09     -0.19411028E-03     -0.42479224E-03
    2926     -0.71035183E-09     -0.71540403E-09     -0.19415215E-03     -0.42479224E-03
    2927     -0.71035396E-09     -0.71540403E-09     -0.19419966E-03     -0.42479224E-03
    2928     -0.71035566E-09     -0.71540403E-09     -0.19423730E-03     -0.42479224E-03
    2929     -0.71035748E-09     -0.71540403E-09     -0.19428240E-03     -0.42479224E-03
    2930     -0.71035930E-09     -0.71540403E-09     -0.19432560E-03     -0.42479224E-03
    2931     -0.71036092E-09     -0.71540403E-09     -0.19436305E-03     -0.42479224E-03
    2932     -0.71036249E-09     -0.71540403E-09     -0.19440942E-03     -0.42479224E-03
    2933     -0.71036409E-09     -0.71540403E-09     -0.19444971E-03     -0.42479224E-03
    2934     -0.71036606E-09     -0.71540403E-09     -0.19449504E-03     -0.42479224E-03
    2935     -0.71036759E-09     -0.71540403E-09     -0.19452838E-03     -0.42479224E-03
    2936     -0.71036946E-09     -0.71540403E-09     -0.19457429E-03     -0.42479224E-03
    2937     -0.71037112E-09     -0.71540403E-09     -0.19461738E-03     -0.42479224E-03
    2938     -0.71037273E-09     -0.71540403E-09     -0.19465838E-03     -0.42479224E-03
    2939     -0.71037473E-09     -0.71540403E-09     -0.19470489E-03     -0.42479224E-03
    2940     -0.71037748E-09     -0.71540403E-09     -0.19477681E-03     -0.42479224E-03
    2941     -0.71037936E-09     -0.71540403E-09     -0.19482189E-03     -0.42479224E-03
    2942     -0.71038151E-09     -0.71540403E-09     -0.19487155E-03     -0.42479224E-03
    2943     -0.71038382E-09     -0.71540403E-09     -0.19493265E-03     -0.42479224E-03
    2944     -0.71038618E-09     -0.71540403E-09     -0.19499061E-03     -0.42479224E-03
    2945     -0.71038758E-09     -0.71540403E-09     -0.19502798E-03     -0.42479224E-03
    2946     -0.71038899E-09     -0.71540403E-09     -0.19506426E-03     -0.42479224E-03
    2947     -0.71039049E-09     -0.71540403E-09     -0.19509934E-03     -0.42479224E-03
    2948     -0.71039206E-09     -0.71540403E-09     -0.19513570E-03     -0.42479224E-03
    2949     -0.71039358E-09     -0.71540403E-09     -0.19517223E-03     -0.42479224E-03
    2950     -0.71039524E-09     -0.71540403E-09     -0.19521034E-03     -0.42479224E-03
    2951     -0.71039713E-09     -0.71540403E-09     -0.19526183E-03     -0.42479224E-03
    2952     -0.71039894E-09     -0.71540403E-09     -0.19530485E-03     -0.42479224E-03
    2953     -0.71040034E-09     -0.71540403E-09     -0.19534239E-03     -0.42479224E-03
    2954     -0.71040242E-09     -0.71540403E-09     -0.19539456E-03     -0.42479224E-03
    2955     -0.71040384E-09     -0.71540403E-09     -0.19543399E-03     -0.42479224E-03
    2956     -0.71040571E-09     -0.71540403E-09     -0.19547726E-03     -0.42479224E-03
    2957     -0.71040724E-09     -0.71540403E-09     -0.19552112E-03     -0.42479224E-03
    2958     -0.71040883E-09     -0.71540403E-09     -0.19556139E-03     -0.42479224E-03
    2959     -0.71041023E-09     -0.71540403E-09     -0.19559414E-03     -0.42479224E-03
    2960     -0.71041184E-09     -0.71540403E-09     -0.19563195E-03     -0.42479224E-03
    2961     -0.71041369E-09     -0.71540403E-09     -0.19567537E-03     -0.42479224E-03
    2962     -0.71041525E-09     -0.71540403E-09     -0.19571504E-03     -0.42479224E-03
    2963     -0.71041679E-09     -0.71540403E-09     -0.19574817E-03     -0.42479224E-03
    2964     -0.71041820E-09     -0.71540403E-09     -0.19578306E-03     -0.42479224E-03
    2965     -0.71041990E-09     -0.71540403E-09     -0.19582479E-03     -0.42479224E-03
    2966     -0.71042146E-09     -0.71540403E-09     -0.19585999E-03     -0.42479224E-03
    2967     -0.71042287E-09     -0.71540403E-09     -0.19589250E-03     -0.42479224E-03
    2968     -0.71042491E-09     -0.71540403E-09     -0.19593953E-03     -0.42479224E-03
    2969     -0.71042668E-09     -0.71540403E-09     -0.19597922E-03     -0.42479224E-03
    2970     -0.71042798E-09     -0.71540403E-09     -0.19601145E-03     -0.42479224E-03
    2971     -0.71042972E-09     -0.71540403E-09     -0.19605249E-03     -0.42479224E-03
    2972     -0.71043133E-09     -0.71540403E-09     -0.19609573E-03     -0.42479224E-03
    2973     -0.71043282E-09     -0.71540403E-09     -0.19613185E-03     -0.42479224E-03
    2974     -0.71043468E-09     -0.71540403E-09     -0.19617758E-03     -0.42479224E-03
    2975     -0.71043624E-09     -0.71540403E-09     -0.19621857E-03     -0.42479224E-03
    2976     -0.71043802E-09     -0.71540403E-09     -0.19627059E-03     -0.42479224E-03
    2977     -0.71043972E-09     -0.71540403E-09     -0.19631255E-03     -0.42479224E-03
    2978     -0.71044214E-09     -0.71540403E-09     -0.19637260E-03     -0.42479224E-03
    2979     -0.71044386E-09     -0.71540403E-09     -0.19641521E-03     -0.42479224E-03
    2980     -0.71044661E-09     -0.71540403E-09     -0.19647836E-03     -0.42479224E-03
    2981     -0.71044970E-09     -0.71540403E-09     -0.19656240E-03     -0.42479224E-03
    2982     -0.71045212E-09     -0.71540403E-09     -0.19662165E-03     -0.42479224E-03
    2983     -0.71045435E-09     -0.71540403E-09     -0.19667458E-03     -0.42479224E-03
    2984     -0.71045699E-09     -0.71540403E-09     -0.19675027E-03     -0.42479224E-03
    2985     -0.71045930E-09     -0.71540403E-09     -0.19681557E-03     -0.42479224E-03
    2986     -0.71046151E-09     -0.71540403E-09     -0.19688428E-03     -0.42479224E-03
    2987     -0.71046386E-09     -0.71540403E-09     -0.19695858E-03     -0.42479224E-03
    2988     -0.71046607E-09     -0.71540403E-09     -0.19701401E-03     -0.42479224E-03
    2989     -0.71046853E-09     -0.71540403E-09     -0.19708701E-03     -0.42479224E-03
    2990     -0.71047060E-09     -0.71540403E-09     -0.19713900E-03     -0.42479224E-03
    2991     -0.71047294E-09     -0.71540403E-09     -0.19721779E-03     -0.42479224E-03
    2992     -0.71047464E-09     -0.71540403E-09     -0.19726169E-03     -0.42479224E-03
    2993     -0.71047705E-09     -0.71540403E-09     -0.19733657E-03     -0.42479224E-03
    2994     -0.71047913E-09     -0.71540403E-09     -0.19739391E-03     -0.42479224E-03
    2995     -0.71048123E-09     -0.71540403E-09     -0.19745357E-03     -0.42479224E-03
    2996     -0.71048351E-09     -0.71540403E-09     -0.19751795E-03     -0.42479224E-03
    2997     -0.71048553E-09     -0.71540403E-09     -0.19757071E-03     -0.42479224E-03
    2998     -0.71048784E-09     -0.71540403E-09     -0.19763690E-03     -0.42479224E-03
    2999     -0.71048997E-09     -0.71540403E-09     -0.19769050E-03     -0.42479224E-03
    3000     -0.71049173E-09     -0.71540403E-09     -0.19774492E-03     -0.42479224E-03
    3001     -0.71049365E-09     -0.71540403E-09     -0.19780373E-03     -0.42479224E-03
    3002     -0.71049540E-09     -0.71540403E-09     -0.19785192E-03     -0.42479224E-03
    3003     -0.71049737E-09     -0.71540403E-09     -0.19790252E-03     -0.42479224E-03
    3004     -0.71049936E-09     -0.71540403E-09     -0.19795115E-03     -0.42479224E-03
    3005     -0.71050117E-09     -0.71540403E-09     -0.19799684E-03     -0.42479224E-03
    3006     -0.71050327E-09     -0.71540403E-09     -0.19804631E-03     -0.42479224E-03
    3007     -0.71050530E-09     -0.71540403E-09     -0.19809813E-03     -0.42479224E-03
    3008     -0.71050718E-09     -0.71540403E-09     -0.19814323E-03     -0.42479224E-03
    3009     -0.71050945E-09     -0.71540403E-09     -0.19819722E-03     -0.42479224E-03
    3010     -0.71051182E-09     -0.71540403E-09     -0.19824883E-03     -0.42479224E-03
    3011     -0.71051345E-09     -0.71540403E-09     -0.19829339E-03     -0.42479224E-03
    3012     -0.71051603E-09     -0.71540403E-09     -0.19835119E-03     -0.42479224E-03
    3013     -0.71051740E-09     -0.71540403E-09     -0.19839083E-03     -0.42479224E-03
    3014     -0.71051895E-09     -0.71540403E-09     -0.19843104E-03     -0.42479224E-03
    3015     -0.71052101E-09     -0.71540403E-09     -0.19849097E-03     -0.42479224E-03
    3016     -0.71052330E-09     -0.71540403E-09     -0.19854401E-03     -0.42479224E-03
    3017     -0.71052870E-09     -0.71540403E-09     -0.19863863E-03     -0.42479224E-03
    3018     -0.71053349E-09     -0.71540403E-09     -0.19872842E-03     -0.42479224E-03
    3019     -0.71053659E-09     -0.71540403E-09     -0.19878817E-03     -0.42479224E-03
    3020     -0.71053860E-09     -0.71540403E-09     -0.19883366E-03     -0.42479224E-03
    3021     -0.71054622E-09     -0.71540403E-09     -0.19896694E-03     -0.42479224E-03
    3022     -0.71055372E-09     -0.71540403E-09     -0.19909612E-03     -0.42479224E-03
    3023     -0.71055685E-09     -0.71540403E-09     -0.19915271E-03     -0.42479224E-03
    3024     -0.71055869E-09     -0.71540403E-09     -0.19920155E-03     -0.42479224E-03
    3025     -0.71056169E-09     -0.71540403E-09     -0.19926901E-03     -0.42479224E-03
    3026     -0.71056360E-09     -0.71540403E-09     -0.19931935E-03     -0.42479224E-03
    3027     -0.71056572E-09     -0.71540403E-09     -0.19936130E-03     -0.42479224E-03
    3028     -0.71056751E-09     -0.71540403E-09     -0.19940417E-03     -0.42479224E-03
    3029     -0.71056946E-09     -0.71540403E-09     -0.19945196E-03     -0.42479224E-03
    3030     -0.71057174E-09     -0.71540403E-09     -0.19951316E-03     -0.42479224E-03
    3031     -0.71057343E-09     -0.71540403E-09     -0.19955454E-03     -0.42479224E-03
    3032     -0.71057583E-09     -0.71540403E-09     -0.19962158E-03     -0.42479224E-03
    3033     -0.71057824E-09     -0.71540403E-09     -0.19968499E-03     -0.42479224E-03
    3034     -0.71058084E-09     -0.71540403E-09     -0.19975372E-03     -0.42479224E-03
    3035     -0.71058342E-09     -0.71540403E-09     -0.19982485E-03     -0.42479224E-03
    3036     -0.71058653E-09     -0.71540403E-09     -0.19990742E-03     -0.42479224E-03
    3037     -0.71058850E-09     -0.71540403E-09     -0.19996207E-03     -0.42479224E-03
    3038     -0.71059056E-09     -0.71540403E-09     -0.20001153E-03     -0.42479224E-03
    3039     -0.71059277E-09     -0.71540403E-09     -0.20006075E-03     -0.42479224E-03
    3040     -0.71059432E-09     -0.71540403E-09     -0.20010419E-03     -0.42479224E-03
    3041     -0.71059603E-09     -0.71540403E-09     -0.20014293E-03     -0.42479224E-03
    3042     -0.71059787E-09     -0.71540403E-09     -0.20018696E-03     -0.42479224E-03
    3043     -0.71059960E-09     -0.71540403E-09     -0.20023134E-03     -0.42479224E-03
    3044     -0.71060100E-09     -0.71540403E-09     -0.20026807E-03     -0.42479224E-03
    3045     -0.71060278E-09     -0.71540403E-09     -0.20031204E-03     -0.42479224E-03
    3046     -0.71060596E-09     -0.71540403E-09     -0.20038294E-03     -0.42479224E-03
    3047     -0.71060805E-09     -0.71540403E-09     -0.20043445E-03     -0.42479224E-03
    3048     -0.71060965E-09     -0.71540403E-09     -0.20047345E-03     -0.42479224E-03
    3049     -0.71061155E-09     -0.71540403E-09     -0.20051977E-03     -0.42479224E-03
    3050     -0.71061322E-09     -0.71540403E-09     -0.20056445E-03     -0.42479224E-03
    3051     -0.71061839E-09     -0.71540403E-09     -0.20065883E-03     -0.42479224E-03
    3052     -0.71062218E-09     -0.71540403E-09     -0.20072596E-03     -0.42479224E-03
    3053     -0.71062771E-09     -0.71540403E-09     -0.20084147E-03     -0.42479224E-03
    3054     -0.71063573E-09     -0.71540403E-09     -0.20096885E-03     -0.42479224E-03
    3055     -0.71063863E-09     -0.71540403E-09     -0.20102397E-03     -0.42479224E-03
    3056     -0.71064268E-09     -0.71540403E-09     -0.20110541E-03     -0.42479224E-03
    3057     -0.71064479E-09     -0.71540403E-09     -0.20115583E-03     -0.42479224E-03
    3058     -0.71064904E-09     -0.71540403E-09     -0.20124024E-03     -0.42479224E-03
    3059     -0.71065454E-09     -0.71540403E-09     -0.20134079E-03     -0.42479224E-03
    3060     -0.71065810E-09     -0.71540403E-09     -0.20142059E-03     -0.42479224E-03
    3061     -0.71066039E-09     -0.71540403E-09     -0.20147334E-03     -0.42479224E-03
    3062     -0.71066200E-09     -0.71540403E-09     -0.20151396E-03     -0.42479224E-03
    3063     -0.71066409E-09     -0.71540403E-09     -0.20155980E-03     -0.42479224E-03
    3064     -0.71066600E-09     -0.71540403E-09     -0.20160097E-03     -0.42479224E-03
    3065     -0.71066853E-09     -0.71540403E-09     -0.20165098E-03     -0.42479224E-03
    3066     -0.71067023E-09     -0.71540403E-09     -0.20168984E-03     -0.42479224E-03
    3067     -0.71067210E-09     -0.71540403E-09     -0.20173231E-03     -0.42479224E-03
    3068     -0.71067378E-09     -0.71540403E-09     -0.20177148E-03     -0.42479224E-03
    3069     -0.71067535E-09     -0.71540403E-09     -0.20181529E-03     -0.42479224E-03
    3070     -0.71067701E-09     -0.71540403E-09     -0.20185034E-03     -0.42479224E-03
    3071     -0.71067862E-09     -0.71540403E-09     -0.20189340E-03     -0.42479224E-03
    3072     -0.71068005E-09     -0.71540403E-09     -0.20192771E-03     -0.42479224E-03
    3073     -0.71068224E-09     -0.71540403E-09     -0.20197229E-03     -0.42479224E-03
    3074     -0.71068375E-09     -0.71540403E-09     -0.20201068E-03     -0.42479224E-03
    3075     -0.71068547E-09     -0.71540403E-09     -0.20205459E-03     -0.42479224E-03
    3076     -0.71068657E-09     -0.71540403E-09     -0.20208293E-03     -0.42479224E-03
    3077     -0.71068879E-09     -0.71540403E-09     -0.20213315E-03     -0.42479224E-03
    3078     -0.71069039E-09     -0.71540403E-09     -0.20217166E-03     -0.42479224E-03
    3079     -0.71069256E-09     -0.71540403E-09     -0.20222361E-03     -0.42479224E-03
    3080     -0.71069479E-09     -0.71540403E-09     -0.20227548E-03     -0.42479224E-03
    3081     -0.71069638E-09     -0.71540403E-09     -0.20231313E-03     -0.42479224E-03
    3082     -0.71069913E-09     -0.71540403E-09     -0.20237596E-03     -0.42479224E-03
    3083     -0.71070115E-09     -0.71540403E-09     -0.20242862E-03     -0.42479224E-03
    3084     -0.71070327E-09     -0.71540403E-09     -0.20247949E-03     -0.42479224E-03
    3085     -0.71070558E-09     -0.71540403E-09     -0.20253184E-03     -0.42479224E-03
    3086     -0.71070718E-09     -0.71540403E-09     -0.20257748E-03     -0.42479224E-03
    3087     -0.71071070E-09     -0.71540403E-09     -0.20265689E-03     -0.42479224E-03
    3088     -0.71071285E-09     -0.71540403E-09     -0.20270669E-03     -0.42479224E-03
    3089     -0.71071473E-09     -0.71540403E-09     -0.20275214E-03     -0.42479224E-03
    3090     -0.71071688E-09     -0.71540403E-09     -0.20281394E-03     -0.42479224E-03
    3091     -0.71071956E-09     -0.71540403E-09     -0.20287820E-03     -0.42479224E-03
    3092     -0.71072281E-09     -0.71540403E-09     -0.20294918E-03     -0.42479224E-03
    3093     -0.71072544E-09     -0.71540403E-09     -0.20301199E-03     -0.42479224E-03
    3094     -0.71072834E-09     -0.71540403E-09     -0.20307763E-03     -0.42479224E-03
    3095     -0.71073003E-09     -0.71540403E-09     -0.20312369E-03     -0.42479224E-03
    3096     -0.71073228E-09     -0.71540403E-09     -0.20318200E-03     -0.42479224E-03
    3097     -0.71073447E-09     -0.71540403E-09     -0.20324691E-03     -0.42479224E-03
    3098     -0.71074102E-09     -0.71540403E-09     -0.20337609E-03     -0.42479224E-03
    3099     -0.71074475E-09     -0.71540403E-09     -0.20346120E-03     -0.42479224E-03
    3100     -0.71074665E-09     -0.71540403E-09     -0.20351457E-03     -0.42479224E-03
    3101     -0.71075179E-09     -0.71540403E-09     -0.20364151E-03     -0.42479224E-03
    3102     -0.71075549E-09     -0.71540403E-09     -0.20372599E-03     -0.42479224E-03
    3103     -0.71075717E-09     -0.71540403E-09     -0.20377469E-03     -0.42479224E-03
    3104     -0.71076010E-09     -0.71540403E-09     -0.20384715E-03     -0.42479224E-03
    3105     -0.71076399E-09     -0.71540403E-09     -0.20393987E-03     -0.42479224E-03
    3106     -0.71076562E-09     -0.71540403E-09     -0.20398919E-03     -0.42479224E-03
    3107     -0.71076766E-09     -0.71540403E-09     -0.20404253E-03     -0.42479224E-03
    3108     -0.71076940E-09     -0.71540403E-09     -0.20408278E-03     -0.42479224E-03
    3109     -0.71077121E-09     -0.71540403E-09     -0.20413194E-03     -0.42479224E-03
    3110     -0.71077331E-09     -0.71540403E-09     -0.20418627E-03     -0.42479224E-03
    3111     -0.71077526E-09     -0.71540403E-09     -0.20423045E-03     -0.42479224E-03
    3112     -0.71077750E-09     -0.71540403E-09     -0.20428287E-03     -0.42479224E-03
    3113     -0.71077948E-09     -0.71540403E-09     -0.20433125E-03     -0.42479224E-03
    3114     -0.71078240E-09     -0.71540403E-09     -0.20440437E-03     -0.42479224E-03
    3115     -0.71078400E-09     -0.71540403E-09     -0.20444860E-03     -0.42479224E-03
    3116     -0.71078530E-09     -0.71540403E-09     -0.20448414E-03     -0.42479224E-03
    3117     -0.71078711E-09     -0.71540403E-09     -0.20452809E-03     -0.42479224E-03
    3118     -0.71078852E-09     -0.71540403E-09     -0.20456236E-03     -0.42479224E-03
    3119     -0.71079084E-09     -0.71540403E-09     -0.20463317E-03     -0.42479224E-03
    3120     -0.71079279E-09     -0.71540403E-09     -0.20468810E-03     -0.42479224E-03
    3121     -0.71079474E-09     -0.71540403E-09     -0.20474142E-03     -0.42479224E-03
    3122     -0.71079697E-09     -0.71540403E-09     -0.20480511E-03     -0.42479224E-03
    3123     -0.71079847E-09     -0.71540403E-09     -0.20485094E-03     -0.42479224E-03
    3124     -0.71080065E-09     -0.71540403E-09     -0.20490659E-03     -0.42479224E-03
    3125     -0.71080222E-09     -0.71540403E-09     -0.20496380E-03     -0.42479224E-03
    3126     -0.71080394E-09     -0.71540403E-09     -0.20502094E-03     -0.42479224E-03
    3127     -0.71080555E-09     -0.71540403E-09     -0.20505963E-03     -0.42479224E-03
    3128     -0.71080724E-09     -0.71540403E-09     -0.20511064E-03     -0.42479224E-03
    3129     -0.71080916E-09     -0.71540403E-09     -0.20516748E-03     -0.42479224E-03
    3130     -0.71081096E-09     -0.71540403E-09     -0.20521813E-03     -0.42479224E-03
    3131     -0.71081258E-09     -0.71540403E-09     -0.20526720E-03     -0.42479224E-03
    3132     -0.71081450E-09     -0.71540403E-09     -0.20532011E-03     -0.42479224E-03
    3133     -0.71081663E-09     -0.71540403E-09     -0.20538226E-03     -0.42479224E-03
    3134     -0.71081840E-09     -0.71540403E-09     -0.20542934E-03     -0.42479224E-03
    3135     -0.71082057E-09     -0.71540403E-09     -0.20550597E-03     -0.42479224E-03
    3136     -0.71082236E-09     -0.71540403E-09     -0.20555064E-03     -0.42479224E-03
    3137     -0.71082417E-09     -0.71540403E-09     -0.20559776E-03     -0.42479224E-03
    3138     -0.71082591E-09     -0.71540403E-09     -0.20564874E-03     -0.42479224E-03
    3139     -0.71082789E-09     -0.71540403E-09     -0.20569783E-03     -0.42479224E-03
    3140     -0.71082958E-09     -0.71540403E-09     -0.20575193E-03     -0.42479224E-03
    3141     -0.71083096E-09     -0.71540403E-09     -0.20578934E-03     -0.42479224E-03
    3142     -0.71083258E-09     -0.71540403E-09     -0.20583423E-03     -0.42479224E-03
    3143     -0.71083433E-09     -0.71540403E-09     -0.20588323E-03     -0.42479224E-03
    3144     -0.71083605E-09     -0.71540403E-09     -0.20593895E-03     -0.42479224E-03
    3145     -0.71083784E-09     -0.71540403E-09     -0.20598656E-03     -0.42479224E-03
    3146     -0.71083973E-09     -0.71540403E-09     -0.20604004E-03     -0.42479224E-03
    3147     -0.71084135E-09     -0.71540403E-09     -0.20609538E-03     -0.42479224E-03
    3148     -0.71084281E-09     -0.71540403E-09     -0.20613314E-03     -0.42479224E-03
    3149     -0.71084455E-09     -0.71540403E-09     -0.20618615E-03     -0.42479224E-03
    3150     -0.71084680E-09     -0.71540403E-09     -0.20624565E-03     -0.42479224E-03
    3151     -0.71084879E-09     -0.71540403E-09     -0.20629962E-03     -0.42479224E-03
    3152     -0.71085086E-09     -0.71540403E-09     -0.20635844E-03     -0.42479224E-03
    3153     -0.71085307E-09     -0.71540403E-09     -0.20641806E-03     -0.42479224E-03
    3154     -0.71085510E-09     -0.71540403E-09     -0.20648399E-03     -0.42479224E-03
    3155     -0.71085664E-09     -0.71540403E-09     -0.20652654E-03     -0.42479224E-03
    3156     -0.71085857E-09     -0.71540403E-09     -0.20659073E-03     -0.42479224E-03
    3157     -0.71086022E-09     -0.71540403E-09     -0.20664352E-03     -0.42479224E-03
    3158     -0.71086255E-09     -0.71540403E-09     -0.20671854E-03     -0.42479224E-03
    3159     -0.71086486E-09     -0.71540403E-09     -0.20679838E-03     -0.42479224E-03
    3160     -0.71086651E-09     -0.71540403E-09     -0.20683887E-03     -0.42479224E-03
    3161     -0.71086852E-09     -0.71540403E-09     -0.20689896E-03     -0.42479224E-03
    3162     -0.71087160E-09     -0.71540403E-09     -0.20699597E-03     -0.42479224E-03
    3163     -0.71087360E-09     -0.71540403E-09     -0.20705563E-03     -0.42479224E-03
    3164     -0.71087572E-09     -0.71540403E-09     -0.20711665E-03     -0.42479224E-03
    3165     -0.71087790E-09     -0.71540403E-09     -0.20718693E-03     -0.42479224E-03
    3166     -0.71087951E-09     -0.71540403E-09     -0.20723251E-03     -0.42479224E-03
    3167     -0.71088124E-09     -0.71540403E-09     -0.20729058E-03     -0.42479224E-03
    3168     -0.71088314E-09     -0.71540403E-09     -0.20733851E-03     -0.42479224E-03
    3169     -0.71088495E-09     -0.71540403E-09     -0.20738677E-03     -0.42479224E-03
    3170     -0.71088638E-09     -0.71540403E-09     -0.20743335E-03     -0.42479224E-03
    3171     -0.71088830E-09     -0.71540403E-09     -0.20749153E-03     -0.42479224E-03
    3172     -0.71088989E-09     -0.71540403E-09     -0.20754054E-03     -0.42479224E-03
    3173     -0.71089156E-09     -0.71540403E-09     -0.20758973E-03     -0.42479224E-03
    3174     -0.71089316E-09     -0.71540403E-09     -0.20764668E-03     -0.42479224E-03
    3175     -0.71089449E-09     -0.71540403E-09     -0.20768408E-03     -0.42479224E-03
    3176     -0.71089601E-09     -0.71540403E-09     -0.20772841E-03     -0.42479224E-03
    3177     -0.71089767E-09     -0.71540403E-09     -0.20778488E-03     -0.42479224E-03
    3178     -0.71089925E-09     -0.71540403E-09     -0.20783376E-03     -0.42479224E-03
    3179     -0.71090086E-09     -0.71540403E-09     -0.20788671E-03     -0.42479224E-03
    3180     -0.71090265E-09     -0.71540403E-09     -0.20794626E-03     -0.42479224E-03
    3181     -0.71090436E-09     -0.71540403E-09     -0.20799810E-03     -0.42479224E-03
    3182     -0.71090638E-09     -0.71540403E-09     -0.20805490E-03     -0.42479224E-03
    3183     -0.71090847E-09     -0.71540403E-09     -0.20811628E-03     -0.42479224E-03
    3184     -0.71091048E-09     -0.71540403E-09     -0.20818011E-03     -0.42479224E-03
    3185     -0.71091180E-09     -0.71540403E-09     -0.20821762E-03     -0.42479224E-03
    3186     -0.71091374E-09     -0.71540403E-09     -0.20827184E-03     -0.42479224E-03
    3187     -0.71091551E-09     -0.71540403E-09     -0.20832277E-03     -0.42479224E-03
    3188     -0.71091746E-09     -0.71540403E-09     -0.20838245E-03     -0.42479224E-03
    3189     -0.71091916E-09     -0.71540403E-09     -0.20843674E-03     -0.42479224E-03
    3190     -0.71092110E-09     -0.71540403E-09     -0.20849904E-03     -0.42479224E-03
    3191     -0.71092291E-09     -0.71540403E-09     -0.20855755E-03     -0.42479224E-03
    3192     -0.71092465E-09     -0.71540403E-09     -0.20861120E-03     -0.42479224E-03
    3193     -0.71092672E-09     -0.71540403E-09     -0.20867815E-03     -0.42479224E-03
    3194     -0.71092866E-09     -0.71540403E-09     -0.20874353E-03     -0.42479224E-03
    3195     -0.71093042E-09     -0.71540403E-09     -0.20880115E-03     -0.42479224E-03
    3196     -0.71093258E-09     -0.71540403E-09     -0.20886620E-03     -0.42479224E-03
    3197     -0.71093450E-09     -0.71540403E-09     -0.20892252E-03     -0.42479224E-03
    3198     -0.71093614E-09     -0.71540403E-09     -0.20897660E-03     -0.42479224E-03
    3199     -0.71093767E-09     -0.71540403E-09     -0.20902221E-03     -0.42479224E-03
    3200     -0.71093909E-09     -0.71540403E-09     -0.20906419E-03     -0.42479224E-03
    3201     -0.71094098E-09     -0.71540403E-09     -0.20912034E-03     -0.42479224E-03
    3202     -0.71094288E-09     -0.71540403E-09     -0.20917950E-03     -0.42479224E-03
    3203     -0.71094461E-09     -0.71540403E-09     -0.20923174E-03     -0.42479224E-03
    3204     -0.71094596E-09     -0.71540403E-09     -0.20927324E-03     -0.42479224E-03
    3205     -0.71094803E-09     -0.71540403E-09     -0.20933622E-03     -0.42479224E-03
    3206     -0.71094956E-09     -0.71540403E-09     -0.20938341E-03     -0.42479224E-03
    3207     -0.71095101E-09     -0.71540403E-09     -0.20941778E-03     -0.42479224E-03
    3208     -0.71095278E-09     -0.71540403E-09     -0.20946673E-03     -0.42479224E-03
    3209     -0.71095434E-09     -0.71540403E-09     -0.20951462E-03     -0.42479224E-03
    3210     -0.71095568E-09     -0.71540403E-09     -0.20955331E-03     -0.42479224E-03
    3211     -0.71095732E-09     -0.71540403E-09     -0.20959606E-03     -0.42479224E-03
    3212     -0.71095907E-09     -0.71540403E-09     -0.20964249E-03     -0.42479224E-03
    3213     -0.71096122E-09     -0.71540403E-09     -0.20970782E-03     -0.42479224E-03
    3214     -0.71096334E-09     -0.71540403E-09     -0.20976488E-03     -0.42479224E-03
    3215     -0.71096528E-09     -0.71540403E-09     -0.20982547E-03     -0.42479224E-03
    3216     -0.71096800E-09     -0.71540403E-09     -0.20991085E-03     -0.42479224E-03
    3217     -0.71096958E-09     -0.71540403E-09     -0.20995634E-03     -0.42479224E-03
    3218     -0.71097231E-09     -0.71540403E-09     -0.21003225E-03     -0.42479224E-03
    3219     -0.71097391E-09     -0.71540403E-09     -0.21008156E-03     -0.42479224E-03
    3220     -0.71097636E-09     -0.71540403E-09     -0.21015120E-03     -0.42479224E-03
    3221     -0.71097799E-09     -0.71540403E-09     -0.21019679E-03     -0.42479224E-03
    3222     -0.71097986E-09     -0.71540403E-09     -0.21024935E-03     -0.42479224E-03
    3223     -0.71098132E-09     -0.71540403E-09     -0.21029775E-03     -0.42479224E-03
    3224     -0.71098302E-09     -0.71540403E-09     -0.21034973E-03     -0.42479224E-03
    3225     -0.71098469E-09     -0.71540403E-09     -0.21040392E-03     -0.42479224E-03
    3226     -0.71098638E-09     -0.71540403E-09     -0.21045505E-03     -0.42479224E-03
    3227     -0.71098804E-09     -0.71540403E-09     -0.21051530E-03     -0.42479224E-03
    3228     -0.71098986E-09     -0.71540403E-09     -0.21056776E-03     -0.42479224E-03
    3229     -0.71099174E-09     -0.71540403E-09     -0.21061868E-03     -0.42479224E-03
    3230     -0.71099349E-09     -0.71540403E-09     -0.21066600E-03     -0.42479224E-03
    3231     -0.71099534E-09     -0.71540403E-09     -0.21071734E-03     -0.42479224E-03
    3232     -0.71099737E-09     -0.71540403E-09     -0.21077631E-03     -0.42479224E-03
    3233     -0.71099903E-09     -0.71540403E-09     -0.21081960E-03     -0.42479224E-03
    3234     -0.71100088E-09     -0.71540403E-09     -0.21088074E-03     -0.42479224E-03
    3235     -0.71100249E-09     -0.71540403E-09     -0.21092802E-03     -0.42479224E-03
    3236     -0.71100426E-09     -0.71540403E-09     -0.21097322E-03     -0.42479224E-03
    3237     -0.71100596E-09     -0.71540403E-09     -0.21101892E-03     -0.42479224E-03
    3238     -0.71100859E-09     -0.71540403E-09     -0.21108153E-03     -0.42479224E-03
    3239     -0.71101056E-09     -0.71540403E-09     -0.21114346E-03     -0.42479224E-03
    3240     -0.71101229E-09     -0.71540403E-09     -0.21119559E-03     -0.42479224E-03
    3241     -0.71101373E-09     -0.71540403E-09     -0.21123564E-03     -0.42479224E-03
    3242     -0.71101518E-09     -0.71540403E-09     -0.21128446E-03     -0.42479224E-03
    3243     -0.71101740E-09     -0.71540403E-09     -0.21134111E-03     -0.42479224E-03
    3244     -0.71101954E-09     -0.71540403E-09     -0.21139739E-03     -0.42479224E-03
    3245     -0.71102097E-09     -0.71540403E-09     -0.21144093E-03     -0.42479224E-03
    3246     -0.71102264E-09     -0.71540403E-09     -0.21148722E-03     -0.42479224E-03
    3247     -0.71102420E-09     -0.71540403E-09     -0.21153615E-03     -0.42479224E-03
    3248     -0.71102577E-09     -0.71540403E-09     -0.21158451E-03     -0.42479224E-03
    3249     -0.71102713E-09     -0.71540403E-09     -0.21162364E-03     -0.42479224E-03
    3250     -0.71102886E-09     -0.71540403E-09     -0.21167719E-03     -0.42479224E-03
    3251     -0.71103024E-09     -0.71540403E-09     -0.21172082E-03     -0.42479224E-03
    3252     -0.71103160E-09     -0.71540403E-09     -0.21176080E-03     -0.42479224E-03
    3253     -0.71103284E-09     -0.71540403E-09     -0.21179860E-03     -0.42479224E-03
    3254     -0.71103439E-09     -0.71540403E-09     -0.21185029E-03     -0.42479224E-03
    3255     -0.71103590E-09     -0.71540403E-09     -0.21189820E-03     -0.42479224E-03
    3256     -0.71103760E-09     -0.71540403E-09     -0.21195170E-03     -0.42479224E-03
    3257     -0.71103900E-09     -0.71540403E-09     -0.21199517E-03     -0.42479224E-03
    3258     -0.71104043E-09     -0.71540403E-09     -0.21203892E-03     -0.42479224E-03
    3259     -0.71104154E-09     -0.71540403E-09     -0.21207965E-03     -0.42479224E-03
    3260     -0.71104290E-09     -0.71540403E-09     -0.21212755E-03     -0.42479224E-03
    3261     -0.71104481E-09     -0.71540403E-09     -0.21218059E-03     -0.42479224E-03
    3262     -0.71104652E-09     -0.71540403E-09     -0.21223015E-03     -0.42479224E-03
    3263     -0.71104897E-09     -0.71540403E-09     -0.21229864E-03     -0.42479224E-03
    3264     -0.71105180E-09     -0.71540403E-09     -0.21237662E-03     -0.42479224E-03
    3265     -0.71105344E-09     -0.71540403E-09     -0.21242621E-03     -0.42479224E-03
    3266     -0.71105524E-09     -0.71540403E-09     -0.21248848E-03     -0.42479224E-03
    3267     -0.71105731E-09     -0.71540403E-09     -0.21255065E-03     -0.42479224E-03
    3268     -0.71105863E-09     -0.71540403E-09     -0.21259841E-03     -0.42479224E-03
    3269     -0.71106017E-09     -0.71540403E-09     -0.21264884E-03     -0.42479224E-03
    3270     -0.71106169E-09     -0.71540403E-09     -0.21269441E-03     -0.42479224E-03
    3271     -0.71106342E-09     -0.71540403E-09     -0.21275475E-03     -0.42479224E-03
    3272     -0.71106489E-09     -0.71540403E-09     -0.21280732E-03     -0.42479224E-03
    3273     -0.71106701E-09     -0.71540403E-09     -0.21287835E-03     -0.42479224E-03
    3274     -0.71106963E-09     -0.71540403E-09     -0.21296265E-03     -0.42479224E-03
    3275     -0.71107264E-09     -0.71540403E-09     -0.21307926E-03     -0.42479224E-03
    3276     -0.71107473E-09     -0.71540403E-09     -0.21315055E-03     -0.42479224E-03
    3277     -0.71107611E-09     -0.71540403E-09     -0.21320000E-03     -0.42479224E-03
    3278     -0.71107944E-09     -0.71540403E-09     -0.21330750E-03     -0.42479224E-03
    3279     -0.71108123E-09     -0.71540403E-09     -0.21336809E-03     -0.42479224E-03
    3280     -0.71108518E-09     -0.71540403E-09     -0.21348154E-03     -0.42479224E-03
    3281     -0.71108733E-09     -0.71540403E-09     -0.21355271E-03     -0.42479224E-03
    3282     -0.71109026E-09     -0.71540403E-09     -0.21364881E-03     -0.42479224E-03
    3283     -0.71109225E-09     -0.71540403E-09     -0.21371825E-03     -0.42479224E-03
    3284     -0.71109513E-09     -0.71540403E-09     -0.21380895E-03     -0.42479224E-03
    3285     -0.71109797E-09     -0.71540403E-09     -0.21389219E-03     -0.42479224E-03
    3286     -0.71110133E-09     -0.71540403E-09     -0.21399721E-03     -0.42479224E-03
    3287     -0.71110376E-09     -0.71540403E-09     -0.21406863E-03     -0.42479224E-03
    3288     -0.71110599E-09     -0.71540403E-09     -0.21415517E-03     -0.42479224E-03
    3289     -0.71110803E-09     -0.71540403E-09     -0.21421216E-03     -0.42479224E-03
    3290     -0.71110986E-09     -0.71540403E-09     -0.21427722E-03     -0.42479224E-03
    3291     -0.71111270E-09     -0.71540403E-09     -0.21435198E-03     -0.42479224E-03
    3292     -0.71111439E-09     -0.71540403E-09     -0.21440786E-03     -0.42479224E-03
    3293     -0.71111586E-09     -0.71540403E-09     -0.21445276E-03     -0.42479224E-03
    3294     -0.71111765E-09     -0.71540403E-09     -0.21450646E-03     -0.42479224E-03
    3295     -0.71111902E-09     -0.71540403E-09     -0.21454340E-03     -0.42479224E-03
    3296     -0.71112057E-09     -0.71540403E-09     -0.21459844E-03     -0.42479224E-03
    3297     -0.71112195E-09     -0.71540403E-09     -0.21463981E-03     -0.42479224E-03
    3298     -0.71112347E-09     -0.71540403E-09     -0.21468873E-03     -0.42479224E-03
    3299     -0.71112483E-09     -0.71540403E-09     -0.21472966E-03     -0.42479224E-03
    3300     -0.71112631E-09     -0.71540403E-09     -0.21477170E-03     -0.42479224E-03
    3301     -0.71112786E-09     -0.71540403E-09     -0.21482158E-03     -0.42479224E-03
    3302     -0.71112927E-09     -0.71540403E-09     -0.21486344E-03     -0.42479224E-03
    3303     -0.71113078E-09     -0.71540403E-09     -0.21490441E-03     -0.42479224E-03
    3304     -0.71113212E-09     -0.71540403E-09     -0.21494921E-03     -0.42479224E-03
    3305     -0.71113372E-09     -0.71540403E-09     -0.21500124E-03     -0.42479224E-03
    3306     -0.71113499E-09     -0.71540403E-09     -0.21504169E-03     -0.42479224E-03
    3307     -0.71113637E-09     -0.71540403E-09     -0.21507992E-03     -0.42479224E-03
    3308     -0.71113789E-09     -0.71540403E-09     -0.21512452E-03     -0.42479224E-03
    3309     -0.71113917E-09     -0.71540403E-09     -0.21516527E-03     -0.42479224E-03
    3310     -0.71114075E-09     -0.71540403E-09     -0.21521735E-03     -0.42479224E-03
    3311     -0.71114207E-09     -0.71540403E-09     -0.21525639E-03     -0.42479224E-03
    3312     -0.71114332E-09     -0.71540403E-09     -0.21529062E-03     -0.42479224E-03
    3313     -0.71114469E-09     -0.71540403E-09     -0.21532617E-03     -0.42479224E-03
    3314     -0.71114638E-09     -0.71540403E-09     -0.21537270E-03     -0.42479224E-03
    3315     -0.71114751E-09     -0.71540403E-09     -0.21540870E-03     -0.42479224E-03
    3316     -0.71114867E-09     -0.71540403E-09     -0.21544174E-03     -0.42479224E-03
    3317     -0.71114990E-09     -0.71540403E-09     -0.21547603E-03     -0.42479224E-03
    3318     -0.71115095E-09     -0.71540403E-09     -0.21550960E-03     -0.42479224E-03
    3319     -0.71115215E-09     -0.71540403E-09     -0.21554141E-03     -0.42479224E-03
    3320     -0.71115348E-09     -0.71540403E-09     -0.21557668E-03     -0.42479224E-03
    3321     -0.71115434E-09     -0.71540403E-09     -0.21560397E-03     -0.42479224E-03
    3322     -0.71115558E-09     -0.71540403E-09     -0.21564295E-03     -0.42479224E-03
    3323     -0.71115685E-09     -0.71540403E-09     -0.21568218E-03     -0.42479224E-03
    3324     -0.71115853E-09     -0.71540403E-09     -0.21573238E-03     -0.42479224E-03
    3325     -0.71115981E-09     -0.71540403E-09     -0.21577101E-03     -0.42479224E-03
    3326     -0.71116146E-09     -0.71540403E-09     -0.21581507E-03     -0.42479224E-03
    3327     -0.71116272E-09     -0.71540403E-09     -0.21585204E-03     -0.42479224E-03
    3328     -0.71116416E-09     -0.71540403E-09     -0.21588866E-03     -0.42479224E-03
    3329     -0.71116561E-09     -0.71540403E-09     -0.21592771E-03     -0.42479224E-03
    3330     -0.71116663E-09     -0.71540403E-09     -0.21595950E-03     -0.42479224E-03
    3331     -0.71116763E-09     -0.71540403E-09     -0.21599144E-03     -0.42479224E-03
    3332     -0.71116847E-09     -0.71540403E-09     -0.21602306E-03     -0.42479224E-03
    3333     -0.71116959E-09     -0.71540403E-09     -0.21605941E-03     -0.42479224E-03
    3334     -0.71117049E-09     -0.71540403E-09     -0.21609293E-03     -0.42479224E-03
    3335     -0.71117144E-09     -0.71540403E-09     -0.21612344E-03     -0.42479224E-03
    3336     -0.71117265E-09     -0.71540403E-09     -0.21616218E-03     -0.42479224E-03
    3337     -0.71117393E-09     -0.71540403E-09     -0.21620420E-03     -0.42479224E-03
    3338     -0.71117483E-09     -0.71540403E-09     -0.21623496E-03     -0.42479224E-03
    3339     -0.71117587E-09     -0.71540403E-09     -0.21626812E-03     -0.42479224E-03
    3340     -0.71117675E-09     -0.71540403E-09     -0.21629718E-03     -0.42479224E-03
    3341     -0.71117808E-09     -0.71540403E-09     -0.21634078E-03     -0.42479224E-03
    3342     -0.71117914E-09     -0.71540403E-09     -0.21637655E-03     -0.42479224E-03
    3343     -0.71118037E-09     -0.71540403E-09     -0.21641715E-03     -0.42479224E-03
    3344     -0.71118160E-09     -0.71540403E-09     -0.21645417E-03     -0.42479224E-03
    3345     -0.71118304E-09     -0.71540403E-09     -0.21649649E-03     -0.42479224E-03
    3346     -0.71118466E-09     -0.71540403E-09     -0.21654742E-03     -0.42479224E-03
    3347     -0.71118596E-09     -0.71540403E-09     -0.21659019E-03     -0.42479224E-03
    3348     -0.71118712E-09     -0.71540403E-09     -0.21663268E-03     -0.42479224E-03
    3349     -0.71118867E-09     -0.71540403E-09     -0.21668532E-03     -0.42479224E-03
    3350     -0.71119007E-09     -0.71540403E-09     -0.21673185E-03     -0.42479224E-03
    3351     -0.71119133E-09     -0.71540403E-09     -0.21678193E-03     -0.42479224E-03
    3352     -0.71119294E-09     -0.71540403E-09     -0.21683583E-03     -0.42479224E-03
    3353     -0.71119418E-09     -0.71540403E-09     -0.21687769E-03     -0.42479224E-03
    3354     -0.71119522E-09     -0.71540403E-09     -0.21691034E-03     -0.42479224E-03
    3355     -0.71119654E-09     -0.71540403E-09     -0.21695414E-03     -0.42479224E-03
    3356     -0.71119785E-09     -0.71540403E-09     -0.21699562E-03     -0.42479224E-03
    3357     -0.71119925E-09     -0.71540403E-09     -0.21704288E-03     -0.42479224E-03
    3358     -0.71120040E-09     -0.71540403E-09     -0.21707589E-03     -0.42479224E-03
    3359     -0.71120143E-09     -0.71540403E-09     -0.21711085E-03     -0.42479224E-03
    3360     -0.71120273E-09     -0.71540403E-09     -0.21715204E-03     -0.42479224E-03
    3361     -0.71120422E-09     -0.71540403E-09     -0.21720314E-03     -0.42479224E-03
    3362     -0.71120545E-09     -0.71540403E-09     -0.21723984E-03     -0.42479224E-03
    3363     -0.71120735E-09     -0.71540403E-09     -0.21730290E-03     -0.42479224E-03
    3364     -0.71120856E-09     -0.71540403E-09     -0.21734325E-03     -0.42479224E-03
    3365     -0.71120988E-09     -0.71540403E-09     -0.21738423E-03     -0.42479224E-03
    3366     -0.71121142E-09     -0.71540403E-09     -0.21743767E-03     -0.42479224E-03
    3367     -0.71121257E-09     -0.71540403E-09     -0.21747732E-03     -0.42479224E-03
    3368     -0.71121393E-09     -0.71540403E-09     -0.21751709E-03     -0.42479224E-03
    3369     -0.71121529E-09     -0.71540403E-09     -0.21756290E-03     -0.42479224E-03
    3370     -0.71121646E-09     -0.71540403E-09     -0.21759824E-03     -0.42479224E-03
    3371     -0.71121776E-09     -0.71540403E-09     -0.21763934E-03     -0.42479224E-03
    3372     -0.71121873E-09     -0.71540403E-09     -0.21767671E-03     -0.42479224E-03
    3373     -0.71122009E-09     -0.71540403E-09     -0.21772571E-03     -0.42479224E-03
    3374     -0.71122140E-09     -0.71540403E-09     -0.21777018E-03     -0.42479224E-03
    3375     -0.71122249E-09     -0.71540403E-09     -0.21780985E-03     -0.42479224E-03
    3376     -0.71122371E-09     -0.71540403E-09     -0.21785568E-03     -0.42479224E-03
    3377     -0.71122485E-09     -0.71540403E-09     -0.21789637E-03     -0.42479224E-03
    3378     -0.71122637E-09     -0.71540403E-09     -0.21794585E-03     -0.42479224E-03
    3379     -0.71122762E-09     -0.71540403E-09     -0.21799180E-03     -0.42479224E-03
    3380     -0.71122894E-09     -0.71540403E-09     -0.21804209E-03     -0.42479224E-03
    3381     -0.71123045E-09     -0.71540403E-09     -0.21808559E-03     -0.42479224E-03
    3382     -0.71123188E-09     -0.71540403E-09     -0.21812971E-03     -0.42479224E-03
    3383     -0.71123361E-09     -0.71540403E-09     -0.21818364E-03     -0.42479224E-03
    3384     -0.71123568E-09     -0.71540403E-09     -0.21824768E-03     -0.42479224E-03
    3385     -0.71123706E-09     -0.71540403E-09     -0.21829210E-03     -0.42479224E-03
    3386     -0.71123829E-09     -0.71540403E-09     -0.21833299E-03     -0.42479224E-03
    3387     -0.71123986E-09     -0.71540403E-09     -0.21838177E-03     -0.42479224E-03
    3388     -0.71124141E-09     -0.71540403E-09     -0.21842699E-03     -0.42479224E-03
    3389     -0.71124275E-09     -0.71540403E-09     -0.21847098E-03     -0.42479224E-03
    3390     -0.71124394E-09     -0.71540403E-09     -0.21851155E-03     -0.42479224E-03
    3391     -0.71124513E-09     -0.71540403E-09     -0.21854809E-03     -0.42479224E-03
    3392     -0.71124622E-09     -0.71540403E-09     -0.21858646E-03     -0.42479224E-03
    3393     -0.71124734E-09     -0.71540403E-09     -0.21861895E-03     -0.42479224E-03
    3394     -0.71124879E-09     -0.71540403E-09     -0.21865829E-03     -0.42479224E-03
    3395     -0.71124990E-09     -0.71540403E-09     -0.21869479E-03     -0.42479224E-03
    3396     -0.71125080E-09     -0.71540403E-09     -0.21872416E-03     -0.42479224E-03
    3397     -0.71125237E-09     -0.71540403E-09     -0.21877135E-03     -0.42479224E-03
    3398     -0.71125357E-09     -0.71540403E-09     -0.21880719E-03     -0.42479224E-03
    3399     -0.71125457E-09     -0.71540403E-09     -0.21883987E-03     -0.42479224E-03
    3400     -0.71125584E-09     -0.71540403E-09     -0.21887820E-03     -0.42479224E-03
    3401     -0.71125716E-09     -0.71540403E-09     -0.21891885E-03     -0.42479224E-03
    3402     -0.71125849E-09     -0.71540403E-09     -0.21896240E-03     -0.42479224E-03
    3403     -0.71125967E-09     -0.71540403E-09     -0.21899845E-03     -0.42479224E-03
    3404     -0.71126102E-09     -0.71540403E-09     -0.21904397E-03     -0.42479224E-03
    3405     -0.71126242E-09     -0.71540403E-09     -0.21909158E-03     -0.42479224E-03
    3406     -0.71126397E-09     -0.71540403E-09     -0.21913638E-03     -0.42479224E-03
    3407     -0.71126512E-09     -0.71540403E-09     -0.21917647E-03     -0.42479224E-03
    3408     -0.71126631E-09     -0.71540403E-09     -0.21921367E-03     -0.42479224E-03
    3409     -0.71126739E-09     -0.71540403E-09     -0.21925278E-03     -0.42479224E-03
    3410     -0.71126870E-09     -0.71540403E-09     -0.21929598E-03     -0.42479224E-03
    3411     -0.71126969E-09     -0.71540403E-09     -0.21933125E-03     -0.42479224E-03
    3412     -0.71127067E-09     -0.71540403E-09     -0.21936370E-03     -0.42479224E-03
    3413     -0.71127183E-09     -0.71540403E-09     -0.21940881E-03     -0.42479224E-03
    3414     -0.71127311E-09     -0.71540403E-09     -0.21945112E-03     -0.42479224E-03
    3415     -0.71127424E-09     -0.71540403E-09     -0.21948607E-03     -0.42479224E-03
    3416     -0.71127554E-09     -0.71540403E-09     -0.21952649E-03     -0.42479224E-03
    3417     -0.71127678E-09     -0.71540403E-09     -0.21956580E-03     -0.42479224E-03
    3418     -0.71127789E-09     -0.71540403E-09     -0.21959987E-03     -0.42479224E-03
    3419     -0.71127944E-09     -0.71540403E-09     -0.21964545E-03     -0.42479224E-03
    3420     -0.71128080E-09     -0.71540403E-09     -0.21968496E-03     -0.42479224E-03
    3421     -0.71128203E-09     -0.71540403E-09     -0.21972522E-03     -0.42479224E-03
    3422     -0.71128320E-09     -0.71540403E-09     -0.21975830E-03     -0.42479224E-03
    3423     -0.71128448E-09     -0.71540403E-09     -0.21979781E-03     -0.42479224E-03
    3424     -0.71128551E-09     -0.71540403E-09     -0.21983215E-03     -0.42479224E-03
    3425     -0.71128692E-09     -0.71540403E-09     -0.21987739E-03     -0.42479224E-03
    3426     -0.71128829E-09     -0.71540403E-09     -0.21992153E-03     -0.42479224E-03
    3427     -0.71128938E-09     -0.71540403E-09     -0.21996414E-03     -0.42479224E-03
    3428     -0.71129059E-09     -0.71540403E-09     -0.22000070E-03     -0.42479224E-03
    3429     -0.71129159E-09     -0.71540403E-09     -0.22003131E-03     -0.42479224E-03
    3430     -0.71129294E-09     -0.71540403E-09     -0.22008037E-03     -0.42479224E-03
    3431     -0.71129406E-09     -0.71540403E-09     -0.22011402E-03     -0.42479224E-03
    3432     -0.71129553E-09     -0.71540403E-09     -0.22015878E-03     -0.42479224E-03
    3433     -0.71129686E-09     -0.71540403E-09     -0.22020292E-03     -0.42479224E-03
    3434     -0.71129833E-09     -0.71540403E-09     -0.22025056E-03     -0.42479224E-03
    3435     -0.71129983E-09     -0.71540403E-09     -0.22029793E-03     -0.42479224E-03
    3436     -0.71130146E-09     -0.71540403E-09     -0.22034340E-03     -0.42479224E-03
    3437     -0.71130344E-09     -0.71540403E-09     -0.22041470E-03     -0.42479224E-03
    3438     -0.71130524E-09     -0.71540403E-09     -0.22047280E-03     -0.42479224E-03
    3439     -0.71130650E-09     -0.71540403E-09     -0.22051265E-03     -0.42479224E-03
    3440     -0.71130793E-09     -0.71540403E-09     -0.22055413E-03     -0.42479224E-03
    3441     -0.71130925E-09     -0.71540403E-09     -0.22059940E-03     -0.42479224E-03
    3442     -0.71131122E-09     -0.71540403E-09     -0.22065349E-03     -0.42479224E-03
    3443     -0.71131305E-09     -0.71540403E-09     -0.22071166E-03     -0.42479224E-03
    3444     -0.71131464E-09     -0.71540403E-09     -0.22076390E-03     -0.42479224E-03
    3445     -0.71131602E-09     -0.71540403E-09     -0.22080962E-03     -0.42479224E-03
    3446     -0.71131813E-09     -0.71540403E-09     -0.22087101E-03     -0.42479224E-03
    3447     -0.71131938E-09     -0.71540403E-09     -0.22091656E-03     -0.42479224E-03
    3448     -0.71132094E-09     -0.71540403E-09     -0.22096860E-03     -0.42479224E-03
    3449     -0.71132198E-09     -0.71540403E-09     -0.22100487E-03     -0.42479224E-03
    3450     -0.71132319E-09     -0.71540403E-09     -0.22104295E-03     -0.42479224E-03
    3451     -0.71132439E-09     -0.71540403E-09     -0.22109252E-03     -0.42479224E-03
    3452     -0.71132550E-09     -0.71540403E-09     -0.22113137E-03     -0.42479224E-03
    3453     -0.71132656E-09     -0.71540403E-09     -0.22116765E-03     -0.42479224E-03
    3454     -0.71132794E-09     -0.71540403E-09     -0.22121514E-03     -0.42479224E-03
    3455     -0.71132930E-09     -0.71540403E-09     -0.22125499E-03     -0.42479224E-03
    3456     -0.71133050E-09     -0.71540403E-09     -0.22129765E-03     -0.42479224E-03
    3457     -0.71133192E-09     -0.71540403E-09     -0.22133870E-03     -0.42479224E-03
    3458     -0.71133332E-09     -0.71540403E-09     -0.22138419E-03     -0.42479224E-03
    3459     -0.71133552E-09     -0.71540403E-09     -0.22146278E-03     -0.42479224E-03
    3460     -0.71133689E-09     -0.71540403E-09     -0.22150914E-03     -0.42479224E-03
    3461     -0.71133806E-09     -0.71540403E-09     -0.22155341E-03     -0.42479224E-03
    3462     -0.71134064E-09     -0.71540403E-09     -0.22163286E-03     -0.42479224E-03
    3463     -0.71134233E-09     -0.71540403E-09     -0.22169464E-03     -0.42479224E-03
    3464     -0.71134371E-09     -0.71540403E-09     -0.22174194E-03     -0.42479224E-03
    3465     -0.71134506E-09     -0.71540403E-09     -0.22179068E-03     -0.42479224E-03
    3466     -0.71134722E-09     -0.71540403E-09     -0.22185777E-03     -0.42479224E-03
    3467     -0.71134876E-09     -0.71540403E-09     -0.22190697E-03     -0.42479224E-03
    3468     -0.71135021E-09     -0.71540403E-09     -0.22195609E-03     -0.42479224E-03
    3469     -0.71135187E-09     -0.71540403E-09     -0.22200233E-03     -0.42479224E-03
    3470     -0.71135344E-09     -0.71540403E-09     -0.22205856E-03     -0.42479224E-03
    3471     -0.71135502E-09     -0.71540403E-09     -0.22211112E-03     -0.42479224E-03
    3472     -0.71135641E-09     -0.71540403E-09     -0.22215223E-03     -0.42479224E-03
    3473     -0.71135765E-09     -0.71540403E-09     -0.22218974E-03     -0.42479224E-03
    3474     -0.71135990E-09     -0.71540403E-09     -0.22226395E-03     -0.42479224E-03
    3475     -0.71136113E-09     -0.71540403E-09     -0.22230530E-03     -0.42479224E-03
    3476     -0.71136271E-09     -0.71540403E-09     -0.22235551E-03     -0.42479224E-03
    3477     -0.71136454E-09     -0.71540403E-09     -0.22241870E-03     -0.42479224E-03
    3478     -0.71136632E-09     -0.71540403E-09     -0.22247802E-03     -0.42479224E-03
    3479     -0.71136827E-09     -0.71540403E-09     -0.22254291E-03     -0.42479224E-03
    3480     -0.71136953E-09     -0.71540403E-09     -0.22258787E-03     -0.42479224E-03
    3481     -0.71137126E-09     -0.71540403E-09     -0.22265225E-03     -0.42479224E-03
    3482     -0.71137270E-09     -0.71540403E-09     -0.22270707E-03     -0.42479224E-03
    3483     -0.71137402E-09     -0.71540403E-09     -0.22275654E-03     -0.42479224E-03
    3484     -0.71137515E-09     -0.71540403E-09     -0.22279798E-03     -0.42479224E-03
    3485     -0.71137636E-09     -0.71540403E-09     -0.22283772E-03     -0.42479224E-03
    3486     -0.71137772E-09     -0.71540403E-09     -0.22288880E-03     -0.42479224E-03
    3487     -0.71137894E-09     -0.71540403E-09     -0.22293073E-03     -0.42479224E-03
    3488     -0.71138033E-09     -0.71540403E-09     -0.22297421E-03     -0.42479224E-03
    3489     -0.71138158E-09     -0.71540403E-09     -0.22301635E-03     -0.42479224E-03
    3490     -0.71138282E-09     -0.71540403E-09     -0.22306322E-03     -0.42479224E-03
    3491     -0.71138403E-09     -0.71540403E-09     -0.22310728E-03     -0.42479224E-03
    3492     -0.71138533E-09     -0.71540403E-09     -0.22315410E-03     -0.42479224E-03
    3493     -0.71138662E-09     -0.71540403E-09     -0.22320345E-03     -0.42479224E-03
    3494     -0.71138814E-09     -0.71540403E-09     -0.22325691E-03     -0.42479224E-03
    3495     -0.71138949E-09     -0.71540403E-09     -0.22330844E-03     -0.42479224E-03
    3496     -0.71139089E-09     -0.71540403E-09     -0.22335162E-03     -0.42479224E-03
    3497     -0.71139238E-09     -0.71540403E-09     -0.22339651E-03     -0.42479224E-03
    3498     -0.71139384E-09     -0.71540403E-09     -0.22345291E-03     -0.42479224E-03
    3499     -0.71139507E-09     -0.71540403E-09     -0.22349119E-03     -0.42479224E-03
    3500     -0.71139642E-09     -0.71540403E-09     -0.22353545E-03     -0.42479224E-03
    3501     -0.71139752E-09     -0.71540403E-09     -0.22357471E-03     -0.42479224E-03
    3502     -0.71139891E-09     -0.71540403E-09     -0.22362263E-03     -0.42479224E-03
    3503     -0.71140044E-09     -0.71540403E-09     -0.22367350E-03     -0.42479224E-03
    3504     -0.71140191E-09     -0.71540403E-09     -0.22372581E-03     -0.42479224E-03
    3505     -0.71140327E-09     -0.71540403E-09     -0.22376596E-03     -0.42479224E-03
    3506     -0.71140491E-09     -0.71540403E-09     -0.22382238E-03     -0.42479224E-03
    3507     -0.71140608E-09     -0.71540403E-09     -0.22386701E-03     -0.42479224E-03
    3508     -0.71140734E-09     -0.71540403E-09     -0.22391785E-03     -0.42479224E-03
    3509     -0.71140867E-09     -0.71540403E-09     -0.22396784E-03     -0.42479224E-03
    3510     -0.71141025E-09     -0.71540403E-09     -0.22402225E-03     -0.42479224E-03
    3511     -0.71141144E-09     -0.71540403E-09     -0.22406070E-03     -0.42479224E-03
    3512     -0.71141275E-09     -0.71540403E-09     -0.22410923E-03     -0.42479224E-03
    3513     -0.71141390E-09     -0.71540403E-09     -0.22415668E-03     -0.42479224E-03
    3514     -0.71141487E-09     -0.71540403E-09     -0.22419258E-03     -0.42479224E-03
    3515     -0.71141672E-09     -0.71540403E-09     -0.22425769E-03     -0.42479224E-03
    3516     -0.71141765E-09     -0.71540403E-09     -0.22428552E-03     -0.42479224E-03
    3517     -0.71141916E-09     -0.71540403E-09     -0.22434455E-03     -0.42479224E-03
    3518     -0.71142085E-09     -0.71540403E-09     -0.22440436E-03     -0.42479224E-03
    3519     -0.71142192E-09     -0.71540403E-09     -0.22444403E-03     -0.42479224E-03
    3520     -0.71142335E-09     -0.71540403E-09     -0.22449379E-03     -0.42479224E-03
    3521     -0.71142495E-09     -0.71540403E-09     -0.22454590E-03     -0.42479224E-03
    3522     -0.71142662E-09     -0.71540403E-09     -0.22461219E-03     -0.42479224E-03
    3523     -0.71142799E-09     -0.71540403E-09     -0.22466498E-03     -0.42479224E-03
    3524     -0.71142987E-09     -0.71540403E-09     -0.22473162E-03     -0.42479224E-03
    3525     -0.71143118E-09     -0.71540403E-09     -0.22477876E-03     -0.42479224E-03
    3526     -0.71143265E-09     -0.71540403E-09     -0.22483203E-03     -0.42479224E-03
    3527     -0.71143406E-09     -0.71540403E-09     -0.22488626E-03     -0.42479224E-03
    3528     -0.71143566E-09     -0.71540403E-09     -0.22494318E-03     -0.42479224E-03
    3529     -0.71143706E-09     -0.71540403E-09     -0.22500132E-03     -0.42479224E-03
    3530     -0.71143841E-09     -0.71540403E-09     -0.22505032E-03     -0.42479224E-03
    3531     -0.71144011E-09     -0.71540403E-09     -0.22510813E-03     -0.42479224E-03
    3532     -0.71144154E-09     -0.71540403E-09     -0.22515977E-03     -0.42479224E-03
    3533     -0.71144314E-09     -0.71540403E-09     -0.22521774E-03     -0.42479224E-03
    3534     -0.71144437E-09     -0.71540403E-09     -0.22526711E-03     -0.42479224E-03
    3535     -0.71144631E-09     -0.71540403E-09     -0.22533555E-03     -0.42479224E-03
    3536     -0.71144836E-09     -0.71540403E-09     -0.22539940E-03     -0.42479224E-03
    3537     -0.71144986E-09     -0.71540403E-09     -0.22544685E-03     -0.42479224E-03
    3538     -0.71145131E-09     -0.71540403E-09     -0.22549593E-03     -0.42479224E-03
    3539     -0.71145273E-09     -0.71540403E-09     -0.22554673E-03     -0.42479224E-03
    3540     -0.71145398E-09     -0.71540403E-09     -0.22560427E-03     -0.42479224E-03
    3541     -0.71145523E-09     -0.71540403E-09     -0.22566723E-03     -0.42479224E-03
    3542     -0.71145641E-09     -0.71540403E-09     -0.22571181E-03     -0.42479224E-03
    3543     -0.71145806E-09     -0.71540403E-09     -0.22577507E-03     -0.42479224E-03
    3544     -0.71145969E-09     -0.71540403E-09     -0.22584192E-03     -0.42479224E-03
    3545     -0.71146128E-09     -0.71540403E-09     -0.22590560E-03     -0.42479224E-03
    3546     -0.71146293E-09     -0.71540403E-09     -0.22596419E-03     -0.42479224E-03
    3547     -0.71146437E-09     -0.71540403E-09     -0.22602000E-03     -0.42479224E-03
    3548     -0.71146554E-09     -0.71540403E-09     -0.22606701E-03     -0.42479224E-03
    3549     -0.71146721E-09     -0.71540403E-09     -0.22612779E-03     -0.42479224E-03
    3550     -0.71146834E-09     -0.71540403E-09     -0.22617500E-03     -0.42479224E-03
    3551     -0.71146950E-09     -0.71540403E-09     -0.22621216E-03     -0.42479224E-03
    3552     -0.71147049E-09     -0.71540403E-09     -0.22625041E-03     -0.42479224E-03
    3553     -0.71147193E-09     -0.71540403E-09     -0.22629557E-03     -0.42479224E-03
    3554     -0.71147304E-09     -0.71540403E-09     -0.22633038E-03     -0.42479224E-03
    3555     -0.71147387E-09     -0.71540403E-09     -0.22636241E-03     -0.42479224E-03
    3556     -0.71147481E-09     -0.71540403E-09     -0.22639472E-03     -0.42479224E-03
    3557     -0.71147591E-09     -0.71540403E-09     -0.22643711E-03     -0.42479224E-03
    3558     -0.71147700E-09     -0.71540403E-09     -0.22647717E-03     -0.42479224E-03
    3559     -0.71147833E-09     -0.71540403E-09     -0.22652982E-03     -0.42479224E-03
    3560     -0.71147940E-09     -0.71540403E-09     -0.22657229E-03     -0.42479224E-03
    3561     -0.71148031E-09     -0.71540403E-09     -0.22660160E-03     -0.42479224E-03
    3562     -0.71148175E-09     -0.71540403E-09     -0.22665067E-03     -0.42479224E-03
    3563     -0.71148286E-09     -0.71540403E-09     -0.22669255E-03     -0.42479224E-03
    3564     -0.71148396E-09     -0.71540403E-09     -0.22673739E-03     -0.42479224E-03
    3565     -0.71148515E-09     -0.71540403E-09     -0.22678434E-03     -0.42479224E-03
    3566     -0.71148627E-09     -0.71540403E-09     -0.22682610E-03     -0.42479224E-03
    3567     -0.71148731E-09     -0.71540403E-09     -0.22686259E-03     -0.42479224E-03
    3568     -0.71148816E-09     -0.71540403E-09     -0.22689980E-03     -0.42479224E-03
    3569     -0.71148932E-09     -0.71540403E-09     -0.22695005E-03     -0.42479224E-03
    3570     -0.71149048E-09     -0.71540403E-09     -0.22699297E-03     -0.42479224E-03
    3571     -0.71149154E-09     -0.71540403E-09     -0.22703209E-03     -0.42479224E-03
    3572     -0.71149267E-09     -0.71540403E-09     -0.22707515E-03     -0.42479224E-03
    3573     -0.71149393E-09     -0.71540403E-09     -0.22712433E-03     -0.42479224E-03
    3574     -0.71149526E-09     -0.71540403E-09     -0.22717484E-03     -0.42479224E-03
    3575     -0.71149641E-09     -0.71540403E-09     -0.22722818E-03     -0.42479224E-03
    3576     -0.71149752E-09     -0.71540403E-09     -0.22726973E-03     -0.42479224E-03
    3577     -0.71149861E-09     -0.71540403E-09     -0.22731493E-03     -0.42479224E-03
    3578     -0.71149970E-09     -0.71540403E-09     -0.22736062E-03     -0.42479224E-03
    3579     -0.71150096E-09     -0.71540403E-09     -0.22740996E-03     -0.42479224E-03
    3580     -0.71150223E-09     -0.71540403E-09     -0.22745781E-03     -0.42479224E-03
    3581     -0.71150348E-09     -0.71540403E-09     -0.22750888E-03     -0.42479224E-03
    3582     -0.71150465E-09     -0.71540403E-09     -0.22755306E-03     -0.42479224E-03
    3583     -0.71150568E-09     -0.71540403E-09     -0.22759787E-03     -0.42479224E-03
    3584     -0.71150693E-09     -0.71540403E-09     -0.22764309E-03     -0.42479224E-03
    3585     -0.71150813E-09     -0.71540403E-09     -0.22769120E-03     -0.42479224E-03
    3586     -0.71150929E-09     -0.71540403E-09     -0.22773944E-03     -0.42479224E-03
    3587     -0.71151063E-09     -0.71540403E-09     -0.22779654E-03     -0.42479224E-03
    3588     -0.71151171E-09     -0.71540403E-09     -0.22783776E-03     -0.42479224E-03
    3589     -0.71151275E-09     -0.71540403E-09     -0.22787936E-03     -0.42479224E-03
    3590     -0.71151374E-09     -0.71540403E-09     -0.22792001E-03     -0.42479224E-03
    3591     -0.71151465E-09     -0.71540403E-09     -0.22795541E-03     -0.42479224E-03
    3592     -0.71151598E-09     -0.71540403E-09     -0.22801311E-03     -0.42479224E-03
    3593     -0.71151716E-09     -0.71540403E-09     -0.22805630E-03     -0.42479224E-03
    3594     -0.71151795E-09     -0.71540403E-09     -0.22808892E-03     -0.42479224E-03
    3595     -0.71151883E-09     -0.71540403E-09     -0.22812236E-03     -0.42479224E-03
    3596     -0.71151995E-09     -0.71540403E-09     -0.22816361E-03     -0.42479224E-03
    3597     -0.71152097E-09     -0.71540403E-09     -0.22820471E-03     -0.42479224E-03
    3598     -0.71152211E-09     -0.71540403E-09     -0.22824259E-03     -0.42479224E-03
    3599     -0.71152306E-09     -0.71540403E-09     -0.22827985E-03     -0.42479224E-03
    3600     -0.71152385E-09     -0.71540403E-09     -0.22831489E-03     -0.42479224E-03
    3601     -0.71152483E-09     -0.71540403E-09     -0.22835310E-03     -0.42479224E-03
    3602     -0.71152580E-09     -0.71540403E-09     -0.22839431E-03     -0.42479224E-03
    3603     -0.71152678E-09     -0.71540403E-09     -0.22843401E-03     -0.42479224E-03
    3604     -0.71152802E-09     -0.71540403E-09     -0.22848915E-03     -0.42479224E-03
    3605     -0.71152906E-09     -0.71540403E-09     -0.22852844E-03     -0.42479224E-03
    3606     -0.71153031E-09     -0.71540403E-09     -0.22857494E-03     -0.42479224E-03
    3607     -0.71153141E-09     -0.71540403E-09     -0.22861459E-03     -0.42479224E-03
    3608     -0.71153278E-09     -0.71540403E-09     -0.22866890E-03     -0.42479224E-03
    3609     -0.71153397E-09     -0.71540403E-09     -0.22871513E-03     -0.42479224E-03
    3610     -0.71153497E-09     -0.71540403E-09     -0.22875301E-03     -0.42479224E-03
    3611     -0.71153636E-09     -0.71540403E-09     -0.22879779E-03     -0.42479224E-03
    3612     -0.71153729E-09     -0.71540403E-09     -0.22883258E-03     -0.42479224E-03
    3613     -0.71153857E-09     -0.71540403E-09     -0.22888167E-03     -0.42479224E-03
    3614     -0.71153949E-09     -0.71540403E-09     -0.22892109E-03     -0.42479224E-03
    3615     -0.71154064E-09     -0.71540403E-09     -0.22895420E-03     -0.42479224E-03
    3616     -0.71154167E-09     -0.71540403E-09     -0.22899822E-03     -0.42479224E-03
    3617     -0.71154285E-09     -0.71540403E-09     -0.22903970E-03     -0.42479224E-03
    3618     -0.71154415E-09     -0.71540403E-09     -0.22909100E-03     -0.42479224E-03
    3619     -0.71154540E-09     -0.71540403E-09     -0.22913835E-03     -0.42479224E-03
    3620     -0.71154625E-09     -0.71540403E-09     -0.22917569E-03     -0.42479224E-03
    3621     -0.71154762E-09     -0.71540403E-09     -0.22922653E-03     -0.42479224E-03
    3622     -0.71154861E-09     -0.71540403E-09     -0.22926768E-03     -0.42479224E-03
    3623     -0.71154953E-09     -0.71540403E-09     -0.22930541E-03     -0.42479224E-03
    3624     -0.71155061E-09     -0.71540403E-09     -0.22934981E-03     -0.42479224E-03
    3625     -0.71155183E-09     -0.71540403E-09     -0.22939866E-03     -0.42479224E-03
    3626     -0.71155291E-09     -0.71540403E-09     -0.22944662E-03     -0.42479224E-03
    3627     -0.71155395E-09     -0.71540403E-09     -0.22948932E-03     -0.42479224E-03
    3628     -0.71155494E-09     -0.71540403E-09     -0.22952927E-03     -0.42479224E-03
    3629     -0.71155605E-09     -0.71540403E-09     -0.22957338E-03     -0.42479224E-03
    3630     -0.71155715E-09     -0.71540403E-09     -0.22961886E-03     -0.42479224E-03
    3631     -0.71155808E-09     -0.71540403E-09     -0.22965558E-03     -0.42479224E-03
    3632     -0.71155900E-09     -0.71540403E-09     -0.22969268E-03     -0.42479224E-03
    3633     -0.71156046E-09     -0.71540403E-09     -0.22976180E-03     -0.42479224E-03
    3634     -0.71156144E-09     -0.71540403E-09     -0.22980876E-03     -0.42479224E-03
    3635     -0.71156265E-09     -0.71540403E-09     -0.22986371E-03     -0.42479224E-03
    3636     -0.71156358E-09     -0.71540403E-09     -0.22990221E-03     -0.42479224E-03
    3637     -0.71156468E-09     -0.71540403E-09     -0.22994927E-03     -0.42479224E-03
    3638     -0.71156609E-09     -0.71540403E-09     -0.23002311E-03     -0.42479224E-03
    3639     -0.71156715E-09     -0.71540403E-09     -0.23007968E-03     -0.42479224E-03
    3640     -0.71156838E-09     -0.71540403E-09     -0.23013154E-03     -0.42479224E-03
    3641     -0.71156963E-09     -0.71540403E-09     -0.23019133E-03     -0.42479224E-03
    3642     -0.71157095E-09     -0.71540403E-09     -0.23026488E-03     -0.42479224E-03
    3643     -0.71157201E-09     -0.71540403E-09     -0.23031122E-03     -0.42479224E-03
    3644     -0.71157295E-09     -0.71540403E-09     -0.23035307E-03     -0.42479224E-03
    3645     -0.71157395E-09     -0.71540403E-09     -0.23039670E-03     -0.42479224E-03
    3646     -0.71157502E-09     -0.71540403E-09     -0.23044130E-03     -0.42479224E-03
    3647     -0.71157612E-09     -0.71540403E-09     -0.23049032E-03     -0.42479224E-03
    3648     -0.71157707E-09     -0.71540403E-09     -0.23052849E-03     -0.42479224E-03
    3649     -0.71157809E-09     -0.71540403E-09     -0.23056993E-03     -0.42479224E-03
    3650     -0.71157909E-09     -0.71540403E-09     -0.23060601E-03     -0.42479224E-03
    3651     -0.71158000E-09     -0.71540403E-09     -0.23063843E-03     -0.42479224E-03
    3652     -0.71158099E-09     -0.71540403E-09     -0.23067626E-03     -0.42479224E-03
    3653     -0.71158209E-09     -0.71540403E-09     -0.23072028E-03     -0.42479224E-03
    3654     -0.71158295E-09     -0.71540403E-09     -0.23075773E-03     -0.42479224E-03
    3655     -0.71158384E-09     -0.71540403E-09     -0.23079797E-03     -0.42479224E-03
    3656     -0.71158478E-09     -0.71540403E-09     -0.23083784E-03     -0.42479224E-03
    3657     -0.71158590E-09     -0.71540403E-09     -0.23088332E-03     -0.42479224E-03
    3658     -0.71158671E-09     -0.71540403E-09     -0.23091986E-03     -0.42479224E-03
    3659     -0.71158763E-09     -0.71540403E-09     -0.23096024E-03     -0.42479224E-03
    3660     -0.71158873E-09     -0.71540403E-09     -0.23100779E-03     -0.42479224E-03
    3661     -0.71158956E-09     -0.71540403E-09     -0.23104467E-03     -0.42479224E-03
    3662     -0.71159053E-09     -0.71540403E-09     -0.23109518E-03     -0.42479224E-03
    3663     -0.71159142E-09     -0.71540403E-09     -0.23113144E-03     -0.42479224E-03
    3664     -0.71159229E-09     -0.71540403E-09     -0.23117239E-03     -0.42479224E-03
    3665     -0.71159353E-09     -0.71540403E-09     -0.23122128E-03     -0.42479224E-03
    3666     -0.71159460E-09     -0.71540403E-09     -0.23125642E-03     -0.42479224E-03
    3667     -0.71159542E-09     -0.71540403E-09     -0.23129792E-03     -0.42479224E-03
    3668     -0.71159647E-09     -0.71540403E-09     -0.23134454E-03     -0.42479224E-03
    3669     -0.71159725E-09     -0.71540403E-09     -0.23137802E-03     -0.42479224E-03
    3670     -0.71159820E-09     -0.71540403E-09     -0.23142402E-03     -0.42479224E-03
    3671     -0.71159896E-09     -0.71540403E-09     -0.23146220E-03     -0.42479224E-03
    3672     -0.71159987E-09     -0.71540403E-09     -0.23150076E-03     -0.42479224E-03
    3673     -0.71160063E-09     -0.71540403E-09     -0.23153701E-03     -0.42479224E-03
    3674     -0.71160146E-09     -0.71540403E-09     -0.23156969E-03     -0.42479224E-03
    3675     -0.71160223E-09     -0.71540403E-09     -0.23160558E-03     -0.42479224E-03
    3676     -0.71160317E-09     -0.71540403E-09     -0.23164821E-03     -0.42479224E-03
    3677     -0.71160409E-09     -0.71540403E-09     -0.23168606E-03     -0.42479224E-03
    3678     -0.71160484E-09     -0.71540403E-09     -0.23172550E-03     -0.42479224E-03
    3679     -0.71160571E-09     -0.71540403E-09     -0.23176056E-03     -0.42479224E-03
    3680     -0.71160677E-09     -0.71540403E-09     -0.23180333E-03     -0.42479224E-03
    3681     -0.71160748E-09     -0.71540403E-09     -0.23183177E-03     -0.42479224E-03
    3682     -0.71160822E-09     -0.71540403E-09     -0.23186532E-03     -0.42479224E-03
    3683     -0.71160898E-09     -0.71540403E-09     -0.23190006E-03     -0.42479224E-03
    3684     -0.71160975E-09     -0.71540403E-09     -0.23193383E-03     -0.42479224E-03
    3685     -0.71161067E-09     -0.71540403E-09     -0.23196869E-03     -0.42479224E-03
    3686     -0.71161127E-09     -0.71540403E-09     -0.23200473E-03     -0.42479224E-03
    3687     -0.71161191E-09     -0.71540403E-09     -0.23203830E-03     -0.42479224E-03
    3688     -0.71161304E-09     -0.71540403E-09     -0.23209624E-03     -0.42479224E-03
    3689     -0.71161390E-09     -0.71540403E-09     -0.23213620E-03     -0.42479224E-03
    3690     -0.71161471E-09     -0.71540403E-09     -0.23218246E-03     -0.42479224E-03
    3691     -0.71161558E-09     -0.71540403E-09     -0.23222607E-03     -0.42479224E-03
    3692     -0.71161623E-09     -0.71540403E-09     -0.23226247E-03     -0.42479224E-03
    3693     -0.71161694E-09     -0.71540403E-09     -0.23230465E-03     -0.42479224E-03
    3694     -0.71161830E-09     -0.71540403E-09     -0.23237478E-03     -0.42479224E-03
    3695     -0.71161929E-09     -0.71540403E-09     -0.23242528E-03     -0.42479224E-03
    3696     -0.71162004E-09     -0.71540403E-09     -0.23246129E-03     -0.42479224E-03
    3697     -0.71162070E-09     -0.71540403E-09     -0.23249340E-03     -0.42479224E-03
    3698     -0.71162158E-09     -0.71540403E-09     -0.23253550E-03     -0.42479224E-03
    3699     -0.71162229E-09     -0.71540403E-09     -0.23258144E-03     -0.42479224E-03
    3700     -0.71162311E-09     -0.71540403E-09     -0.23261592E-03     -0.42479224E-03
    3701     -0.71162398E-09     -0.71540403E-09     -0.23265391E-03     -0.42479224E-03
    3702     -0.71162490E-09     -0.71540403E-09     -0.23270575E-03     -0.42479224E-03
    3703     -0.71162579E-09     -0.71540403E-09     -0.23274687E-03     -0.42479224E-03
    3704     -0.71162688E-09     -0.71540403E-09     -0.23280791E-03     -0.42479224E-03
    3705     -0.71162762E-09     -0.71540403E-09     -0.23284945E-03     -0.42479224E-03
    3706     -0.71162839E-09     -0.71540403E-09     -0.23289067E-03     -0.42479224E-03
    3707     -0.71162937E-09     -0.71540403E-09     -0.23293537E-03     -0.42479224E-03
    3708     -0.71163027E-09     -0.71540403E-09     -0.23298176E-03     -0.42479224E-03
    3709     -0.71163121E-09     -0.71540403E-09     -0.23302965E-03     -0.42479224E-03
    3710     -0.71163192E-09     -0.71540403E-09     -0.23306782E-03     -0.42479224E-03
    3711     -0.71163269E-09     -0.71540403E-09     -0.23310777E-03     -0.42479224E-03
    3712     -0.71163338E-09     -0.71540403E-09     -0.23313675E-03     -0.42479224E-03
    3713     -0.71163414E-09     -0.71540403E-09     -0.23317396E-03     -0.42479224E-03
    3714     -0.71163474E-09     -0.71540403E-09     -0.23319983E-03     -0.42479224E-03
    3715     -0.71163561E-09     -0.71540403E-09     -0.23323695E-03     -0.42479224E-03
    3716     -0.71163645E-09     -0.71540403E-09     -0.23327674E-03     -0.42479224E-03
    3717     -0.71163736E-09     -0.71540403E-09     -0.23332088E-03     -0.42479224E-03
    3718     -0.71163819E-09     -0.71540403E-09     -0.23335732E-03     -0.42479224E-03
    3719     -0.71163880E-09     -0.71540403E-09     -0.23339313E-03     -0.42479224E-03
    3720     -0.71163969E-09     -0.71540403E-09     -0.23343389E-03     -0.42479224E-03
    3721     -0.71164068E-09     -0.71540403E-09     -0.23348048E-03     -0.42479224E-03
    3722     -0.71164141E-09     -0.71540403E-09     -0.23351938E-03     -0.42479224E-03
    3723     -0.71164208E-09     -0.71540403E-09     -0.23355241E-03     -0.42479224E-03
    3724     -0.71164308E-09     -0.71540403E-09     -0.23359228E-03     -0.42479224E-03
    3725     -0.71164384E-09     -0.71540403E-09     -0.23362468E-03     -0.42479224E-03
    3726     -0.71164466E-09     -0.71540403E-09     -0.23365791E-03     -0.42479224E-03
    3727     -0.71164577E-09     -0.71540403E-09     -0.23370310E-03     -0.42479224E-03
    3728     -0.71164697E-09     -0.71540403E-09     -0.23374993E-03     -0.42479224E-03
    3729     -0.71164789E-09     -0.71540403E-09     -0.23379027E-03     -0.42479224E-03
    3730     -0.71164892E-09     -0.71540403E-09     -0.23383236E-03     -0.42479224E-03
    3731     -0.71165017E-09     -0.71540403E-09     -0.23387666E-03     -0.42479224E-03
    3732     -0.71165100E-09     -0.71540403E-09     -0.23391320E-03     -0.42479224E-03
    3733     -0.71165221E-09     -0.71540403E-09     -0.23396110E-03     -0.42479224E-03
    3734     -0.71165285E-09     -0.71540403E-09     -0.23398991E-03     -0.42479224E-03
    3735     -0.71165399E-09     -0.71540403E-09     -0.23403580E-03     -0.42479224E-03
    3736     -0.71165488E-09     -0.71540403E-09     -0.23407460E-03     -0.42479224E-03
    3737     -0.71165562E-09     -0.71540403E-09     -0.23410657E-03     -0.42479224E-03
    3738     -0.71165652E-09     -0.71540403E-09     -0.23414627E-03     -0.42479224E-03
    3739     -0.71165750E-09     -0.71540403E-09     -0.23418835E-03     -0.42479224E-03
    3740     -0.71165844E-09     -0.71540403E-09     -0.23423138E-03     -0.42479224E-03
    3741     -0.71165964E-09     -0.71540403E-09     -0.23428280E-03     -0.42479224E-03
    3742     -0.71166051E-09     -0.71540403E-09     -0.23432049E-03     -0.42479224E-03
    3743     -0.71166145E-09     -0.71540403E-09     -0.23435968E-03     -0.42479224E-03
    3744     -0.71166226E-09     -0.71540403E-09     -0.23439219E-03     -0.42479224E-03
    3745     -0.71166311E-09     -0.71540403E-09     -0.23443214E-03     -0.42479224E-03
    3746     -0.71166403E-09     -0.71540403E-09     -0.23447185E-03     -0.42479224E-03
    3747     -0.71166486E-09     -0.71540403E-09     -0.23450871E-03     -0.42479224E-03
    3748     -0.71166563E-09     -0.71540403E-09     -0.23453689E-03     -0.42479224E-03
    3749     -0.71166652E-09     -0.71540403E-09     -0.23457567E-03     -0.42479224E-03
    3750     -0.71166741E-09     -0.71540403E-09     -0.23461534E-03     -0.42479224E-03
    3751     -0.71166839E-09     -0.71540403E-09     -0.23465789E-03     -0.42479224E-03
    3752     -0.71166956E-09     -0.71540403E-09     -0.23471027E-03     -0.42479224E-03
    3753     -0.71167092E-09     -0.71540403E-09     -0.23477053E-03     -0.42479224E-03
    3754     -0.71167200E-09     -0.71540403E-09     -0.23482133E-03     -0.42479224E-03
    3755     -0.71167296E-09     -0.71540403E-09     -0.23486270E-03     -0.42479224E-03
    3756     -0.71167408E-09     -0.71540403E-09     -0.23491853E-03     -0.42479224E-03
    3757     -0.71167506E-09     -0.71540403E-09     -0.23495815E-03     -0.42479224E-03
    3758     -0.71167599E-09     -0.71540403E-09     -0.23499682E-03     -0.42479224E-03
    3759     -0.71167693E-09     -0.71540403E-09     -0.23503861E-03     -0.42479224E-03
    3760     -0.71167773E-09     -0.71540403E-09     -0.23507893E-03     -0.42479224E-03
    3761     -0.71167868E-09     -0.71540403E-09     -0.23512241E-03     -0.42479224E-03
    3762     -0.71167958E-09     -0.71540403E-09     -0.23515902E-03     -0.42479224E-03
    3763     -0.71168054E-09     -0.71540403E-09     -0.23520294E-03     -0.42479224E-03
    3764     -0.71168153E-09     -0.71540403E-09     -0.23524688E-03     -0.42479224E-03
    3765     -0.71168258E-09     -0.71540403E-09     -0.23529972E-03     -0.42479224E-03
    3766     -0.71168347E-09     -0.71540403E-09     -0.23534057E-03     -0.42479224E-03
    3767     -0.71168451E-09     -0.71540403E-09     -0.23538335E-03     -0.42479224E-03
    3768     -0.71168550E-09     -0.71540403E-09     -0.23543550E-03     -0.42479224E-03
    3769     -0.71168633E-09     -0.71540403E-09     -0.23547903E-03     -0.42479224E-03
    3770     -0.71168742E-09     -0.71540403E-09     -0.23553011E-03     -0.42479224E-03
    3771     -0.71168820E-09     -0.71540403E-09     -0.23557173E-03     -0.42479224E-03
    3772     -0.71168895E-09     -0.71540403E-09     -0.23560827E-03     -0.42479224E-03
    3773     -0.71168988E-09     -0.71540403E-09     -0.23565572E-03     -0.42479224E-03
    3774     -0.71169088E-09     -0.71540403E-09     -0.23570062E-03     -0.42479224E-03
    3775     -0.71169197E-09     -0.71540403E-09     -0.23575148E-03     -0.42479224E-03
    3776     -0.71169280E-09     -0.71540403E-09     -0.23579129E-03     -0.42479224E-03
    3777     -0.71169392E-09     -0.71540403E-09     -0.23584495E-03     -0.42479224E-03
    3778     -0.71169498E-09     -0.71540403E-09     -0.23589574E-03     -0.42479224E-03
    3779     -0.71169586E-09     -0.71540403E-09     -0.23593497E-03     -0.42479224E-03
    3780     -0.71169669E-09     -0.71540403E-09     -0.23597370E-03     -0.42479224E-03
    3781     -0.71169756E-09     -0.71540403E-09     -0.23601922E-03     -0.42479224E-03
    3782     -0.71169857E-09     -0.71540403E-09     -0.23606797E-03     -0.42479224E-03
    3783     -0.71169929E-09     -0.71540403E-09     -0.23609970E-03     -0.42479224E-03
    3784     -0.71170008E-09     -0.71540403E-09     -0.23613682E-03     -0.42479224E-03
    3785     -0.71170095E-09     -0.71540403E-09     -0.23617689E-03     -0.42479224E-03
    3786     -0.71170186E-09     -0.71540403E-09     -0.23621795E-03     -0.42479224E-03
    3787     -0.71170268E-09     -0.71540403E-09     -0.23626543E-03     -0.42479224E-03
    3788     -0.71170367E-09     -0.71540403E-09     -0.23633207E-03     -0.42479224E-03
    3789     -0.71170461E-09     -0.71540403E-09     -0.23637769E-03     -0.42479224E-03
    3790     -0.71170564E-09     -0.71540403E-09     -0.23642911E-03     -0.42479224E-03
    3791     -0.71170665E-09     -0.71540403E-09     -0.23647110E-03     -0.42479224E-03
    3792     -0.71170777E-09     -0.71540403E-09     -0.23651564E-03     -0.42479224E-03
    3793     -0.71170858E-09     -0.71540403E-09     -0.23655603E-03     -0.42479224E-03
    3794     -0.71170964E-09     -0.71540403E-09     -0.23661688E-03     -0.42479224E-03
    3795     -0.71171071E-09     -0.71540403E-09     -0.23666395E-03     -0.42479224E-03
    3796     -0.71171188E-09     -0.71540403E-09     -0.23671621E-03     -0.42479224E-03
    3797     -0.71171293E-09     -0.71540403E-09     -0.23676544E-03     -0.42479224E-03
    3798     -0.71171406E-09     -0.71540403E-09     -0.23682706E-03     -0.42479224E-03
    3799     -0.71171490E-09     -0.71540403E-09     -0.23687035E-03     -0.42479224E-03
    3800     -0.71171583E-09     -0.71540403E-09     -0.23691305E-03     -0.42479224E-03
    3801     -0.71171684E-09     -0.71540403E-09     -0.23694735E-03     -0.42479224E-03
    3802     -0.71171767E-09     -0.71540403E-09     -0.23699010E-03     -0.42479224E-03
    3803     -0.71171852E-09     -0.71540403E-09     -0.23702904E-03     -0.42479224E-03
    3804     -0.71171943E-09     -0.71540403E-09     -0.23707125E-03     -0.42479224E-03
    3805     -0.71172031E-09     -0.71540403E-09     -0.23711592E-03     -0.42479224E-03
    3806     -0.71172129E-09     -0.71540403E-09     -0.23716106E-03     -0.42479224E-03
    3807     -0.71172220E-09     -0.71540403E-09     -0.23720733E-03     -0.42479224E-03
    3808     -0.71172311E-09     -0.71540403E-09     -0.23724862E-03     -0.42479224E-03
    3809     -0.71172386E-09     -0.71540403E-09     -0.23729466E-03     -0.42479224E-03
    3810     -0.71172479E-09     -0.71540403E-09     -0.23733704E-03     -0.42479224E-03
    3811     -0.71172589E-09     -0.71540403E-09     -0.23739349E-03     -0.42479224E-03
    3812     -0.71172661E-09     -0.71540403E-09     -0.23743228E-03     -0.42479224E-03
    3813     -0.71172746E-09     -0.71540403E-09     -0.23747831E-03     -0.42479224E-03
    3814     -0.71172840E-09     -0.71540403E-09     -0.23753194E-03     -0.42479224E-03
    3815     -0.71172946E-09     -0.71540403E-09     -0.23758928E-03     -0.42479224E-03
    3816     -0.71173048E-09     -0.71540403E-09     -0.23763878E-03     -0.42479224E-03
    3817     -0.71173148E-09     -0.71540403E-09     -0.23768185E-03     -0.42479224E-03
    3818     -0.71173218E-09     -0.71540403E-09     -0.23772392E-03     -0.42479224E-03
    3819     -0.71173323E-09     -0.71540403E-09     -0.23777003E-03     -0.42479224E-03
    3820     -0.71173404E-09     -0.71540403E-09     -0.23780934E-03     -0.42479224E-03
    3821     -0.71173503E-09     -0.71540403E-09     -0.23785760E-03     -0.42479224E-03
    3822     -0.71173595E-09     -0.71540403E-09     -0.23790949E-03     -0.42479224E-03
    3823     -0.71173702E-09     -0.71540403E-09     -0.23795893E-03     -0.42479224E-03
    3824     -0.71173766E-09     -0.71540403E-09     -0.23798907E-03     -0.42479224E-03
    3825     -0.71173854E-09     -0.71540403E-09     -0.23803484E-03     -0.42479224E-03
    3826     -0.71173938E-09     -0.71540403E-09     -0.23807751E-03     -0.42479224E-03
    3827     -0.71174026E-09     -0.71540403E-09     -0.23811590E-03     -0.42479224E-03
    3828     -0.71174106E-09     -0.71540403E-09     -0.23815346E-03     -0.42479224E-03
    3829     -0.71174203E-09     -0.71540403E-09     -0.23820305E-03     -0.42479224E-03
    3830     -0.71174290E-09     -0.71540403E-09     -0.23824748E-03     -0.42479224E-03
    3831     -0.71174377E-09     -0.71540403E-09     -0.23829002E-03     -0.42479224E-03
    3832     -0.71174462E-09     -0.71540403E-09     -0.23833122E-03     -0.42479224E-03
    3833     -0.71174553E-09     -0.71540403E-09     -0.23837129E-03     -0.42479224E-03
    3834     -0.71174659E-09     -0.71540403E-09     -0.23842081E-03     -0.42479224E-03
    3835     -0.71174753E-09     -0.71540403E-09     -0.23846307E-03     -0.42479224E-03
    3836     -0.71174836E-09     -0.71540403E-09     -0.23850038E-03     -0.42479224E-03
    3837     -0.71174925E-09     -0.71540403E-09     -0.23853754E-03     -0.42479224E-03
    3838     -0.71175033E-09     -0.71540403E-09     -0.23858456E-03     -0.42479224E-03
    3839     -0.71175115E-09     -0.71540403E-09     -0.23862250E-03     -0.42479224E-03
    3840     -0.71175192E-09     -0.71540403E-09     -0.23866267E-03     -0.42479224E-03
    3841     -0.71175273E-09     -0.71540403E-09     -0.23869988E-03     -0.42479224E-03
    3842     -0.71175361E-09     -0.71540403E-09     -0.23874129E-03     -0.42479224E-03
    3843     -0.71175435E-09     -0.71540403E-09     -0.23877530E-03     -0.42479224E-03
    3844     -0.71175517E-09     -0.71540403E-09     -0.23881530E-03     -0.42479224E-03
    3845     -0.71175608E-09     -0.71540403E-09     -0.23885293E-03     -0.42479224E-03
    3846     -0.71175704E-09     -0.71540403E-09     -0.23889665E-03     -0.42479224E-03
    3847     -0.71175794E-09     -0.71540403E-09     -0.23893611E-03     -0.42479224E-03
    3848     -0.71175878E-09     -0.71540403E-09     -0.23897696E-03     -0.42479224E-03
    3849     -0.71175956E-09     -0.71540403E-09     -0.23901702E-03     -0.42479224E-03
    3850     -0.71176044E-09     -0.71540403E-09     -0.23905237E-03     -0.42479224E-03
    3851     -0.71176121E-09     -0.71540403E-09     -0.23908891E-03     -0.42479224E-03
    3852     -0.71176209E-09     -0.71540403E-09     -0.23912671E-03     -0.42479224E-03
    3853     -0.71176285E-09     -0.71540403E-09     -0.23916491E-03     -0.42479224E-03
    3854     -0.71176377E-09     -0.71540403E-09     -0.23920344E-03     -0.42479224E-03
    3855     -0.71176478E-09     -0.71540403E-09     -0.23924482E-03     -0.42479224E-03
    3856     -0.71176573E-09     -0.71540403E-09     -0.23929484E-03     -0.42479224E-03
    3857     -0.71176666E-09     -0.71540403E-09     -0.23934179E-03     -0.42479224E-03
    3858     -0.71176768E-09     -0.71540403E-09     -0.23938702E-03     -0.42479224E-03
    3859     -0.71176863E-09     -0.71540403E-09     -0.23943768E-03     -0.42479224E-03
    3860     -0.71176956E-09     -0.71540403E-09     -0.23948238E-03     -0.42479224E-03
    3861     -0.71177040E-09     -0.71540403E-09     -0.23952420E-03     -0.42479224E-03
    3862     -0.71177146E-09     -0.71540403E-09     -0.23957628E-03     -0.42479224E-03
    3863     -0.71177229E-09     -0.71540403E-09     -0.23961608E-03     -0.42479224E-03
    3864     -0.71177324E-09     -0.71540403E-09     -0.23966236E-03     -0.42479224E-03
    3865     -0.71177418E-09     -0.71540403E-09     -0.23970683E-03     -0.42479224E-03
    3866     -0.71177512E-09     -0.71540403E-09     -0.23975301E-03     -0.42479224E-03
    3867     -0.71177616E-09     -0.71540403E-09     -0.23980964E-03     -0.42479224E-03
    3868     -0.71177736E-09     -0.71540403E-09     -0.23986345E-03     -0.42479224E-03
    3869     -0.71177827E-09     -0.71540403E-09     -0.23990653E-03     -0.42479224E-03
    3870     -0.71177907E-09     -0.71540403E-09     -0.23995160E-03     -0.42479224E-03
    3871     -0.71177999E-09     -0.71540403E-09     -0.23999760E-03     -0.42479224E-03
    3872     -0.71178092E-09     -0.71540403E-09     -0.24004359E-03     -0.42479224E-03
    3873     -0.71178186E-09     -0.71540403E-09     -0.24009100E-03     -0.42479224E-03
    3874     -0.71178277E-09     -0.71540403E-09     -0.24014024E-03     -0.42479224E-03
    3875     -0.71178378E-09     -0.71540403E-09     -0.24018685E-03     -0.42479224E-03
    3876     -0.71178471E-09     -0.71540403E-09     -0.24023085E-03     -0.42479224E-03
    3877     -0.71178590E-09     -0.71540403E-09     -0.24030313E-03     -0.42479224E-03
    3878     -0.71178676E-09     -0.71540403E-09     -0.24034988E-03     -0.42479224E-03
    3879     -0.71178781E-09     -0.71540403E-09     -0.24039923E-03     -0.42479224E-03
    3880     -0.71178868E-09     -0.71540403E-09     -0.24044127E-03     -0.42479224E-03
    3881     -0.71178954E-09     -0.71540403E-09     -0.24048528E-03     -0.42479224E-03
    3882     -0.71179022E-09     -0.71540403E-09     -0.24051711E-03     -0.42479224E-03
    3883     -0.71179106E-09     -0.71540403E-09     -0.24055664E-03     -0.42479224E-03
    3884     -0.71179225E-09     -0.71540403E-09     -0.24063068E-03     -0.42479224E-03
    3885     -0.71179309E-09     -0.71540403E-09     -0.24067243E-03     -0.42479224E-03
    3886     -0.71179399E-09     -0.71540403E-09     -0.24071392E-03     -0.42479224E-03
    3887     -0.71179462E-09     -0.71540403E-09     -0.24074572E-03     -0.42479224E-03
    3888     -0.71179522E-09     -0.71540403E-09     -0.24077485E-03     -0.42479224E-03
    3889     -0.71179659E-09     -0.71540403E-09     -0.24085558E-03     -0.42479224E-03
    3890     -0.71179754E-09     -0.71540403E-09     -0.24090736E-03     -0.42479224E-03
    3891     -0.71179847E-09     -0.71540403E-09     -0.24095743E-03     -0.42479224E-03
    3892     -0.71179926E-09     -0.71540403E-09     -0.24099341E-03     -0.42479224E-03
    3893     -0.71180032E-09     -0.71540403E-09     -0.24104903E-03     -0.42479224E-03
    3894     -0.71180121E-09     -0.71540403E-09     -0.24109404E-03     -0.42479224E-03
    3895     -0.71180195E-09     -0.71540403E-09     -0.24113221E-03     -0.42479224E-03
    3896     -0.71180291E-09     -0.71540403E-09     -0.24118265E-03     -0.42479224E-03
    3897     -0.71180384E-09     -0.71540403E-09     -0.24123034E-03     -0.42479224E-03
    3898     -0.71180461E-09     -0.71540403E-09     -0.24126741E-03     -0.42479224E-03
    3899     -0.71180550E-09     -0.71540403E-09     -0.24131794E-03     -0.42479224E-03
    3900     -0.71180614E-09     -0.71540403E-09     -0.24135802E-03     -0.42479224E-03
    3901     -0.71180704E-09     -0.71540403E-09     -0.24140123E-03     -0.42479224E-03
    3902     -0.71180771E-09     -0.71540403E-09     -0.24143724E-03     -0.42479224E-03
    3903     -0.71180869E-09     -0.71540403E-09     -0.24148590E-03     -0.42479224E-03
    3904     -0.71180955E-09     -0.71540403E-09     -0.24153478E-03     -0.42479224E-03
    3905     -0.71181068E-09     -0.71540403E-09     -0.24159383E-03     -0.42479224E-03
    3906     -0.71181164E-09     -0.71540403E-09     -0.24163699E-03     -0.42479224E-03
    3907     -0.71181261E-09     -0.71540403E-09     -0.24168211E-03     -0.42479224E-03
    3908     -0.71181359E-09     -0.71540403E-09     -0.24172845E-03     -0.42479224E-03
    3909     -0.71181458E-09     -0.71540403E-09     -0.24177528E-03     -0.42479224E-03
    3910     -0.71181543E-09     -0.71540403E-09     -0.24181656E-03     -0.42479224E-03
    3911     -0.71181631E-09     -0.71540403E-09     -0.24186073E-03     -0.42479224E-03
    3912     -0.71181729E-09     -0.71540403E-09     -0.24191333E-03     -0.42479224E-03
    3913     -0.71181817E-09     -0.71540403E-09     -0.24195622E-03     -0.42479224E-03
    3914     -0.71181914E-09     -0.71540403E-09     -0.24200492E-03     -0.42479224E-03
    3915     -0.71182007E-09     -0.71540403E-09     -0.24204912E-03     -0.42479224E-03
    3916     -0.71182079E-09     -0.71540403E-09     -0.24208625E-03     -0.42479224E-03
    3917     -0.71182157E-09     -0.71540403E-09     -0.24212901E-03     -0.42479224E-03
    3918     -0.71182242E-09     -0.71540403E-09     -0.24217411E-03     -0.42479224E-03
    3919     -0.71182317E-09     -0.71540403E-09     -0.24220668E-03     -0.42479224E-03
    3920     -0.71182408E-09     -0.71540403E-09     -0.24226246E-03     -0.42479224E-03
    3921     -0.71182488E-09     -0.71540403E-09     -0.24230617E-03     -0.42479224E-03
    3922     -0.71182586E-09     -0.71540403E-09     -0.24235130E-03     -0.42479224E-03
    3923     -0.71182663E-09     -0.71540403E-09     -0.24239220E-03     -0.42479224E-03
    3924     -0.71182738E-09     -0.71540403E-09     -0.24242390E-03     -0.42479224E-03
    3925     -0.71182824E-09     -0.71540403E-09     -0.24247240E-03     -0.42479224E-03
    3926     -0.71182906E-09     -0.71540403E-09     -0.24250937E-03     -0.42479224E-03
    3927     -0.71182983E-09     -0.71540403E-09     -0.24254609E-03     -0.42479224E-03
    3928     -0.71183077E-09     -0.71540403E-09     -0.24258694E-03     -0.42479224E-03
    3929     -0.71183144E-09     -0.71540403E-09     -0.24261984E-03     -0.42479224E-03
    3930     -0.71183243E-09     -0.71540403E-09     -0.24266942E-03     -0.42479224E-03
    3931     -0.71183346E-09     -0.71540403E-09     -0.24271785E-03     -0.42479224E-03
    3932     -0.71183433E-09     -0.71540403E-09     -0.24276255E-03     -0.42479224E-03
    3933     -0.71183508E-09     -0.71540403E-09     -0.24280328E-03     -0.42479224E-03
    3934     -0.71183581E-09     -0.71540403E-09     -0.24284232E-03     -0.42479224E-03
    3935     -0.71183684E-09     -0.71540403E-09     -0.24289239E-03     -0.42479224E-03
    3936     -0.71183760E-09     -0.71540403E-09     -0.24293257E-03     -0.42479224E-03
    3937     -0.71183858E-09     -0.71540403E-09     -0.24298627E-03     -0.42479224E-03
    3938     -0.71183942E-09     -0.71540403E-09     -0.24303012E-03     -0.42479224E-03
    3939     -0.71184019E-09     -0.71540403E-09     -0.24307396E-03     -0.42479224E-03
    3940     -0.71184128E-09     -0.71540403E-09     -0.24313021E-03     -0.42479224E-03
    3941     -0.71184214E-09     -0.71540403E-09     -0.24316651E-03     -0.42479224E-03
    3942     -0.71184305E-09     -0.71540403E-09     -0.24321609E-03     -0.42479224E-03
    3943     -0.71184401E-09     -0.71540403E-09     -0.24326510E-03     -0.42479224E-03
    3944     -0.71184496E-09     -0.71540403E-09     -0.24331141E-03     -0.42479224E-03
    3945     -0.71184596E-09     -0.71540403E-09     -0.24336280E-03     -0.42479224E-03
    3946     -0.71184688E-09     -0.71540403E-09     -0.24341143E-03     -0.42479224E-03
    3947     -0.71184777E-09     -0.71540403E-09     -0.24346211E-03     -0.42479224E-03
    3948     -0.71184861E-09     -0.71540403E-09     -0.24350436E-03     -0.42479224E-03
    3949     -0.71184948E-09     -0.71540403E-09     -0.24354962E-03     -0.42479224E-03
    3950     -0.71185029E-09     -0.71540403E-09     -0.24359031E-03     -0.42479224E-03
    3951     -0.71185134E-09     -0.71540403E-09     -0.24364059E-03     -0.42479224E-03
    3952     -0.71185229E-09     -0.71540403E-09     -0.24368654E-03     -0.42479224E-03
    3953     -0.71185355E-09     -0.71540403E-09     -0.24374604E-03     -0.42479224E-03
    3954     -0.71185437E-09     -0.71540403E-09     -0.24378553E-03     -0.42479224E-03
    3955     -0.71185524E-09     -0.71540403E-09     -0.24383884E-03     -0.42479224E-03
    3956     -0.71185603E-09     -0.71540403E-09     -0.24389143E-03     -0.42479224E-03
    3957     -0.71185682E-09     -0.71540403E-09     -0.24393752E-03     -0.42479224E-03
    3958     -0.71185820E-09     -0.71540403E-09     -0.24399442E-03     -0.42479224E-03
    3959     -0.71185918E-09     -0.71540403E-09     -0.24404207E-03     -0.42479224E-03
    3960     -0.71186078E-09     -0.71540403E-09     -0.24411935E-03     -0.42479224E-03
    3961     -0.71186170E-09     -0.71540403E-09     -0.24416530E-03     -0.42479224E-03
    3962     -0.71186262E-09     -0.71540403E-09     -0.24421154E-03     -0.42479224E-03
    3963     -0.71186418E-09     -0.71540403E-09     -0.24427426E-03     -0.42479224E-03
    3964     -0.71186493E-09     -0.71540403E-09     -0.24431684E-03     -0.42479224E-03
    3965     -0.71186625E-09     -0.71540403E-09     -0.24437146E-03     -0.42479224E-03
    3966     -0.71186702E-09     -0.71540403E-09     -0.24440688E-03     -0.42479224E-03
    3967     -0.71186804E-09     -0.71540403E-09     -0.24445397E-03     -0.42479224E-03
    3968     -0.71186906E-09     -0.71540403E-09     -0.24449691E-03     -0.42479224E-03
    3969     -0.71187012E-09     -0.71540403E-09     -0.24455325E-03     -0.42479224E-03
    3970     -0.71187089E-09     -0.71540403E-09     -0.24458715E-03     -0.42479224E-03
    3971     -0.71187166E-09     -0.71540403E-09     -0.24462197E-03     -0.42479224E-03
    3972     -0.71187239E-09     -0.71540403E-09     -0.24465893E-03     -0.42479224E-03
    3973     -0.71187314E-09     -0.71540403E-09     -0.24470497E-03     -0.42479224E-03
    3974     -0.71187420E-09     -0.71540403E-09     -0.24475621E-03     -0.42479224E-03
    3975     -0.71187501E-09     -0.71540403E-09     -0.24479358E-03     -0.42479224E-03
    3976     -0.71187578E-09     -0.71540403E-09     -0.24482869E-03     -0.42479224E-03
    3977     -0.71187645E-09     -0.71540403E-09     -0.24486807E-03     -0.42479224E-03
    3978     -0.71187728E-09     -0.71540403E-09     -0.24491195E-03     -0.42479224E-03
    3979     -0.71187821E-09     -0.71540403E-09     -0.24496002E-03     -0.42479224E-03
    3980     -0.71187901E-09     -0.71540403E-09     -0.24501758E-03     -0.42479224E-03
    3981     -0.71187978E-09     -0.71540403E-09     -0.24506220E-03     -0.42479224E-03
    3982     -0.71188087E-09     -0.71540403E-09     -0.24511915E-03     -0.42479224E-03
    3983     -0.71188176E-09     -0.71540403E-09     -0.24515714E-03     -0.42479224E-03
    3984     -0.71188274E-09     -0.71540403E-09     -0.24520890E-03     -0.42479224E-03
    3985     -0.71188362E-09     -0.71540403E-09     -0.24525094E-03     -0.42479224E-03
    3986     -0.71188445E-09     -0.71540403E-09     -0.24529097E-03     -0.42479224E-03
    3987     -0.71188537E-09     -0.71540403E-09     -0.24534204E-03     -0.42479224E-03
    3988     -0.71188615E-09     -0.71540403E-09     -0.24539057E-03     -0.42479224E-03
    3989     -0.71188702E-09     -0.71540403E-09     -0.24544016E-03     -0.42479224E-03
    3990     -0.71188779E-09     -0.71540403E-09     -0.24548507E-03     -0.42479224E-03
    3991     -0.71188851E-09     -0.71540403E-09     -0.24552715E-03     -0.42479224E-03
    3992     -0.71188965E-09     -0.71540403E-09     -0.24558454E-03     -0.42479224E-03
    3993     -0.71189009E-09     -0.71540403E-09     -0.24561151E-03     -0.42479224E-03
    3994     -0.71189098E-09     -0.71540403E-09     -0.24566485E-03     -0.42479224E-03
    3995     -0.71189170E-09     -0.71540403E-09     -0.24570682E-03     -0.42479224E-03
    3996     -0.71189275E-09     -0.71540403E-09     -0.24576110E-03     -0.42479224E-03
    3997     -0.71189374E-09     -0.71540403E-09     -0.24581598E-03     -0.42479224E-03
    3998     -0.71189455E-09     -0.71540403E-09     -0.24585644E-03     -0.42479224E-03
    3999     -0.71189534E-09     -0.71540403E-09     -0.24589359E-03     -0.42479224E-03
    4000     -0.71189622E-09     -0.71540403E-09     -0.24593899E-03     -0.42479224E-03
    4001     -0.71189728E-09     -0.71540403E-09     -0.24598732E-03     -0.42479224E-03
    4002     -0.71189810E-09     -0.71540403E-09     -0.24603193E-03     -0.42479224E-03
    4003     -0.71189891E-09     -0.71540403E-09     -0.24607411E-03     -0.42479224E-03
    4004     -0.71189988E-09     -0.71540403E-09     -0.24612126E-03     -0.42479224E-03
    4005     -0.71190072E-09     -0.71540403E-09     -0.24616585E-03     -0.42479224E-03
    4006     -0.71190182E-09     -0.71540403E-09     -0.24622671E-03     -0.42479224E-03
    4007     -0.71190261E-09     -0.71540403E-09     -0.24627357E-03     -0.42479224E-03
    4008     -0.71190366E-09     -0.71540403E-09     -0.24632735E-03     -0.42479224E-03
    4009     -0.71190472E-09     -0.71540403E-09     -0.24638717E-03     -0.42479224E-03
    4010     -0.71190587E-09     -0.71540403E-09     -0.24645046E-03     -0.42479224E-03
    4011     -0.71190680E-09     -0.71540403E-09     -0.24650282E-03     -0.42479224E-03
    4012     -0.71190760E-09     -0.71540403E-09     -0.24654078E-03     -0.42479224E-03
    4013     -0.71190844E-09     -0.71540403E-09     -0.24658592E-03     -0.42479224E-03
    4014     -0.71190940E-09     -0.71540403E-09     -0.24663565E-03     -0.42479224E-03
    4015     -0.71191046E-09     -0.71540403E-09     -0.24670044E-03     -0.42479224E-03
    4016     -0.71191177E-09     -0.71540403E-09     -0.24676638E-03     -0.42479224E-03
    4017     -0.71191271E-09     -0.71540403E-09     -0.24681743E-03     -0.42479224E-03
    4018     -0.71191375E-09     -0.71540403E-09     -0.24687819E-03     -0.42479224E-03
    4019     -0.71191486E-09     -0.71540403E-09     -0.24693366E-03     -0.42479224E-03
    4020     -0.71191586E-09     -0.71540403E-09     -0.24699237E-03     -0.42479224E-03
    4021     -0.71191726E-09     -0.71540403E-09     -0.24706505E-03     -0.42479224E-03
    4022     -0.71191821E-09     -0.71540403E-09     -0.24712441E-03     -0.42479224E-03
    4023     -0.71191903E-09     -0.71540403E-09     -0.24716829E-03     -0.42479224E-03
    4024     -0.71191988E-09     -0.71540403E-09     -0.24721599E-03     -0.42479224E-03
    4025     -0.71192062E-09     -0.71540403E-09     -0.24725710E-03     -0.42479224E-03
    4026     -0.71192148E-09     -0.71540403E-09     -0.24730066E-03     -0.42479224E-03
    4027     -0.71192247E-09     -0.71540403E-09     -0.24735006E-03     -0.42479224E-03
    4028     -0.71192330E-09     -0.71540403E-09     -0.24739498E-03     -0.42479224E-03
    4029     -0.71192434E-09     -0.71540403E-09     -0.24744641E-03     -0.42479224E-03
    4030     -0.71192543E-09     -0.71540403E-09     -0.24750818E-03     -0.42479224E-03
    4031     -0.71192642E-09     -0.71540403E-09     -0.24755395E-03     -0.42479224E-03
    4032     -0.71192724E-09     -0.71540403E-09     -0.24760130E-03     -0.42479224E-03
    4033     -0.71192830E-09     -0.71540403E-09     -0.24765339E-03     -0.42479224E-03
    4034     -0.71192946E-09     -0.71540403E-09     -0.24770914E-03     -0.42479224E-03
    4035     -0.71193074E-09     -0.71540403E-09     -0.24778059E-03     -0.42479224E-03
    4036     -0.71193212E-09     -0.71540403E-09     -0.24787623E-03     -0.42479224E-03
    4037     -0.71193324E-09     -0.71540403E-09     -0.24794129E-03     -0.42479224E-03
    4038     -0.71193462E-09     -0.71540403E-09     -0.24803359E-03     -0.42479224E-03
    4039     -0.71193585E-09     -0.71540403E-09     -0.24809475E-03     -0.42479224E-03
    4040     -0.71193691E-09     -0.71540403E-09     -0.24815526E-03     -0.42479224E-03
    4041     -0.71193853E-09     -0.71540403E-09     -0.24827692E-03     -0.42479224E-03
    4042     -0.71193965E-09     -0.71540403E-09     -0.24834026E-03     -0.42479224E-03
    4043     -0.71194077E-09     -0.71540403E-09     -0.24840959E-03     -0.42479224E-03
    4044     -0.71194163E-09     -0.71540403E-09     -0.24845852E-03     -0.42479224E-03
    4045     -0.71194316E-09     -0.71540403E-09     -0.24856508E-03     -0.42479224E-03
    4046     -0.71194428E-09     -0.71540403E-09     -0.24863704E-03     -0.42479224E-03
    4047     -0.71194548E-09     -0.71540403E-09     -0.24871401E-03     -0.42479224E-03
    4048     -0.71194634E-09     -0.71540403E-09     -0.24876516E-03     -0.42479224E-03
    4049     -0.71194712E-09     -0.71540403E-09     -0.24881256E-03     -0.42479224E-03
    4050     -0.71194795E-09     -0.71540403E-09     -0.24886410E-03     -0.42479224E-03
    4051     -0.71194869E-09     -0.71540403E-09     -0.24890700E-03     -0.42479224E-03
    4052     -0.71194952E-09     -0.71540403E-09     -0.24895318E-03     -0.42479224E-03
    4053     -0.71195029E-09     -0.71540403E-09     -0.24900117E-03     -0.42479224E-03
    4054     -0.71195250E-09     -0.71540403E-09     -0.24915805E-03     -0.42479224E-03
    4055     -0.71195393E-09     -0.71540403E-09     -0.24925065E-03     -0.42479224E-03
    4056     -0.71195533E-09     -0.71540403E-09     -0.24934283E-03     -0.42479224E-03
    4057     -0.71195660E-09     -0.71540403E-09     -0.24942420E-03     -0.42479224E-03
    4058     -0.71195762E-09     -0.71540403E-09     -0.24948827E-03     -0.42479224E-03
    4059     -0.71195859E-09     -0.71540403E-09     -0.24953633E-03     -0.42479224E-03
    4060     -0.71195977E-09     -0.71540403E-09     -0.24961440E-03     -0.42479224E-03
    4061     -0.71196080E-09     -0.71540403E-09     -0.24968185E-03     -0.42479224E-03
    4062     -0.71196199E-09     -0.71540403E-09     -0.24974565E-03     -0.42479224E-03
    4063     -0.71196308E-09     -0.71540403E-09     -0.24980170E-03     -0.42479224E-03
    4064     -0.71196421E-09     -0.71540403E-09     -0.24987980E-03     -0.42479224E-03
    4065     -0.71196528E-09     -0.71540403E-09     -0.24993402E-03     -0.42479224E-03
    4066     -0.71196612E-09     -0.71540403E-09     -0.24998036E-03     -0.42479224E-03
    4067     -0.71196713E-09     -0.71540403E-09     -0.25003447E-03     -0.42479224E-03
    4068     -0.71196800E-09     -0.71540403E-09     -0.25008508E-03     -0.42479224E-03
    4069     -0.71196885E-09     -0.71540403E-09     -0.25012765E-03     -0.42479224E-03
    4070     -0.71196962E-09     -0.71540403E-09     -0.25016651E-03     -0.42479224E-03
    4071     -0.71197028E-09     -0.71540403E-09     -0.25020452E-03     -0.42479224E-03
    4072     -0.71197127E-09     -0.71540403E-09     -0.25026016E-03     -0.42479224E-03
    4073     -0.71197213E-09     -0.71540403E-09     -0.25030604E-03     -0.42479224E-03
    4074     -0.71197284E-09     -0.71540403E-09     -0.25034346E-03     -0.42479224E-03
    4075     -0.71197356E-09     -0.71540403E-09     -0.25038493E-03     -0.42479224E-03
    4076     -0.71197436E-09     -0.71540403E-09     -0.25042239E-03     -0.42479224E-03
    4077     -0.71197553E-09     -0.71540403E-09     -0.25049654E-03     -0.42479224E-03
    4078     -0.71197640E-09     -0.71540403E-09     -0.25054700E-03     -0.42479224E-03
    4079     -0.71197738E-09     -0.71540403E-09     -0.25060079E-03     -0.42479224E-03
    4080     -0.71197803E-09     -0.71540403E-09     -0.25063276E-03     -0.42479224E-03
    4081     -0.71197897E-09     -0.71540403E-09     -0.25067902E-03     -0.42479224E-03
    4082     -0.71197963E-09     -0.71540403E-09     -0.25071384E-03     -0.42479224E-03
    4083     -0.71198031E-09     -0.71540403E-09     -0.25074727E-03     -0.42479224E-03
    4084     -0.71198110E-09     -0.71540403E-09     -0.25078714E-03     -0.42479224E-03
    4085     -0.71198192E-09     -0.71540403E-09     -0.25082766E-03     -0.42479224E-03
    4086     -0.71198257E-09     -0.71540403E-09     -0.25086126E-03     -0.42479224E-03
    4087     -0.71198354E-09     -0.71540403E-09     -0.25091332E-03     -0.42479224E-03
    4088     -0.71198459E-09     -0.71540403E-09     -0.25096640E-03     -0.42479224E-03
    4089     -0.71198560E-09     -0.71540403E-09     -0.25101985E-03     -0.42479224E-03
    4090     -0.71198642E-09     -0.71540403E-09     -0.25106637E-03     -0.42479224E-03
    4091     -0.71198735E-09     -0.71540403E-09     -0.25111931E-03     -0.42479224E-03
    4092     -0.71198822E-09     -0.71540403E-09     -0.25117106E-03     -0.42479224E-03
    4093     -0.71198890E-09     -0.71540403E-09     -0.25120553E-03     -0.42479224E-03

# q=  0.00000000E+00  0.00000000E+00  0.50000000E+00  (qpt 2)
#ncbands         Re chi(0,0)              extrap   Re chi(Gmax,Gmax)              extrap
       1     -0.31462406E-04     -0.15966421E-03     -0.52705022E-06     -0.44331282E-03
       2     -0.59986225E-04     -0.15966421E-03     -0.10585365E-05     -0.44331282E-03
       3     -0.71749288E-04     -0.15966421E-03     -0.15215615E-05     -0.44331282E-03
       4     -0.81238331E-04     -0.15966421E-03     -0.20297512E-05     -0.44331282E-03
       5     -0.87375683E-04     -0.15966421E-03     -0.26172259E-05     -0.44331282E-03
       6     -0.94156250E-04     -0.15966421E-03     -0.31694830E-05     -0.44331282E-03
       7     -0.98683882E-04     -0.15966421E-03     -0.36867150E-05     -0.44331282E-03
       8     -0.10139675E-03     -0.15966421E-03     -0.41850419E-05     -0.44331282E-03
       9     -0.10373386E-03     -0.15966421E-03     -0.47168613E-05     -0.44331282E-03
      10     -0.10596705E-03     -0.15966421E-03     -0.52731512E-05     -0.44331282E-03
      11     -0.10837293E-03     -0.15966421E-03     -0.57486304E-05     -0.44331282E-03
      12     -0.11014596E-03     -0.15966421E-03     -0.60682543E-05     -0.44331282E-03
      13     -0.11217439E-03     -0.15966421E-03     -0.63989297E-05     -0.44331282E-03
      14     -0.11482472E-03     -0.15966421E-03     -0.67664069E-05     -0.44331282E-03
      15     -0.11701348E-03     -0.15966421E-03     -0.71237774E-05     -0.44331282E-03
      16     -0.11860829E-03     -0.15966421E-03     -0.75961745E-05     -0.44331282E-03
      17     -0.12000719E-03     -0.15966421E-03     -0.80945635E-05     -0.44331282E-03
      18     -0.12102509E-03     -0.15966421E-03     -0.85917164E-05     -0.44331282E-03
      19     -0.12252695E-03     -0.15966421E-03     -0.89622493E-05     -0.44331282E-03
      20     -0.12357303E-03     -0.15966421E-03     -0.94285343E-05     -0.44331282E-03
      21     -0.12495579E-03     -0.15966421E-03     -0.98717622E-05     -0.44331282E-03
      22     -0.12664884E-03     -0.15966421E-03     -0.10302114E-04     -0.44331282E-03
      23     -0.12799106E-03     -0.15966421E-03     -0.10683075E-04     -0.44331282E-03
      24     -0.12904772E-03     -0.15966421E-03     -0.11076006E-04     -0.44331282E-03
      25     -0.13025109E-03     -0.15966421E-03     -0.11507131E-04     -0.44331282E-03
      26     -0.13104990E-03     -0.15966421E-03     -0.11916785E-04     -0.44331282E-03
      27     -0.13170110E-03     -0.15966421E-03     -0.12272631E-04     -0.44331282E-03
      28     -0.13235881E-03     -0.15966421E-03     -0.12760834E-04     -0.44331282E-03
      29     -0.13305062E-03     -0.15966421E-03     -0.13284169E-04     -0.44331282E-03
      30     -0.13390208E-03     -0.15966421E-03     -0.13836727E-04     -0.44331282E-03
      31     -0.13491487E-03     -0.15966421E-03     -0.14230293E-04     -0.44331282E-03
      32     -0.13586863E-03     -0.15966421E-03     -0.14610281E-04     -0.44331282E-03
      33     -0.13600486E-03     -0.15966421E-03     -0.15139401E-04     -0.44331282E-03
      34     -0.13605677E-03     -0.15966421E-03     -0.15689793E-04     -0.44331282E-03
      35     -0.13617177E-03     -0.15966421E-03     -0.16253697E-04     -0.44331282E-03
      36     -0.13658103E-03     -0.15966421E-03     -0.16759220E-04     -0.44331282E-03
      37     -0.13694963E-03     -0.15966421E-03     -0.17237230E-04     -0.44331282E-03
      38     -0.13702833E-03     -0.15966421E-03     -0.17733149E-04     -0.44331282E-03
      39     -0.13709966E-03     -0.15966421E-03     -0.18213958E-04     -0.44331282E-03
      40     -0.13737451E-03     -0.15966421E-03     -0.18647387E-04     -0.44331282E-03
      41     -0.13779044E-03     -0.15966421E-03     -0.19077265E-04     -0.44331282E-03
      42     -0.13800780E-03     -0.15966421E-03     -0.19566026E-04     -0.44331282E-03
      43     -0.13828320E-03     -0.15966421E-03     -0.20042541E-04     -0.44331282E-03
      44     -0.13864573E-03     -0.15966421E-03     -0.20537791E-04     -0.44331282E-03
      45     -0.13904659E-03     -0.15966421E-03     -0.20966324E-04     -0.44331282E-03
      46     -0.13956430E-03     -0.15966421E-03     -0.21376133E-04     -0.44331282E-03
      47     -0.13973587E-03     -0.15966421E-03     -0.21877014E-04     -0.44331282E-03
      48     -0.13976290E-03     -0.15966421E-03     -0.22373449E-04     -0.44331282E-03
      49     -0.13978083E-03     -0.15966421E-03     -0.22872540E-04     -0.44331282E-03
      50     -0.13981105E-03     -0.15966421E-03     -0.23352746E-04     -0.44331282E-03
      51     -0.14002152E-03     -0.15966421E-03     -0.23772593E-04     -0.44331282E-03
      52     -0.14026994E-03     -0.15966421E-03     -0.24119941E-04     -0.44331282E-03
      53     -0.14050812E-03     -0.15966421E-03     -0.24500487E-04     -0.44331282E-03
      54     -0.14085206E-03     -0.15966421E-03     -0.24960863E-04     -0.44331282E-03
      55     -0.14121521E-03     -0.15966421E-03     -0.25460115E-04     -0.44331282E-03
      56     -0.14151310E-03     -0.15966421E-03     -0.25937539E-04     -0.44331282E-03
      57     -0.14177193E-03     -0.15966421E-03     -0.26385637E-04     -0.44331282E-03
      58     -0.14199107E-03     -0.15966421E-03     -0.26772654E-04     -0.44331282E-03
      59     -0.14217328E-03     -0.15966421E-03     -0.27198393E-04     -0.44331282E-03
      60     -0.14233267E-03     -0.15966421E-03     -0.27578084E-04     -0.44331282E-03
      61     -0.14247034E-03     -0.15966421E-03     -0.27981101E-04     -0.44331282E-03
      62     -0.14257123E-03     -0.15966421E-03     -0.28394516E-04     -0.44331282E-03
      63     -0.14266956E-03     -0.15966421E-03     -0.28801547E-04     -0.44331282E-03
      64     -0.14280690E-03     -0.15966421E-03     -0.29293932E-04     -0.44331282E-03
      65     -0.14297237E-03     -0.15966421E-03     -0.29803992E-04     -0.44331282E-03
      66     -0.14309685E-03     -0.15966421E-03     -0.30277379E-04     -0.44331282E-03
      67     -0.14319643E-03     -0.15966421E-03     -0.30713841E-04     -0.44331282E-03
      68     -0.14327882E-03     -0.15966421E-03     -0.31118516E-04     -0.44331282E-03
      69     -0.14334585E-03     -0.15966421E-03     -0.31526541E-04     -0.44331282E-03
      70     -0.14341191E-03     -0.15966421E-03     -0.31920296E-04     -0.44331282E-03
      71     -0.14346511E-03     -0.15966421E-03     -0.32362936E-04     -0.44331282E-03
      72     -0.14353117E-03     -0.15966421E-03     -0.32854974E-04     -0.44331282E-03
      73     -0.14361076E-03     -0.15966421E-03     -0.33379698E-04     -0.44331282E-03
      74     -0.14365966E-03     -0.15966421E-03     -0.33815330E-04     -0.44331282E-03
      75     -0.14372053E-03     -0.15966421E-03     -0.34275903E-04     -0.44331282E-03
      76     -0.14374588E-03     -0.15966421E-03     -0.34688871E-04     -0.44331282E-03
      77     -0.14374675E-03     -0.15966421E-03     -0.34705884E-04     -0.44331282E-03
      78     -0.14374816E-03     -0.15966421E-03     -0.34721164E-04     -0.44331282E-03
      79     -0.14377028E-03     -0.15966421E-03     -0.34956841E-04     -0.44331282E-03
      80     -0.14381767E-03     -0.15966421E-03     -0.35387408E-04     -0.44331282E-03
      81     -0.14385545E-03     -0.15966421E-03     -0.35844020E-04     -0.44331282E-03
      82     -0.14388466E-03     -0.15966421E-03     -0.36324921E-04     -0.44331282E-03
      83     -0.14391380E-03     -0.15966421E-03     -0.36760388E-04     -0.44331282E-03
      84     -0.14393395E-03     -0.15966421E-03     -0.37189913E-04     -0.44331282E-03
      85     -0.14396364E-03     -0.15966421E-03     -0.37548618E-04     -0.44331282E-03
      86     -0.14398077E-03     -0.15966421E-03     -0.37785585E-04     -0.44331282E-03
      87     -0.14398678E-03     -0.15966421E-03     -0.37891808E-04     -0.44331282E-03
      88     -0.14399209E-03     -0.15966421E-03     -0.38116910E-04     -0.44331282E-03
      89     -0.14401634E-03     -0.15966421E-03     -0.38586819E-04     -0.44331282E-03
      90     -0.14404003E-03     -0.15966421E-03     -0.39043438E-04     -0.44331282E-03
      91     -0.14406107E-03     -0.15966421E-03     -0.39478810E-04     -0.44331282E-03
      92     -0.14407910E-03     -0.15966421E-03     -0.39952423E-04     -0.44331282E-03
      93     -0.14409473E-03     -0.15966421E-03     -0.40415757E-04     -0.44331282E-03
      94     -0.14410592E-03     -0.15966421E-03     -0.40855783E-04     -0.44331282E-03
      95     -0.14412370E-03     -0.15966421E-03     -0.41088504E-04     -0.44331282E-03
      96     -0.14413971E-03     -0.15966421E-03     -0.41313406E-04     -0.44331282E-03
      97     -0.14415553E-03     -0.15966421E-03     -0.41733141E-04     -0.44331282E-03
      98     -0.14417034E-03     -0.15966421E-03     -0.42132597E-04     -0.44331282E-03
      99     -0.14418441E-03     -0.15966421E-03     -0.42523405E-04     -0.44331282E-03
     100     -0.14419701E-03     -0.15966421E-03     -0.42952712E-04     -0.44331282E-03
     101     -0.14421472E-03     -0.15966421E-03     -0.43354135E-04     -0.44331282E-03
     102     -0.14421945E-03     -0.15966421E-03     -0.43532031E-04     -0.44331282E-03
     103     -0.14423112E-03     -0.15966421E-03     -0.43834849E-04     -0.44331282E-03
     104     -0.14424028E-03     -0.15966421E-03     -0.44041210E-04     -0.44331282E-03
     105     -0.14425244E-03     -0.15966421E-03     -0.44456458E-04     -0.44331282E-03
     106     -0.14426168E-03     -0.15966421E-03     -0.44876449E-04     -0.44331282E-03
     107     -0.14426221E-03     -0.15966421E-03     -0.44895518E-04     -0.44331282E-03
     108     -0.14427145E-03     -0.15966421E-03     -0.45214430E-04     -0.44331282E-03
     109     -0.14427613E-03     -0.15966421E-03     -0.45319249E-04     -0.44331282E-03
     110     -0.14429005E-03     -0.15966421E-03     -0.45538182E-04     -0.44331282E-03
     111     -0.14429956E-03     -0.15966421E-03     -0.45786392E-04     -0.44331282E-03
     112     -0.14430883E-03     -0.15966421E-03     -0.46035747E-04     -0.44331282E-03
     113     -0.14432108E-03     -0.15966421E-03     -0.46301360E-04     -0.44331282E-03
     114     -0.14433296E-03     -0.15966421E-03     -0.46556056E-04     -0.44331282E-03
     115     -0.14433916E-03     -0.15966421E-03     -0.46751180E-04     -0.44331282E-03
     116     -0.14434589E-03     -0.15966421E-03     -0.46952146E-04     -0.44331282E-03
     117     -0.14434633E-03     -0.15966421E-03     -0.46963017E-04     -0.44331282E-03
     118     -0.14434901E-03     -0.15966421E-03     -0.47176958E-04     -0.44331282E-03
     119     -0.14436443E-03     -0.15966421E-03     -0.47400841E-04     -0.44331282E-03
     120     -0.14438068E-03     -0.15966421E-03     -0.47623810E-04     -0.44331282E-03
     121     -0.14438830E-03     -0.15966421E-03     -0.47810841E-04     -0.44331282E-03
     122     -0.14438845E-03     -0.15966421E-03     -0.47819809E-04     -0.44331282E-03
     123     -0.14438948E-03     -0.15966421E-03     -0.47839994E-04     -0.44331282E-03
     124     -0.14438964E-03     -0.15966421E-03     -0.47851600E-04     -0.44331282E-03
     125     -0.14439180E-03     -0.15966421E-03     -0.47917775E-04     -0.44331282E-03
     126     -0.14439379E-03     -0.15966421E-03     -0.47958414E-04     -0.44331282E-03
     127     -0.14440008E-03     -0.15966421E-03     -0.48121896E-04     -0.44331282E-03
     128     -0.14440874E-03     -0.15966421E-03     -0.48303837E-04     -0.44331282E-03
     129     -0.14441177E-03     -0.15966421E-03     -0.48356547E-04     -0.44331282E-03
     130     -0.14442492E-03     -0.15966421E-03     -0.48723882E-04     -0.44331282E-03
     131     -0.14443541E-03     -0.15966421E-03     -0.49041405E-04     -0.44331282E-03
     132     -0.14443566E-03     -0.15966421E-03     -0.49052388E-04     -0.44331282E-03
     133     -0.14444456E-03     -0.15966421E-03     -0.49250937E-04     -0.44331282E-03
     134     -0.14444706E-03     -0.15966421E-03     -0.49309561E-04     -0.44331282E-03
     135     -0.14445286E-03     -0.15966421E-03     -0.49548797E-04     -0.44331282E-03
     136     -0.14445853E-03     -0.15966421E-03     -0.49804682E-04     -0.44331282E-03
     137     -0.14446581E-03     -0.15966421E-03     -0.50054803E-04     -0.44331282E-03
     138     -0.14447284E-03     -0.15966421E-03     -0.50276789E-04     -0.44331282E-03
     139     -0.14447522E-03     -0.15966421E-03     -0.50299274E-04     -0.44331282E-03
     140     -0.14447682E-03     -0.15966421E-03     -0.50330956E-04     -0.44331282E-03
     141     -0.14449026E-03     -0.15966421E-03     -0.50562973E-04     -0.44331282E-03
     142     -0.14449057E-03     -0.15966421E-03     -0.50568079E-04     -0.44331282E-03
     143     -0.14451042E-03     -0.15966421E-03     -0.50955615E-04     -0.44331282E-03
     144     -0.14451139E-03     -0.15966421E-03     -0.50964359E-04     -0.44331282E-03
     145     -0.14451168E-03     -0.15966421E-03     -0.50975334E-04     -0.44331282E-03
     146     -0.14451385E-03     -0.15966421E-03     -0.50998143E-04     -0.44331282E-03
     147     -0.14451640E-03     -0.15966421E-03     -0.51213478E-04     -0.44331282E-03
     148     -0.14451816E-03     -0.15966421E-03     -0.51236545E-04     -0.44331282E-03
     149     -0.14451910E-03     -0.15966421E-03     -0.51337572E-04     -0.44331282E-03
     150     -0.14451933E-03     -0.15966421E-03     -0.51345914E-04     -0.44331282E-03
     151     -0.14452016E-03     -0.15966421E-03     -0.51380079E-04     -0.44331282E-03
     152     -0.14452352E-03     -0.15966421E-03     -0.51510169E-04     -0.44331282E-03
     153     -0.14452569E-03     -0.15966421E-03     -0.51586544E-04     -0.44331282E-03
     154     -0.14452619E-03     -0.15966421E-03     -0.51602505E-04     -0.44331282E-03
     155     -0.14452629E-03     -0.15966421E-03     -0.51607626E-04     -0.44331282E-03
     156     -0.14452939E-03     -0.15966421E-03     -0.51654870E-04     -0.44331282E-03
     157     -0.14453771E-03     -0.15966421E-03     -0.51829273E-04     -0.44331282E-03
     158     -0.14454486E-03     -0.15966421E-03     -0.52061573E-04     -0.44331282E-03
     159     -0.14455348E-03     -0.15966421E-03     -0.52301540E-04     -0.44331282E-03
     160     -0.14455947E-03     -0.15966421E-03     -0.52531288E-04     -0.44331282E-03
     161     -0.14456696E-03     -0.15966421E-03     -0.52846846E-04     -0.44331282E-03
     162     -0.14456713E-03     -0.15966421E-03     -0.52856263E-04     -0.44331282E-03
     163     -0.14456932E-03     -0.15966421E-03     -0.52936348E-04     -0.44331282E-03
     164     -0.14457063E-03     -0.15966421E-03     -0.52981368E-04     -0.44331282E-03
     165     -0.14457343E-03     -0.15966421E-03     -0.53070396E-04     -0.44331282E-03
     166     -0.14457844E-03     -0.15966421E-03     -0.53303315E-04     -0.44331282E-03
     167     -0.14458215E-03     -0.15966421E-03     -0.53463513E-04     -0.44331282E-03
     168     -0.14458302E-03     -0.15966421E-03     -0.53510041E-04     -0.44331282E-03
     169     -0.14458475E-03     -0.15966421E-03     -0.53576498E-04     -0.44331282E-03
     170     -0.14458536E-03     -0.15966421E-03     -0.53594515E-04     -0.44331282E-03
     171     -0.14458862E-03     -0.15966421E-03     -0.53704613E-04     -0.44331282E-03
     172     -0.14459361E-03     -0.15966421E-03     -0.53864306E-04     -0.44331282E-03
     173     -0.14459492E-03     -0.15966421E-03     -0.53905442E-04     -0.44331282E-03
     174     -0.14459528E-03     -0.15966421E-03     -0.53914541E-04     -0.44331282E-03
     175     -0.14459784E-03     -0.15966421E-03     -0.53970359E-04     -0.44331282E-03
     176     -0.14460669E-03     -0.15966421E-03     -0.54129815E-04     -0.44331282E-03
     177     -0.14460805E-03     -0.15966421E-03     -0.54158509E-04     -0.44331282E-03
     178     -0.14460906E-03     -0.15966421E-03     -0.54182719E-04     -0.44331282E-03
     179     -0.14460921E-03     -0.15966421E-03     -0.54192225E-04     -0.44331282E-03
     180     -0.14462114E-03     -0.15966421E-03     -0.54385228E-04     -0.44331282E-03
     181     -0.14462373E-03     -0.15966421E-03     -0.54465689E-04     -0.44331282E-03
     182     -0.14462510E-03     -0.15966421E-03     -0.54497298E-04     -0.44331282E-03
     183     -0.14462619E-03     -0.15966421E-03     -0.54562465E-04     -0.44331282E-03
     184     -0.14462759E-03     -0.15966421E-03     -0.54656696E-04     -0.44331282E-03
     185     -0.14462819E-03     -0.15966421E-03     -0.54677339E-04     -0.44331282E-03
     186     -0.14462969E-03     -0.15966421E-03     -0.54762716E-04     -0.44331282E-03
     187     -0.14463160E-03     -0.15966421E-03     -0.54839582E-04     -0.44331282E-03
     188     -0.14463216E-03     -0.15966421E-03     -0.54860217E-04     -0.44331282E-03
     189     -0.14463450E-03     -0.15966421E-03     -0.54918942E-04     -0.44331282E-03
     190     -0.14463588E-03     -0.15966421E-03     -0.54988458E-04     -0.44331282E-03
     191     -0.14463948E-03     -0.15966421E-03     -0.55060659E-04     -0.44331282E-03
     192     -0.14465003E-03     -0.15966421E-03     -0.55278863E-04     -0.44331282E-03
     193     -0.14465708E-03     -0.15966421E-03     -0.55487217E-04     -0.44331282E-03
     194     -0.14466338E-03     -0.15966421E-03     -0.55770738E-04     -0.44331282E-03
     195     -0.14466348E-03     -0.15966421E-03     -0.55775870E-04     -0.44331282E-03
     196     -0.14466457E-03     -0.15966421E-03     -0.55815956E-04     -0.44331282E-03
     197     -0.14466656E-03     -0.15966421E-03     -0.55858539E-04     -0.44331282E-03
     198     -0.14466812E-03     -0.15966421E-03     -0.55904590E-04     -0.44331282E-03
     199     -0.14467259E-03     -0.15966421E-03     -0.56132060E-04     -0.44331282E-03
     200     -0.14467536E-03     -0.15966421E-03     -0.56212847E-04     -0.44331282E-03
     201     -0.14468091E-03     -0.15966421E-03     -0.56426637E-04     -0.44331282E-03
     202     -0.14468403E-03     -0.15966421E-03     -0.56556231E-04     -0.44331282E-03
     203     -0.14468754E-03     -0.15966421E-03     -0.56723714E-04     -0.44331282E-03
     204     -0.14469081E-03     -0.15966421E-03     -0.56960656E-04     -0.44331282E-03
     205     -0.14469321E-03     -0.15966421E-03     -0.57189505E-04     -0.44331282E-03
     206     -0.14469350E-03     -0.15966421E-03     -0.57197393E-04     -0.44331282E-03
     207     -0.14469419E-03     -0.15966421E-03     -0.57215290E-04     -0.44331282E-03
     208     -0.14469570E-03     -0.15966421E-03     -0.57259263E-04     -0.44331282E-03
     209     -0.14469615E-03     -0.15966421E-03     -0.57274129E-04     -0.44331282E-03
     210     -0.14469998E-03     -0.15966421E-03     -0.57381840E-04     -0.44331282E-03
     211     -0.14470024E-03     -0.15966421E-03     -0.57392682E-04     -0.44331282E-03
     212     -0.14470435E-03     -0.15966421E-03     -0.57505414E-04     -0.44331282E-03
     213     -0.14470600E-03     -0.15966421E-03     -0.57589875E-04     -0.44331282E-03
     214     -0.14471158E-03     -0.15966421E-03     -0.57702976E-04     -0.44331282E-03
     215     -0.14471277E-03     -0.15966421E-03     -0.57728886E-04     -0.44331282E-03
     216     -0.14472461E-03     -0.15966421E-03     -0.57981625E-04     -0.44331282E-03
     217     -0.14472977E-03     -0.15966421E-03     -0.58168059E-04     -0.44331282E-03
     218     -0.14473120E-03     -0.15966421E-03     -0.58221171E-04     -0.44331282E-03
     219     -0.14473297E-03     -0.15966421E-03     -0.58273343E-04     -0.44331282E-03
     220     -0.14473369E-03     -0.15966421E-03     -0.58303910E-04     -0.44331282E-03
     221     -0.14473444E-03     -0.15966421E-03     -0.58322104E-04     -0.44331282E-03
     222     -0.14473765E-03     -0.15966421E-03     -0.58389911E-04     -0.44331282E-03
     223     -0.14473869E-03     -0.15966421E-03     -0.58414240E-04     -0.44331282E-03
     224     -0.14474721E-03     -0.15966421E-03     -0.58574847E-04     -0.44331282E-03
     225     -0.14475155E-03     -0.15966421E-03     -0.58666356E-04     -0.44331282E-03
     226     -0.14475476E-03     -0.15966421E-03     -0.58752418E-04     -0.44331282E-03
     227     -0.14475674E-03     -0.15966421E-03     -0.58799865E-04     -0.44331282E-03
     228     -0.14476346E-03     -0.15966421E-03     -0.59003456E-04     -0.44331282E-03
     229     -0.14476621E-03     -0.15966421E-03     -0.59192058E-04     -0.44331282E-03
     230     -0.14477212E-03     -0.15966421E-03     -0.59399252E-04     -0.44331282E-03
     231     -0.14477318E-03     -0.15966421E-03     -0.59433800E-04     -0.44331282E-03
     232     -0.14477410E-03     -0.15966421E-03     -0.59461973E-04     -0.44331282E-03
     233     -0.14477654E-03     -0.15966421E-03     -0.59566899E-04     -0.44331282E-03
     234     -0.14477703E-03     -0.15966421E-03     -0.59579050E-04     -0.44331282E-03
     235     -0.14477839E-03     -0.15966421E-03     -0.59607587E-04     -0.44331282E-03
     236     -0.14478080E-03     -0.15966421E-03     -0.59699025E-04     -0.44331282E-03
     237     -0.14478249E-03     -0.15966421E-03     -0.59751131E-04     -0.44331282E-03
     238     -0.14478492E-03     -0.15966421E-03     -0.59823186E-04     -0.44331282E-03
     239     -0.14478626E-03     -0.15966421E-03     -0.59865567E-04     -0.44331282E-03
     240     -0.14478743E-03     -0.15966421E-03     -0.59889264E-04     -0.44331282E-03
     241     -0.14478943E-03     -0.15966421E-03     -0.59950845E-04     -0.44331282E-03
     242     -0.14479475E-03     -0.15966421E-03     -0.60123613E-04     -0.44331282E-03
     243     -0.14479896E-03     -0.15966421E-03     -0.60265563E-04     -0.44331282E-03
     244     -0.14480979E-03     -0.15966421E-03     -0.60620143E-04     -0.44331282E-03
     245     -0.14481258E-03     -0.15966421E-03     -0.60828995E-04     -0.44331282E-03
     246     -0.14481656E-03     -0.15966421E-03     -0.61039238E-04     -0.44331282E-03
     247     -0.14481735E-03     -0.15966421E-03     -0.61051764E-04     -0.44331282E-03
     248     -0.14481869E-03     -0.15966421E-03     -0.61088607E-04     -0.44331282E-03
     249     -0.14482317E-03     -0.15966421E-03     -0.61219908E-04     -0.44331282E-03
     250     -0.14482472E-03     -0.15966421E-03     -0.61263218E-04     -0.44331282E-03
     251     -0.14482785E-03     -0.15966421E-03     -0.61359479E-04     -0.44331282E-03
     252     -0.14483171E-03     -0.15966421E-03     -0.61478042E-04     -0.44331282E-03
     253     -0.14483370E-03     -0.15966421E-03     -0.61547484E-04     -0.44331282E-03
     254     -0.14483743E-03     -0.15966421E-03     -0.61752394E-04     -0.44331282E-03
     255     -0.14483857E-03     -0.15966421E-03     -0.61793311E-04     -0.44331282E-03
     256     -0.14484387E-03     -0.15966421E-03     -0.61960020E-04     -0.44331282E-03
     257     -0.14484757E-03     -0.15966421E-03     -0.62061123E-04     -0.44331282E-03
     258     -0.14484978E-03     -0.15966421E-03     -0.62119315E-04     -0.44331282E-03
     259     -0.14485353E-03     -0.15966421E-03     -0.62198021E-04     -0.44331282E-03
     260     -0.14485552E-03     -0.15966421E-03     -0.62246303E-04     -0.44331282E-03
     261     -0.14486035E-03     -0.15966421E-03     -0.62321932E-04     -0.44331282E-03
     262     -0.14486990E-03     -0.15966421E-03     -0.62474020E-04     -0.44331282E-03
     263     -0.14487653E-03     -0.15966421E-03     -0.62576184E-04     -0.44331282E-03
     264     -0.14488277E-03     -0.15966421E-03     -0.62687369E-04     -0.44331282E-03
     265     -0.14489227E-03     -0.15966421E-03     -0.62872453E-04     -0.44331282E-03
     266     -0.14489674E-03     -0.15966421E-03     -0.62949771E-04     -0.44331282E-03
     267     -0.14490904E-03     -0.15966421E-03     -0.63171341E-04     -0.44331282E-03
     268     -0.14491534E-03     -0.15966421E-03     -0.63311268E-04     -0.44331282E-03
     269     -0.14491685E-03     -0.15966421E-03     -0.63335497E-04     -0.44331282E-03
     270     -0.14492249E-03     -0.15966421E-03     -0.63442720E-04     -0.44331282E-03
     271     -0.14492463E-03     -0.15966421E-03     -0.63485323E-04     -0.44331282E-03
     272     -0.14493271E-03     -0.15966421E-03     -0.63678247E-04     -0.44331282E-03
     273     -0.14494212E-03     -0.15966421E-03     -0.63910858E-04     -0.44331282E-03
     274     -0.14495087E-03     -0.15966421E-03     -0.64074994E-04     -0.44331282E-03
     275     -0.14496044E-03     -0.15966421E-03     -0.64236174E-04     -0.44331282E-03
     276     -0.14497190E-03     -0.15966421E-03     -0.64415421E-04     -0.44331282E-03
     277     -0.14498566E-03     -0.15966421E-03     -0.64674268E-04     -0.44331282E-03
     278     -0.14499018E-03     -0.15966421E-03     -0.64751238E-04     -0.44331282E-03
     279     -0.14499396E-03     -0.15966421E-03     -0.64823938E-04     -0.44331282E-03
     280     -0.14500046E-03     -0.15966421E-03     -0.64937907E-04     -0.44331282E-03
     281     -0.14500330E-03     -0.15966421E-03     -0.64988380E-04     -0.44331282E-03
     282     -0.14500576E-03     -0.15966421E-03     -0.65028325E-04     -0.44331282E-03
     283     -0.14500856E-03     -0.15966421E-03     -0.65083358E-04     -0.44331282E-03
     284     -0.14501136E-03     -0.15966421E-03     -0.65131643E-04     -0.44331282E-03
     285     -0.14501422E-03     -0.15966421E-03     -0.65204177E-04     -0.44331282E-03
     286     -0.14501596E-03     -0.15966421E-03     -0.65249242E-04     -0.44331282E-03
     287     -0.14501732E-03     -0.15966421E-03     -0.65281741E-04     -0.44331282E-03
     288     -0.14501859E-03     -0.15966421E-03     -0.65306383E-04     -0.44331282E-03
     289     -0.14502794E-03     -0.15966421E-03     -0.65484817E-04     -0.44331282E-03
     290     -0.14503443E-03     -0.15966421E-03     -0.65590689E-04     -0.44331282E-03
     291     -0.14504483E-03     -0.15966421E-03     -0.65797485E-04     -0.44331282E-03
     292     -0.14504896E-03     -0.15966421E-03     -0.65901559E-04     -0.44331282E-03
     293     -0.14505840E-03     -0.15966421E-03     -0.66051678E-04     -0.44331282E-03
     294     -0.14506635E-03     -0.15966421E-03     -0.66201262E-04     -0.44331282E-03
     295     -0.14507568E-03     -0.15966421E-03     -0.66331733E-04     -0.44331282E-03
     296     -0.14507703E-03     -0.15966421E-03     -0.66353717E-04     -0.44331282E-03
     297     -0.14507989E-03     -0.15966421E-03     -0.66433281E-04     -0.44331282E-03
     298     -0.14508053E-03     -0.15966421E-03     -0.66450047E-04     -0.44331282E-03
     299     -0.14508201E-03     -0.15966421E-03     -0.66478288E-04     -0.44331282E-03
     300     -0.14508688E-03     -0.15966421E-03     -0.66672425E-04     -0.44331282E-03
     301     -0.14508774E-03     -0.15966421E-03     -0.66715522E-04     -0.44331282E-03
     302     -0.14508829E-03     -0.15966421E-03     -0.66723092E-04     -0.44331282E-03
     303     -0.14509013E-03     -0.15966421E-03     -0.66746470E-04     -0.44331282E-03
     304     -0.14509078E-03     -0.15966421E-03     -0.66756993E-04     -0.44331282E-03
     305     -0.14509186E-03     -0.15966421E-03     -0.66772597E-04     -0.44331282E-03
     306     -0.14509397E-03     -0.15966421E-03     -0.66927561E-04     -0.44331282E-03
     307     -0.14509571E-03     -0.15966421E-03     -0.67040259E-04     -0.44331282E-03
     308     -0.14509591E-03     -0.15966421E-03     -0.67043375E-04     -0.44331282E-03
     309     -0.14509653E-03     -0.15966421E-03     -0.67052991E-04     -0.44331282E-03
     310     -0.14509898E-03     -0.15966421E-03     -0.67118872E-04     -0.44331282E-03
     311     -0.14510240E-03     -0.15966421E-03     -0.67238532E-04     -0.44331282E-03
     312     -0.14510489E-03     -0.15966421E-03     -0.67294494E-04     -0.44331282E-03
     313     -0.14510593E-03     -0.15966421E-03     -0.67309279E-04     -0.44331282E-03
     314     -0.14510881E-03     -0.15966421E-03     -0.67373050E-04     -0.44331282E-03
     315     -0.14511350E-03     -0.15966421E-03     -0.67479028E-04     -0.44331282E-03
     316     -0.14511638E-03     -0.15966421E-03     -0.67532211E-04     -0.44331282E-03
     317     -0.14511738E-03     -0.15966421E-03     -0.67553742E-04     -0.44331282E-03
     318     -0.14511953E-03     -0.15966421E-03     -0.67588606E-04     -0.44331282E-03
     319     -0.14512115E-03     -0.15966421E-03     -0.67620944E-04     -0.44331282E-03
     320     -0.14512716E-03     -0.15966421E-03     -0.67715101E-04     -0.44331282E-03
     321     -0.14513551E-03     -0.15966421E-03     -0.67855636E-04     -0.44331282E-03
     322     -0.14513867E-03     -0.15966421E-03     -0.67905630E-04     -0.44331282E-03
     323     -0.14514824E-03     -0.15966421E-03     -0.68053136E-04     -0.44331282E-03
     324     -0.14515099E-03     -0.15966421E-03     -0.68103313E-04     -0.44331282E-03
     325     -0.14515558E-03     -0.15966421E-03     -0.68172831E-04     -0.44331282E-03
     326     -0.14516251E-03     -0.15966421E-03     -0.68273632E-04     -0.44331282E-03
     327     -0.14517113E-03     -0.15966421E-03     -0.68396584E-04     -0.44331282E-03
     328     -0.14517703E-03     -0.15966421E-03     -0.68493525E-04     -0.44331282E-03
     329     -0.14517938E-03     -0.15966421E-03     -0.68530955E-04     -0.44331282E-03
     330     -0.14518048E-03     -0.15966421E-03     -0.68550604E-04     -0.44331282E-03
     331     -0.14518149E-03     -0.15966421E-03     -0.68567381E-04     -0.44331282E-03
     332     -0.14518319E-03     -0.15966421E-03     -0.68594548E-04     -0.44331282E-03
     333     -0.14518414E-03     -0.15966421E-03     -0.68609148E-04     -0.44331282E-03
     334     -0.14518511E-03     -0.15966421E-03     -0.68623705E-04     -0.44331282E-03
     335     -0.14518666E-03     -0.15966421E-03     -0.68646538E-04     -0.44331282E-03
     336     -0.14518763E-03     -0.15966421E-03     -0.68663905E-04     -0.44331282E-03
     337     -0.14518977E-03     -0.15966421E-03     -0.68696949E-04     -0.44331282E-03
     338     -0.14519004E-03     -0.15966421E-03     -0.68702932E-04     -0.44331282E-03
     339     -0.14519154E-03     -0.15966421E-03     -0.68725534E-04     -0.44331282E-03
     340     -0.14519456E-03     -0.15966421E-03     -0.68769456E-04     -0.44331282E-03
     341     -0.14520230E-03     -0.15966421E-03     -0.68954785E-04     -0.44331282E-03
     342     -0.14520576E-03     -0.15966421E-03     -0.68999760E-04     -0.44331282E-03
     343     -0.14521034E-03     -0.15966421E-03     -0.69066857E-04     -0.44331282E-03
     344     -0.14521542E-03     -0.15966421E-03     -0.69132225E-04     -0.44331282E-03
     345     -0.14522015E-03     -0.15966421E-03     -0.69194162E-04     -0.44331282E-03
     346     -0.14522906E-03     -0.15966421E-03     -0.69350423E-04     -0.44331282E-03
     347     -0.14523747E-03     -0.15966421E-03     -0.69460255E-04     -0.44331282E-03
     348     -0.14524320E-03     -0.15966421E-03     -0.69602019E-04     -0.44331282E-03
     349     -0.14524481E-03     -0.15966421E-03     -0.69627093E-04     -0.44331282E-03
     350     -0.14524633E-03     -0.15966421E-03     -0.69648168E-04     -0.44331282E-03
     351     -0.14525093E-03     -0.15966421E-03     -0.69741299E-04     -0.44331282E-03
     352     -0.14525511E-03     -0.15966421E-03     -0.69888989E-04     -0.44331282E-03
     353     -0.14525860E-03     -0.15966421E-03     -0.70049771E-04     -0.44331282E-03
     354     -0.14526352E-03     -0.15966421E-03     -0.70137459E-04     -0.44331282E-03
     355     -0.14526974E-03     -0.15966421E-03     -0.70271239E-04     -0.44331282E-03
     356     -0.14527315E-03     -0.15966421E-03     -0.70360620E-04     -0.44331282E-03
     357     -0.14527388E-03     -0.15966421E-03     -0.70371005E-04     -0.44331282E-03
     358     -0.14527989E-03     -0.15966421E-03     -0.70514231E-04     -0.44331282E-03
     359     -0.14528560E-03     -0.15966421E-03     -0.70666873E-04     -0.44331282E-03
     360     -0.14528780E-03     -0.15966421E-03     -0.70694459E-04     -0.44331282E-03
     361     -0.14529088E-03     -0.15966421E-03     -0.70728298E-04     -0.44331282E-03
     362     -0.14529254E-03     -0.15966421E-03     -0.70750432E-04     -0.44331282E-03
     363     -0.14529614E-03     -0.15966421E-03     -0.70810011E-04     -0.44331282E-03
     364     -0.14530104E-03     -0.15966421E-03     -0.70875750E-04     -0.44331282E-03
     365     -0.14530220E-03     -0.15966421E-03     -0.70901316E-04     -0.44331282E-03
     366     -0.14530409E-03     -0.15966421E-03     -0.70944586E-04     -0.44331282E-03
     367     -0.14530577E-03     -0.15966421E-03     -0.70980689E-04     -0.44331282E-03
     368     -0.14530644E-03     -0.15966421E-03     -0.70990494E-04     -0.44331282E-03
     369     -0.14530751E-03     -0.15966421E-03     -0.71008062E-04     -0.44331282E-03
     370     -0.14530820E-03     -0.15966421E-03     -0.71018796E-04     -0.44331282E-03
     371     -0.14530924E-03     -0.15966421E-03     -0.71038046E-04     -0.44331282E-03
     372     -0.14531040E-03     -0.15966421E-03     -0.71056059E-04     -0.44331282E-03
     373     -0.14531899E-03     -0.15966421E-03     -0.71171761E-04     -0.44331282E-03
     374     -0.14531982E-03     -0.15966421E-03     -0.71185895E-04     -0.44331282E-03
     375     -0.14532034E-03     -0.15966421E-03     -0.71194687E-04     -0.44331282E-03
     376     -0.14532752E-03     -0.15966421E-03     -0.71272202E-04     -0.44331282E-03
     377     -0.14534095E-03     -0.15966421E-03     -0.71428094E-04     -0.44331282E-03
     378     -0.14535524E-03     -0.15966421E-03     -0.71588820E-04     -0.44331282E-03
     379     -0.14535685E-03     -0.15966421E-03     -0.71615471E-04     -0.44331282E-03
     380     -0.14535873E-03     -0.15966421E-03     -0.71640180E-04     -0.44331282E-03
     381     -0.14536082E-03     -0.15966421E-03     -0.71665486E-04     -0.44331282E-03
     382     -0.14536834E-03     -0.15966421E-03     -0.71734552E-04     -0.44331282E-03
     383     -0.14538673E-03     -0.15966421E-03     -0.71901909E-04     -0.44331282E-03
     384     -0.14541619E-03     -0.15966421E-03     -0.72253883E-04     -0.44331282E-03
     385     -0.14541877E-03     -0.15966421E-03     -0.72303453E-04     -0.44331282E-03
     386     -0.14542056E-03     -0.15966421E-03     -0.72330617E-04     -0.44331282E-03
     387     -0.14542876E-03     -0.15966421E-03     -0.72510127E-04     -0.44331282E-03
     388     -0.14543304E-03     -0.15966421E-03     -0.72573192E-04     -0.44331282E-03
     389     -0.14543452E-03     -0.15966421E-03     -0.72623928E-04     -0.44331282E-03
     390     -0.14543895E-03     -0.15966421E-03     -0.72704774E-04     -0.44331282E-03
     391     -0.14544113E-03     -0.15966421E-03     -0.72742252E-04     -0.44331282E-03
     392     -0.14544332E-03     -0.15966421E-03     -0.72769820E-04     -0.44331282E-03
     393     -0.14544490E-03     -0.15966421E-03     -0.72804664E-04     -0.44331282E-03
     394     -0.14544805E-03     -0.15966421E-03     -0.72940707E-04     -0.44331282E-03
     395     -0.14545065E-03     -0.15966421E-03     -0.73083748E-04     -0.44331282E-03
     396     -0.14545949E-03     -0.15966421E-03     -0.73237841E-04     -0.44331282E-03
     397     -0.14546892E-03     -0.15966421E-03     -0.73408298E-04     -0.44331282E-03
     398     -0.14548128E-03     -0.15966421E-03     -0.73612741E-04     -0.44331282E-03
     399     -0.14549713E-03     -0.15966421E-03     -0.73817077E-04     -0.44331282E-03
     400     -0.14550508E-03     -0.15966421E-03     -0.73935467E-04     -0.44331282E-03
     401     -0.14550767E-03     -0.15966421E-03     -0.73983850E-04     -0.44331282E-03
     402     -0.14551221E-03     -0.15966421E-03     -0.74058930E-04     -0.44331282E-03
     403     -0.14551630E-03     -0.15966421E-03     -0.74118021E-04     -0.44331282E-03
     404     -0.14551727E-03     -0.15966421E-03     -0.74135938E-04     -0.44331282E-03
     405     -0.14552384E-03     -0.15966421E-03     -0.74274451E-04     -0.44331282E-03
     406     -0.14552680E-03     -0.15966421E-03     -0.74356337E-04     -0.44331282E-03
     407     -0.14552873E-03     -0.15966421E-03     -0.74397554E-04     -0.44331282E-03
     408     -0.14553740E-03     -0.15966421E-03     -0.74560695E-04     -0.44331282E-03
     409     -0.14554453E-03     -0.15966421E-03     -0.74674155E-04     -0.44331282E-03
     410     -0.14554911E-03     -0.15966421E-03     -0.74749671E-04     -0.44331282E-03
     411     -0.14555407E-03     -0.15966421E-03     -0.74832021E-04     -0.44331282E-03
     412     -0.14556018E-03     -0.15966421E-03     -0.74945530E-04     -0.44331282E-03
     413     -0.14557506E-03     -0.15966421E-03     -0.75232603E-04     -0.44331282E-03
     414     -0.14558477E-03     -0.15966421E-03     -0.75434760E-04     -0.44331282E-03
     415     -0.14558583E-03     -0.15966421E-03     -0.75449984E-04     -0.44331282E-03
     416     -0.14559390E-03     -0.15966421E-03     -0.75605300E-04     -0.44331282E-03
     417     -0.14559600E-03     -0.15966421E-03     -0.75649110E-04     -0.44331282E-03
     418     -0.14561142E-03     -0.15966421E-03     -0.75884132E-04     -0.44331282E-03
     419     -0.14562788E-03     -0.15966421E-03     -0.76194807E-04     -0.44331282E-03
     420     -0.14564142E-03     -0.15966421E-03     -0.76512518E-04     -0.44331282E-03
     421     -0.14565113E-03     -0.15966421E-03     -0.76695876E-04     -0.44331282E-03
     422     -0.14565823E-03     -0.15966421E-03     -0.76949667E-04     -0.44331282E-03
     423     -0.14566321E-03     -0.15966421E-03     -0.77035554E-04     -0.44331282E-03
     424     -0.14568718E-03     -0.15966421E-03     -0.77389065E-04     -0.44331282E-03
     425     -0.14569244E-03     -0.15966421E-03     -0.77444430E-04     -0.44331282E-03
     426     -0.14569793E-03     -0.15966421E-03     -0.77518307E-04     -0.44331282E-03
     427     -0.14571664E-03     -0.15966421E-03     -0.77713841E-04     -0.44331282E-03
     428     -0.14574074E-03     -0.15966421E-03     -0.78050996E-04     -0.44331282E-03
     429     -0.14574636E-03     -0.15966421E-03     -0.78276968E-04     -0.44331282E-03
     430     -0.14576111E-03     -0.15966421E-03     -0.78431709E-04     -0.44331282E-03
     431     -0.14576406E-03     -0.15966421E-03     -0.78639906E-04     -0.44331282E-03
     432     -0.14578037E-03     -0.15966421E-03     -0.78890678E-04     -0.44331282E-03
     433     -0.14578757E-03     -0.15966421E-03     -0.78991609E-04     -0.44331282E-03
     434     -0.14580576E-03     -0.15966421E-03     -0.79251412E-04     -0.44331282E-03
     435     -0.14582226E-03     -0.15966421E-03     -0.79472452E-04     -0.44331282E-03
     436     -0.14583733E-03     -0.15966421E-03     -0.79631350E-04     -0.44331282E-03
     437     -0.14585075E-03     -0.15966421E-03     -0.79782081E-04     -0.44331282E-03
     438     -0.14587023E-03     -0.15966421E-03     -0.79971495E-04     -0.44331282E-03
     439     -0.14590258E-03     -0.15966421E-03     -0.80259357E-04     -0.44331282E-03
     440     -0.14591092E-03     -0.15966421E-03     -0.80359998E-04     -0.44331282E-03
     441     -0.14592553E-03     -0.15966421E-03     -0.80484995E-04     -0.44331282E-03
     442     -0.14594868E-03     -0.15966421E-03     -0.80668121E-04     -0.44331282E-03
     443     -0.14596652E-03     -0.15966421E-03     -0.80842236E-04     -0.44331282E-03
     444     -0.14598935E-03     -0.15966421E-03     -0.81031539E-04     -0.44331282E-03
     445     -0.14601014E-03     -0.15966421E-03     -0.81201008E-04     -0.44331282E-03
     446     -0.14601791E-03     -0.15966421E-03     -0.81263609E-04     -0.44331282E-03
     447     -0.14602556E-03     -0.15966421E-03     -0.81328361E-04     -0.44331282E-03
     448     -0.14604673E-03     -0.15966421E-03     -0.81490280E-04     -0.44331282E-03
     449     -0.14605452E-03     -0.15966421E-03     -0.81566779E-04     -0.44331282E-03
     450     -0.14605748E-03     -0.15966421E-03     -0.81594465E-04     -0.44331282E-03
     451     -0.14607684E-03     -0.15966421E-03     -0.81744372E-04     -0.44331282E-03
     452     -0.14608144E-03     -0.15966421E-03     -0.81788808E-04     -0.44331282E-03
     453     -0.14608467E-03     -0.15966421E-03     -0.81822437E-04     -0.44331282E-03
     454     -0.14611056E-03     -0.15966421E-03     -0.82089838E-04     -0.44331282E-03
     455     -0.14613053E-03     -0.15966421E-03     -0.82268180E-04     -0.44331282E-03
     456     -0.14614772E-03     -0.15966421E-03     -0.82403462E-04     -0.44331282E-03
     457     -0.14616886E-03     -0.15966421E-03     -0.82554109E-04     -0.44331282E-03
     458     -0.14617057E-03     -0.15966421E-03     -0.82578916E-04     -0.44331282E-03
     459     -0.14617229E-03     -0.15966421E-03     -0.82605200E-04     -0.44331282E-03
     460     -0.14617561E-03     -0.15966421E-03     -0.82641658E-04     -0.44331282E-03
     461     -0.14617717E-03     -0.15966421E-03     -0.82661015E-04     -0.44331282E-03
     462     -0.14618004E-03     -0.15966421E-03     -0.82692764E-04     -0.44331282E-03
     463     -0.14618521E-03     -0.15966421E-03     -0.82744328E-04     -0.44331282E-03
     464     -0.14618856E-03     -0.15966421E-03     -0.82779913E-04     -0.44331282E-03
     465     -0.14620243E-03     -0.15966421E-03     -0.82916028E-04     -0.44331282E-03
     466     -0.14620327E-03     -0.15966421E-03     -0.82926479E-04     -0.44331282E-03
     467     -0.14620817E-03     -0.15966421E-03     -0.82972213E-04     -0.44331282E-03
     468     -0.14620904E-03     -0.15966421E-03     -0.82987840E-04     -0.44331282E-03
     469     -0.14621288E-03     -0.15966421E-03     -0.83034813E-04     -0.44331282E-03
     470     -0.14621549E-03     -0.15966421E-03     -0.83070381E-04     -0.44331282E-03
     471     -0.14621669E-03     -0.15966421E-03     -0.83089429E-04     -0.44331282E-03
     472     -0.14621731E-03     -0.15966421E-03     -0.83100290E-04     -0.44331282E-03
     473     -0.14622025E-03     -0.15966421E-03     -0.83132686E-04     -0.44331282E-03
     474     -0.14622129E-03     -0.15966421E-03     -0.83147767E-04     -0.44331282E-03
     475     -0.14622300E-03     -0.15966421E-03     -0.83166792E-04     -0.44331282E-03
     476     -0.14622403E-03     -0.15966421E-03     -0.83177240E-04     -0.44331282E-03
     477     -0.14622456E-03     -0.15966421E-03     -0.83187098E-04     -0.44331282E-03
     478     -0.14622634E-03     -0.15966421E-03     -0.83209499E-04     -0.44331282E-03
     479     -0.14622818E-03     -0.15966421E-03     -0.83220752E-04     -0.44331282E-03
     480     -0.14623044E-03     -0.15966421E-03     -0.83238746E-04     -0.44331282E-03
     481     -0.14623102E-03     -0.15966421E-03     -0.83254038E-04     -0.44331282E-03
     482     -0.14623240E-03     -0.15966421E-03     -0.83270077E-04     -0.44331282E-03
     483     -0.14623363E-03     -0.15966421E-03     -0.83289917E-04     -0.44331282E-03
     484     -0.14623431E-03     -0.15966421E-03     -0.83300580E-04     -0.44331282E-03
     485     -0.14623509E-03     -0.15966421E-03     -0.83311876E-04     -0.44331282E-03
     486     -0.14623570E-03     -0.15966421E-03     -0.83321255E-04     -0.44331282E-03
     487     -0.14623636E-03     -0.15966421E-03     -0.83334512E-04     -0.44331282E-03
     488     -0.14623696E-03     -0.15966421E-03     -0.83345000E-04     -0.44331282E-03
     489     -0.14623786E-03     -0.15966421E-03     -0.83356169E-04     -0.44331282E-03
     490     -0.14623824E-03     -0.15966421E-03     -0.83367523E-04     -0.44331282E-03
     491     -0.14623877E-03     -0.15966421E-03     -0.83379736E-04     -0.44331282E-03
     492     -0.14624015E-03     -0.15966421E-03     -0.83395215E-04     -0.44331282E-03
     493     -0.14624099E-03     -0.15966421E-03     -0.83409988E-04     -0.44331282E-03
     494     -0.14624135E-03     -0.15966421E-03     -0.83417178E-04     -0.44331282E-03
     495     -0.14624159E-03     -0.15966421E-03     -0.83421850E-04     -0.44331282E-03
     496     -0.14624189E-03     -0.15966421E-03     -0.83425080E-04     -0.44331282E-03
     497     -0.14624227E-03     -0.15966421E-03     -0.83429672E-04     -0.44331282E-03
     498     -0.14624324E-03     -0.15966421E-03     -0.83442455E-04     -0.44331282E-03
     499     -0.14624435E-03     -0.15966421E-03     -0.83459907E-04     -0.44331282E-03
     500     -0.14624534E-03     -0.15966421E-03     -0.83473351E-04     -0.44331282E-03
     501     -0.14624729E-03     -0.15966421E-03     -0.83495315E-04     -0.44331282E-03
     502     -0.14624764E-03     -0.15966421E-03     -0.83501340E-04     -0.44331282E-03
     503     -0.14624860E-03     -0.15966421E-03     -0.83513627E-04     -0.44331282E-03
     504     -0.14625001E-03     -0.15966421E-03     -0.83529503E-04     -0.44331282E-03
     505     -0.14625034E-03     -0.15966421E-03     -0.83538088E-04     -0.44331282E-03
     506     -0.14625392E-03     -0.15966421E-03     -0.83561608E-04     -0.44331282E-03
     507     -0.14625552E-03     -0.15966421E-03     -0.83576445E-04     -0.44331282E-03
     508     -0.14625786E-03     -0.15966421E-03     -0.83596273E-04     -0.44331282E-03
     509     -0.14625856E-03     -0.15966421E-03     -0.83609675E-04     -0.44331282E-03
     510     -0.14626037E-03     -0.15966421E-03     -0.83629058E-04     -0.44331282E-03
     511     -0.14626145E-03     -0.15966421E-03     -0.83638915E-04     -0.44331282E-03
     512     -0.14626374E-03     -0.15966421E-03     -0.83652418E-04     -0.44331282E-03
     513     -0.14626707E-03     -0.15966421E-03     -0.83674705E-04     -0.44331282E-03
     514     -0.14626784E-03     -0.15966421E-03     -0.83689167E-04     -0.44331282E-03
     515     -0.14627264E-03     -0.15966421E-03     -0.83713255E-04     -0.44331282E-03
     516     -0.14627459E-03     -0.15966421E-03     -0.83729880E-04     -0.44331282E-03
     517     -0.14627685E-03     -0.15966421E-03     -0.83747796E-04     -0.44331282E-03
     518     -0.14628174E-03     -0.15966421E-03     -0.83775652E-04     -0.44331282E-03
     519     -0.14628432E-03     -0.15966421E-03     -0.83793247E-04     -0.44331282E-03
     520     -0.14630606E-03     -0.15966421E-03     -0.83868812E-04     -0.44331282E-03
     521     -0.14630730E-03     -0.15966421E-03     -0.83878455E-04     -0.44331282E-03
     522     -0.14631097E-03     -0.15966421E-03     -0.83894140E-04     -0.44331282E-03
     523     -0.14631242E-03     -0.15966421E-03     -0.83908593E-04     -0.44331282E-03
     524     -0.14633179E-03     -0.15966421E-03     -0.83975410E-04     -0.44331282E-03
     525     -0.14633305E-03     -0.15966421E-03     -0.83993466E-04     -0.44331282E-03
     526     -0.14633378E-03     -0.15966421E-03     -0.84009537E-04     -0.44331282E-03
     527     -0.14633528E-03     -0.15966421E-03     -0.84028276E-04     -0.44331282E-03
     528     -0.14633778E-03     -0.15966421E-03     -0.84047334E-04     -0.44331282E-03
     529     -0.14634319E-03     -0.15966421E-03     -0.84076216E-04     -0.44331282E-03
     530     -0.14634384E-03     -0.15966421E-03     -0.84083302E-04     -0.44331282E-03
     531     -0.14634513E-03     -0.15966421E-03     -0.84092618E-04     -0.44331282E-03
     532     -0.14634825E-03     -0.15966421E-03     -0.84109392E-04     -0.44331282E-03
     533     -0.14635087E-03     -0.15966421E-03     -0.84123156E-04     -0.44331282E-03
     534     -0.14635196E-03     -0.15966421E-03     -0.84135451E-04     -0.44331282E-03
     535     -0.14635306E-03     -0.15966421E-03     -0.84147893E-04     -0.44331282E-03
     536     -0.14635559E-03     -0.15966421E-03     -0.84164726E-04     -0.44331282E-03
     537     -0.14635862E-03     -0.15966421E-03     -0.84182081E-04     -0.44331282E-03
     538     -0.14636163E-03     -0.15966421E-03     -0.84196060E-04     -0.44331282E-03
     539     -0.14636294E-03     -0.15966421E-03     -0.84204921E-04     -0.44331282E-03
     540     -0.14639671E-03     -0.15966421E-03     -0.84290850E-04     -0.44331282E-03
     541     -0.14640157E-03     -0.15966421E-03     -0.84312547E-04     -0.44331282E-03
     542     -0.14642639E-03     -0.15966421E-03     -0.84390117E-04     -0.44331282E-03
     543     -0.14645461E-03     -0.15966421E-03     -0.84477620E-04     -0.44331282E-03
     544     -0.14645931E-03     -0.15966421E-03     -0.84498074E-04     -0.44331282E-03
     545     -0.14648553E-03     -0.15966421E-03     -0.84588288E-04     -0.44331282E-03
     546     -0.14649860E-03     -0.15966421E-03     -0.84634542E-04     -0.44331282E-03
     547     -0.14651329E-03     -0.15966421E-03     -0.84684635E-04     -0.44331282E-03
     548     -0.14654730E-03     -0.15966421E-03     -0.84793273E-04     -0.44331282E-03
     549     -0.14655291E-03     -0.15966421E-03     -0.84821515E-04     -0.44331282E-03
     550     -0.14658095E-03     -0.15966421E-03     -0.84909091E-04     -0.44331282E-03
     551     -0.14659236E-03     -0.15966421E-03     -0.84951003E-04     -0.44331282E-03
     552     -0.14659591E-03     -0.15966421E-03     -0.84969877E-04     -0.44331282E-03
     553     -0.14660038E-03     -0.15966421E-03     -0.84994723E-04     -0.44331282E-03
     554     -0.14660224E-03     -0.15966421E-03     -0.85011974E-04     -0.44331282E-03
     555     -0.14660681E-03     -0.15966421E-03     -0.85037753E-04     -0.44331282E-03
     556     -0.14662792E-03     -0.15966421E-03     -0.85115197E-04     -0.44331282E-03
     557     -0.14663614E-03     -0.15966421E-03     -0.85152287E-04     -0.44331282E-03
     558     -0.14664264E-03     -0.15966421E-03     -0.85177882E-04     -0.44331282E-03
     559     -0.14665469E-03     -0.15966421E-03     -0.85219154E-04     -0.44331282E-03
     560     -0.14666996E-03     -0.15966421E-03     -0.85270287E-04     -0.44331282E-03
     561     -0.14667522E-03     -0.15966421E-03     -0.85294606E-04     -0.44331282E-03
     562     -0.14668502E-03     -0.15966421E-03     -0.85331015E-04     -0.44331282E-03
     563     -0.14669935E-03     -0.15966421E-03     -0.85386190E-04     -0.44331282E-03
     564     -0.14670636E-03     -0.15966421E-03     -0.85417496E-04     -0.44331282E-03
     565     -0.14671198E-03     -0.15966421E-03     -0.85444144E-04     -0.44331282E-03
     566     -0.14671892E-03     -0.15966421E-03     -0.85478360E-04     -0.44331282E-03
     567     -0.14673392E-03     -0.15966421E-03     -0.85545064E-04     -0.44331282E-03
     568     -0.14674399E-03     -0.15966421E-03     -0.85587435E-04     -0.44331282E-03
     569     -0.14674771E-03     -0.15966421E-03     -0.85608924E-04     -0.44331282E-03
     570     -0.14677622E-03     -0.15966421E-03     -0.85701435E-04     -0.44331282E-03
     571     -0.14679431E-03     -0.15966421E-03     -0.85776397E-04     -0.44331282E-03
     572     -0.14679794E-03     -0.15966421E-03     -0.85797361E-04     -0.44331282E-03
     573     -0.14683600E-03     -0.15966421E-03     -0.85915082E-04     -0.44331282E-03
     574     -0.14684637E-03     -0.15966421E-03     -0.85948786E-04     -0.44331282E-03
     575     -0.14685935E-03     -0.15966421E-03     -0.86001667E-04     -0.44331282E-03
     576     -0.14686362E-03     -0.15966421E-03     -0.86022864E-04     -0.44331282E-03
     577     -0.14686683E-03     -0.15966421E-03     -0.86041244E-04     -0.44331282E-03
     578     -0.14687458E-03     -0.15966421E-03     -0.86076837E-04     -0.44331282E-03
     579     -0.14688911E-03     -0.15966421E-03     -0.86140757E-04     -0.44331282E-03
     580     -0.14689546E-03     -0.15966421E-03     -0.86174844E-04     -0.44331282E-03
     581     -0.14690287E-03     -0.15966421E-03     -0.86212662E-04     -0.44331282E-03
     582     -0.14690864E-03     -0.15966421E-03     -0.86243886E-04     -0.44331282E-03
     583     -0.14692388E-03     -0.15966421E-03     -0.86295893E-04     -0.44331282E-03
     584     -0.14693007E-03     -0.15966421E-03     -0.86327098E-04     -0.44331282E-03
     585     -0.14693770E-03     -0.15966421E-03     -0.86359919E-04     -0.44331282E-03
     586     -0.14694411E-03     -0.15966421E-03     -0.86387716E-04     -0.44331282E-03
     587     -0.14695928E-03     -0.15966421E-03     -0.86444689E-04     -0.44331282E-03
     588     -0.14696628E-03     -0.15966421E-03     -0.86481713E-04     -0.44331282E-03
     589     -0.14697230E-03     -0.15966421E-03     -0.86517154E-04     -0.44331282E-03
     590     -0.14699420E-03     -0.15966421E-03     -0.86605534E-04     -0.44331282E-03
     591     -0.14700597E-03     -0.15966421E-03     -0.86650960E-04     -0.44331282E-03
     592     -0.14702384E-03     -0.15966421E-03     -0.86715835E-04     -0.44331282E-03
     593     -0.14704393E-03     -0.15966421E-03     -0.86799281E-04     -0.44331282E-03
     594     -0.14706392E-03     -0.15966421E-03     -0.86875473E-04     -0.44331282E-03
     595     -0.14707496E-03     -0.15966421E-03     -0.86921837E-04     -0.44331282E-03
     596     -0.14709376E-03     -0.15966421E-03     -0.86995396E-04     -0.44331282E-03
     597     -0.14710452E-03     -0.15966421E-03     -0.87041450E-04     -0.44331282E-03
     598     -0.14710755E-03     -0.15966421E-03     -0.87061383E-04     -0.44331282E-03
     599     -0.14711631E-03     -0.15966421E-03     -0.87097502E-04     -0.44331282E-03
     600     -0.14712718E-03     -0.15966421E-03     -0.87135733E-04     -0.44331282E-03
     601     -0.14713659E-03     -0.15966421E-03     -0.87176674E-04     -0.44331282E-03
     602     -0.14715033E-03     -0.15966421E-03     -0.87223497E-04     -0.44331282E-03
     603     -0.14717632E-03     -0.15966421E-03     -0.87311614E-04     -0.44331282E-03
     604     -0.14719860E-03     -0.15966421E-03     -0.87378082E-04     -0.44331282E-03
     605     -0.14720373E-03     -0.15966421E-03     -0.87401907E-04     -0.44331282E-03
     606     -0.14720668E-03     -0.15966421E-03     -0.87417604E-04     -0.44331282E-03
     607     -0.14722924E-03     -0.15966421E-03     -0.87500922E-04     -0.44331282E-03
     608     -0.14725445E-03     -0.15966421E-03     -0.87578569E-04     -0.44331282E-03
     609     -0.14726569E-03     -0.15966421E-03     -0.87622770E-04     -0.44331282E-03
     610     -0.14727220E-03     -0.15966421E-03     -0.87655193E-04     -0.44331282E-03
     611     -0.14728747E-03     -0.15966421E-03     -0.87720065E-04     -0.44331282E-03
     612     -0.14729710E-03     -0.15966421E-03     -0.87760630E-04     -0.44331282E-03
     613     -0.14731149E-03     -0.15966421E-03     -0.87810732E-04     -0.44331282E-03
     614     -0.14731897E-03     -0.15966421E-03     -0.87842917E-04     -0.44331282E-03
     615     -0.14732998E-03     -0.15966421E-03     -0.87881113E-04     -0.44331282E-03
     616     -0.14733667E-03     -0.15966421E-03     -0.87909796E-04     -0.44331282E-03
     617     -0.14733994E-03     -0.15966421E-03     -0.87925971E-04     -0.44331282E-03
     618     -0.14734524E-03     -0.15966421E-03     -0.87951956E-04     -0.44331282E-03
     619     -0.14736354E-03     -0.15966421E-03     -0.88017652E-04     -0.44331282E-03
     620     -0.14737021E-03     -0.15966421E-03     -0.88047455E-04     -0.44331282E-03
     621     -0.14739216E-03     -0.15966421E-03     -0.88117300E-04     -0.44331282E-03
     622     -0.14740589E-03     -0.15966421E-03     -0.88159492E-04     -0.44331282E-03
     623     -0.14742189E-03     -0.15966421E-03     -0.88211366E-04     -0.44331282E-03
     624     -0.14744122E-03     -0.15966421E-03     -0.88276942E-04     -0.44331282E-03
     625     -0.14746794E-03     -0.15966421E-03     -0.88376074E-04     -0.44331282E-03
     626     -0.14749423E-03     -0.15966421E-03     -0.88457938E-04     -0.44331282E-03
     627     -0.14752737E-03     -0.15966421E-03     -0.88558026E-04     -0.44331282E-03
     628     -0.14753156E-03     -0.15966421E-03     -0.88578399E-04     -0.44331282E-03
     629     -0.14753353E-03     -0.15966421E-03     -0.88592018E-04     -0.44331282E-03
     630     -0.14754667E-03     -0.15966421E-03     -0.88643590E-04     -0.44331282E-03
     631     -0.14755802E-03     -0.15966421E-03     -0.88696324E-04     -0.44331282E-03
     632     -0.14757706E-03     -0.15966421E-03     -0.88752332E-04     -0.44331282E-03
     633     -0.14760544E-03     -0.15966421E-03     -0.88843733E-04     -0.44331282E-03
     634     -0.14762537E-03     -0.15966421E-03     -0.88934726E-04     -0.44331282E-03
     635     -0.14763673E-03     -0.15966421E-03     -0.88978834E-04     -0.44331282E-03
     636     -0.14764581E-03     -0.15966421E-03     -0.89016612E-04     -0.44331282E-03
     637     -0.14766243E-03     -0.15966421E-03     -0.89071697E-04     -0.44331282E-03
     638     -0.14766868E-03     -0.15966421E-03     -0.89101002E-04     -0.44331282E-03
     639     -0.14767239E-03     -0.15966421E-03     -0.89126395E-04     -0.44331282E-03
     640     -0.14768330E-03     -0.15966421E-03     -0.89165950E-04     -0.44331282E-03
     641     -0.14768609E-03     -0.15966421E-03     -0.89184478E-04     -0.44331282E-03
     642     -0.14769281E-03     -0.15966421E-03     -0.89218337E-04     -0.44331282E-03
     643     -0.14771359E-03     -0.15966421E-03     -0.89298562E-04     -0.44331282E-03
     644     -0.14772609E-03     -0.15966421E-03     -0.89347803E-04     -0.44331282E-03
     645     -0.14773665E-03     -0.15966421E-03     -0.89387874E-04     -0.44331282E-03
     646     -0.14774369E-03     -0.15966421E-03     -0.89426343E-04     -0.44331282E-03
     647     -0.14774965E-03     -0.15966421E-03     -0.89460320E-04     -0.44331282E-03
     648     -0.14776378E-03     -0.15966421E-03     -0.89512263E-04     -0.44331282E-03
     649     -0.14778976E-03     -0.15966421E-03     -0.89603929E-04     -0.44331282E-03
     650     -0.14779731E-03     -0.15966421E-03     -0.89639880E-04     -0.44331282E-03
     651     -0.14780942E-03     -0.15966421E-03     -0.89686802E-04     -0.44331282E-03
     652     -0.14781846E-03     -0.15966421E-03     -0.89725391E-04     -0.44331282E-03
     653     -0.14783027E-03     -0.15966421E-03     -0.89775995E-04     -0.44331282E-03
     654     -0.14785127E-03     -0.15966421E-03     -0.89880985E-04     -0.44331282E-03
     655     -0.14785996E-03     -0.15966421E-03     -0.89916329E-04     -0.44331282E-03
     656     -0.14787709E-03     -0.15966421E-03     -0.89985309E-04     -0.44331282E-03
     657     -0.14789423E-03     -0.15966421E-03     -0.90077795E-04     -0.44331282E-03
     658     -0.14790799E-03     -0.15966421E-03     -0.90139791E-04     -0.44331282E-03
     659     -0.14792190E-03     -0.15966421E-03     -0.90196592E-04     -0.44331282E-03
     660     -0.14793149E-03     -0.15966421E-03     -0.90231342E-04     -0.44331282E-03
     661     -0.14793869E-03     -0.15966421E-03     -0.90273540E-04     -0.44331282E-03
     662     -0.14794381E-03     -0.15966421E-03     -0.90306354E-04     -0.44331282E-03
     663     -0.14795676E-03     -0.15966421E-03     -0.90369435E-04     -0.44331282E-03
     664     -0.14796738E-03     -0.15966421E-03     -0.90418806E-04     -0.44331282E-03
     665     -0.14798376E-03     -0.15966421E-03     -0.90499663E-04     -0.44331282E-03
     666     -0.14800492E-03     -0.15966421E-03     -0.90571597E-04     -0.44331282E-03
     667     -0.14803027E-03     -0.15966421E-03     -0.90649460E-04     -0.44331282E-03
     668     -0.14805425E-03     -0.15966421E-03     -0.90738543E-04     -0.44331282E-03
     669     -0.14806759E-03     -0.15966421E-03     -0.90805516E-04     -0.44331282E-03
     670     -0.14807551E-03     -0.15966421E-03     -0.90854364E-04     -0.44331282E-03
     671     -0.14810128E-03     -0.15966421E-03     -0.90952031E-04     -0.44331282E-03
     672     -0.14812353E-03     -0.15966421E-03     -0.91045462E-04     -0.44331282E-03
     673     -0.14812925E-03     -0.15966421E-03     -0.91075537E-04     -0.44331282E-03
     674     -0.14813852E-03     -0.15966421E-03     -0.91122389E-04     -0.44331282E-03
     675     -0.14814563E-03     -0.15966421E-03     -0.91165729E-04     -0.44331282E-03
     676     -0.14815197E-03     -0.15966421E-03     -0.91204381E-04     -0.44331282E-03
     677     -0.14815534E-03     -0.15966421E-03     -0.91226448E-04     -0.44331282E-03
     678     -0.14816383E-03     -0.15966421E-03     -0.91263390E-04     -0.44331282E-03
     679     -0.14816905E-03     -0.15966421E-03     -0.91291800E-04     -0.44331282E-03
     680     -0.14817877E-03     -0.15966421E-03     -0.91332342E-04     -0.44331282E-03
     681     -0.14818631E-03     -0.15966421E-03     -0.91371874E-04     -0.44331282E-03
     682     -0.14819526E-03     -0.15966421E-03     -0.91416234E-04     -0.44331282E-03
     683     -0.14822575E-03     -0.15966421E-03     -0.91522667E-04     -0.44331282E-03
     684     -0.14824283E-03     -0.15966421E-03     -0.91592351E-04     -0.44331282E-03
     685     -0.14824881E-03     -0.15966421E-03     -0.91626001E-04     -0.44331282E-03
     686     -0.14826769E-03     -0.15966421E-03     -0.91690557E-04     -0.44331282E-03
     687     -0.14828693E-03     -0.15966421E-03     -0.91755161E-04     -0.44331282E-03
     688     -0.14829879E-03     -0.15966421E-03     -0.91800073E-04     -0.44331282E-03
     689     -0.14831821E-03     -0.15966421E-03     -0.91890165E-04     -0.44331282E-03
     690     -0.14832517E-03     -0.15966421E-03     -0.91927146E-04     -0.44331282E-03
     691     -0.14832936E-03     -0.15966421E-03     -0.91951180E-04     -0.44331282E-03
     692     -0.14833182E-03     -0.15966421E-03     -0.91968130E-04     -0.44331282E-03
     693     -0.14833638E-03     -0.15966421E-03     -0.91998552E-04     -0.44331282E-03
     694     -0.14834136E-03     -0.15966421E-03     -0.92028546E-04     -0.44331282E-03
     695     -0.14834695E-03     -0.15966421E-03     -0.92057732E-04     -0.44331282E-03
     696     -0.14835109E-03     -0.15966421E-03     -0.92082217E-04     -0.44331282E-03
     697     -0.14836806E-03     -0.15966421E-03     -0.92143770E-04     -0.44331282E-03
     698     -0.14837249E-03     -0.15966421E-03     -0.92171563E-04     -0.44331282E-03
     699     -0.14837565E-03     -0.15966421E-03     -0.92194868E-04     -0.44331282E-03
     700     -0.14838746E-03     -0.15966421E-03     -0.92242703E-04     -0.44331282E-03
     701     -0.14839632E-03     -0.15966421E-03     -0.92291942E-04     -0.44331282E-03
     702     -0.14840810E-03     -0.15966421E-03     -0.92359977E-04     -0.44331282E-03
     703     -0.14841503E-03     -0.15966421E-03     -0.92395675E-04     -0.44331282E-03
     704     -0.14842323E-03     -0.15966421E-03     -0.92448476E-04     -0.44331282E-03
     705     -0.14843609E-03     -0.15966421E-03     -0.92514223E-04     -0.44331282E-03
     706     -0.14844456E-03     -0.15966421E-03     -0.92563252E-04     -0.44331282E-03
     707     -0.14845658E-03     -0.15966421E-03     -0.92608290E-04     -0.44331282E-03
     708     -0.14846426E-03     -0.15966421E-03     -0.92656498E-04     -0.44331282E-03
     709     -0.14847249E-03     -0.15966421E-03     -0.92697488E-04     -0.44331282E-03
     710     -0.14848314E-03     -0.15966421E-03     -0.92750801E-04     -0.44331282E-03
     711     -0.14849056E-03     -0.15966421E-03     -0.92784914E-04     -0.44331282E-03
     712     -0.14849441E-03     -0.15966421E-03     -0.92808007E-04     -0.44331282E-03
     713     -0.14850384E-03     -0.15966421E-03     -0.92848333E-04     -0.44331282E-03
     714     -0.14851332E-03     -0.15966421E-03     -0.92894754E-04     -0.44331282E-03
     715     -0.14852891E-03     -0.15966421E-03     -0.92974431E-04     -0.44331282E-03
     716     -0.14855474E-03     -0.15966421E-03     -0.93095656E-04     -0.44331282E-03
     717     -0.14857092E-03     -0.15966421E-03     -0.93172580E-04     -0.44331282E-03
     718     -0.14858687E-03     -0.15966421E-03     -0.93247885E-04     -0.44331282E-03
     719     -0.14859998E-03     -0.15966421E-03     -0.93303816E-04     -0.44331282E-03
     720     -0.14861606E-03     -0.15966421E-03     -0.93366307E-04     -0.44331282E-03
     721     -0.14862544E-03     -0.15966421E-03     -0.93430386E-04     -0.44331282E-03
     722     -0.14863523E-03     -0.15966421E-03     -0.93506556E-04     -0.44331282E-03
     723     -0.14864648E-03     -0.15966421E-03     -0.93583579E-04     -0.44331282E-03
     724     -0.14865051E-03     -0.15966421E-03     -0.93614258E-04     -0.44331282E-03
     725     -0.14865562E-03     -0.15966421E-03     -0.93646114E-04     -0.44331282E-03
     726     -0.14867053E-03     -0.15966421E-03     -0.93709182E-04     -0.44331282E-03
     727     -0.14868802E-03     -0.15966421E-03     -0.93812252E-04     -0.44331282E-03
     728     -0.14869906E-03     -0.15966421E-03     -0.93863521E-04     -0.44331282E-03
     729     -0.14871274E-03     -0.15966421E-03     -0.93932694E-04     -0.44331282E-03
     730     -0.14871871E-03     -0.15966421E-03     -0.93967133E-04     -0.44331282E-03
     731     -0.14872797E-03     -0.15966421E-03     -0.94009547E-04     -0.44331282E-03
     732     -0.14873858E-03     -0.15966421E-03     -0.94061734E-04     -0.44331282E-03
     733     -0.14876465E-03     -0.15966421E-03     -0.94166207E-04     -0.44331282E-03
     734     -0.14879136E-03     -0.15966421E-03     -0.94297999E-04     -0.44331282E-03
     735     -0.14880399E-03     -0.15966421E-03     -0.94352291E-04     -0.44331282E-03
     736     -0.14881650E-03     -0.15966421E-03     -0.94411377E-04     -0.44331282E-03
     737     -0.14883243E-03     -0.15966421E-03     -0.94485038E-04     -0.44331282E-03
     738     -0.14884435E-03     -0.15966421E-03     -0.94551051E-04     -0.44331282E-03
     739     -0.14885582E-03     -0.15966421E-03     -0.94618586E-04     -0.44331282E-03
     740     -0.14886135E-03     -0.15966421E-03     -0.94649586E-04     -0.44331282E-03
     741     -0.14886863E-03     -0.15966421E-03     -0.94702206E-04     -0.44331282E-03
     742     -0.14887635E-03     -0.15966421E-03     -0.94742566E-04     -0.44331282E-03
     743     -0.14888392E-03     -0.15966421E-03     -0.94785193E-04     -0.44331282E-03
     744     -0.14889470E-03     -0.15966421E-03     -0.94835274E-04     -0.44331282E-03
     745     -0.14890428E-03     -0.15966421E-03     -0.94884606E-04     -0.44331282E-03
     746     -0.14891767E-03     -0.15966421E-03     -0.94940342E-04     -0.44331282E-03
     747     -0.14892487E-03     -0.15966421E-03     -0.94975649E-04     -0.44331282E-03
     748     -0.14895095E-03     -0.15966421E-03     -0.95103313E-04     -0.44331282E-03
     749     -0.14895355E-03     -0.15966421E-03     -0.95125117E-04     -0.44331282E-03
     750     -0.14895908E-03     -0.15966421E-03     -0.95155957E-04     -0.44331282E-03
     751     -0.14897303E-03     -0.15966421E-03     -0.95250371E-04     -0.44331282E-03
     752     -0.14898984E-03     -0.15966421E-03     -0.95358034E-04     -0.44331282E-03
     753     -0.14899823E-03     -0.15966421E-03     -0.95411251E-04     -0.44331282E-03
     754     -0.14900835E-03     -0.15966421E-03     -0.95462223E-04     -0.44331282E-03
     755     -0.14901655E-03     -0.15966421E-03     -0.95500669E-04     -0.44331282E-03
     756     -0.14905211E-03     -0.15966421E-03     -0.95625708E-04     -0.44331282E-03
     757     -0.14908803E-03     -0.15966421E-03     -0.95748886E-04     -0.44331282E-03
     758     -0.14913490E-03     -0.15966421E-03     -0.95901763E-04     -0.44331282E-03
     759     -0.14916825E-03     -0.15966421E-03     -0.96022645E-04     -0.44331282E-03
     760     -0.14922310E-03     -0.15966421E-03     -0.96202074E-04     -0.44331282E-03
     761     -0.14926840E-03     -0.15966421E-03     -0.96354074E-04     -0.44331282E-03
     762     -0.14934159E-03     -0.15966421E-03     -0.96590532E-04     -0.44331282E-03
     763     -0.14936253E-03     -0.15966421E-03     -0.96676726E-04     -0.44331282E-03
     764     -0.14938263E-03     -0.15966421E-03     -0.96761935E-04     -0.44331282E-03
     765     -0.14940248E-03     -0.15966421E-03     -0.96841818E-04     -0.44331282E-03
     766     -0.14943904E-03     -0.15966421E-03     -0.96981744E-04     -0.44331282E-03
     767     -0.14944832E-03     -0.15966421E-03     -0.97028303E-04     -0.44331282E-03
     768     -0.14946166E-03     -0.15966421E-03     -0.97088210E-04     -0.44331282E-03
     769     -0.14947207E-03     -0.15966421E-03     -0.97138174E-04     -0.44331282E-03
     770     -0.14950055E-03     -0.15966421E-03     -0.97251148E-04     -0.44331282E-03
     771     -0.14951638E-03     -0.15966421E-03     -0.97320288E-04     -0.44331282E-03
     772     -0.14953329E-03     -0.15966421E-03     -0.97402115E-04     -0.44331282E-03
     773     -0.14954984E-03     -0.15966421E-03     -0.97480618E-04     -0.44331282E-03
     774     -0.14957471E-03     -0.15966421E-03     -0.97586160E-04     -0.44331282E-03
     775     -0.14958874E-03     -0.15966421E-03     -0.97659574E-04     -0.44331282E-03
     776     -0.14959662E-03     -0.15966421E-03     -0.97702840E-04     -0.44331282E-03
     777     -0.14960783E-03     -0.15966421E-03     -0.97754252E-04     -0.44331282E-03
     778     -0.14962169E-03     -0.15966421E-03     -0.97810790E-04     -0.44331282E-03
     779     -0.14964613E-03     -0.15966421E-03     -0.97905095E-04     -0.44331282E-03
     780     -0.14968438E-03     -0.15966421E-03     -0.98052829E-04     -0.44331282E-03
     781     -0.14969905E-03     -0.15966421E-03     -0.98113310E-04     -0.44331282E-03
     782     -0.14970636E-03     -0.15966421E-03     -0.98147060E-04     -0.44331282E-03
     783     -0.14971655E-03     -0.15966421E-03     -0.98194507E-04     -0.44331282E-03
     784     -0.14972532E-03     -0.15966421E-03     -0.98240396E-04     -0.44331282E-03
     785     -0.14974448E-03     -0.15966421E-03     -0.98329625E-04     -0.44331282E-03
     786     -0.14974829E-03     -0.15966421E-03     -0.98352404E-04     -0.44331282E-03
     787     -0.14975250E-03     -0.15966421E-03     -0.98377648E-04     -0.44331282E-03
     788     -0.14977008E-03     -0.15966421E-03     -0.98456142E-04     -0.44331282E-03
     789     -0.14978052E-03     -0.15966421E-03     -0.98506231E-04     -0.44331282E-03
     790     -0.14980164E-03     -0.15966421E-03     -0.98600135E-04     -0.44331282E-03
     791     -0.14981439E-03     -0.15966421E-03     -0.98658760E-04     -0.44331282E-03
     792     -0.14983370E-03     -0.15966421E-03     -0.98738478E-04     -0.44331282E-03
     793     -0.14985002E-03     -0.15966421E-03     -0.98829170E-04     -0.44331282E-03
     794     -0.14987765E-03     -0.15966421E-03     -0.98929478E-04     -0.44331282E-03
     795     -0.14990401E-03     -0.15966421E-03     -0.99027805E-04     -0.44331282E-03
     796     -0.14992700E-03     -0.15966421E-03     -0.99121748E-04     -0.44331282E-03
     797     -0.14994195E-03     -0.15966421E-03     -0.99183854E-04     -0.44331282E-03
     798     -0.14995214E-03     -0.15966421E-03     -0.99229781E-04     -0.44331282E-03
     799     -0.14997247E-03     -0.15966421E-03     -0.99305989E-04     -0.44331282E-03
     800     -0.14999410E-03     -0.15966421E-03     -0.99399327E-04     -0.44331282E-03
     801     -0.15003049E-03     -0.15966421E-03     -0.99583340E-04     -0.44331282E-03
     802     -0.15007607E-03     -0.15966421E-03     -0.99782973E-04     -0.44331282E-03
     803     -0.15010936E-03     -0.15966421E-03     -0.99926745E-04     -0.44331282E-03
     804     -0.15013586E-03     -0.15966421E-03     -0.10004997E-03     -0.44331282E-03
     805     -0.15015049E-03     -0.15966421E-03     -0.10013153E-03     -0.44331282E-03
     806     -0.15016091E-03     -0.15966421E-03     -0.10018764E-03     -0.44331282E-03
     807     -0.15017345E-03     -0.15966421E-03     -0.10024374E-03     -0.44331282E-03
     808     -0.15018307E-03     -0.15966421E-03     -0.10029566E-03     -0.44331282E-03
     809     -0.15018814E-03     -0.15966421E-03     -0.10032459E-03     -0.44331282E-03
     810     -0.15019351E-03     -0.15966421E-03     -0.10036450E-03     -0.44331282E-03
     811     -0.15019917E-03     -0.15966421E-03     -0.10040013E-03     -0.44331282E-03
     812     -0.15020692E-03     -0.15966421E-03     -0.10044533E-03     -0.44331282E-03
     813     -0.15021073E-03     -0.15966421E-03     -0.10046818E-03     -0.44331282E-03
     814     -0.15021996E-03     -0.15966421E-03     -0.10052374E-03     -0.44331282E-03
     815     -0.15022551E-03     -0.15966421E-03     -0.10055457E-03     -0.44331282E-03
     816     -0.15023519E-03     -0.15966421E-03     -0.10061686E-03     -0.44331282E-03
     817     -0.15024682E-03     -0.15966421E-03     -0.10068288E-03     -0.44331282E-03
     818     -0.15026650E-03     -0.15966421E-03     -0.10078355E-03     -0.44331282E-03
     819     -0.15027521E-03     -0.15966421E-03     -0.10083833E-03     -0.44331282E-03
     820     -0.15029904E-03     -0.15966421E-03     -0.10098097E-03     -0.44331282E-03
     821     -0.15030735E-03     -0.15966421E-03     -0.10102927E-03     -0.44331282E-03
     822     -0.15034100E-03     -0.15966421E-03     -0.10119200E-03     -0.44331282E-03
     823     -0.15034989E-03     -0.15966421E-03     -0.10124094E-03     -0.44331282E-03
     824     -0.15037322E-03     -0.15966421E-03     -0.10136490E-03     -0.44331282E-03
     825     -0.15038197E-03     -0.15966421E-03     -0.10141374E-03     -0.44331282E-03
     826     -0.15038677E-03     -0.15966421E-03     -0.10143969E-03     -0.44331282E-03
     827     -0.15039496E-03     -0.15966421E-03     -0.10148486E-03     -0.44331282E-03
     828     -0.15042503E-03     -0.15966421E-03     -0.10162713E-03     -0.44331282E-03
     829     -0.15043960E-03     -0.15966421E-03     -0.10170040E-03     -0.44331282E-03
     830     -0.15046912E-03     -0.15966421E-03     -0.10181755E-03     -0.44331282E-03
     831     -0.15048078E-03     -0.15966421E-03     -0.10189284E-03     -0.44331282E-03
     832     -0.15051432E-03     -0.15966421E-03     -0.10203112E-03     -0.44331282E-03
     833     -0.15052681E-03     -0.15966421E-03     -0.10209698E-03     -0.44331282E-03
     834     -0.15054546E-03     -0.15966421E-03     -0.10220568E-03     -0.44331282E-03
     835     -0.15056183E-03     -0.15966421E-03     -0.10228677E-03     -0.44331282E-03
     836     -0.15058597E-03     -0.15966421E-03     -0.10238807E-03     -0.44331282E-03
     837     -0.15060784E-03     -0.15966421E-03     -0.10249838E-03     -0.44331282E-03
     838     -0.15063437E-03     -0.15966421E-03     -0.10261369E-03     -0.44331282E-03
     839     -0.15066182E-03     -0.15966421E-03     -0.10272677E-03     -0.44331282E-03
     840     -0.15066525E-03     -0.15966421E-03     -0.10275438E-03     -0.44331282E-03
     841     -0.15067091E-03     -0.15966421E-03     -0.10278569E-03     -0.44331282E-03
     842     -0.15067721E-03     -0.15966421E-03     -0.10281986E-03     -0.44331282E-03
     843     -0.15068316E-03     -0.15966421E-03     -0.10285983E-03     -0.44331282E-03
     844     -0.15068850E-03     -0.15966421E-03     -0.10289480E-03     -0.44331282E-03
     845     -0.15069393E-03     -0.15966421E-03     -0.10293186E-03     -0.44331282E-03
     846     -0.15069802E-03     -0.15966421E-03     -0.10296432E-03     -0.44331282E-03
     847     -0.15070252E-03     -0.15966421E-03     -0.10299730E-03     -0.44331282E-03
     848     -0.15070415E-03     -0.15966421E-03     -0.10301852E-03     -0.44331282E-03
     849     -0.15070907E-03     -0.15966421E-03     -0.10305681E-03     -0.44331282E-03
     850     -0.15071177E-03     -0.15966421E-03     -0.10308185E-03     -0.44331282E-03
     851     -0.15071505E-03     -0.15966421E-03     -0.10311023E-03     -0.44331282E-03
     852     -0.15071901E-03     -0.15966421E-03     -0.10314280E-03     -0.44331282E-03
     853     -0.15072459E-03     -0.15966421E-03     -0.10318734E-03     -0.44331282E-03
     854     -0.15072953E-03     -0.15966421E-03     -0.10322114E-03     -0.44331282E-03
     855     -0.15073348E-03     -0.15966421E-03     -0.10324788E-03     -0.44331282E-03
     856     -0.15074397E-03     -0.15966421E-03     -0.10332183E-03     -0.44331282E-03
     857     -0.15074913E-03     -0.15966421E-03     -0.10335203E-03     -0.44331282E-03
     858     -0.15075407E-03     -0.15966421E-03     -0.10337895E-03     -0.44331282E-03
     859     -0.15075679E-03     -0.15966421E-03     -0.10340398E-03     -0.44331282E-03
     860     -0.15077257E-03     -0.15966421E-03     -0.10349612E-03     -0.44331282E-03
     861     -0.15077640E-03     -0.15966421E-03     -0.10352052E-03     -0.44331282E-03
     862     -0.15078104E-03     -0.15966421E-03     -0.10355525E-03     -0.44331282E-03
     863     -0.15079780E-03     -0.15966421E-03     -0.10364792E-03     -0.44331282E-03
     864     -0.15080725E-03     -0.15966421E-03     -0.10369446E-03     -0.44331282E-03
     865     -0.15081894E-03     -0.15966421E-03     -0.10375180E-03     -0.44331282E-03
     866     -0.15082824E-03     -0.15966421E-03     -0.10381506E-03     -0.44331282E-03
     867     -0.15083893E-03     -0.15966421E-03     -0.10389375E-03     -0.44331282E-03
     868     -0.15085707E-03     -0.15966421E-03     -0.10399167E-03     -0.44331282E-03
     869     -0.15087201E-03     -0.15966421E-03     -0.10406672E-03     -0.44331282E-03
     870     -0.15087959E-03     -0.15966421E-03     -0.10411501E-03     -0.44331282E-03
     871     -0.15089157E-03     -0.15966421E-03     -0.10418549E-03     -0.44331282E-03
     872     -0.15089895E-03     -0.15966421E-03     -0.10423913E-03     -0.44331282E-03
     873     -0.15090596E-03     -0.15966421E-03     -0.10428751E-03     -0.44331282E-03
     874     -0.15091264E-03     -0.15966421E-03     -0.10434301E-03     -0.44331282E-03
     875     -0.15091825E-03     -0.15966421E-03     -0.10438240E-03     -0.44331282E-03
     876     -0.15092675E-03     -0.15966421E-03     -0.10443490E-03     -0.44331282E-03
     877     -0.15093849E-03     -0.15966421E-03     -0.10450429E-03     -0.44331282E-03
     878     -0.15094685E-03     -0.15966421E-03     -0.10455631E-03     -0.44331282E-03
     879     -0.15095568E-03     -0.15966421E-03     -0.10461412E-03     -0.44331282E-03
     880     -0.15095947E-03     -0.15966421E-03     -0.10464417E-03     -0.44331282E-03
     881     -0.15096465E-03     -0.15966421E-03     -0.10468335E-03     -0.44331282E-03
     882     -0.15098065E-03     -0.15966421E-03     -0.10476445E-03     -0.44331282E-03
     883     -0.15098512E-03     -0.15966421E-03     -0.10480313E-03     -0.44331282E-03
     884     -0.15099419E-03     -0.15966421E-03     -0.10486800E-03     -0.44331282E-03
     885     -0.15100788E-03     -0.15966421E-03     -0.10493945E-03     -0.44331282E-03
     886     -0.15101530E-03     -0.15966421E-03     -0.10499274E-03     -0.44331282E-03
     887     -0.15102806E-03     -0.15966421E-03     -0.10506178E-03     -0.44331282E-03
     888     -0.15104748E-03     -0.15966421E-03     -0.10516024E-03     -0.44331282E-03
     889     -0.15106269E-03     -0.15966421E-03     -0.10524247E-03     -0.44331282E-03
     890     -0.15107258E-03     -0.15966421E-03     -0.10530423E-03     -0.44331282E-03
     891     -0.15108952E-03     -0.15966421E-03     -0.10540950E-03     -0.44331282E-03
     892     -0.15110125E-03     -0.15966421E-03     -0.10549485E-03     -0.44331282E-03
     893     -0.15111169E-03     -0.15966421E-03     -0.10556782E-03     -0.44331282E-03
     894     -0.15112363E-03     -0.15966421E-03     -0.10563891E-03     -0.44331282E-03
     895     -0.15112937E-03     -0.15966421E-03     -0.10567800E-03     -0.44331282E-03
     896     -0.15113812E-03     -0.15966421E-03     -0.10574429E-03     -0.44331282E-03
     897     -0.15114582E-03     -0.15966421E-03     -0.10580545E-03     -0.44331282E-03
     898     -0.15115337E-03     -0.15966421E-03     -0.10585770E-03     -0.44331282E-03
     899     -0.15116125E-03     -0.15966421E-03     -0.10590879E-03     -0.44331282E-03
     900     -0.15116658E-03     -0.15966421E-03     -0.10594217E-03     -0.44331282E-03
     901     -0.15117294E-03     -0.15966421E-03     -0.10598390E-03     -0.44331282E-03
     902     -0.15117979E-03     -0.15966421E-03     -0.10603034E-03     -0.44331282E-03
     903     -0.15118869E-03     -0.15966421E-03     -0.10608930E-03     -0.44331282E-03
     904     -0.15119933E-03     -0.15966421E-03     -0.10615246E-03     -0.44331282E-03
     905     -0.15120635E-03     -0.15966421E-03     -0.10619460E-03     -0.44331282E-03
     906     -0.15121243E-03     -0.15966421E-03     -0.10623933E-03     -0.44331282E-03
     907     -0.15122224E-03     -0.15966421E-03     -0.10630075E-03     -0.44331282E-03
     908     -0.15123184E-03     -0.15966421E-03     -0.10637233E-03     -0.44331282E-03
     909     -0.15123885E-03     -0.15966421E-03     -0.10643151E-03     -0.44331282E-03
     910     -0.15124405E-03     -0.15966421E-03     -0.10647501E-03     -0.44331282E-03
     911     -0.15125342E-03     -0.15966421E-03     -0.10655540E-03     -0.44331282E-03
     912     -0.15128422E-03     -0.15966421E-03     -0.10671933E-03     -0.44331282E-03
     913     -0.15130542E-03     -0.15966421E-03     -0.10683946E-03     -0.44331282E-03
     914     -0.15134276E-03     -0.15966421E-03     -0.10703930E-03     -0.44331282E-03
     915     -0.15135401E-03     -0.15966421E-03     -0.10711718E-03     -0.44331282E-03
     916     -0.15136162E-03     -0.15966421E-03     -0.10717500E-03     -0.44331282E-03
     917     -0.15136836E-03     -0.15966421E-03     -0.10722310E-03     -0.44331282E-03
     918     -0.15137979E-03     -0.15966421E-03     -0.10730678E-03     -0.44331282E-03
     919     -0.15139589E-03     -0.15966421E-03     -0.10740366E-03     -0.44331282E-03
     920     -0.15141443E-03     -0.15966421E-03     -0.10751165E-03     -0.44331282E-03
     921     -0.15142796E-03     -0.15966421E-03     -0.10760286E-03     -0.44331282E-03
     922     -0.15144484E-03     -0.15966421E-03     -0.10770694E-03     -0.44331282E-03
     923     -0.15145758E-03     -0.15966421E-03     -0.10778559E-03     -0.44331282E-03
     924     -0.15146659E-03     -0.15966421E-03     -0.10783495E-03     -0.44331282E-03
     925     -0.15147633E-03     -0.15966421E-03     -0.10789902E-03     -0.44331282E-03
     926     -0.15148724E-03     -0.15966421E-03     -0.10796916E-03     -0.44331282E-03
     927     -0.15150409E-03     -0.15966421E-03     -0.10806029E-03     -0.44331282E-03
     928     -0.15151209E-03     -0.15966421E-03     -0.10811965E-03     -0.44331282E-03
     929     -0.15152440E-03     -0.15966421E-03     -0.10819508E-03     -0.44331282E-03
     930     -0.15153458E-03     -0.15966421E-03     -0.10824689E-03     -0.44331282E-03
     931     -0.15154644E-03     -0.15966421E-03     -0.10831230E-03     -0.44331282E-03
     932     -0.15155591E-03     -0.15966421E-03     -0.10836701E-03     -0.44331282E-03
     933     -0.15156346E-03     -0.15966421E-03     -0.10842311E-03     -0.44331282E-03
     934     -0.15158570E-03     -0.15966421E-03     -0.10855433E-03     -0.44331282E-03
     935     -0.15159463E-03     -0.15966421E-03     -0.10861925E-03     -0.44331282E-03
     936     -0.15160288E-03     -0.15966421E-03     -0.10867611E-03     -0.44331282E-03
     937     -0.15161962E-03     -0.15966421E-03     -0.10878799E-03     -0.44331282E-03
     938     -0.15163616E-03     -0.15966421E-03     -0.10889049E-03     -0.44331282E-03
     939     -0.15165285E-03     -0.15966421E-03     -0.10899647E-03     -0.44331282E-03
     940     -0.15167233E-03     -0.15966421E-03     -0.10911675E-03     -0.44331282E-03
     941     -0.15171061E-03     -0.15966421E-03     -0.10934472E-03     -0.44331282E-03
     942     -0.15173387E-03     -0.15966421E-03     -0.10948845E-03     -0.44331282E-03
     943     -0.15176865E-03     -0.15966421E-03     -0.10969395E-03     -0.44331282E-03
     944     -0.15177878E-03     -0.15966421E-03     -0.10975871E-03     -0.44331282E-03
     945     -0.15179043E-03     -0.15966421E-03     -0.10984194E-03     -0.44331282E-03
     946     -0.15180670E-03     -0.15966421E-03     -0.10996309E-03     -0.44331282E-03
     947     -0.15183570E-03     -0.15966421E-03     -0.11013089E-03     -0.44331282E-03
     948     -0.15184790E-03     -0.15966421E-03     -0.11022563E-03     -0.44331282E-03
     949     -0.15186010E-03     -0.15966421E-03     -0.11032169E-03     -0.44331282E-03
     950     -0.15187408E-03     -0.15966421E-03     -0.11042237E-03     -0.44331282E-03
     951     -0.15188900E-03     -0.15966421E-03     -0.11053774E-03     -0.44331282E-03
     952     -0.15191779E-03     -0.15966421E-03     -0.11072001E-03     -0.44331282E-03
     953     -0.15194740E-03     -0.15966421E-03     -0.11090112E-03     -0.44331282E-03
     954     -0.15196348E-03     -0.15966421E-03     -0.11101527E-03     -0.44331282E-03
     955     -0.15197430E-03     -0.15966421E-03     -0.11108958E-03     -0.44331282E-03
     956     -0.15198755E-03     -0.15966421E-03     -0.11118224E-03     -0.44331282E-03
     957     -0.15200490E-03     -0.15966421E-03     -0.11128519E-03     -0.44331282E-03
     958     -0.15202549E-03     -0.15966421E-03     -0.11142145E-03     -0.44331282E-03
     959     -0.15205006E-03     -0.15966421E-03     -0.11157790E-03     -0.44331282E-03
     960     -0.15206780E-03     -0.15966421E-03     -0.11169578E-03     -0.44331282E-03
     961     -0.15208726E-03     -0.15966421E-03     -0.11182590E-03     -0.44331282E-03
     962     -0.15210284E-03     -0.15966421E-03     -0.11192948E-03     -0.44331282E-03
     963     -0.15211810E-03     -0.15966421E-03     -0.11204158E-03     -0.44331282E-03
     964     -0.15212872E-03     -0.15966421E-03     -0.11211601E-03     -0.44331282E-03
     965     -0.15215073E-03     -0.15966421E-03     -0.11226977E-03     -0.44331282E-03
     966     -0.15217135E-03     -0.15966421E-03     -0.11240061E-03     -0.44331282E-03
     967     -0.15219387E-03     -0.15966421E-03     -0.11254782E-03     -0.44331282E-03
     968     -0.15220428E-03     -0.15966421E-03     -0.11263735E-03     -0.44331282E-03
     969     -0.15222404E-03     -0.15966421E-03     -0.11276920E-03     -0.44331282E-03
     970     -0.15223362E-03     -0.15966421E-03     -0.11283208E-03     -0.44331282E-03
     971     -0.15224892E-03     -0.15966421E-03     -0.11293413E-03     -0.44331282E-03
     972     -0.15225799E-03     -0.15966421E-03     -0.11299730E-03     -0.44331282E-03
     973     -0.15227007E-03     -0.15966421E-03     -0.11307934E-03     -0.44331282E-03
     974     -0.15228264E-03     -0.15966421E-03     -0.11315878E-03     -0.44331282E-03
     975     -0.15230977E-03     -0.15966421E-03     -0.11333408E-03     -0.44331282E-03
     976     -0.15232704E-03     -0.15966421E-03     -0.11345111E-03     -0.44331282E-03
     977     -0.15233762E-03     -0.15966421E-03     -0.11354915E-03     -0.44331282E-03
     978     -0.15235335E-03     -0.15966421E-03     -0.11364824E-03     -0.44331282E-03
     979     -0.15237644E-03     -0.15966421E-03     -0.11380100E-03     -0.44331282E-03
     980     -0.15240471E-03     -0.15966421E-03     -0.11397157E-03     -0.44331282E-03
     981     -0.15241939E-03     -0.15966421E-03     -0.11406635E-03     -0.44331282E-03
     982     -0.15244892E-03     -0.15966421E-03     -0.11423058E-03     -0.44331282E-03
     983     -0.15247968E-03     -0.15966421E-03     -0.11440500E-03     -0.44331282E-03
     984     -0.15249272E-03     -0.15966421E-03     -0.11449930E-03     -0.44331282E-03
     985     -0.15250965E-03     -0.15966421E-03     -0.11462417E-03     -0.44331282E-03
     986     -0.15252117E-03     -0.15966421E-03     -0.11471763E-03     -0.44331282E-03
     987     -0.15253831E-03     -0.15966421E-03     -0.11485223E-03     -0.44331282E-03
     988     -0.15254950E-03     -0.15966421E-03     -0.11492100E-03     -0.44331282E-03
     989     -0.15255774E-03     -0.15966421E-03     -0.11496672E-03     -0.44331282E-03
     990     -0.15257050E-03     -0.15966421E-03     -0.11504397E-03     -0.44331282E-03
     991     -0.15257708E-03     -0.15966421E-03     -0.11508842E-03     -0.44331282E-03
     992     -0.15258389E-03     -0.15966421E-03     -0.11513214E-03     -0.44331282E-03
     993     -0.15259184E-03     -0.15966421E-03     -0.11518373E-03     -0.44331282E-03
     994     -0.15260568E-03     -0.15966421E-03     -0.11526681E-03     -0.44331282E-03
     995     -0.15261379E-03     -0.15966421E-03     -0.11532935E-03     -0.44331282E-03
     996     -0.15261868E-03     -0.15966421E-03     -0.11535800E-03     -0.44331282E-03
     997     -0.15262828E-03     -0.15966421E-03     -0.11542097E-03     -0.44331282E-03
     998     -0.15263589E-03     -0.15966421E-03     -0.11547705E-03     -0.44331282E-03
     999     -0.15264524E-03     -0.15966421E-03     -0.11555879E-03     -0.44331282E-03
    1000     -0.15265860E-03     -0.15966421E-03     -0.11565864E-03     -0.44331282E-03
    1001     -0.15266745E-03     -0.15966421E-03     -0.11571639E-03     -0.44331282E-03
    1002     -0.15268089E-03     -0.15966421E-03     -0.11579810E-03     -0.44331282E-03
    1003     -0.15269277E-03     -0.15966421E-03     -0.11588148E-03     -0.44331282E-03
    1004     -0.15270337E-03     -0.15966421E-03     -0.11595092E-03     -0.44331282E-03
    1005     -0.15272043E-03     -0.15966421E-03     -0.11606071E-03     -0.44331282E-03
    1006     -0.15273442E-03     -0.15966421E-03     -0.11615066E-03     -0.44331282E-03
    1007     -0.15274490E-03     -0.15966421E-03     -0.11622239E-03     -0.44331282E-03
    1008     -0.15275607E-03     -0.15966421E-03     -0.11630362E-03     -0.44331282E-03
    1009     -0.15277287E-03     -0.15966421E-03     -0.11639862E-03     -0.44331282E-03
    1010     -0.15278670E-03     -0.15966421E-03     -0.11647662E-03     -0.44331282E-03
    1011     -0.15279555E-03     -0.15966421E-03     -0.11653307E-03     -0.44331282E-03
    1012     -0.15282303E-03     -0.15966421E-03     -0.11669526E-03     -0.44331282E-03
    1013     -0.15283892E-03     -0.15966421E-03     -0.11679766E-03     -0.44331282E-03
    1014     -0.15284853E-03     -0.15966421E-03     -0.11684844E-03     -0.44331282E-03
    1015     -0.15287530E-03     -0.15966421E-03     -0.11699634E-03     -0.44331282E-03
    1016     -0.15291266E-03     -0.15966421E-03     -0.11719455E-03     -0.44331282E-03
    1017     -0.15293170E-03     -0.15966421E-03     -0.11730230E-03     -0.44331282E-03
    1018     -0.15295190E-03     -0.15966421E-03     -0.11741720E-03     -0.44331282E-03
    1019     -0.15296692E-03     -0.15966421E-03     -0.11752183E-03     -0.44331282E-03
    1020     -0.15298104E-03     -0.15966421E-03     -0.11759763E-03     -0.44331282E-03
    1021     -0.15299580E-03     -0.15966421E-03     -0.11770620E-03     -0.44331282E-03
    1022     -0.15301430E-03     -0.15966421E-03     -0.11782548E-03     -0.44331282E-03
    1023     -0.15302105E-03     -0.15966421E-03     -0.11788683E-03     -0.44331282E-03
    1024     -0.15304158E-03     -0.15966421E-03     -0.11800222E-03     -0.44331282E-03
    1025     -0.15305145E-03     -0.15966421E-03     -0.11807245E-03     -0.44331282E-03
    1026     -0.15306657E-03     -0.15966421E-03     -0.11817780E-03     -0.44331282E-03
    1027     -0.15307994E-03     -0.15966421E-03     -0.11827207E-03     -0.44331282E-03
    1028     -0.15310265E-03     -0.15966421E-03     -0.11840286E-03     -0.44331282E-03
    1029     -0.15311857E-03     -0.15966421E-03     -0.11849938E-03     -0.44331282E-03
    1030     -0.15313607E-03     -0.15966421E-03     -0.11861472E-03     -0.44331282E-03
    1031     -0.15314953E-03     -0.15966421E-03     -0.11870964E-03     -0.44331282E-03
    1032     -0.15315763E-03     -0.15966421E-03     -0.11876242E-03     -0.44331282E-03
    1033     -0.15316933E-03     -0.15966421E-03     -0.11882199E-03     -0.44331282E-03
    1034     -0.15318330E-03     -0.15966421E-03     -0.11891414E-03     -0.44331282E-03
    1035     -0.15319115E-03     -0.15966421E-03     -0.11896491E-03     -0.44331282E-03
    1036     -0.15319626E-03     -0.15966421E-03     -0.11900377E-03     -0.44331282E-03
    1037     -0.15320016E-03     -0.15966421E-03     -0.11902689E-03     -0.44331282E-03
    1038     -0.15320590E-03     -0.15966421E-03     -0.11906555E-03     -0.44331282E-03
    1039     -0.15321927E-03     -0.15966421E-03     -0.11914497E-03     -0.44331282E-03
    1040     -0.15322890E-03     -0.15966421E-03     -0.11921372E-03     -0.44331282E-03
    1041     -0.15323866E-03     -0.15966421E-03     -0.11928857E-03     -0.44331282E-03
    1042     -0.15324494E-03     -0.15966421E-03     -0.11934833E-03     -0.44331282E-03
    1043     -0.15325051E-03     -0.15966421E-03     -0.11939515E-03     -0.44331282E-03
    1044     -0.15325868E-03     -0.15966421E-03     -0.11946940E-03     -0.44331282E-03
    1045     -0.15326743E-03     -0.15966421E-03     -0.11952906E-03     -0.44331282E-03
    1046     -0.15327286E-03     -0.15966421E-03     -0.11957735E-03     -0.44331282E-03
    1047     -0.15328068E-03     -0.15966421E-03     -0.11964013E-03     -0.44331282E-03
    1048     -0.15328963E-03     -0.15966421E-03     -0.11970852E-03     -0.44331282E-03
    1049     -0.15329955E-03     -0.15966421E-03     -0.11978381E-03     -0.44331282E-03
    1050     -0.15331283E-03     -0.15966421E-03     -0.11987432E-03     -0.44331282E-03
    1051     -0.15331965E-03     -0.15966421E-03     -0.11993607E-03     -0.44331282E-03
    1052     -0.15332401E-03     -0.15966421E-03     -0.11997828E-03     -0.44331282E-03
    1053     -0.15334353E-03     -0.15966421E-03     -0.12011997E-03     -0.44331282E-03
    1054     -0.15334953E-03     -0.15966421E-03     -0.12017554E-03     -0.44331282E-03
    1055     -0.15335957E-03     -0.15966421E-03     -0.12025489E-03     -0.44331282E-03
    1056     -0.15336410E-03     -0.15966421E-03     -0.12029815E-03     -0.44331282E-03
    1057     -0.15336883E-03     -0.15966421E-03     -0.12034750E-03     -0.44331282E-03
    1058     -0.15338038E-03     -0.15966421E-03     -0.12043573E-03     -0.44331282E-03
    1059     -0.15338538E-03     -0.15966421E-03     -0.12047291E-03     -0.44331282E-03
    1060     -0.15339315E-03     -0.15966421E-03     -0.12054129E-03     -0.44331282E-03
    1061     -0.15340489E-03     -0.15966421E-03     -0.12063024E-03     -0.44331282E-03
    1062     -0.15341079E-03     -0.15966421E-03     -0.12068277E-03     -0.44331282E-03
    1063     -0.15341572E-03     -0.15966421E-03     -0.12073010E-03     -0.44331282E-03
    1064     -0.15341883E-03     -0.15966421E-03     -0.12075724E-03     -0.44331282E-03
    1065     -0.15342421E-03     -0.15966421E-03     -0.12080220E-03     -0.44331282E-03
    1066     -0.15343248E-03     -0.15966421E-03     -0.12086536E-03     -0.44331282E-03
    1067     -0.15343981E-03     -0.15966421E-03     -0.12092075E-03     -0.44331282E-03
    1068     -0.15344637E-03     -0.15966421E-03     -0.12097770E-03     -0.44331282E-03
    1069     -0.15345068E-03     -0.15966421E-03     -0.12102296E-03     -0.44331282E-03
    1070     -0.15345798E-03     -0.15966421E-03     -0.12109831E-03     -0.44331282E-03
    1071     -0.15346331E-03     -0.15966421E-03     -0.12114745E-03     -0.44331282E-03
    1072     -0.15346905E-03     -0.15966421E-03     -0.12119777E-03     -0.44331282E-03
    1073     -0.15347748E-03     -0.15966421E-03     -0.12125859E-03     -0.44331282E-03
    1074     -0.15349084E-03     -0.15966421E-03     -0.12135177E-03     -0.44331282E-03
    1075     -0.15350129E-03     -0.15966421E-03     -0.12142171E-03     -0.44331282E-03
    1076     -0.15351006E-03     -0.15966421E-03     -0.12148644E-03     -0.44331282E-03
    1077     -0.15351864E-03     -0.15966421E-03     -0.12155066E-03     -0.44331282E-03
    1078     -0.15352672E-03     -0.15966421E-03     -0.12160702E-03     -0.44331282E-03
    1079     -0.15353190E-03     -0.15966421E-03     -0.12165646E-03     -0.44331282E-03
    1080     -0.15353543E-03     -0.15966421E-03     -0.12170314E-03     -0.44331282E-03
    1081     -0.15354050E-03     -0.15966421E-03     -0.12174511E-03     -0.44331282E-03
    1082     -0.15355161E-03     -0.15966421E-03     -0.12181737E-03     -0.44331282E-03
    1083     -0.15356261E-03     -0.15966421E-03     -0.12189033E-03     -0.44331282E-03
    1084     -0.15356839E-03     -0.15966421E-03     -0.12193706E-03     -0.44331282E-03
    1085     -0.15357596E-03     -0.15966421E-03     -0.12199538E-03     -0.44331282E-03
    1086     -0.15358547E-03     -0.15966421E-03     -0.12205845E-03     -0.44331282E-03
    1087     -0.15358997E-03     -0.15966421E-03     -0.12209103E-03     -0.44331282E-03
    1088     -0.15361534E-03     -0.15966421E-03     -0.12224284E-03     -0.44331282E-03
    1089     -0.15362443E-03     -0.15966421E-03     -0.12230479E-03     -0.44331282E-03
    1090     -0.15363001E-03     -0.15966421E-03     -0.12234794E-03     -0.44331282E-03
    1091     -0.15363250E-03     -0.15966421E-03     -0.12237080E-03     -0.44331282E-03
    1092     -0.15365384E-03     -0.15966421E-03     -0.12250035E-03     -0.44331282E-03
    1093     -0.15367525E-03     -0.15966421E-03     -0.12263607E-03     -0.44331282E-03
    1094     -0.15368365E-03     -0.15966421E-03     -0.12270709E-03     -0.44331282E-03
    1095     -0.15369609E-03     -0.15966421E-03     -0.12279265E-03     -0.44331282E-03
    1096     -0.15371502E-03     -0.15966421E-03     -0.12294429E-03     -0.44331282E-03
    1097     -0.15372472E-03     -0.15966421E-03     -0.12303687E-03     -0.44331282E-03
    1098     -0.15373560E-03     -0.15966421E-03     -0.12310650E-03     -0.44331282E-03
    1099     -0.15375218E-03     -0.15966421E-03     -0.12322583E-03     -0.44331282E-03
    1100     -0.15376762E-03     -0.15966421E-03     -0.12335398E-03     -0.44331282E-03
    1101     -0.15378035E-03     -0.15966421E-03     -0.12346103E-03     -0.44331282E-03
    1102     -0.15379222E-03     -0.15966421E-03     -0.12355426E-03     -0.44331282E-03
    1103     -0.15379792E-03     -0.15966421E-03     -0.12359952E-03     -0.44331282E-03
    1104     -0.15380650E-03     -0.15966421E-03     -0.12366400E-03     -0.44331282E-03
    1105     -0.15381017E-03     -0.15966421E-03     -0.12371020E-03     -0.44331282E-03
    1106     -0.15381737E-03     -0.15966421E-03     -0.12377867E-03     -0.44331282E-03
    1107     -0.15382326E-03     -0.15966421E-03     -0.12384326E-03     -0.44331282E-03
    1108     -0.15382817E-03     -0.15966421E-03     -0.12389878E-03     -0.44331282E-03
    1109     -0.15383567E-03     -0.15966421E-03     -0.12398860E-03     -0.44331282E-03
    1110     -0.15384641E-03     -0.15966421E-03     -0.12410254E-03     -0.44331282E-03
    1111     -0.15385366E-03     -0.15966421E-03     -0.12417621E-03     -0.44331282E-03
    1112     -0.15386156E-03     -0.15966421E-03     -0.12424626E-03     -0.44331282E-03
    1113     -0.15386868E-03     -0.15966421E-03     -0.12431746E-03     -0.44331282E-03
    1114     -0.15387927E-03     -0.15966421E-03     -0.12441411E-03     -0.44331282E-03
    1115     -0.15388743E-03     -0.15966421E-03     -0.12449078E-03     -0.44331282E-03
    1116     -0.15389382E-03     -0.15966421E-03     -0.12454359E-03     -0.44331282E-03
    1117     -0.15390155E-03     -0.15966421E-03     -0.12461338E-03     -0.44331282E-03
    1118     -0.15390912E-03     -0.15966421E-03     -0.12469631E-03     -0.44331282E-03
    1119     -0.15391728E-03     -0.15966421E-03     -0.12478675E-03     -0.44331282E-03
    1120     -0.15392714E-03     -0.15966421E-03     -0.12488546E-03     -0.44331282E-03
    1121     -0.15393563E-03     -0.15966421E-03     -0.12497372E-03     -0.44331282E-03
    1122     -0.15394697E-03     -0.15966421E-03     -0.12508693E-03     -0.44331282E-03
    1123     -0.15395689E-03     -0.15966421E-03     -0.12519012E-03     -0.44331282E-03
    1124     -0.15396160E-03     -0.15966421E-03     -0.12523609E-03     -0.44331282E-03
    1125     -0.15396884E-03     -0.15966421E-03     -0.12529696E-03     -0.44331282E-03
    1126     -0.15397702E-03     -0.15966421E-03     -0.12539191E-03     -0.44331282E-03
    1127     -0.15398152E-03     -0.15966421E-03     -0.12544283E-03     -0.44331282E-03
    1128     -0.15398991E-03     -0.15966421E-03     -0.12552778E-03     -0.44331282E-03
    1129     -0.15399645E-03     -0.15966421E-03     -0.12559178E-03     -0.44331282E-03
    1130     -0.15401342E-03     -0.15966421E-03     -0.12573550E-03     -0.44331282E-03
    1131     -0.15402060E-03     -0.15966421E-03     -0.12580330E-03     -0.44331282E-03
    1132     -0.15402492E-03     -0.15966421E-03     -0.12584322E-03     -0.44331282E-03
    1133     -0.15403143E-03     -0.15966421E-03     -0.12590369E-03     -0.44331282E-03
    1134     -0.15403435E-03     -0.15966421E-03     -0.12594020E-03     -0.44331282E-03
    1135     -0.15404177E-03     -0.15966421E-03     -0.12601187E-03     -0.44331282E-03
    1136     -0.15404609E-03     -0.15966421E-03     -0.12605415E-03     -0.44331282E-03
    1137     -0.15405024E-03     -0.15966421E-03     -0.12609722E-03     -0.44331282E-03
    1138     -0.15405292E-03     -0.15966421E-03     -0.12613208E-03     -0.44331282E-03
    1139     -0.15405616E-03     -0.15966421E-03     -0.12617131E-03     -0.44331282E-03
    1140     -0.15405923E-03     -0.15966421E-03     -0.12620644E-03     -0.44331282E-03
    1141     -0.15406281E-03     -0.15966421E-03     -0.12624505E-03     -0.44331282E-03
    1142     -0.15406541E-03     -0.15966421E-03     -0.12627707E-03     -0.44331282E-03
    1143     -0.15406882E-03     -0.15966421E-03     -0.12630763E-03     -0.44331282E-03
    1144     -0.15407050E-03     -0.15966421E-03     -0.12633258E-03     -0.44331282E-03
    1145     -0.15407491E-03     -0.15966421E-03     -0.12637717E-03     -0.44331282E-03
    1146     -0.15407809E-03     -0.15966421E-03     -0.12641086E-03     -0.44331282E-03
    1147     -0.15408528E-03     -0.15966421E-03     -0.12649054E-03     -0.44331282E-03
    1148     -0.15408848E-03     -0.15966421E-03     -0.12653619E-03     -0.44331282E-03
    1149     -0.15409629E-03     -0.15966421E-03     -0.12661625E-03     -0.44331282E-03
    1150     -0.15410103E-03     -0.15966421E-03     -0.12667375E-03     -0.44331282E-03
    1151     -0.15410732E-03     -0.15966421E-03     -0.12674661E-03     -0.44331282E-03
    1152     -0.15411597E-03     -0.15966421E-03     -0.12682147E-03     -0.44331282E-03
    1153     -0.15412060E-03     -0.15966421E-03     -0.12688788E-03     -0.44331282E-03
    1154     -0.15412516E-03     -0.15966421E-03     -0.12693367E-03     -0.44331282E-03
    1155     -0.15412949E-03     -0.15966421E-03     -0.12699182E-03     -0.44331282E-03
    1156     -0.15414252E-03     -0.15966421E-03     -0.12711086E-03     -0.44331282E-03
    1157     -0.15415417E-03     -0.15966421E-03     -0.12721186E-03     -0.44331282E-03
    1158     -0.15415787E-03     -0.15966421E-03     -0.12726811E-03     -0.44331282E-03
    1159     -0.15416559E-03     -0.15966421E-03     -0.12734623E-03     -0.44331282E-03
    1160     -0.15416875E-03     -0.15966421E-03     -0.12738333E-03     -0.44331282E-03
    1161     -0.15417294E-03     -0.15966421E-03     -0.12742894E-03     -0.44331282E-03
    1162     -0.15417846E-03     -0.15966421E-03     -0.12747960E-03     -0.44331282E-03
    1163     -0.15418570E-03     -0.15966421E-03     -0.12754644E-03     -0.44331282E-03
    1164     -0.15419486E-03     -0.15966421E-03     -0.12763226E-03     -0.44331282E-03
    1165     -0.15420136E-03     -0.15966421E-03     -0.12769859E-03     -0.44331282E-03
    1166     -0.15421431E-03     -0.15966421E-03     -0.12780934E-03     -0.44331282E-03
    1167     -0.15421967E-03     -0.15966421E-03     -0.12786200E-03     -0.44331282E-03
    1168     -0.15423852E-03     -0.15966421E-03     -0.12800127E-03     -0.44331282E-03
    1169     -0.15425382E-03     -0.15966421E-03     -0.12812338E-03     -0.44331282E-03
    1170     -0.15426152E-03     -0.15966421E-03     -0.12818017E-03     -0.44331282E-03
    1171     -0.15426662E-03     -0.15966421E-03     -0.12822438E-03     -0.44331282E-03
    1172     -0.15427561E-03     -0.15966421E-03     -0.12829375E-03     -0.44331282E-03
    1173     -0.15428381E-03     -0.15966421E-03     -0.12836900E-03     -0.44331282E-03
    1174     -0.15428965E-03     -0.15966421E-03     -0.12841621E-03     -0.44331282E-03
    1175     -0.15430981E-03     -0.15966421E-03     -0.12853687E-03     -0.44331282E-03
    1176     -0.15432597E-03     -0.15966421E-03     -0.12866016E-03     -0.44331282E-03
    1177     -0.15433690E-03     -0.15966421E-03     -0.12874526E-03     -0.44331282E-03
    1178     -0.15435478E-03     -0.15966421E-03     -0.12889397E-03     -0.44331282E-03
    1179     -0.15436669E-03     -0.15966421E-03     -0.12897955E-03     -0.44331282E-03
    1180     -0.15438957E-03     -0.15966421E-03     -0.12911808E-03     -0.44331282E-03
    1181     -0.15440054E-03     -0.15966421E-03     -0.12920628E-03     -0.44331282E-03
    1182     -0.15440521E-03     -0.15966421E-03     -0.12924841E-03     -0.44331282E-03
    1183     -0.15440972E-03     -0.15966421E-03     -0.12929096E-03     -0.44331282E-03
    1184     -0.15442052E-03     -0.15966421E-03     -0.12939141E-03     -0.44331282E-03
    1185     -0.15443314E-03     -0.15966421E-03     -0.12949738E-03     -0.44331282E-03
    1186     -0.15444465E-03     -0.15966421E-03     -0.12962957E-03     -0.44331282E-03
    1187     -0.15445410E-03     -0.15966421E-03     -0.12972068E-03     -0.44331282E-03
    1188     -0.15446333E-03     -0.15966421E-03     -0.12979586E-03     -0.44331282E-03
    1189     -0.15447145E-03     -0.15966421E-03     -0.12988662E-03     -0.44331282E-03
    1190     -0.15448843E-03     -0.15966421E-03     -0.12998841E-03     -0.44331282E-03
    1191     -0.15450504E-03     -0.15966421E-03     -0.13012838E-03     -0.44331282E-03
    1192     -0.15451393E-03     -0.15966421E-03     -0.13021465E-03     -0.44331282E-03
    1193     -0.15452811E-03     -0.15966421E-03     -0.13030266E-03     -0.44331282E-03
    1194     -0.15453996E-03     -0.15966421E-03     -0.13039018E-03     -0.44331282E-03
    1195     -0.15456433E-03     -0.15966421E-03     -0.13053221E-03     -0.44331282E-03
    1196     -0.15457325E-03     -0.15966421E-03     -0.13060455E-03     -0.44331282E-03
    1197     -0.15457823E-03     -0.15966421E-03     -0.13065424E-03     -0.44331282E-03
    1198     -0.15458940E-03     -0.15966421E-03     -0.13073004E-03     -0.44331282E-03
    1199     -0.15459891E-03     -0.15966421E-03     -0.13080809E-03     -0.44331282E-03
    1200     -0.15460471E-03     -0.15966421E-03     -0.13086438E-03     -0.44331282E-03
    1201     -0.15461912E-03     -0.15966421E-03     -0.13095191E-03     -0.44331282E-03
    1202     -0.15462307E-03     -0.15966421E-03     -0.13099378E-03     -0.44331282E-03
    1203     -0.15462957E-03     -0.15966421E-03     -0.13106187E-03     -0.44331282E-03
    1204     -0.15463273E-03     -0.15966421E-03     -0.13109634E-03     -0.44331282E-03
    1205     -0.15463555E-03     -0.15966421E-03     -0.13113206E-03     -0.44331282E-03
    1206     -0.15464287E-03     -0.15966421E-03     -0.13119375E-03     -0.44331282E-03
    1207     -0.15465753E-03     -0.15966421E-03     -0.13127443E-03     -0.44331282E-03
    1208     -0.15466926E-03     -0.15966421E-03     -0.13135641E-03     -0.44331282E-03
    1209     -0.15467461E-03     -0.15966421E-03     -0.13140172E-03     -0.44331282E-03
    1210     -0.15468713E-03     -0.15966421E-03     -0.13148583E-03     -0.44331282E-03
    1211     -0.15468927E-03     -0.15966421E-03     -0.13151532E-03     -0.44331282E-03
    1212     -0.15469331E-03     -0.15966421E-03     -0.13155871E-03     -0.44331282E-03
    1213     -0.15472500E-03     -0.15966421E-03     -0.13172337E-03     -0.44331282E-03
    1214     -0.15473267E-03     -0.15966421E-03     -0.13178387E-03     -0.44331282E-03
    1215     -0.15473760E-03     -0.15966421E-03     -0.13183899E-03     -0.44331282E-03
    1216     -0.15474244E-03     -0.15966421E-03     -0.13188580E-03     -0.44331282E-03
    1217     -0.15476492E-03     -0.15966421E-03     -0.13201206E-03     -0.44331282E-03
    1218     -0.15477809E-03     -0.15966421E-03     -0.13210703E-03     -0.44331282E-03
    1219     -0.15479230E-03     -0.15966421E-03     -0.13222824E-03     -0.44331282E-03
    1220     -0.15479684E-03     -0.15966421E-03     -0.13227346E-03     -0.44331282E-03
    1221     -0.15479969E-03     -0.15966421E-03     -0.13230495E-03     -0.44331282E-03
    1222     -0.15480631E-03     -0.15966421E-03     -0.13236810E-03     -0.44331282E-03
    1223     -0.15481474E-03     -0.15966421E-03     -0.13244945E-03     -0.44331282E-03
    1224     -0.15481951E-03     -0.15966421E-03     -0.13250193E-03     -0.44331282E-03
    1225     -0.15482418E-03     -0.15966421E-03     -0.13254904E-03     -0.44331282E-03
    1226     -0.15483548E-03     -0.15966421E-03     -0.13263773E-03     -0.44331282E-03
    1227     -0.15484071E-03     -0.15966421E-03     -0.13268891E-03     -0.44331282E-03
    1228     -0.15484853E-03     -0.15966421E-03     -0.13276149E-03     -0.44331282E-03
    1229     -0.15485367E-03     -0.15966421E-03     -0.13281749E-03     -0.44331282E-03
    1230     -0.15486121E-03     -0.15966421E-03     -0.13289094E-03     -0.44331282E-03
    1231     -0.15486814E-03     -0.15966421E-03     -0.13295599E-03     -0.44331282E-03
    1232     -0.15487466E-03     -0.15966421E-03     -0.13303996E-03     -0.44331282E-03
    1233     -0.15487823E-03     -0.15966421E-03     -0.13307814E-03     -0.44331282E-03
    1234     -0.15488650E-03     -0.15966421E-03     -0.13314263E-03     -0.44331282E-03
    1235     -0.15489164E-03     -0.15966421E-03     -0.13318280E-03     -0.44331282E-03
    1236     -0.15489422E-03     -0.15966421E-03     -0.13320656E-03     -0.44331282E-03
    1237     -0.15489632E-03     -0.15966421E-03     -0.13323215E-03     -0.44331282E-03
    1238     -0.15489950E-03     -0.15966421E-03     -0.13326481E-03     -0.44331282E-03
    1239     -0.15492229E-03     -0.15966421E-03     -0.13340893E-03     -0.44331282E-03
    1240     -0.15492830E-03     -0.15966421E-03     -0.13346131E-03     -0.44331282E-03
    1241     -0.15493341E-03     -0.15966421E-03     -0.13350263E-03     -0.44331282E-03
    1242     -0.15493572E-03     -0.15966421E-03     -0.13353158E-03     -0.44331282E-03
    1243     -0.15495085E-03     -0.15966421E-03     -0.13363191E-03     -0.44331282E-03
    1244     -0.15495593E-03     -0.15966421E-03     -0.13368077E-03     -0.44331282E-03
    1245     -0.15496044E-03     -0.15966421E-03     -0.13372762E-03     -0.44331282E-03
    1246     -0.15497142E-03     -0.15966421E-03     -0.13381141E-03     -0.44331282E-03
    1247     -0.15497507E-03     -0.15966421E-03     -0.13384392E-03     -0.44331282E-03
    1248     -0.15497768E-03     -0.15966421E-03     -0.13387572E-03     -0.44331282E-03
    1249     -0.15498314E-03     -0.15966421E-03     -0.13392401E-03     -0.44331282E-03
    1250     -0.15498823E-03     -0.15966421E-03     -0.13398178E-03     -0.44331282E-03
    1251     -0.15499830E-03     -0.15966421E-03     -0.13406668E-03     -0.44331282E-03
    1252     -0.15500733E-03     -0.15966421E-03     -0.13413466E-03     -0.44331282E-03
    1253     -0.15501286E-03     -0.15966421E-03     -0.13418795E-03     -0.44331282E-03
    1254     -0.15504349E-03     -0.15966421E-03     -0.13438261E-03     -0.44331282E-03
    1255     -0.15504922E-03     -0.15966421E-03     -0.13443643E-03     -0.44331282E-03
    1256     -0.15506003E-03     -0.15966421E-03     -0.13450899E-03     -0.44331282E-03
    1257     -0.15506615E-03     -0.15966421E-03     -0.13455615E-03     -0.44331282E-03
    1258     -0.15508273E-03     -0.15966421E-03     -0.13465100E-03     -0.44331282E-03
    1259     -0.15511894E-03     -0.15966421E-03     -0.13483144E-03     -0.44331282E-03
    1260     -0.15513229E-03     -0.15966421E-03     -0.13491369E-03     -0.44331282E-03
    1261     -0.15515101E-03     -0.15966421E-03     -0.13503595E-03     -0.44331282E-03
    1262     -0.15515492E-03     -0.15966421E-03     -0.13507252E-03     -0.44331282E-03
    1263     -0.15516209E-03     -0.15966421E-03     -0.13513673E-03     -0.44331282E-03
    1264     -0.15516938E-03     -0.15966421E-03     -0.13519434E-03     -0.44331282E-03
    1265     -0.15517320E-03     -0.15966421E-03     -0.13523672E-03     -0.44331282E-03
    1266     -0.15517566E-03     -0.15966421E-03     -0.13526456E-03     -0.44331282E-03
    1267     -0.15517958E-03     -0.15966421E-03     -0.13530742E-03     -0.44331282E-03
    1268     -0.15520784E-03     -0.15966421E-03     -0.13546328E-03     -0.44331282E-03
    1269     -0.15523908E-03     -0.15966421E-03     -0.13562685E-03     -0.44331282E-03
    1270     -0.15524532E-03     -0.15966421E-03     -0.13569034E-03     -0.44331282E-03
    1271     -0.15524803E-03     -0.15966421E-03     -0.13572628E-03     -0.44331282E-03
    1272     -0.15525199E-03     -0.15966421E-03     -0.13577673E-03     -0.44331282E-03
    1273     -0.15525430E-03     -0.15966421E-03     -0.13580403E-03     -0.44331282E-03
    1274     -0.15526142E-03     -0.15966421E-03     -0.13589128E-03     -0.44331282E-03
    1275     -0.15526521E-03     -0.15966421E-03     -0.13594096E-03     -0.44331282E-03
    1276     -0.15527288E-03     -0.15966421E-03     -0.13601981E-03     -0.44331282E-03
    1277     -0.15527564E-03     -0.15966421E-03     -0.13605546E-03     -0.44331282E-03
    1278     -0.15527896E-03     -0.15966421E-03     -0.13610258E-03     -0.44331282E-03
    1279     -0.15529875E-03     -0.15966421E-03     -0.13626051E-03     -0.44331282E-03
    1280     -0.15531140E-03     -0.15966421E-03     -0.13636718E-03     -0.44331282E-03
    1281     -0.15531470E-03     -0.15966421E-03     -0.13641092E-03     -0.44331282E-03
    1282     -0.15531872E-03     -0.15966421E-03     -0.13645342E-03     -0.44331282E-03
    1283     -0.15532607E-03     -0.15966421E-03     -0.13652980E-03     -0.44331282E-03
    1284     -0.15533402E-03     -0.15966421E-03     -0.13660650E-03     -0.44331282E-03
    1285     -0.15533791E-03     -0.15966421E-03     -0.13664929E-03     -0.44331282E-03
    1286     -0.15534534E-03     -0.15966421E-03     -0.13672620E-03     -0.44331282E-03
    1287     -0.15535082E-03     -0.15966421E-03     -0.13678880E-03     -0.44331282E-03
    1288     -0.15535330E-03     -0.15966421E-03     -0.13682199E-03     -0.44331282E-03
    1289     -0.15535717E-03     -0.15966421E-03     -0.13686699E-03     -0.44331282E-03
    1290     -0.15536057E-03     -0.15966421E-03     -0.13689202E-03     -0.44331282E-03
    1291     -0.15536639E-03     -0.15966421E-03     -0.13694760E-03     -0.44331282E-03
    1292     -0.15536954E-03     -0.15966421E-03     -0.13698081E-03     -0.44331282E-03
    1293     -0.15537921E-03     -0.15966421E-03     -0.13707222E-03     -0.44331282E-03
    1294     -0.15538255E-03     -0.15966421E-03     -0.13711649E-03     -0.44331282E-03
    1295     -0.15538828E-03     -0.15966421E-03     -0.13717491E-03     -0.44331282E-03
    1296     -0.15539265E-03     -0.15966421E-03     -0.13722507E-03     -0.44331282E-03
    1297     -0.15539820E-03     -0.15966421E-03     -0.13729751E-03     -0.44331282E-03
    1298     -0.15540336E-03     -0.15966421E-03     -0.13736855E-03     -0.44331282E-03
    1299     -0.15540670E-03     -0.15966421E-03     -0.13741690E-03     -0.44331282E-03
    1300     -0.15541078E-03     -0.15966421E-03     -0.13746569E-03     -0.44331282E-03
    1301     -0.15541878E-03     -0.15966421E-03     -0.13758483E-03     -0.44331282E-03
    1302     -0.15542714E-03     -0.15966421E-03     -0.13769884E-03     -0.44331282E-03
    1303     -0.15543788E-03     -0.15966421E-03     -0.13786203E-03     -0.44331282E-03
    1304     -0.15544545E-03     -0.15966421E-03     -0.13796135E-03     -0.44331282E-03
    1305     -0.15545152E-03     -0.15966421E-03     -0.13804018E-03     -0.44331282E-03
    1306     -0.15547437E-03     -0.15966421E-03     -0.13826003E-03     -0.44331282E-03
    1307     -0.15547809E-03     -0.15966421E-03     -0.13833267E-03     -0.44331282E-03
    1308     -0.15549049E-03     -0.15966421E-03     -0.13844568E-03     -0.44331282E-03
    1309     -0.15551057E-03     -0.15966421E-03     -0.13859098E-03     -0.44331282E-03
    1310     -0.15552581E-03     -0.15966421E-03     -0.13870362E-03     -0.44331282E-03
    1311     -0.15553971E-03     -0.15966421E-03     -0.13884130E-03     -0.44331282E-03
    1312     -0.15555165E-03     -0.15966421E-03     -0.13895976E-03     -0.44331282E-03
    1313     -0.15556087E-03     -0.15966421E-03     -0.13904951E-03     -0.44331282E-03
    1314     -0.15560417E-03     -0.15966421E-03     -0.13930822E-03     -0.44331282E-03
    1315     -0.15561039E-03     -0.15966421E-03     -0.13937629E-03     -0.44331282E-03
    1316     -0.15561539E-03     -0.15966421E-03     -0.13943907E-03     -0.44331282E-03
    1317     -0.15562279E-03     -0.15966421E-03     -0.13951272E-03     -0.44331282E-03
    1318     -0.15564722E-03     -0.15966421E-03     -0.13969737E-03     -0.44331282E-03
    1319     -0.15565009E-03     -0.15966421E-03     -0.13972836E-03     -0.44331282E-03
    1320     -0.15565288E-03     -0.15966421E-03     -0.13975889E-03     -0.44331282E-03
    1321     -0.15565762E-03     -0.15966421E-03     -0.13981631E-03     -0.44331282E-03
    1322     -0.15566116E-03     -0.15966421E-03     -0.13986260E-03     -0.44331282E-03
    1323     -0.15566519E-03     -0.15966421E-03     -0.13991560E-03     -0.44331282E-03
    1324     -0.15566695E-03     -0.15966421E-03     -0.13994254E-03     -0.44331282E-03
    1325     -0.15567143E-03     -0.15966421E-03     -0.14000035E-03     -0.44331282E-03
    1326     -0.15567793E-03     -0.15966421E-03     -0.14008472E-03     -0.44331282E-03
    1327     -0.15568369E-03     -0.15966421E-03     -0.14016104E-03     -0.44331282E-03
    1328     -0.15569309E-03     -0.15966421E-03     -0.14028169E-03     -0.44331282E-03
    1329     -0.15569747E-03     -0.15966421E-03     -0.14034503E-03     -0.44331282E-03
    1330     -0.15570491E-03     -0.15966421E-03     -0.14044258E-03     -0.44331282E-03
    1331     -0.15570983E-03     -0.15966421E-03     -0.14050989E-03     -0.44331282E-03
    1332     -0.15571840E-03     -0.15966421E-03     -0.14061998E-03     -0.44331282E-03
    1333     -0.15572152E-03     -0.15966421E-03     -0.14066458E-03     -0.44331282E-03
    1334     -0.15572622E-03     -0.15966421E-03     -0.14072984E-03     -0.44331282E-03
    1335     -0.15572925E-03     -0.15966421E-03     -0.14077729E-03     -0.44331282E-03
    1336     -0.15573242E-03     -0.15966421E-03     -0.14082298E-03     -0.44331282E-03
    1337     -0.15573502E-03     -0.15966421E-03     -0.14086586E-03     -0.44331282E-03
    1338     -0.15573942E-03     -0.15966421E-03     -0.14092471E-03     -0.44331282E-03
    1339     -0.15574213E-03     -0.15966421E-03     -0.14096189E-03     -0.44331282E-03
    1340     -0.15574655E-03     -0.15966421E-03     -0.14102137E-03     -0.44331282E-03
    1341     -0.15575013E-03     -0.15966421E-03     -0.14107222E-03     -0.44331282E-03
    1342     -0.15575266E-03     -0.15966421E-03     -0.14111124E-03     -0.44331282E-03
    1343     -0.15575505E-03     -0.15966421E-03     -0.14114587E-03     -0.44331282E-03
    1344     -0.15575821E-03     -0.15966421E-03     -0.14119402E-03     -0.44331282E-03
    1345     -0.15576197E-03     -0.15966421E-03     -0.14124602E-03     -0.44331282E-03
    1346     -0.15576303E-03     -0.15966421E-03     -0.14126429E-03     -0.44331282E-03
    1347     -0.15576459E-03     -0.15966421E-03     -0.14128960E-03     -0.44331282E-03
    1348     -0.15576619E-03     -0.15966421E-03     -0.14131424E-03     -0.44331282E-03
    1349     -0.15576768E-03     -0.15966421E-03     -0.14133756E-03     -0.44331282E-03
    1350     -0.15577150E-03     -0.15966421E-03     -0.14139348E-03     -0.44331282E-03
    1351     -0.15577399E-03     -0.15966421E-03     -0.14142841E-03     -0.44331282E-03
    1352     -0.15577566E-03     -0.15966421E-03     -0.14145603E-03     -0.44331282E-03
    1353     -0.15577814E-03     -0.15966421E-03     -0.14149398E-03     -0.44331282E-03
    1354     -0.15578214E-03     -0.15966421E-03     -0.14154971E-03     -0.44331282E-03
    1355     -0.15578467E-03     -0.15966421E-03     -0.14158648E-03     -0.44331282E-03
    1356     -0.15578592E-03     -0.15966421E-03     -0.14161068E-03     -0.44331282E-03
    1357     -0.15579257E-03     -0.15966421E-03     -0.14168595E-03     -0.44331282E-03
    1358     -0.15581042E-03     -0.15966421E-03     -0.14186431E-03     -0.44331282E-03
    1359     -0.15581332E-03     -0.15966421E-03     -0.14190299E-03     -0.44331282E-03
    1360     -0.15581653E-03     -0.15966421E-03     -0.14195282E-03     -0.44331282E-03
    1361     -0.15581957E-03     -0.15966421E-03     -0.14199784E-03     -0.44331282E-03
    1362     -0.15582206E-03     -0.15966421E-03     -0.14203680E-03     -0.44331282E-03
    1363     -0.15583786E-03     -0.15966421E-03     -0.14220886E-03     -0.44331282E-03
    1364     -0.15584249E-03     -0.15966421E-03     -0.14227033E-03     -0.44331282E-03
    1365     -0.15585175E-03     -0.15966421E-03     -0.14238341E-03     -0.44331282E-03
    1366     -0.15585567E-03     -0.15966421E-03     -0.14244647E-03     -0.44331282E-03
    1367     -0.15585844E-03     -0.15966421E-03     -0.14249341E-03     -0.44331282E-03
    1368     -0.15586152E-03     -0.15966421E-03     -0.14254259E-03     -0.44331282E-03
    1369     -0.15586351E-03     -0.15966421E-03     -0.14257573E-03     -0.44331282E-03
    1370     -0.15587502E-03     -0.15966421E-03     -0.14267552E-03     -0.44331282E-03
    1371     -0.15588679E-03     -0.15966421E-03     -0.14277260E-03     -0.44331282E-03
    1372     -0.15588786E-03     -0.15966421E-03     -0.14279704E-03     -0.44331282E-03
    1373     -0.15589953E-03     -0.15966421E-03     -0.14289336E-03     -0.44331282E-03
    1374     -0.15590041E-03     -0.15966421E-03     -0.14291098E-03     -0.44331282E-03
    1375     -0.15590230E-03     -0.15966421E-03     -0.14293568E-03     -0.44331282E-03
    1376     -0.15590924E-03     -0.15966421E-03     -0.14300800E-03     -0.44331282E-03
    1377     -0.15591275E-03     -0.15966421E-03     -0.14305257E-03     -0.44331282E-03
    1378     -0.15591763E-03     -0.15966421E-03     -0.14310602E-03     -0.44331282E-03
    1379     -0.15592428E-03     -0.15966421E-03     -0.14317205E-03     -0.44331282E-03
    1380     -0.15595078E-03     -0.15966421E-03     -0.14338002E-03     -0.44331282E-03
    1381     -0.15595206E-03     -0.15966421E-03     -0.14340437E-03     -0.44331282E-03
    1382     -0.15595522E-03     -0.15966421E-03     -0.14344408E-03     -0.44331282E-03
    1383     -0.15595661E-03     -0.15966421E-03     -0.14346708E-03     -0.44331282E-03
    1384     -0.15595887E-03     -0.15966421E-03     -0.14350139E-03     -0.44331282E-03
    1385     -0.15596154E-03     -0.15966421E-03     -0.14354127E-03     -0.44331282E-03
    1386     -0.15596491E-03     -0.15966421E-03     -0.14359463E-03     -0.44331282E-03
    1387     -0.15596739E-03     -0.15966421E-03     -0.14363489E-03     -0.44331282E-03
    1388     -0.15597228E-03     -0.15966421E-03     -0.14370279E-03     -0.44331282E-03
    1389     -0.15597819E-03     -0.15966421E-03     -0.14378500E-03     -0.44331282E-03
    1390     -0.15598236E-03     -0.15966421E-03     -0.14384577E-03     -0.44331282E-03
    1391     -0.15599052E-03     -0.15966421E-03     -0.14394584E-03     -0.44331282E-03
    1392     -0.15599859E-03     -0.15966421E-03     -0.14404407E-03     -0.44331282E-03
    1393     -0.15600162E-03     -0.15966421E-03     -0.14408756E-03     -0.44331282E-03
    1394     -0.15600467E-03     -0.15966421E-03     -0.14413510E-03     -0.44331282E-03
    1395     -0.15600687E-03     -0.15966421E-03     -0.14417442E-03     -0.44331282E-03
    1396     -0.15600905E-03     -0.15966421E-03     -0.14420519E-03     -0.44331282E-03
    1397     -0.15602138E-03     -0.15966421E-03     -0.14433651E-03     -0.44331282E-03
    1398     -0.15602489E-03     -0.15966421E-03     -0.14438555E-03     -0.44331282E-03
    1399     -0.15602839E-03     -0.15966421E-03     -0.14443069E-03     -0.44331282E-03
    1400     -0.15603119E-03     -0.15966421E-03     -0.14447501E-03     -0.44331282E-03
    1401     -0.15603394E-03     -0.15966421E-03     -0.14451057E-03     -0.44331282E-03
    1402     -0.15603845E-03     -0.15966421E-03     -0.14456747E-03     -0.44331282E-03
    1403     -0.15604081E-03     -0.15966421E-03     -0.14460638E-03     -0.44331282E-03
    1404     -0.15604507E-03     -0.15966421E-03     -0.14466000E-03     -0.44331282E-03
    1405     -0.15604762E-03     -0.15966421E-03     -0.14470363E-03     -0.44331282E-03
    1406     -0.15605434E-03     -0.15966421E-03     -0.14479161E-03     -0.44331282E-03
    1407     -0.15605991E-03     -0.15966421E-03     -0.14486047E-03     -0.44331282E-03
    1408     -0.15606792E-03     -0.15966421E-03     -0.14496985E-03     -0.44331282E-03
    1409     -0.15608596E-03     -0.15966421E-03     -0.14518686E-03     -0.44331282E-03
    1410     -0.15609642E-03     -0.15966421E-03     -0.14531817E-03     -0.44331282E-03
    1411     -0.15610090E-03     -0.15966421E-03     -0.14537251E-03     -0.44331282E-03
    1412     -0.15610339E-03     -0.15966421E-03     -0.14540593E-03     -0.44331282E-03
    1413     -0.15610816E-03     -0.15966421E-03     -0.14547948E-03     -0.44331282E-03
    1414     -0.15610987E-03     -0.15966421E-03     -0.14550739E-03     -0.44331282E-03
    1415     -0.15611132E-03     -0.15966421E-03     -0.14553491E-03     -0.44331282E-03
    1416     -0.15611604E-03     -0.15966421E-03     -0.14560210E-03     -0.44331282E-03
    1417     -0.15611743E-03     -0.15966421E-03     -0.14562703E-03     -0.44331282E-03
    1418     -0.15612384E-03     -0.15966421E-03     -0.14571919E-03     -0.44331282E-03
    1419     -0.15612739E-03     -0.15966421E-03     -0.14577346E-03     -0.44331282E-03
    1420     -0.15613050E-03     -0.15966421E-03     -0.14581727E-03     -0.44331282E-03
    1421     -0.15613198E-03     -0.15966421E-03     -0.14584016E-03     -0.44331282E-03
    1422     -0.15613472E-03     -0.15966421E-03     -0.14588437E-03     -0.44331282E-03
    1423     -0.15613621E-03     -0.15966421E-03     -0.14591057E-03     -0.44331282E-03
    1424     -0.15614401E-03     -0.15966421E-03     -0.14602921E-03     -0.44331282E-03
    1425     -0.15614583E-03     -0.15966421E-03     -0.14606249E-03     -0.44331282E-03
    1426     -0.15614839E-03     -0.15966421E-03     -0.14610535E-03     -0.44331282E-03
    1427     -0.15614979E-03     -0.15966421E-03     -0.14613087E-03     -0.44331282E-03
    1428     -0.15615167E-03     -0.15966421E-03     -0.14616224E-03     -0.44331282E-03
    1429     -0.15615329E-03     -0.15966421E-03     -0.14619127E-03     -0.44331282E-03
    1430     -0.15615507E-03     -0.15966421E-03     -0.14622079E-03     -0.44331282E-03
    1431     -0.15615769E-03     -0.15966421E-03     -0.14626517E-03     -0.44331282E-03
    1432     -0.15615971E-03     -0.15966421E-03     -0.14629906E-03     -0.44331282E-03
    1433     -0.15616145E-03     -0.15966421E-03     -0.14632951E-03     -0.44331282E-03
    1434     -0.15616280E-03     -0.15966421E-03     -0.14635452E-03     -0.44331282E-03
    1435     -0.15616428E-03     -0.15966421E-03     -0.14638482E-03     -0.44331282E-03
    1436     -0.15616518E-03     -0.15966421E-03     -0.14640299E-03     -0.44331282E-03
    1437     -0.15616645E-03     -0.15966421E-03     -0.14642735E-03     -0.44331282E-03
    1438     -0.15617104E-03     -0.15966421E-03     -0.14650352E-03     -0.44331282E-03
    1439     -0.15617538E-03     -0.15966421E-03     -0.14657431E-03     -0.44331282E-03
    1440     -0.15618152E-03     -0.15966421E-03     -0.14666257E-03     -0.44331282E-03
    1441     -0.15618449E-03     -0.15966421E-03     -0.14671294E-03     -0.44331282E-03
    1442     -0.15618582E-03     -0.15966421E-03     -0.14673931E-03     -0.44331282E-03
    1443     -0.15619268E-03     -0.15966421E-03     -0.14683470E-03     -0.44331282E-03
    1444     -0.15620597E-03     -0.15966421E-03     -0.14698358E-03     -0.44331282E-03
    1445     -0.15620892E-03     -0.15966421E-03     -0.14703236E-03     -0.44331282E-03
    1446     -0.15621459E-03     -0.15966421E-03     -0.14710736E-03     -0.44331282E-03
    1447     -0.15621754E-03     -0.15966421E-03     -0.14716121E-03     -0.44331282E-03
    1448     -0.15622150E-03     -0.15966421E-03     -0.14722402E-03     -0.44331282E-03
    1449     -0.15622269E-03     -0.15966421E-03     -0.14725031E-03     -0.44331282E-03
    1450     -0.15622526E-03     -0.15966421E-03     -0.14728781E-03     -0.44331282E-03
    1451     -0.15623515E-03     -0.15966421E-03     -0.14743147E-03     -0.44331282E-03
    1452     -0.15623738E-03     -0.15966421E-03     -0.14746824E-03     -0.44331282E-03
    1453     -0.15624662E-03     -0.15966421E-03     -0.14758067E-03     -0.44331282E-03
    1454     -0.15625085E-03     -0.15966421E-03     -0.14764743E-03     -0.44331282E-03
    1455     -0.15625486E-03     -0.15966421E-03     -0.14771397E-03     -0.44331282E-03
    1456     -0.15625800E-03     -0.15966421E-03     -0.14777143E-03     -0.44331282E-03
    1457     -0.15626179E-03     -0.15966421E-03     -0.14783849E-03     -0.44331282E-03
    1458     -0.15627260E-03     -0.15966421E-03     -0.14796945E-03     -0.44331282E-03
    1459     -0.15627996E-03     -0.15966421E-03     -0.14806081E-03     -0.44331282E-03
    1460     -0.15628456E-03     -0.15966421E-03     -0.14813533E-03     -0.44331282E-03
    1461     -0.15628985E-03     -0.15966421E-03     -0.14821602E-03     -0.44331282E-03
    1462     -0.15629475E-03     -0.15966421E-03     -0.14830031E-03     -0.44331282E-03
    1463     -0.15630781E-03     -0.15966421E-03     -0.14849576E-03     -0.44331282E-03
    1464     -0.15631305E-03     -0.15966421E-03     -0.14857685E-03     -0.44331282E-03
    1465     -0.15631681E-03     -0.15966421E-03     -0.14864624E-03     -0.44331282E-03
    1466     -0.15631918E-03     -0.15966421E-03     -0.14869105E-03     -0.44331282E-03
    1467     -0.15632039E-03     -0.15966421E-03     -0.14871870E-03     -0.44331282E-03
    1468     -0.15632185E-03     -0.15966421E-03     -0.14875136E-03     -0.44331282E-03
    1469     -0.15632396E-03     -0.15966421E-03     -0.14878627E-03     -0.44331282E-03
    1470     -0.15632699E-03     -0.15966421E-03     -0.14884171E-03     -0.44331282E-03
    1471     -0.15633096E-03     -0.15966421E-03     -0.14891617E-03     -0.44331282E-03
    1472     -0.15633250E-03     -0.15966421E-03     -0.14895529E-03     -0.44331282E-03
    1473     -0.15633762E-03     -0.15966421E-03     -0.14904246E-03     -0.44331282E-03
    1474     -0.15634486E-03     -0.15966421E-03     -0.14917015E-03     -0.44331282E-03
    1475     -0.15634616E-03     -0.15966421E-03     -0.14919884E-03     -0.44331282E-03
    1476     -0.15634923E-03     -0.15966421E-03     -0.14924901E-03     -0.44331282E-03
    1477     -0.15635199E-03     -0.15966421E-03     -0.14929755E-03     -0.44331282E-03
    1478     -0.15635877E-03     -0.15966421E-03     -0.14940333E-03     -0.44331282E-03
    1479     -0.15636286E-03     -0.15966421E-03     -0.14948476E-03     -0.44331282E-03
    1480     -0.15636942E-03     -0.15966421E-03     -0.14960156E-03     -0.44331282E-03
    1481     -0.15637268E-03     -0.15966421E-03     -0.14966366E-03     -0.44331282E-03
    1482     -0.15637835E-03     -0.15966421E-03     -0.14976818E-03     -0.44331282E-03
    1483     -0.15638392E-03     -0.15966421E-03     -0.14987790E-03     -0.44331282E-03
    1484     -0.15638716E-03     -0.15966421E-03     -0.14993971E-03     -0.44331282E-03
    1485     -0.15638877E-03     -0.15966421E-03     -0.14997611E-03     -0.44331282E-03
    1486     -0.15639124E-03     -0.15966421E-03     -0.15002688E-03     -0.44331282E-03
    1487     -0.15639351E-03     -0.15966421E-03     -0.15007520E-03     -0.44331282E-03
    1488     -0.15639564E-03     -0.15966421E-03     -0.15011835E-03     -0.44331282E-03
    1489     -0.15639789E-03     -0.15966421E-03     -0.15016726E-03     -0.44331282E-03
    1490     -0.15639968E-03     -0.15966421E-03     -0.15020445E-03     -0.44331282E-03
    1491     -0.15640067E-03     -0.15966421E-03     -0.15023085E-03     -0.44331282E-03
    1492     -0.15640299E-03     -0.15966421E-03     -0.15027690E-03     -0.44331282E-03
    1493     -0.15640561E-03     -0.15966421E-03     -0.15032771E-03     -0.44331282E-03
    1494     -0.15640918E-03     -0.15966421E-03     -0.15040057E-03     -0.44331282E-03
    1495     -0.15641223E-03     -0.15966421E-03     -0.15046312E-03     -0.44331282E-03
    1496     -0.15641671E-03     -0.15966421E-03     -0.15054851E-03     -0.44331282E-03
    1497     -0.15641986E-03     -0.15966421E-03     -0.15061115E-03     -0.44331282E-03
    1498     -0.15642317E-03     -0.15966421E-03     -0.15067613E-03     -0.44331282E-03
    1499     -0.15642799E-03     -0.15966421E-03     -0.15076727E-03     -0.44331282E-03
    1500     -0.15643205E-03     -0.15966421E-03     -0.15084898E-03     -0.44331282E-03
    1501     -0.15643742E-03     -0.15966421E-03     -0.15095218E-03     -0.44331282E-03
    1502     -0.15644213E-03     -0.15966421E-03     -0.15104286E-03     -0.44331282E-03
    1503     -0.15644428E-03     -0.15966421E-03     -0.15108833E-03     -0.44331282E-03
    1504     -0.15645131E-03     -0.15966421E-03     -0.15122698E-03     -0.44331282E-03
    1505     -0.15645730E-03     -0.15966421E-03     -0.15135147E-03     -0.44331282E-03
    1506     -0.15645930E-03     -0.15966421E-03     -0.15139611E-03     -0.44331282E-03
    1507     -0.15646134E-03     -0.15966421E-03     -0.15143851E-03     -0.44331282E-03
    1508     -0.15646309E-03     -0.15966421E-03     -0.15147637E-03     -0.44331282E-03
    1509     -0.15646459E-03     -0.15966421E-03     -0.15150797E-03     -0.44331282E-03
    1510     -0.15646646E-03     -0.15966421E-03     -0.15154711E-03     -0.44331282E-03
    1511     -0.15646893E-03     -0.15966421E-03     -0.15160218E-03     -0.44331282E-03
    1512     -0.15647497E-03     -0.15966421E-03     -0.15171829E-03     -0.44331282E-03
    1513     -0.15647742E-03     -0.15966421E-03     -0.15177200E-03     -0.44331282E-03
    1514     -0.15648187E-03     -0.15966421E-03     -0.15185470E-03     -0.44331282E-03
    1515     -0.15648613E-03     -0.15966421E-03     -0.15193961E-03     -0.44331282E-03
    1516     -0.15649452E-03     -0.15966421E-03     -0.15208167E-03     -0.44331282E-03
    1517     -0.15649863E-03     -0.15966421E-03     -0.15216045E-03     -0.44331282E-03
    1518     -0.15650277E-03     -0.15966421E-03     -0.15223554E-03     -0.44331282E-03
    1519     -0.15650550E-03     -0.15966421E-03     -0.15229316E-03     -0.44331282E-03
    1520     -0.15650730E-03     -0.15966421E-03     -0.15233731E-03     -0.44331282E-03
    1521     -0.15651036E-03     -0.15966421E-03     -0.15239815E-03     -0.44331282E-03
    1522     -0.15651302E-03     -0.15966421E-03     -0.15245290E-03     -0.44331282E-03
    1523     -0.15651628E-03     -0.15966421E-03     -0.15251972E-03     -0.44331282E-03
    1524     -0.15651864E-03     -0.15966421E-03     -0.15257334E-03     -0.44331282E-03
    1525     -0.15652095E-03     -0.15966421E-03     -0.15262573E-03     -0.44331282E-03
    1526     -0.15652265E-03     -0.15966421E-03     -0.15266495E-03     -0.44331282E-03
    1527     -0.15652605E-03     -0.15966421E-03     -0.15273409E-03     -0.44331282E-03
    1528     -0.15652855E-03     -0.15966421E-03     -0.15279138E-03     -0.44331282E-03
    1529     -0.15653319E-03     -0.15966421E-03     -0.15288368E-03     -0.44331282E-03
    1530     -0.15653465E-03     -0.15966421E-03     -0.15291293E-03     -0.44331282E-03
    1531     -0.15653665E-03     -0.15966421E-03     -0.15295408E-03     -0.44331282E-03
    1532     -0.15654147E-03     -0.15966421E-03     -0.15304846E-03     -0.44331282E-03
    1533     -0.15654311E-03     -0.15966421E-03     -0.15308395E-03     -0.44331282E-03
    1534     -0.15654461E-03     -0.15966421E-03     -0.15311954E-03     -0.44331282E-03
    1535     -0.15654899E-03     -0.15966421E-03     -0.15319831E-03     -0.44331282E-03
    1536     -0.15655236E-03     -0.15966421E-03     -0.15326210E-03     -0.44331282E-03
    1537     -0.15655502E-03     -0.15966421E-03     -0.15331634E-03     -0.44331282E-03
    1538     -0.15655756E-03     -0.15966421E-03     -0.15336379E-03     -0.44331282E-03
    1539     -0.15655992E-03     -0.15966421E-03     -0.15340534E-03     -0.44331282E-03
    1540     -0.15656635E-03     -0.15966421E-03     -0.15350271E-03     -0.44331282E-03
    1541     -0.15658346E-03     -0.15966421E-03     -0.15373508E-03     -0.44331282E-03
    1542     -0.15659457E-03     -0.15966421E-03     -0.15391058E-03     -0.44331282E-03
    1543     -0.15660070E-03     -0.15966421E-03     -0.15401145E-03     -0.44331282E-03
    1544     -0.15660164E-03     -0.15966421E-03     -0.15403317E-03     -0.44331282E-03
    1545     -0.15660445E-03     -0.15966421E-03     -0.15407930E-03     -0.44331282E-03
    1546     -0.15660625E-03     -0.15966421E-03     -0.15411152E-03     -0.44331282E-03
    1547     -0.15660950E-03     -0.15966421E-03     -0.15416487E-03     -0.44331282E-03
    1548     -0.15662253E-03     -0.15966421E-03     -0.15437133E-03     -0.44331282E-03
    1549     -0.15662391E-03     -0.15966421E-03     -0.15440225E-03     -0.44331282E-03
    1550     -0.15662657E-03     -0.15966421E-03     -0.15444755E-03     -0.44331282E-03
    1551     -0.15663068E-03     -0.15966421E-03     -0.15451375E-03     -0.44331282E-03
    1552     -0.15663193E-03     -0.15966421E-03     -0.15454108E-03     -0.44331282E-03
    1553     -0.15663324E-03     -0.15966421E-03     -0.15457307E-03     -0.44331282E-03
    1554     -0.15664002E-03     -0.15966421E-03     -0.15470107E-03     -0.44331282E-03
    1555     -0.15664086E-03     -0.15966421E-03     -0.15472321E-03     -0.44331282E-03
    1556     -0.15664339E-03     -0.15966421E-03     -0.15477151E-03     -0.44331282E-03
    1557     -0.15664475E-03     -0.15966421E-03     -0.15480154E-03     -0.44331282E-03
    1558     -0.15664719E-03     -0.15966421E-03     -0.15484971E-03     -0.44331282E-03
    1559     -0.15664984E-03     -0.15966421E-03     -0.15490526E-03     -0.44331282E-03
    1560     -0.15665185E-03     -0.15966421E-03     -0.15495080E-03     -0.44331282E-03
    1561     -0.15665350E-03     -0.15966421E-03     -0.15498646E-03     -0.44331282E-03
    1562     -0.15665652E-03     -0.15966421E-03     -0.15505337E-03     -0.44331282E-03
    1563     -0.15665843E-03     -0.15966421E-03     -0.15509499E-03     -0.44331282E-03
    1564     -0.15666103E-03     -0.15966421E-03     -0.15515185E-03     -0.44331282E-03
    1565     -0.15666336E-03     -0.15966421E-03     -0.15519995E-03     -0.44331282E-03
    1566     -0.15666465E-03     -0.15966421E-03     -0.15522773E-03     -0.44331282E-03
    1567     -0.15666532E-03     -0.15966421E-03     -0.15524539E-03     -0.44331282E-03
    1568     -0.15666748E-03     -0.15966421E-03     -0.15529365E-03     -0.44331282E-03
    1569     -0.15666933E-03     -0.15966421E-03     -0.15532701E-03     -0.44331282E-03
    1570     -0.15667077E-03     -0.15966421E-03     -0.15534996E-03     -0.44331282E-03
    1571     -0.15667190E-03     -0.15966421E-03     -0.15537846E-03     -0.44331282E-03
    1572     -0.15667301E-03     -0.15966421E-03     -0.15540354E-03     -0.44331282E-03
    1573     -0.15667446E-03     -0.15966421E-03     -0.15543337E-03     -0.44331282E-03
    1574     -0.15667610E-03     -0.15966421E-03     -0.15546754E-03     -0.44331282E-03
    1575     -0.15667909E-03     -0.15966421E-03     -0.15553355E-03     -0.44331282E-03
    1576     -0.15668004E-03     -0.15966421E-03     -0.15555802E-03     -0.44331282E-03
    1577     -0.15668522E-03     -0.15966421E-03     -0.15567364E-03     -0.44331282E-03
    1578     -0.15668811E-03     -0.15966421E-03     -0.15573966E-03     -0.44331282E-03
    1579     -0.15668869E-03     -0.15966421E-03     -0.15575866E-03     -0.44331282E-03
    1580     -0.15669297E-03     -0.15966421E-03     -0.15584864E-03     -0.44331282E-03
    1581     -0.15669591E-03     -0.15966421E-03     -0.15591272E-03     -0.44331282E-03
    1582     -0.15669975E-03     -0.15966421E-03     -0.15599586E-03     -0.44331282E-03
    1583     -0.15670198E-03     -0.15966421E-03     -0.15604554E-03     -0.44331282E-03
    1584     -0.15670424E-03     -0.15966421E-03     -0.15609985E-03     -0.44331282E-03
    1585     -0.15670659E-03     -0.15966421E-03     -0.15615695E-03     -0.44331282E-03
    1586     -0.15670878E-03     -0.15966421E-03     -0.15621726E-03     -0.44331282E-03
    1587     -0.15671015E-03     -0.15966421E-03     -0.15625138E-03     -0.44331282E-03
    1588     -0.15671232E-03     -0.15966421E-03     -0.15629458E-03     -0.44331282E-03
    1589     -0.15671499E-03     -0.15966421E-03     -0.15635594E-03     -0.44331282E-03
    1590     -0.15671642E-03     -0.15966421E-03     -0.15638866E-03     -0.44331282E-03
    1591     -0.15671742E-03     -0.15966421E-03     -0.15641803E-03     -0.44331282E-03
    1592     -0.15671846E-03     -0.15966421E-03     -0.15644439E-03     -0.44331282E-03
    1593     -0.15671956E-03     -0.15966421E-03     -0.15647658E-03     -0.44331282E-03
    1594     -0.15672079E-03     -0.15966421E-03     -0.15651433E-03     -0.44331282E-03
    1595     -0.15672267E-03     -0.15966421E-03     -0.15655295E-03     -0.44331282E-03
    1596     -0.15672360E-03     -0.15966421E-03     -0.15657934E-03     -0.44331282E-03
    1597     -0.15672476E-03     -0.15966421E-03     -0.15661765E-03     -0.44331282E-03
    1598     -0.15672583E-03     -0.15966421E-03     -0.15665906E-03     -0.44331282E-03
    1599     -0.15672661E-03     -0.15966421E-03     -0.15669185E-03     -0.44331282E-03
    1600     -0.15673131E-03     -0.15966421E-03     -0.15679604E-03     -0.44331282E-03
    1601     -0.15673489E-03     -0.15966421E-03     -0.15687434E-03     -0.44331282E-03
    1602     -0.15673692E-03     -0.15966421E-03     -0.15691955E-03     -0.44331282E-03
    1603     -0.15674016E-03     -0.15966421E-03     -0.15698039E-03     -0.44331282E-03
    1604     -0.15674929E-03     -0.15966421E-03     -0.15712587E-03     -0.44331282E-03
    1605     -0.15675479E-03     -0.15966421E-03     -0.15729958E-03     -0.44331282E-03
    1606     -0.15675601E-03     -0.15966421E-03     -0.15743738E-03     -0.44331282E-03
    1607     -0.15675874E-03     -0.15966421E-03     -0.15761974E-03     -0.44331282E-03
    1608     -0.15676186E-03     -0.15966421E-03     -0.15770652E-03     -0.44331282E-03
    1609     -0.15676304E-03     -0.15966421E-03     -0.15776936E-03     -0.44331282E-03
    1610     -0.15676495E-03     -0.15966421E-03     -0.15784197E-03     -0.44331282E-03
    1611     -0.15676629E-03     -0.15966421E-03     -0.15788340E-03     -0.44331282E-03
    1612     -0.15677143E-03     -0.15966421E-03     -0.15804228E-03     -0.44331282E-03
    1613     -0.15677675E-03     -0.15966421E-03     -0.15821170E-03     -0.44331282E-03
    1614     -0.15678035E-03     -0.15966421E-03     -0.15836343E-03     -0.44331282E-03
    1615     -0.15678284E-03     -0.15966421E-03     -0.15844611E-03     -0.44331282E-03
    1616     -0.15678515E-03     -0.15966421E-03     -0.15855881E-03     -0.44331282E-03
    1617     -0.15678973E-03     -0.15966421E-03     -0.15871712E-03     -0.44331282E-03
    1618     -0.15679101E-03     -0.15966421E-03     -0.15876607E-03     -0.44331282E-03
    1619     -0.15679821E-03     -0.15966421E-03     -0.15896481E-03     -0.44331282E-03
    1620     -0.15679964E-03     -0.15966421E-03     -0.15903913E-03     -0.44331282E-03
    1621     -0.15680104E-03     -0.15966421E-03     -0.15909332E-03     -0.44331282E-03
    1622     -0.15680237E-03     -0.15966421E-03     -0.15914354E-03     -0.44331282E-03
    1623     -0.15680367E-03     -0.15966421E-03     -0.15918486E-03     -0.44331282E-03
    1624     -0.15680468E-03     -0.15966421E-03     -0.15922647E-03     -0.44331282E-03
    1625     -0.15680670E-03     -0.15966421E-03     -0.15940401E-03     -0.44331282E-03
    1626     -0.15680799E-03     -0.15966421E-03     -0.15946439E-03     -0.44331282E-03
    1627     -0.15680924E-03     -0.15966421E-03     -0.15954737E-03     -0.44331282E-03
    1628     -0.15681041E-03     -0.15966421E-03     -0.15960184E-03     -0.44331282E-03
    1629     -0.15681161E-03     -0.15966421E-03     -0.15964834E-03     -0.44331282E-03
    1630     -0.15681344E-03     -0.15966421E-03     -0.15977369E-03     -0.44331282E-03
    1631     -0.15681455E-03     -0.15966421E-03     -0.15982047E-03     -0.44331282E-03
    1632     -0.15681721E-03     -0.15966421E-03     -0.15997378E-03     -0.44331282E-03
    1633     -0.15681844E-03     -0.15966421E-03     -0.16002822E-03     -0.44331282E-03
    1634     -0.15681975E-03     -0.15966421E-03     -0.16008832E-03     -0.44331282E-03
    1635     -0.15682076E-03     -0.15966421E-03     -0.16012159E-03     -0.44331282E-03
    1636     -0.15682187E-03     -0.15966421E-03     -0.16016196E-03     -0.44331282E-03
    1637     -0.15682262E-03     -0.15966421E-03     -0.16019548E-03     -0.44331282E-03
    1638     -0.15682504E-03     -0.15966421E-03     -0.16031517E-03     -0.44331282E-03
    1639     -0.15682583E-03     -0.15966421E-03     -0.16034134E-03     -0.44331282E-03
    1640     -0.15682800E-03     -0.15966421E-03     -0.16040860E-03     -0.44331282E-03
    1641     -0.15682961E-03     -0.15966421E-03     -0.16046943E-03     -0.44331282E-03
    1642     -0.15683124E-03     -0.15966421E-03     -0.16051189E-03     -0.44331282E-03
    1643     -0.15683315E-03     -0.15966421E-03     -0.16057588E-03     -0.44331282E-03
    1644     -0.15683482E-03     -0.15966421E-03     -0.16062811E-03     -0.44331282E-03
    1645     -0.15683582E-03     -0.15966421E-03     -0.16067265E-03     -0.44331282E-03
    1646     -0.15683721E-03     -0.15966421E-03     -0.16074962E-03     -0.44331282E-03
    1647     -0.15683851E-03     -0.15966421E-03     -0.16079031E-03     -0.44331282E-03
    1648     -0.15684013E-03     -0.15966421E-03     -0.16085241E-03     -0.44331282E-03
    1649     -0.15684136E-03     -0.15966421E-03     -0.16090157E-03     -0.44331282E-03
    1650     -0.15684210E-03     -0.15966421E-03     -0.16093069E-03     -0.44331282E-03
    1651     -0.15684339E-03     -0.15966421E-03     -0.16097197E-03     -0.44331282E-03
    1652     -0.15684493E-03     -0.15966421E-03     -0.16101705E-03     -0.44331282E-03
    1653     -0.15684668E-03     -0.15966421E-03     -0.16106576E-03     -0.44331282E-03
    1654     -0.15684820E-03     -0.15966421E-03     -0.16110331E-03     -0.44331282E-03
    1655     -0.15684958E-03     -0.15966421E-03     -0.16113619E-03     -0.44331282E-03
    1656     -0.15685184E-03     -0.15966421E-03     -0.16119115E-03     -0.44331282E-03
    1657     -0.15685362E-03     -0.15966421E-03     -0.16123875E-03     -0.44331282E-03
    1658     -0.15685508E-03     -0.15966421E-03     -0.16128385E-03     -0.44331282E-03
    1659     -0.15685706E-03     -0.15966421E-03     -0.16134415E-03     -0.44331282E-03
    1660     -0.15685836E-03     -0.15966421E-03     -0.16138032E-03     -0.44331282E-03
    1661     -0.15685942E-03     -0.15966421E-03     -0.16142248E-03     -0.44331282E-03
    1662     -0.15686097E-03     -0.15966421E-03     -0.16147357E-03     -0.44331282E-03
    1663     -0.15686229E-03     -0.15966421E-03     -0.16153543E-03     -0.44331282E-03
    1664     -0.15686332E-03     -0.15966421E-03     -0.16156937E-03     -0.44331282E-03
    1665     -0.15686734E-03     -0.15966421E-03     -0.16167433E-03     -0.44331282E-03
    1666     -0.15686895E-03     -0.15966421E-03     -0.16171694E-03     -0.44331282E-03
    1667     -0.15687089E-03     -0.15966421E-03     -0.16177901E-03     -0.44331282E-03
    1668     -0.15687409E-03     -0.15966421E-03     -0.16185098E-03     -0.44331282E-03
    1669     -0.15687629E-03     -0.15966421E-03     -0.16190172E-03     -0.44331282E-03
    1670     -0.15687823E-03     -0.15966421E-03     -0.16194849E-03     -0.44331282E-03
    1671     -0.15688196E-03     -0.15966421E-03     -0.16203784E-03     -0.44331282E-03
    1672     -0.15688326E-03     -0.15966421E-03     -0.16207433E-03     -0.44331282E-03
    1673     -0.15688729E-03     -0.15966421E-03     -0.16220300E-03     -0.44331282E-03
    1674     -0.15688862E-03     -0.15966421E-03     -0.16225069E-03     -0.44331282E-03
    1675     -0.15688923E-03     -0.15966421E-03     -0.16227362E-03     -0.44331282E-03
    1676     -0.15689059E-03     -0.15966421E-03     -0.16230982E-03     -0.44331282E-03
    1677     -0.15689162E-03     -0.15966421E-03     -0.16234320E-03     -0.44331282E-03
    1678     -0.15689313E-03     -0.15966421E-03     -0.16238768E-03     -0.44331282E-03
    1679     -0.15689437E-03     -0.15966421E-03     -0.16242067E-03     -0.44331282E-03
    1680     -0.15689607E-03     -0.15966421E-03     -0.16247496E-03     -0.44331282E-03
    1681     -0.15689765E-03     -0.15966421E-03     -0.16251596E-03     -0.44331282E-03
    1682     -0.15689901E-03     -0.15966421E-03     -0.16254298E-03     -0.44331282E-03
    1683     -0.15690075E-03     -0.15966421E-03     -0.16258149E-03     -0.44331282E-03
    1684     -0.15690323E-03     -0.15966421E-03     -0.16266024E-03     -0.44331282E-03
    1685     -0.15690444E-03     -0.15966421E-03     -0.16269532E-03     -0.44331282E-03
    1686     -0.15690576E-03     -0.15966421E-03     -0.16272862E-03     -0.44331282E-03
    1687     -0.15690870E-03     -0.15966421E-03     -0.16285199E-03     -0.44331282E-03
    1688     -0.15691008E-03     -0.15966421E-03     -0.16288446E-03     -0.44331282E-03
    1689     -0.15691241E-03     -0.15966421E-03     -0.16294879E-03     -0.44331282E-03
    1690     -0.15691509E-03     -0.15966421E-03     -0.16304757E-03     -0.44331282E-03
    1691     -0.15691771E-03     -0.15966421E-03     -0.16312339E-03     -0.44331282E-03
    1692     -0.15691874E-03     -0.15966421E-03     -0.16315617E-03     -0.44331282E-03
    1693     -0.15692031E-03     -0.15966421E-03     -0.16321098E-03     -0.44331282E-03
    1694     -0.15692178E-03     -0.15966421E-03     -0.16325877E-03     -0.44331282E-03
    1695     -0.15692282E-03     -0.15966421E-03     -0.16329058E-03     -0.44331282E-03
    1696     -0.15692413E-03     -0.15966421E-03     -0.16333949E-03     -0.44331282E-03
    1697     -0.15692690E-03     -0.15966421E-03     -0.16341782E-03     -0.44331282E-03
    1698     -0.15692799E-03     -0.15966421E-03     -0.16346215E-03     -0.44331282E-03
    1699     -0.15693082E-03     -0.15966421E-03     -0.16355706E-03     -0.44331282E-03
    1700     -0.15693290E-03     -0.15966421E-03     -0.16361704E-03     -0.44331282E-03
    1701     -0.15693631E-03     -0.15966421E-03     -0.16369633E-03     -0.44331282E-03
    1702     -0.15693857E-03     -0.15966421E-03     -0.16376361E-03     -0.44331282E-03
    1703     -0.15693982E-03     -0.15966421E-03     -0.16380493E-03     -0.44331282E-03
    1704     -0.15694086E-03     -0.15966421E-03     -0.16383575E-03     -0.44331282E-03
    1705     -0.15694146E-03     -0.15966421E-03     -0.16385870E-03     -0.44331282E-03
    1706     -0.15694393E-03     -0.15966421E-03     -0.16392454E-03     -0.44331282E-03
    1707     -0.15694547E-03     -0.15966421E-03     -0.16397435E-03     -0.44331282E-03
    1708     -0.15694617E-03     -0.15966421E-03     -0.16399706E-03     -0.44331282E-03
    1709     -0.15694755E-03     -0.15966421E-03     -0.16404316E-03     -0.44331282E-03
    1710     -0.15694847E-03     -0.15966421E-03     -0.16407526E-03     -0.44331282E-03
    1711     -0.15694964E-03     -0.15966421E-03     -0.16411330E-03     -0.44331282E-03
    1712     -0.15695108E-03     -0.15966421E-03     -0.16416521E-03     -0.44331282E-03
    1713     -0.15695277E-03     -0.15966421E-03     -0.16422507E-03     -0.44331282E-03
    1714     -0.15695362E-03     -0.15966421E-03     -0.16425525E-03     -0.44331282E-03
    1715     -0.15695504E-03     -0.15966421E-03     -0.16429988E-03     -0.44331282E-03
    1716     -0.15695604E-03     -0.15966421E-03     -0.16433005E-03     -0.44331282E-03
    1717     -0.15695694E-03     -0.15966421E-03     -0.16436036E-03     -0.44331282E-03
    1718     -0.15695807E-03     -0.15966421E-03     -0.16439435E-03     -0.44331282E-03
    1719     -0.15695907E-03     -0.15966421E-03     -0.16442970E-03     -0.44331282E-03
    1720     -0.15696019E-03     -0.15966421E-03     -0.16446324E-03     -0.44331282E-03
    1721     -0.15696175E-03     -0.15966421E-03     -0.16454741E-03     -0.44331282E-03
    1722     -0.15696325E-03     -0.15966421E-03     -0.16458641E-03     -0.44331282E-03
    1723     -0.15696459E-03     -0.15966421E-03     -0.16463159E-03     -0.44331282E-03
    1724     -0.15696596E-03     -0.15966421E-03     -0.16467264E-03     -0.44331282E-03
    1725     -0.15696655E-03     -0.15966421E-03     -0.16469836E-03     -0.44331282E-03
    1726     -0.15696751E-03     -0.15966421E-03     -0.16472960E-03     -0.44331282E-03
    1727     -0.15696836E-03     -0.15966421E-03     -0.16476260E-03     -0.44331282E-03
    1728     -0.15696937E-03     -0.15966421E-03     -0.16479348E-03     -0.44331282E-03
    1729     -0.15697079E-03     -0.15966421E-03     -0.16483734E-03     -0.44331282E-03
    1730     -0.15697168E-03     -0.15966421E-03     -0.16486374E-03     -0.44331282E-03
    1731     -0.15697269E-03     -0.15966421E-03     -0.16489579E-03     -0.44331282E-03
    1732     -0.15697388E-03     -0.15966421E-03     -0.16493367E-03     -0.44331282E-03
    1733     -0.15697728E-03     -0.15966421E-03     -0.16500868E-03     -0.44331282E-03
    1734     -0.15698148E-03     -0.15966421E-03     -0.16511256E-03     -0.44331282E-03
    1735     -0.15698472E-03     -0.15966421E-03     -0.16517650E-03     -0.44331282E-03
    1736     -0.15698886E-03     -0.15966421E-03     -0.16526199E-03     -0.44331282E-03
    1737     -0.15699377E-03     -0.15966421E-03     -0.16537781E-03     -0.44331282E-03
    1738     -0.15699637E-03     -0.15966421E-03     -0.16543320E-03     -0.44331282E-03
    1739     -0.15700047E-03     -0.15966421E-03     -0.16553065E-03     -0.44331282E-03
    1740     -0.15700344E-03     -0.15966421E-03     -0.16559943E-03     -0.44331282E-03
    1741     -0.15700564E-03     -0.15966421E-03     -0.16564220E-03     -0.44331282E-03
    1742     -0.15700982E-03     -0.15966421E-03     -0.16573561E-03     -0.44331282E-03
    1743     -0.15701600E-03     -0.15966421E-03     -0.16584964E-03     -0.44331282E-03
    1744     -0.15702031E-03     -0.15966421E-03     -0.16595087E-03     -0.44331282E-03
    1745     -0.15702456E-03     -0.15966421E-03     -0.16605145E-03     -0.44331282E-03
    1746     -0.15702767E-03     -0.15966421E-03     -0.16612983E-03     -0.44331282E-03
    1747     -0.15703001E-03     -0.15966421E-03     -0.16620466E-03     -0.44331282E-03
    1748     -0.15703276E-03     -0.15966421E-03     -0.16629897E-03     -0.44331282E-03
    1749     -0.15703458E-03     -0.15966421E-03     -0.16635705E-03     -0.44331282E-03
    1750     -0.15703548E-03     -0.15966421E-03     -0.16638935E-03     -0.44331282E-03
    1751     -0.15703670E-03     -0.15966421E-03     -0.16642997E-03     -0.44331282E-03
    1752     -0.15703847E-03     -0.15966421E-03     -0.16648399E-03     -0.44331282E-03
    1753     -0.15704080E-03     -0.15966421E-03     -0.16656336E-03     -0.44331282E-03
    1754     -0.15704290E-03     -0.15966421E-03     -0.16663211E-03     -0.44331282E-03
    1755     -0.15704359E-03     -0.15966421E-03     -0.16665516E-03     -0.44331282E-03
    1756     -0.15704488E-03     -0.15966421E-03     -0.16669579E-03     -0.44331282E-03
    1757     -0.15704704E-03     -0.15966421E-03     -0.16677696E-03     -0.44331282E-03
    1758     -0.15705100E-03     -0.15966421E-03     -0.16689452E-03     -0.44331282E-03
    1759     -0.15705331E-03     -0.15966421E-03     -0.16700802E-03     -0.44331282E-03
    1760     -0.15705521E-03     -0.15966421E-03     -0.16708631E-03     -0.44331282E-03
    1761     -0.15705734E-03     -0.15966421E-03     -0.16715353E-03     -0.44331282E-03
    1762     -0.15705847E-03     -0.15966421E-03     -0.16719155E-03     -0.44331282E-03
    1763     -0.15706003E-03     -0.15966421E-03     -0.16723935E-03     -0.44331282E-03
    1764     -0.15706440E-03     -0.15966421E-03     -0.16735739E-03     -0.44331282E-03
    1765     -0.15706549E-03     -0.15966421E-03     -0.16739191E-03     -0.44331282E-03
    1766     -0.15706631E-03     -0.15966421E-03     -0.16741802E-03     -0.44331282E-03
    1767     -0.15706784E-03     -0.15966421E-03     -0.16746669E-03     -0.44331282E-03
    1768     -0.15706985E-03     -0.15966421E-03     -0.16753053E-03     -0.44331282E-03
    1769     -0.15707084E-03     -0.15966421E-03     -0.16756744E-03     -0.44331282E-03
    1770     -0.15707266E-03     -0.15966421E-03     -0.16762935E-03     -0.44331282E-03
    1771     -0.15707397E-03     -0.15966421E-03     -0.16766710E-03     -0.44331282E-03
    1772     -0.15707473E-03     -0.15966421E-03     -0.16769376E-03     -0.44331282E-03
    1773     -0.15707565E-03     -0.15966421E-03     -0.16772352E-03     -0.44331282E-03
    1774     -0.15707753E-03     -0.15966421E-03     -0.16778924E-03     -0.44331282E-03
    1775     -0.15707992E-03     -0.15966421E-03     -0.16787118E-03     -0.44331282E-03
    1776     -0.15708101E-03     -0.15966421E-03     -0.16790633E-03     -0.44331282E-03
    1777     -0.15708222E-03     -0.15966421E-03     -0.16794417E-03     -0.44331282E-03
    1778     -0.15708326E-03     -0.15966421E-03     -0.16798104E-03     -0.44331282E-03
    1779     -0.15708482E-03     -0.15966421E-03     -0.16804045E-03     -0.44331282E-03
    1780     -0.15708621E-03     -0.15966421E-03     -0.16808302E-03     -0.44331282E-03
    1781     -0.15708795E-03     -0.15966421E-03     -0.16815764E-03     -0.44331282E-03
    1782     -0.15708933E-03     -0.15966421E-03     -0.16822238E-03     -0.44331282E-03
    1783     -0.15709027E-03     -0.15966421E-03     -0.16825705E-03     -0.44331282E-03
    1784     -0.15709176E-03     -0.15966421E-03     -0.16830498E-03     -0.44331282E-03
    1785     -0.15709340E-03     -0.15966421E-03     -0.16837189E-03     -0.44331282E-03
    1786     -0.15709529E-03     -0.15966421E-03     -0.16845722E-03     -0.44331282E-03
    1787     -0.15709775E-03     -0.15966421E-03     -0.16853607E-03     -0.44331282E-03
    1788     -0.15710001E-03     -0.15966421E-03     -0.16863352E-03     -0.44331282E-03
    1789     -0.15710271E-03     -0.15966421E-03     -0.16873869E-03     -0.44331282E-03
    1790     -0.15710529E-03     -0.15966421E-03     -0.16882168E-03     -0.44331282E-03
    1791     -0.15710691E-03     -0.15966421E-03     -0.16887867E-03     -0.44331282E-03
    1792     -0.15710829E-03     -0.15966421E-03     -0.16892947E-03     -0.44331282E-03
    1793     -0.15710992E-03     -0.15966421E-03     -0.16898980E-03     -0.44331282E-03
    1794     -0.15711181E-03     -0.15966421E-03     -0.16905629E-03     -0.44331282E-03
    1795     -0.15711304E-03     -0.15966421E-03     -0.16910490E-03     -0.44331282E-03
    1796     -0.15711436E-03     -0.15966421E-03     -0.16915838E-03     -0.44331282E-03
    1797     -0.15711633E-03     -0.15966421E-03     -0.16924866E-03     -0.44331282E-03
    1798     -0.15711777E-03     -0.15966421E-03     -0.16931501E-03     -0.44331282E-03
    1799     -0.15712015E-03     -0.15966421E-03     -0.16943036E-03     -0.44331282E-03
    1800     -0.15712154E-03     -0.15966421E-03     -0.16947815E-03     -0.44331282E-03
    1801     -0.15712314E-03     -0.15966421E-03     -0.16954260E-03     -0.44331282E-03
    1802     -0.15712419E-03     -0.15966421E-03     -0.16958496E-03     -0.44331282E-03
    1803     -0.15712511E-03     -0.15966421E-03     -0.16961994E-03     -0.44331282E-03
    1804     -0.15712679E-03     -0.15966421E-03     -0.16971054E-03     -0.44331282E-03
    1805     -0.15712855E-03     -0.15966421E-03     -0.16977611E-03     -0.44331282E-03
    1806     -0.15712980E-03     -0.15966421E-03     -0.16981783E-03     -0.44331282E-03
    1807     -0.15713232E-03     -0.15966421E-03     -0.16987902E-03     -0.44331282E-03
    1808     -0.15713564E-03     -0.15966421E-03     -0.16996373E-03     -0.44331282E-03
    1809     -0.15713677E-03     -0.15966421E-03     -0.17000356E-03     -0.44331282E-03
    1810     -0.15713777E-03     -0.15966421E-03     -0.17005486E-03     -0.44331282E-03
    1811     -0.15713972E-03     -0.15966421E-03     -0.17011063E-03     -0.44331282E-03
    1812     -0.15714138E-03     -0.15966421E-03     -0.17018018E-03     -0.44331282E-03
    1813     -0.15714475E-03     -0.15966421E-03     -0.17026268E-03     -0.44331282E-03
    1814     -0.15714912E-03     -0.15966421E-03     -0.17035832E-03     -0.44331282E-03
    1815     -0.15715286E-03     -0.15966421E-03     -0.17045546E-03     -0.44331282E-03
    1816     -0.15715676E-03     -0.15966421E-03     -0.17055406E-03     -0.44331282E-03
    1817     -0.15715795E-03     -0.15966421E-03     -0.17059105E-03     -0.44331282E-03
    1818     -0.15715912E-03     -0.15966421E-03     -0.17063677E-03     -0.44331282E-03
    1819     -0.15716012E-03     -0.15966421E-03     -0.17067909E-03     -0.44331282E-03
    1820     -0.15716174E-03     -0.15966421E-03     -0.17073975E-03     -0.44331282E-03
    1821     -0.15716326E-03     -0.15966421E-03     -0.17079253E-03     -0.44331282E-03
    1822     -0.15716463E-03     -0.15966421E-03     -0.17084602E-03     -0.44331282E-03
    1823     -0.15716571E-03     -0.15966421E-03     -0.17089012E-03     -0.44331282E-03
    1824     -0.15716663E-03     -0.15966421E-03     -0.17092835E-03     -0.44331282E-03
    1825     -0.15716749E-03     -0.15966421E-03     -0.17096159E-03     -0.44331282E-03
    1826     -0.15716836E-03     -0.15966421E-03     -0.17099481E-03     -0.44331282E-03
    1827     -0.15716919E-03     -0.15966421E-03     -0.17102737E-03     -0.44331282E-03
    1828     -0.15717030E-03     -0.15966421E-03     -0.17107135E-03     -0.44331282E-03
    1829     -0.15717140E-03     -0.15966421E-03     -0.17111327E-03     -0.44331282E-03
    1830     -0.15717297E-03     -0.15966421E-03     -0.17117028E-03     -0.44331282E-03
    1831     -0.15717397E-03     -0.15966421E-03     -0.17121099E-03     -0.44331282E-03
    1832     -0.15717527E-03     -0.15966421E-03     -0.17125871E-03     -0.44331282E-03
    1833     -0.15717620E-03     -0.15966421E-03     -0.17130240E-03     -0.44331282E-03
    1834     -0.15717722E-03     -0.15966421E-03     -0.17134027E-03     -0.44331282E-03
    1835     -0.15717802E-03     -0.15966421E-03     -0.17138582E-03     -0.44331282E-03
    1836     -0.15717890E-03     -0.15966421E-03     -0.17143466E-03     -0.44331282E-03
    1837     -0.15717957E-03     -0.15966421E-03     -0.17146853E-03     -0.44331282E-03
    1838     -0.15718038E-03     -0.15966421E-03     -0.17151753E-03     -0.44331282E-03
    1839     -0.15718101E-03     -0.15966421E-03     -0.17155865E-03     -0.44331282E-03
    1840     -0.15718176E-03     -0.15966421E-03     -0.17160098E-03     -0.44331282E-03
    1841     -0.15718253E-03     -0.15966421E-03     -0.17163447E-03     -0.44331282E-03
    1842     -0.15718337E-03     -0.15966421E-03     -0.17167600E-03     -0.44331282E-03
    1843     -0.15718395E-03     -0.15966421E-03     -0.17170740E-03     -0.44331282E-03
    1844     -0.15718464E-03     -0.15966421E-03     -0.17174373E-03     -0.44331282E-03
    1845     -0.15718560E-03     -0.15966421E-03     -0.17178774E-03     -0.44331282E-03
    1846     -0.15718626E-03     -0.15966421E-03     -0.17182378E-03     -0.44331282E-03
    1847     -0.15718702E-03     -0.15966421E-03     -0.17185655E-03     -0.44331282E-03
    1848     -0.15718781E-03     -0.15966421E-03     -0.17188806E-03     -0.44331282E-03
    1849     -0.15718865E-03     -0.15966421E-03     -0.17193298E-03     -0.44331282E-03
    1850     -0.15718920E-03     -0.15966421E-03     -0.17196372E-03     -0.44331282E-03
    1851     -0.15718977E-03     -0.15966421E-03     -0.17199292E-03     -0.44331282E-03
    1852     -0.15719068E-03     -0.15966421E-03     -0.17204595E-03     -0.44331282E-03
    1853     -0.15719158E-03     -0.15966421E-03     -0.17209256E-03     -0.44331282E-03
    1854     -0.15719248E-03     -0.15966421E-03     -0.17214237E-03     -0.44331282E-03
    1855     -0.15719333E-03     -0.15966421E-03     -0.17218931E-03     -0.44331282E-03
    1856     -0.15719402E-03     -0.15966421E-03     -0.17222050E-03     -0.44331282E-03
    1857     -0.15719482E-03     -0.15966421E-03     -0.17226345E-03     -0.44331282E-03
    1858     -0.15719538E-03     -0.15966421E-03     -0.17229719E-03     -0.44331282E-03
    1859     -0.15719606E-03     -0.15966421E-03     -0.17235159E-03     -0.44331282E-03
    1860     -0.15719640E-03     -0.15966421E-03     -0.17237817E-03     -0.44331282E-03
    1861     -0.15719699E-03     -0.15966421E-03     -0.17241236E-03     -0.44331282E-03
    1862     -0.15719763E-03     -0.15966421E-03     -0.17244138E-03     -0.44331282E-03
    1863     -0.15719821E-03     -0.15966421E-03     -0.17246895E-03     -0.44331282E-03
    1864     -0.15719901E-03     -0.15966421E-03     -0.17250309E-03     -0.44331282E-03
    1865     -0.15719995E-03     -0.15966421E-03     -0.17254106E-03     -0.44331282E-03
    1866     -0.15720089E-03     -0.15966421E-03     -0.17257822E-03     -0.44331282E-03
    1867     -0.15720168E-03     -0.15966421E-03     -0.17261481E-03     -0.44331282E-03
    1868     -0.15720256E-03     -0.15966421E-03     -0.17264628E-03     -0.44331282E-03
    1869     -0.15720333E-03     -0.15966421E-03     -0.17267977E-03     -0.44331282E-03
    1870     -0.15720403E-03     -0.15966421E-03     -0.17270791E-03     -0.44331282E-03
    1871     -0.15720500E-03     -0.15966421E-03     -0.17274472E-03     -0.44331282E-03
    1872     -0.15720554E-03     -0.15966421E-03     -0.17276776E-03     -0.44331282E-03
    1873     -0.15720652E-03     -0.15966421E-03     -0.17280398E-03     -0.44331282E-03
    1874     -0.15720790E-03     -0.15966421E-03     -0.17286081E-03     -0.44331282E-03
    1875     -0.15720861E-03     -0.15966421E-03     -0.17289327E-03     -0.44331282E-03
    1876     -0.15720966E-03     -0.15966421E-03     -0.17293718E-03     -0.44331282E-03
    1877     -0.15721036E-03     -0.15966421E-03     -0.17297042E-03     -0.44331282E-03
    1878     -0.15721103E-03     -0.15966421E-03     -0.17300560E-03     -0.44331282E-03
    1879     -0.15721201E-03     -0.15966421E-03     -0.17304973E-03     -0.44331282E-03
    1880     -0.15721309E-03     -0.15966421E-03     -0.17309572E-03     -0.44331282E-03
    1881     -0.15721417E-03     -0.15966421E-03     -0.17314625E-03     -0.44331282E-03
    1882     -0.15721501E-03     -0.15966421E-03     -0.17318187E-03     -0.44331282E-03
    1883     -0.15721623E-03     -0.15966421E-03     -0.17322766E-03     -0.44331282E-03
    1884     -0.15721756E-03     -0.15966421E-03     -0.17328138E-03     -0.44331282E-03
    1885     -0.15721845E-03     -0.15966421E-03     -0.17331778E-03     -0.44331282E-03
    1886     -0.15721992E-03     -0.15966421E-03     -0.17337341E-03     -0.44331282E-03
    1887     -0.15722165E-03     -0.15966421E-03     -0.17342992E-03     -0.44331282E-03
    1888     -0.15722334E-03     -0.15966421E-03     -0.17348964E-03     -0.44331282E-03
    1889     -0.15722402E-03     -0.15966421E-03     -0.17351842E-03     -0.44331282E-03
    1890     -0.15722774E-03     -0.15966421E-03     -0.17362238E-03     -0.44331282E-03
    1891     -0.15723092E-03     -0.15966421E-03     -0.17371891E-03     -0.44331282E-03
    1892     -0.15723260E-03     -0.15966421E-03     -0.17376987E-03     -0.44331282E-03
    1893     -0.15723582E-03     -0.15966421E-03     -0.17386746E-03     -0.44331282E-03
    1894     -0.15723736E-03     -0.15966421E-03     -0.17391860E-03     -0.44331282E-03
    1895     -0.15723918E-03     -0.15966421E-03     -0.17398959E-03     -0.44331282E-03
    1896     -0.15724048E-03     -0.15966421E-03     -0.17403540E-03     -0.44331282E-03
    1897     -0.15724204E-03     -0.15966421E-03     -0.17410516E-03     -0.44331282E-03
    1898     -0.15724372E-03     -0.15966421E-03     -0.17416474E-03     -0.44331282E-03
    1899     -0.15724501E-03     -0.15966421E-03     -0.17422224E-03     -0.44331282E-03
    1900     -0.15724655E-03     -0.15966421E-03     -0.17428446E-03     -0.44331282E-03
    1901     -0.15724756E-03     -0.15966421E-03     -0.17432643E-03     -0.44331282E-03
    1902     -0.15724890E-03     -0.15966421E-03     -0.17438405E-03     -0.44331282E-03
    1903     -0.15725005E-03     -0.15966421E-03     -0.17443087E-03     -0.44331282E-03
    1904     -0.15725329E-03     -0.15966421E-03     -0.17453920E-03     -0.44331282E-03
    1905     -0.15725426E-03     -0.15966421E-03     -0.17458003E-03     -0.44331282E-03
    1906     -0.15725571E-03     -0.15966421E-03     -0.17464382E-03     -0.44331282E-03
    1907     -0.15725694E-03     -0.15966421E-03     -0.17469440E-03     -0.44331282E-03
    1908     -0.15725824E-03     -0.15966421E-03     -0.17475117E-03     -0.44331282E-03
    1909     -0.15726007E-03     -0.15966421E-03     -0.17486451E-03     -0.44331282E-03
    1910     -0.15726151E-03     -0.15966421E-03     -0.17494095E-03     -0.44331282E-03
    1911     -0.15726277E-03     -0.15966421E-03     -0.17499214E-03     -0.44331282E-03
    1912     -0.15726478E-03     -0.15966421E-03     -0.17509788E-03     -0.44331282E-03
    1913     -0.15726599E-03     -0.15966421E-03     -0.17516070E-03     -0.44331282E-03
    1914     -0.15726688E-03     -0.15966421E-03     -0.17520331E-03     -0.44331282E-03
    1915     -0.15726754E-03     -0.15966421E-03     -0.17523626E-03     -0.44331282E-03
    1916     -0.15726836E-03     -0.15966421E-03     -0.17527321E-03     -0.44331282E-03
    1917     -0.15726904E-03     -0.15966421E-03     -0.17530104E-03     -0.44331282E-03
    1918     -0.15726983E-03     -0.15966421E-03     -0.17533987E-03     -0.44331282E-03
    1919     -0.15727065E-03     -0.15966421E-03     -0.17537937E-03     -0.44331282E-03
    1920     -0.15727142E-03     -0.15966421E-03     -0.17540916E-03     -0.44331282E-03
    1921     -0.15727221E-03     -0.15966421E-03     -0.17544291E-03     -0.44331282E-03
    1922     -0.15727285E-03     -0.15966421E-03     -0.17546676E-03     -0.44331282E-03
    1923     -0.15727352E-03     -0.15966421E-03     -0.17549632E-03     -0.44331282E-03
    1924     -0.15727409E-03     -0.15966421E-03     -0.17552494E-03     -0.44331282E-03
    1925     -0.15727483E-03     -0.15966421E-03     -0.17555692E-03     -0.44331282E-03
    1926     -0.15727547E-03     -0.15966421E-03     -0.17558856E-03     -0.44331282E-03
    1927     -0.15727606E-03     -0.15966421E-03     -0.17562471E-03     -0.44331282E-03
    1928     -0.15727672E-03     -0.15966421E-03     -0.17565581E-03     -0.44331282E-03
    1929     -0.15727752E-03     -0.15966421E-03     -0.17568308E-03     -0.44331282E-03
    1930     -0.15727830E-03     -0.15966421E-03     -0.17572569E-03     -0.44331282E-03
    1931     -0.15727908E-03     -0.15966421E-03     -0.17575346E-03     -0.44331282E-03
    1932     -0.15727972E-03     -0.15966421E-03     -0.17577778E-03     -0.44331282E-03
    1933     -0.15728041E-03     -0.15966421E-03     -0.17580981E-03     -0.44331282E-03
    1934     -0.15728096E-03     -0.15966421E-03     -0.17584469E-03     -0.44331282E-03
    1935     -0.15728183E-03     -0.15966421E-03     -0.17588870E-03     -0.44331282E-03
    1936     -0.15728242E-03     -0.15966421E-03     -0.17591477E-03     -0.44331282E-03
    1937     -0.15728334E-03     -0.15966421E-03     -0.17595088E-03     -0.44331282E-03
    1938     -0.15728389E-03     -0.15966421E-03     -0.17597534E-03     -0.44331282E-03
    1939     -0.15728482E-03     -0.15966421E-03     -0.17601442E-03     -0.44331282E-03
    1940     -0.15728557E-03     -0.15966421E-03     -0.17604644E-03     -0.44331282E-03
    1941     -0.15728642E-03     -0.15966421E-03     -0.17607831E-03     -0.44331282E-03
    1942     -0.15728709E-03     -0.15966421E-03     -0.17610902E-03     -0.44331282E-03
    1943     -0.15729259E-03     -0.15966421E-03     -0.17625845E-03     -0.44331282E-03
    1944     -0.15729350E-03     -0.15966421E-03     -0.17629618E-03     -0.44331282E-03
    1945     -0.15729451E-03     -0.15966421E-03     -0.17633113E-03     -0.44331282E-03
    1946     -0.15729784E-03     -0.15966421E-03     -0.17642564E-03     -0.44331282E-03
    1947     -0.15729965E-03     -0.15966421E-03     -0.17647683E-03     -0.44331282E-03
    1948     -0.15730216E-03     -0.15966421E-03     -0.17656181E-03     -0.44331282E-03
    1949     -0.15730359E-03     -0.15966421E-03     -0.17662009E-03     -0.44331282E-03
    1950     -0.15730582E-03     -0.15966421E-03     -0.17669439E-03     -0.44331282E-03
    1951     -0.15730734E-03     -0.15966421E-03     -0.17673894E-03     -0.44331282E-03
    1952     -0.15730850E-03     -0.15966421E-03     -0.17678699E-03     -0.44331282E-03
    1953     -0.15730938E-03     -0.15966421E-03     -0.17682354E-03     -0.44331282E-03
    1954     -0.15731127E-03     -0.15966421E-03     -0.17689440E-03     -0.44331282E-03
    1955     -0.15731419E-03     -0.15966421E-03     -0.17698097E-03     -0.44331282E-03
    1956     -0.15731877E-03     -0.15966421E-03     -0.17711453E-03     -0.44331282E-03
    1957     -0.15732099E-03     -0.15966421E-03     -0.17719311E-03     -0.44331282E-03
    1958     -0.15732353E-03     -0.15966421E-03     -0.17727581E-03     -0.44331282E-03
    1959     -0.15732560E-03     -0.15966421E-03     -0.17734510E-03     -0.44331282E-03
    1960     -0.15732725E-03     -0.15966421E-03     -0.17740994E-03     -0.44331282E-03
    1961     -0.15732831E-03     -0.15966421E-03     -0.17745509E-03     -0.44331282E-03
    1962     -0.15732974E-03     -0.15966421E-03     -0.17752039E-03     -0.44331282E-03
    1963     -0.15733104E-03     -0.15966421E-03     -0.17757433E-03     -0.44331282E-03
    1964     -0.15733343E-03     -0.15966421E-03     -0.17764999E-03     -0.44331282E-03
    1965     -0.15733715E-03     -0.15966421E-03     -0.17776562E-03     -0.44331282E-03
    1966     -0.15733943E-03     -0.15966421E-03     -0.17785461E-03     -0.44331282E-03
    1967     -0.15734039E-03     -0.15966421E-03     -0.17789509E-03     -0.44331282E-03
    1968     -0.15734240E-03     -0.15966421E-03     -0.17796248E-03     -0.44331282E-03
    1969     -0.15734454E-03     -0.15966421E-03     -0.17803658E-03     -0.44331282E-03
    1970     -0.15734590E-03     -0.15966421E-03     -0.17809277E-03     -0.44331282E-03
    1971     -0.15734730E-03     -0.15966421E-03     -0.17815242E-03     -0.44331282E-03
    1972     -0.15734872E-03     -0.15966421E-03     -0.17821081E-03     -0.44331282E-03
    1973     -0.15735006E-03     -0.15966421E-03     -0.17827513E-03     -0.44331282E-03
    1974     -0.15735160E-03     -0.15966421E-03     -0.17834691E-03     -0.44331282E-03
    1975     -0.15735351E-03     -0.15966421E-03     -0.17843875E-03     -0.44331282E-03
    1976     -0.15735456E-03     -0.15966421E-03     -0.17849192E-03     -0.44331282E-03
    1977     -0.15735625E-03     -0.15966421E-03     -0.17857766E-03     -0.44331282E-03
    1978     -0.15735773E-03     -0.15966421E-03     -0.17867124E-03     -0.44331282E-03
    1979     -0.15735914E-03     -0.15966421E-03     -0.17875299E-03     -0.44331282E-03
    1980     -0.15736070E-03     -0.15966421E-03     -0.17882806E-03     -0.44331282E-03
    1981     -0.15736207E-03     -0.15966421E-03     -0.17889314E-03     -0.44331282E-03
    1982     -0.15736325E-03     -0.15966421E-03     -0.17895045E-03     -0.44331282E-03
    1983     -0.15736479E-03     -0.15966421E-03     -0.17902637E-03     -0.44331282E-03
    1984     -0.15736547E-03     -0.15966421E-03     -0.17906043E-03     -0.44331282E-03
    1985     -0.15736633E-03     -0.15966421E-03     -0.17910740E-03     -0.44331282E-03
    1986     -0.15736749E-03     -0.15966421E-03     -0.17916286E-03     -0.44331282E-03
    1987     -0.15736842E-03     -0.15966421E-03     -0.17920369E-03     -0.44331282E-03
    1988     -0.15736946E-03     -0.15966421E-03     -0.17925164E-03     -0.44331282E-03
    1989     -0.15737035E-03     -0.15966421E-03     -0.17929415E-03     -0.44331282E-03
    1990     -0.15737134E-03     -0.15966421E-03     -0.17935003E-03     -0.44331282E-03
    1991     -0.15737214E-03     -0.15966421E-03     -0.17938634E-03     -0.44331282E-03
    1992     -0.15737286E-03     -0.15966421E-03     -0.17942043E-03     -0.44331282E-03
    1993     -0.15737341E-03     -0.15966421E-03     -0.17944790E-03     -0.44331282E-03
    1994     -0.15737392E-03     -0.15966421E-03     -0.17947728E-03     -0.44331282E-03
    1995     -0.15737478E-03     -0.15966421E-03     -0.17952443E-03     -0.44331282E-03
    1996     -0.15737553E-03     -0.15966421E-03     -0.17956467E-03     -0.44331282E-03
    1997     -0.15737618E-03     -0.15966421E-03     -0.17959817E-03     -0.44331282E-03
    1998     -0.15737727E-03     -0.15966421E-03     -0.17964887E-03     -0.44331282E-03
    1999     -0.15737840E-03     -0.15966421E-03     -0.17969894E-03     -0.44331282E-03
    2000     -0.15737899E-03     -0.15966421E-03     -0.17972577E-03     -0.44331282E-03
    2001     -0.15737986E-03     -0.15966421E-03     -0.17976721E-03     -0.44331282E-03
    2002     -0.15738066E-03     -0.15966421E-03     -0.17981046E-03     -0.44331282E-03
    2003     -0.15738171E-03     -0.15966421E-03     -0.17985335E-03     -0.44331282E-03
    2004     -0.15738278E-03     -0.15966421E-03     -0.17991605E-03     -0.44331282E-03
    2005     -0.15738399E-03     -0.15966421E-03     -0.17998652E-03     -0.44331282E-03
    2006     -0.15738503E-03     -0.15966421E-03     -0.18004094E-03     -0.44331282E-03
    2007     -0.15738565E-03     -0.15966421E-03     -0.18007639E-03     -0.44331282E-03
    2008     -0.15738658E-03     -0.15966421E-03     -0.18013418E-03     -0.44331282E-03
    2009     -0.15738746E-03     -0.15966421E-03     -0.18017856E-03     -0.44331282E-03
    2010     -0.15738831E-03     -0.15966421E-03     -0.18022208E-03     -0.44331282E-03
    2011     -0.15738921E-03     -0.15966421E-03     -0.18027595E-03     -0.44331282E-03
    2012     -0.15739006E-03     -0.15966421E-03     -0.18031751E-03     -0.44331282E-03
    2013     -0.15739146E-03     -0.15966421E-03     -0.18038116E-03     -0.44331282E-03
    2014     -0.15739308E-03     -0.15966421E-03     -0.18047609E-03     -0.44331282E-03
    2015     -0.15739448E-03     -0.15966421E-03     -0.18054608E-03     -0.44331282E-03
    2016     -0.15739553E-03     -0.15966421E-03     -0.18059359E-03     -0.44331282E-03
    2017     -0.15739663E-03     -0.15966421E-03     -0.18064705E-03     -0.44331282E-03
    2018     -0.15739770E-03     -0.15966421E-03     -0.18068924E-03     -0.44331282E-03
    2019     -0.15739869E-03     -0.15966421E-03     -0.18073674E-03     -0.44331282E-03
    2020     -0.15739957E-03     -0.15966421E-03     -0.18077915E-03     -0.44331282E-03
    2021     -0.15740078E-03     -0.15966421E-03     -0.18084239E-03     -0.44331282E-03
    2022     -0.15740163E-03     -0.15966421E-03     -0.18088820E-03     -0.44331282E-03
    2023     -0.15740268E-03     -0.15966421E-03     -0.18093972E-03     -0.44331282E-03
    2024     -0.15740388E-03     -0.15966421E-03     -0.18099181E-03     -0.44331282E-03
    2025     -0.15740501E-03     -0.15966421E-03     -0.18104096E-03     -0.44331282E-03
    2026     -0.15740616E-03     -0.15966421E-03     -0.18109545E-03     -0.44331282E-03
    2027     -0.15740736E-03     -0.15966421E-03     -0.18115807E-03     -0.44331282E-03
    2028     -0.15740930E-03     -0.15966421E-03     -0.18124423E-03     -0.44331282E-03
    2029     -0.15741057E-03     -0.15966421E-03     -0.18131331E-03     -0.44331282E-03
    2030     -0.15741177E-03     -0.15966421E-03     -0.18137729E-03     -0.44331282E-03
    2031     -0.15741311E-03     -0.15966421E-03     -0.18144143E-03     -0.44331282E-03
    2032     -0.15741411E-03     -0.15966421E-03     -0.18149112E-03     -0.44331282E-03
    2033     -0.15741567E-03     -0.15966421E-03     -0.18157597E-03     -0.44331282E-03
    2034     -0.15741723E-03     -0.15966421E-03     -0.18165543E-03     -0.44331282E-03
    2035     -0.15741859E-03     -0.15966421E-03     -0.18171608E-03     -0.44331282E-03
    2036     -0.15742027E-03     -0.15966421E-03     -0.18179388E-03     -0.44331282E-03
    2037     -0.15742148E-03     -0.15966421E-03     -0.18184419E-03     -0.44331282E-03
    2038     -0.15742366E-03     -0.15966421E-03     -0.18192080E-03     -0.44331282E-03
    2039     -0.15742521E-03     -0.15966421E-03     -0.18198162E-03     -0.44331282E-03
    2040     -0.15742778E-03     -0.15966421E-03     -0.18206901E-03     -0.44331282E-03
    2041     -0.15742991E-03     -0.15966421E-03     -0.18214590E-03     -0.44331282E-03
    2042     -0.15743170E-03     -0.15966421E-03     -0.18221879E-03     -0.44331282E-03
    2043     -0.15743324E-03     -0.15966421E-03     -0.18228267E-03     -0.44331282E-03
    2044     -0.15743507E-03     -0.15966421E-03     -0.18234646E-03     -0.44331282E-03
    2045     -0.15743616E-03     -0.15966421E-03     -0.18239973E-03     -0.44331282E-03
    2046     -0.15743735E-03     -0.15966421E-03     -0.18245268E-03     -0.44331282E-03
    2047     -0.15743819E-03     -0.15966421E-03     -0.18249967E-03     -0.44331282E-03
    2048     -0.15743871E-03     -0.15966421E-03     -0.18253330E-03     -0.44331282E-03
    2049     -0.15743917E-03     -0.15966421E-03     -0.18255886E-03     -0.44331282E-03
    2050     -0.15744009E-03     -0.15966421E-03     -0.18260808E-03     -0.44331282E-03
    2051     -0.15744112E-03     -0.15966421E-03     -0.18265378E-03     -0.44331282E-03
    2052     -0.15744162E-03     -0.15966421E-03     -0.18268107E-03     -0.44331282E-03
    2053     -0.15744292E-03     -0.15966421E-03     -0.18273884E-03     -0.44331282E-03
    2054     -0.15744399E-03     -0.15966421E-03     -0.18278596E-03     -0.44331282E-03
    2055     -0.15744562E-03     -0.15966421E-03     -0.18285683E-03     -0.44331282E-03
    2056     -0.15744741E-03     -0.15966421E-03     -0.18294320E-03     -0.44331282E-03
    2057     -0.15744957E-03     -0.15966421E-03     -0.18302634E-03     -0.44331282E-03
    2058     -0.15745098E-03     -0.15966421E-03     -0.18308287E-03     -0.44331282E-03
    2059     -0.15745357E-03     -0.15966421E-03     -0.18317455E-03     -0.44331282E-03
    2060     -0.15745486E-03     -0.15966421E-03     -0.18322484E-03     -0.44331282E-03
    2061     -0.15745582E-03     -0.15966421E-03     -0.18327032E-03     -0.44331282E-03
    2062     -0.15745690E-03     -0.15966421E-03     -0.18332792E-03     -0.44331282E-03
    2063     -0.15745830E-03     -0.15966421E-03     -0.18339458E-03     -0.44331282E-03
    2064     -0.15745938E-03     -0.15966421E-03     -0.18344147E-03     -0.44331282E-03
    2065     -0.15746021E-03     -0.15966421E-03     -0.18348231E-03     -0.44331282E-03
    2066     -0.15746131E-03     -0.15966421E-03     -0.18352794E-03     -0.44331282E-03
    2067     -0.15746232E-03     -0.15966421E-03     -0.18357841E-03     -0.44331282E-03
    2068     -0.15746332E-03     -0.15966421E-03     -0.18361962E-03     -0.44331282E-03
    2069     -0.15746432E-03     -0.15966421E-03     -0.18366965E-03     -0.44331282E-03
    2070     -0.15746521E-03     -0.15966421E-03     -0.18370669E-03     -0.44331282E-03
    2071     -0.15746620E-03     -0.15966421E-03     -0.18374993E-03     -0.44331282E-03
    2072     -0.15746693E-03     -0.15966421E-03     -0.18378941E-03     -0.44331282E-03
    2073     -0.15746781E-03     -0.15966421E-03     -0.18382372E-03     -0.44331282E-03
    2074     -0.15746876E-03     -0.15966421E-03     -0.18387057E-03     -0.44331282E-03
    2075     -0.15746943E-03     -0.15966421E-03     -0.18390571E-03     -0.44331282E-03
    2076     -0.15747012E-03     -0.15966421E-03     -0.18393747E-03     -0.44331282E-03
    2077     -0.15747080E-03     -0.15966421E-03     -0.18397270E-03     -0.44331282E-03
    2078     -0.15747172E-03     -0.15966421E-03     -0.18401631E-03     -0.44331282E-03
    2079     -0.15747253E-03     -0.15966421E-03     -0.18406297E-03     -0.44331282E-03
    2080     -0.15747339E-03     -0.15966421E-03     -0.18410086E-03     -0.44331282E-03
    2081     -0.15747435E-03     -0.15966421E-03     -0.18414044E-03     -0.44331282E-03
    2082     -0.15747555E-03     -0.15966421E-03     -0.18420050E-03     -0.44331282E-03
    2083     -0.15747640E-03     -0.15966421E-03     -0.18424164E-03     -0.44331282E-03
    2084     -0.15747750E-03     -0.15966421E-03     -0.18430316E-03     -0.44331282E-03
    2085     -0.15747835E-03     -0.15966421E-03     -0.18434137E-03     -0.44331282E-03
    2086     -0.15747930E-03     -0.15966421E-03     -0.18439756E-03     -0.44331282E-03
    2087     -0.15748028E-03     -0.15966421E-03     -0.18444903E-03     -0.44331282E-03
    2088     -0.15748125E-03     -0.15966421E-03     -0.18450227E-03     -0.44331282E-03
    2089     -0.15748241E-03     -0.15966421E-03     -0.18456402E-03     -0.44331282E-03
    2090     -0.15748351E-03     -0.15966421E-03     -0.18461765E-03     -0.44331282E-03
    2091     -0.15748457E-03     -0.15966421E-03     -0.18467834E-03     -0.44331282E-03
    2092     -0.15748539E-03     -0.15966421E-03     -0.18473229E-03     -0.44331282E-03
    2093     -0.15748650E-03     -0.15966421E-03     -0.18479659E-03     -0.44331282E-03
    2094     -0.15748729E-03     -0.15966421E-03     -0.18484731E-03     -0.44331282E-03
    2095     -0.15748795E-03     -0.15966421E-03     -0.18488740E-03     -0.44331282E-03
    2096     -0.15748920E-03     -0.15966421E-03     -0.18494354E-03     -0.44331282E-03
    2097     -0.15749022E-03     -0.15966421E-03     -0.18499180E-03     -0.44331282E-03
    2098     -0.15749202E-03     -0.15966421E-03     -0.18508521E-03     -0.44331282E-03
    2099     -0.15749454E-03     -0.15966421E-03     -0.18521530E-03     -0.44331282E-03
    2100     -0.15749706E-03     -0.15966421E-03     -0.18533427E-03     -0.44331282E-03
    2101     -0.15749824E-03     -0.15966421E-03     -0.18539190E-03     -0.44331282E-03
    2102     -0.15750032E-03     -0.15966421E-03     -0.18549237E-03     -0.44331282E-03
    2103     -0.15750303E-03     -0.15966421E-03     -0.18563214E-03     -0.44331282E-03
    2104     -0.15750448E-03     -0.15966421E-03     -0.18569552E-03     -0.44331282E-03
    2105     -0.15750600E-03     -0.15966421E-03     -0.18577150E-03     -0.44331282E-03
    2106     -0.15750758E-03     -0.15966421E-03     -0.18584519E-03     -0.44331282E-03
    2107     -0.15751029E-03     -0.15966421E-03     -0.18595210E-03     -0.44331282E-03
    2108     -0.15751224E-03     -0.15966421E-03     -0.18604116E-03     -0.44331282E-03
    2109     -0.15751346E-03     -0.15966421E-03     -0.18609164E-03     -0.44331282E-03
    2110     -0.15751488E-03     -0.15966421E-03     -0.18616306E-03     -0.44331282E-03
    2111     -0.15751597E-03     -0.15966421E-03     -0.18621198E-03     -0.44331282E-03
    2112     -0.15751698E-03     -0.15966421E-03     -0.18625725E-03     -0.44331282E-03
    2113     -0.15751772E-03     -0.15966421E-03     -0.18629398E-03     -0.44331282E-03
    2114     -0.15751890E-03     -0.15966421E-03     -0.18634948E-03     -0.44331282E-03
    2115     -0.15752073E-03     -0.15966421E-03     -0.18643254E-03     -0.44331282E-03
    2116     -0.15752212E-03     -0.15966421E-03     -0.18649926E-03     -0.44331282E-03
    2117     -0.15752298E-03     -0.15966421E-03     -0.18654052E-03     -0.44331282E-03
    2118     -0.15752536E-03     -0.15966421E-03     -0.18663091E-03     -0.44331282E-03
    2119     -0.15752629E-03     -0.15966421E-03     -0.18667884E-03     -0.44331282E-03
    2120     -0.15752751E-03     -0.15966421E-03     -0.18674189E-03     -0.44331282E-03
    2121     -0.15752922E-03     -0.15966421E-03     -0.18681939E-03     -0.44331282E-03
    2122     -0.15753141E-03     -0.15966421E-03     -0.18691745E-03     -0.44331282E-03
    2123     -0.15753268E-03     -0.15966421E-03     -0.18697614E-03     -0.44331282E-03
    2124     -0.15753358E-03     -0.15966421E-03     -0.18702152E-03     -0.44331282E-03
    2125     -0.15753517E-03     -0.15966421E-03     -0.18709947E-03     -0.44331282E-03
    2126     -0.15753624E-03     -0.15966421E-03     -0.18714753E-03     -0.44331282E-03
    2127     -0.15753705E-03     -0.15966421E-03     -0.18718979E-03     -0.44331282E-03
    2128     -0.15753779E-03     -0.15966421E-03     -0.18722725E-03     -0.44331282E-03
    2129     -0.15753834E-03     -0.15966421E-03     -0.18725467E-03     -0.44331282E-03
    2130     -0.15753901E-03     -0.15966421E-03     -0.18728686E-03     -0.44331282E-03
    2131     -0.15753963E-03     -0.15966421E-03     -0.18732185E-03     -0.44331282E-03
    2132     -0.15754025E-03     -0.15966421E-03     -0.18735051E-03     -0.44331282E-03
    2133     -0.15754085E-03     -0.15966421E-03     -0.18738390E-03     -0.44331282E-03
    2134     -0.15754156E-03     -0.15966421E-03     -0.18741798E-03     -0.44331282E-03
    2135     -0.15754249E-03     -0.15966421E-03     -0.18745779E-03     -0.44331282E-03
    2136     -0.15754330E-03     -0.15966421E-03     -0.18749482E-03     -0.44331282E-03
    2137     -0.15754396E-03     -0.15966421E-03     -0.18752219E-03     -0.44331282E-03
    2138     -0.15754488E-03     -0.15966421E-03     -0.18756637E-03     -0.44331282E-03
    2139     -0.15754556E-03     -0.15966421E-03     -0.18760632E-03     -0.44331282E-03
    2140     -0.15754622E-03     -0.15966421E-03     -0.18763993E-03     -0.44331282E-03
    2141     -0.15754676E-03     -0.15966421E-03     -0.18766523E-03     -0.44331282E-03
    2142     -0.15754731E-03     -0.15966421E-03     -0.18769593E-03     -0.44331282E-03
    2143     -0.15754798E-03     -0.15966421E-03     -0.18773000E-03     -0.44331282E-03
    2144     -0.15754863E-03     -0.15966421E-03     -0.18776877E-03     -0.44331282E-03
    2145     -0.15754917E-03     -0.15966421E-03     -0.18779431E-03     -0.44331282E-03
    2146     -0.15754958E-03     -0.15966421E-03     -0.18782025E-03     -0.44331282E-03
    2147     -0.15755012E-03     -0.15966421E-03     -0.18785120E-03     -0.44331282E-03
    2148     -0.15755069E-03     -0.15966421E-03     -0.18788133E-03     -0.44331282E-03
    2149     -0.15755143E-03     -0.15966421E-03     -0.18791334E-03     -0.44331282E-03
    2150     -0.15755204E-03     -0.15966421E-03     -0.18793739E-03     -0.44331282E-03
    2151     -0.15755255E-03     -0.15966421E-03     -0.18796317E-03     -0.44331282E-03
    2152     -0.15755311E-03     -0.15966421E-03     -0.18799213E-03     -0.44331282E-03
    2153     -0.15755372E-03     -0.15966421E-03     -0.18802195E-03     -0.44331282E-03
    2154     -0.15755430E-03     -0.15966421E-03     -0.18804166E-03     -0.44331282E-03
    2155     -0.15755473E-03     -0.15966421E-03     -0.18806697E-03     -0.44331282E-03
    2156     -0.15755559E-03     -0.15966421E-03     -0.18810765E-03     -0.44331282E-03
    2157     -0.15755613E-03     -0.15966421E-03     -0.18813180E-03     -0.44331282E-03
    2158     -0.15755668E-03     -0.15966421E-03     -0.18815436E-03     -0.44331282E-03
    2159     -0.15755729E-03     -0.15966421E-03     -0.18818169E-03     -0.44331282E-03
    2160     -0.15755808E-03     -0.15966421E-03     -0.18822234E-03     -0.44331282E-03
    2161     -0.15755877E-03     -0.15966421E-03     -0.18826267E-03     -0.44331282E-03
    2162     -0.15755924E-03     -0.15966421E-03     -0.18828778E-03     -0.44331282E-03
    2163     -0.15756018E-03     -0.15966421E-03     -0.18834214E-03     -0.44331282E-03
    2164     -0.15756077E-03     -0.15966421E-03     -0.18837166E-03     -0.44331282E-03
    2165     -0.15756177E-03     -0.15966421E-03     -0.18842338E-03     -0.44331282E-03
    2166     -0.15756261E-03     -0.15966421E-03     -0.18846589E-03     -0.44331282E-03
    2167     -0.15756347E-03     -0.15966421E-03     -0.18851147E-03     -0.44331282E-03
    2168     -0.15756446E-03     -0.15966421E-03     -0.18856097E-03     -0.44331282E-03
    2169     -0.15756568E-03     -0.15966421E-03     -0.18863320E-03     -0.44331282E-03
    2170     -0.15756689E-03     -0.15966421E-03     -0.18868839E-03     -0.44331282E-03
    2171     -0.15756778E-03     -0.15966421E-03     -0.18873623E-03     -0.44331282E-03
    2172     -0.15756926E-03     -0.15966421E-03     -0.18881514E-03     -0.44331282E-03
    2173     -0.15757038E-03     -0.15966421E-03     -0.18886746E-03     -0.44331282E-03
    2174     -0.15757122E-03     -0.15966421E-03     -0.18891860E-03     -0.44331282E-03
    2175     -0.15757227E-03     -0.15966421E-03     -0.18897485E-03     -0.44331282E-03
    2176     -0.15757337E-03     -0.15966421E-03     -0.18902502E-03     -0.44331282E-03
    2177     -0.15757434E-03     -0.15966421E-03     -0.18907267E-03     -0.44331282E-03
    2178     -0.15757564E-03     -0.15966421E-03     -0.18913795E-03     -0.44331282E-03
    2179     -0.15757667E-03     -0.15966421E-03     -0.18919464E-03     -0.44331282E-03
    2180     -0.15757792E-03     -0.15966421E-03     -0.18925384E-03     -0.44331282E-03
    2181     -0.15757942E-03     -0.15966421E-03     -0.18931250E-03     -0.44331282E-03
    2182     -0.15758057E-03     -0.15966421E-03     -0.18936726E-03     -0.44331282E-03
    2183     -0.15758171E-03     -0.15966421E-03     -0.18942658E-03     -0.44331282E-03
    2184     -0.15758249E-03     -0.15966421E-03     -0.18947965E-03     -0.44331282E-03
    2185     -0.15758392E-03     -0.15966421E-03     -0.18955179E-03     -0.44331282E-03
    2186     -0.15758600E-03     -0.15966421E-03     -0.18963535E-03     -0.44331282E-03
    2187     -0.15758741E-03     -0.15966421E-03     -0.18971865E-03     -0.44331282E-03
    2188     -0.15758929E-03     -0.15966421E-03     -0.18980752E-03     -0.44331282E-03
    2189     -0.15759057E-03     -0.15966421E-03     -0.18987973E-03     -0.44331282E-03
    2190     -0.15759356E-03     -0.15966421E-03     -0.19000388E-03     -0.44331282E-03
    2191     -0.15759624E-03     -0.15966421E-03     -0.19011157E-03     -0.44331282E-03
    2192     -0.15759700E-03     -0.15966421E-03     -0.19015983E-03     -0.44331282E-03
    2193     -0.15759803E-03     -0.15966421E-03     -0.19021187E-03     -0.44331282E-03
    2194     -0.15759886E-03     -0.15966421E-03     -0.19026035E-03     -0.44331282E-03
    2195     -0.15759995E-03     -0.15966421E-03     -0.19032024E-03     -0.44331282E-03
    2196     -0.15760090E-03     -0.15966421E-03     -0.19036406E-03     -0.44331282E-03
    2197     -0.15760176E-03     -0.15966421E-03     -0.19041106E-03     -0.44331282E-03
    2198     -0.15760277E-03     -0.15966421E-03     -0.19046089E-03     -0.44331282E-03
    2199     -0.15760367E-03     -0.15966421E-03     -0.19050903E-03     -0.44331282E-03
    2200     -0.15760463E-03     -0.15966421E-03     -0.19056066E-03     -0.44331282E-03
    2201     -0.15760525E-03     -0.15966421E-03     -0.19059778E-03     -0.44331282E-03
    2202     -0.15760599E-03     -0.15966421E-03     -0.19063557E-03     -0.44331282E-03
    2203     -0.15760711E-03     -0.15966421E-03     -0.19069035E-03     -0.44331282E-03
    2204     -0.15760803E-03     -0.15966421E-03     -0.19073660E-03     -0.44331282E-03
    2205     -0.15760931E-03     -0.15966421E-03     -0.19080079E-03     -0.44331282E-03
    2206     -0.15760998E-03     -0.15966421E-03     -0.19083485E-03     -0.44331282E-03
    2207     -0.15761087E-03     -0.15966421E-03     -0.19087695E-03     -0.44331282E-03
    2208     -0.15761174E-03     -0.15966421E-03     -0.19092568E-03     -0.44331282E-03
    2209     -0.15761266E-03     -0.15966421E-03     -0.19097728E-03     -0.44331282E-03
    2210     -0.15761370E-03     -0.15966421E-03     -0.19103474E-03     -0.44331282E-03
    2211     -0.15761455E-03     -0.15966421E-03     -0.19107848E-03     -0.44331282E-03
    2212     -0.15761536E-03     -0.15966421E-03     -0.19111987E-03     -0.44331282E-03
    2213     -0.15761620E-03     -0.15966421E-03     -0.19115895E-03     -0.44331282E-03
    2214     -0.15761705E-03     -0.15966421E-03     -0.19120489E-03     -0.44331282E-03
    2215     -0.15761786E-03     -0.15966421E-03     -0.19124719E-03     -0.44331282E-03
    2216     -0.15761864E-03     -0.15966421E-03     -0.19129012E-03     -0.44331282E-03
    2217     -0.15761940E-03     -0.15966421E-03     -0.19133531E-03     -0.44331282E-03
    2218     -0.15762061E-03     -0.15966421E-03     -0.19139895E-03     -0.44331282E-03
    2219     -0.15762136E-03     -0.15966421E-03     -0.19144102E-03     -0.44331282E-03
    2220     -0.15762250E-03     -0.15966421E-03     -0.19150533E-03     -0.44331282E-03
    2221     -0.15762404E-03     -0.15966421E-03     -0.19159149E-03     -0.44331282E-03
    2222     -0.15762525E-03     -0.15966421E-03     -0.19165590E-03     -0.44331282E-03
    2223     -0.15762645E-03     -0.15966421E-03     -0.19172270E-03     -0.44331282E-03
    2224     -0.15762767E-03     -0.15966421E-03     -0.19179709E-03     -0.44331282E-03
    2225     -0.15762884E-03     -0.15966421E-03     -0.19186639E-03     -0.44331282E-03
    2226     -0.15762985E-03     -0.15966421E-03     -0.19192451E-03     -0.44331282E-03
    2227     -0.15763082E-03     -0.15966421E-03     -0.19197179E-03     -0.44331282E-03
    2228     -0.15763213E-03     -0.15966421E-03     -0.19204303E-03     -0.44331282E-03
    2229     -0.15763351E-03     -0.15966421E-03     -0.19212026E-03     -0.44331282E-03
    2230     -0.15763455E-03     -0.15966421E-03     -0.19218292E-03     -0.44331282E-03
    2231     -0.15763578E-03     -0.15966421E-03     -0.19224785E-03     -0.44331282E-03
    2232     -0.15763678E-03     -0.15966421E-03     -0.19230258E-03     -0.44331282E-03
    2233     -0.15763765E-03     -0.15966421E-03     -0.19235639E-03     -0.44331282E-03
    2234     -0.15763893E-03     -0.15966421E-03     -0.19242723E-03     -0.44331282E-03
    2235     -0.15763970E-03     -0.15966421E-03     -0.19246211E-03     -0.44331282E-03
    2236     -0.15764116E-03     -0.15966421E-03     -0.19254585E-03     -0.44331282E-03
    2237     -0.15764237E-03     -0.15966421E-03     -0.19260409E-03     -0.44331282E-03
    2238     -0.15764372E-03     -0.15966421E-03     -0.19267759E-03     -0.44331282E-03
    2239     -0.15764503E-03     -0.15966421E-03     -0.19274121E-03     -0.44331282E-03
    2240     -0.15764620E-03     -0.15966421E-03     -0.19279956E-03     -0.44331282E-03
    2241     -0.15764732E-03     -0.15966421E-03     -0.19285934E-03     -0.44331282E-03
    2242     -0.15764857E-03     -0.15966421E-03     -0.19291665E-03     -0.44331282E-03
    2243     -0.15764965E-03     -0.15966421E-03     -0.19297000E-03     -0.44331282E-03
    2244     -0.15765122E-03     -0.15966421E-03     -0.19304729E-03     -0.44331282E-03
    2245     -0.15765237E-03     -0.15966421E-03     -0.19310266E-03     -0.44331282E-03
    2246     -0.15765314E-03     -0.15966421E-03     -0.19314166E-03     -0.44331282E-03
    2247     -0.15765415E-03     -0.15966421E-03     -0.19318872E-03     -0.44331282E-03
    2248     -0.15765496E-03     -0.15966421E-03     -0.19323178E-03     -0.44331282E-03
    2249     -0.15765584E-03     -0.15966421E-03     -0.19327127E-03     -0.44331282E-03
    2250     -0.15765676E-03     -0.15966421E-03     -0.19331764E-03     -0.44331282E-03
    2251     -0.15765787E-03     -0.15966421E-03     -0.19337614E-03     -0.44331282E-03
    2252     -0.15765875E-03     -0.15966421E-03     -0.19342513E-03     -0.44331282E-03
    2253     -0.15765965E-03     -0.15966421E-03     -0.19346780E-03     -0.44331282E-03
    2254     -0.15766046E-03     -0.15966421E-03     -0.19350662E-03     -0.44331282E-03
    2255     -0.15766124E-03     -0.15966421E-03     -0.19354637E-03     -0.44331282E-03
    2256     -0.15766225E-03     -0.15966421E-03     -0.19360621E-03     -0.44331282E-03
    2257     -0.15766321E-03     -0.15966421E-03     -0.19366862E-03     -0.44331282E-03
    2258     -0.15766397E-03     -0.15966421E-03     -0.19372108E-03     -0.44331282E-03
    2259     -0.15766455E-03     -0.15966421E-03     -0.19375687E-03     -0.44331282E-03
    2260     -0.15766528E-03     -0.15966421E-03     -0.19379191E-03     -0.44331282E-03
    2261     -0.15766608E-03     -0.15966421E-03     -0.19383842E-03     -0.44331282E-03
    2262     -0.15766669E-03     -0.15966421E-03     -0.19387182E-03     -0.44331282E-03
    2263     -0.15766734E-03     -0.15966421E-03     -0.19391431E-03     -0.44331282E-03
    2264     -0.15766806E-03     -0.15966421E-03     -0.19394715E-03     -0.44331282E-03
    2265     -0.15766869E-03     -0.15966421E-03     -0.19399105E-03     -0.44331282E-03
    2266     -0.15766948E-03     -0.15966421E-03     -0.19403130E-03     -0.44331282E-03
    2267     -0.15766982E-03     -0.15966421E-03     -0.19405383E-03     -0.44331282E-03
    2268     -0.15767049E-03     -0.15966421E-03     -0.19409184E-03     -0.44331282E-03
    2269     -0.15767122E-03     -0.15966421E-03     -0.19413188E-03     -0.44331282E-03
    2270     -0.15767223E-03     -0.15966421E-03     -0.19418682E-03     -0.44331282E-03
    2271     -0.15767305E-03     -0.15966421E-03     -0.19422783E-03     -0.44331282E-03
    2272     -0.15767411E-03     -0.15966421E-03     -0.19429651E-03     -0.44331282E-03
    2273     -0.15767500E-03     -0.15966421E-03     -0.19434642E-03     -0.44331282E-03
    2274     -0.15767600E-03     -0.15966421E-03     -0.19439849E-03     -0.44331282E-03
    2275     -0.15767718E-03     -0.15966421E-03     -0.19447063E-03     -0.44331282E-03
    2276     -0.15767858E-03     -0.15966421E-03     -0.19455446E-03     -0.44331282E-03
    2277     -0.15767943E-03     -0.15966421E-03     -0.19460364E-03     -0.44331282E-03
    2278     -0.15768039E-03     -0.15966421E-03     -0.19466272E-03     -0.44331282E-03
    2279     -0.15768171E-03     -0.15966421E-03     -0.19473964E-03     -0.44331282E-03
    2280     -0.15768302E-03     -0.15966421E-03     -0.19482949E-03     -0.44331282E-03
    2281     -0.15768431E-03     -0.15966421E-03     -0.19490854E-03     -0.44331282E-03
    2282     -0.15768509E-03     -0.15966421E-03     -0.19496346E-03     -0.44331282E-03
    2283     -0.15768604E-03     -0.15966421E-03     -0.19501765E-03     -0.44331282E-03
    2284     -0.15768745E-03     -0.15966421E-03     -0.19510376E-03     -0.44331282E-03
    2285     -0.15768880E-03     -0.15966421E-03     -0.19518212E-03     -0.44331282E-03
    2286     -0.15768956E-03     -0.15966421E-03     -0.19522484E-03     -0.44331282E-03
    2287     -0.15769043E-03     -0.15966421E-03     -0.19527066E-03     -0.44331282E-03
    2288     -0.15769120E-03     -0.15966421E-03     -0.19531485E-03     -0.44331282E-03
    2289     -0.15769215E-03     -0.15966421E-03     -0.19536624E-03     -0.44331282E-03
    2290     -0.15769357E-03     -0.15966421E-03     -0.19545635E-03     -0.44331282E-03
    2291     -0.15769462E-03     -0.15966421E-03     -0.19552782E-03     -0.44331282E-03
    2292     -0.15769544E-03     -0.15966421E-03     -0.19557721E-03     -0.44331282E-03
    2293     -0.15769631E-03     -0.15966421E-03     -0.19562859E-03     -0.44331282E-03
    2294     -0.15769702E-03     -0.15966421E-03     -0.19565787E-03     -0.44331282E-03
    2295     -0.15769852E-03     -0.15966421E-03     -0.19575313E-03     -0.44331282E-03
    2296     -0.15769927E-03     -0.15966421E-03     -0.19578923E-03     -0.44331282E-03
    2297     -0.15769992E-03     -0.15966421E-03     -0.19582474E-03     -0.44331282E-03
    2298     -0.15770045E-03     -0.15966421E-03     -0.19585432E-03     -0.44331282E-03
    2299     -0.15770119E-03     -0.15966421E-03     -0.19590218E-03     -0.44331282E-03
    2300     -0.15770169E-03     -0.15966421E-03     -0.19593133E-03     -0.44331282E-03
    2301     -0.15770294E-03     -0.15966421E-03     -0.19600237E-03     -0.44331282E-03
    2302     -0.15770408E-03     -0.15966421E-03     -0.19606717E-03     -0.44331282E-03
    2303     -0.15770478E-03     -0.15966421E-03     -0.19611607E-03     -0.44331282E-03
    2304     -0.15770551E-03     -0.15966421E-03     -0.19616012E-03     -0.44331282E-03
    2305     -0.15770623E-03     -0.15966421E-03     -0.19619999E-03     -0.44331282E-03
    2306     -0.15770710E-03     -0.15966421E-03     -0.19624824E-03     -0.44331282E-03
    2307     -0.15770799E-03     -0.15966421E-03     -0.19629375E-03     -0.44331282E-03
    2308     -0.15770869E-03     -0.15966421E-03     -0.19633041E-03     -0.44331282E-03
    2309     -0.15770937E-03     -0.15966421E-03     -0.19636606E-03     -0.44331282E-03
    2310     -0.15771071E-03     -0.15966421E-03     -0.19642635E-03     -0.44331282E-03
    2311     -0.15771176E-03     -0.15966421E-03     -0.19647582E-03     -0.44331282E-03
    2312     -0.15771254E-03     -0.15966421E-03     -0.19651607E-03     -0.44331282E-03
    2313     -0.15771311E-03     -0.15966421E-03     -0.19655437E-03     -0.44331282E-03
    2314     -0.15771401E-03     -0.15966421E-03     -0.19661070E-03     -0.44331282E-03
    2315     -0.15771493E-03     -0.15966421E-03     -0.19666458E-03     -0.44331282E-03
    2316     -0.15771597E-03     -0.15966421E-03     -0.19671999E-03     -0.44331282E-03
    2317     -0.15771838E-03     -0.15966421E-03     -0.19683004E-03     -0.44331282E-03
    2318     -0.15771921E-03     -0.15966421E-03     -0.19687646E-03     -0.44331282E-03
    2319     -0.15772061E-03     -0.15966421E-03     -0.19694295E-03     -0.44331282E-03
    2320     -0.15772139E-03     -0.15966421E-03     -0.19698760E-03     -0.44331282E-03
    2321     -0.15772312E-03     -0.15966421E-03     -0.19707453E-03     -0.44331282E-03
    2322     -0.15772400E-03     -0.15966421E-03     -0.19713490E-03     -0.44331282E-03
    2323     -0.15772504E-03     -0.15966421E-03     -0.19720199E-03     -0.44331282E-03
    2324     -0.15772633E-03     -0.15966421E-03     -0.19727879E-03     -0.44331282E-03
    2325     -0.15772714E-03     -0.15966421E-03     -0.19732486E-03     -0.44331282E-03
    2326     -0.15772808E-03     -0.15966421E-03     -0.19737547E-03     -0.44331282E-03
    2327     -0.15772868E-03     -0.15966421E-03     -0.19741205E-03     -0.44331282E-03
    2328     -0.15772963E-03     -0.15966421E-03     -0.19745405E-03     -0.44331282E-03
    2329     -0.15773054E-03     -0.15966421E-03     -0.19750116E-03     -0.44331282E-03
    2330     -0.15773144E-03     -0.15966421E-03     -0.19755831E-03     -0.44331282E-03
    2331     -0.15773239E-03     -0.15966421E-03     -0.19761131E-03     -0.44331282E-03
    2332     -0.15773367E-03     -0.15966421E-03     -0.19768119E-03     -0.44331282E-03
    2333     -0.15773454E-03     -0.15966421E-03     -0.19772562E-03     -0.44331282E-03
    2334     -0.15773565E-03     -0.15966421E-03     -0.19778431E-03     -0.44331282E-03
    2335     -0.15773696E-03     -0.15966421E-03     -0.19785938E-03     -0.44331282E-03
    2336     -0.15773754E-03     -0.15966421E-03     -0.19789144E-03     -0.44331282E-03
    2337     -0.15773807E-03     -0.15966421E-03     -0.19793063E-03     -0.44331282E-03
    2338     -0.15773892E-03     -0.15966421E-03     -0.19797621E-03     -0.44331282E-03
    2339     -0.15773971E-03     -0.15966421E-03     -0.19801906E-03     -0.44331282E-03
    2340     -0.15774052E-03     -0.15966421E-03     -0.19807041E-03     -0.44331282E-03
    2341     -0.15774107E-03     -0.15966421E-03     -0.19810334E-03     -0.44331282E-03
    2342     -0.15774153E-03     -0.15966421E-03     -0.19813598E-03     -0.44331282E-03
    2343     -0.15774185E-03     -0.15966421E-03     -0.19815976E-03     -0.44331282E-03
    2344     -0.15774246E-03     -0.15966421E-03     -0.19819046E-03     -0.44331282E-03
    2345     -0.15774312E-03     -0.15966421E-03     -0.19822618E-03     -0.44331282E-03
    2346     -0.15774362E-03     -0.15966421E-03     -0.19825320E-03     -0.44331282E-03
    2347     -0.15774420E-03     -0.15966421E-03     -0.19827977E-03     -0.44331282E-03
    2348     -0.15774461E-03     -0.15966421E-03     -0.19829835E-03     -0.44331282E-03
    2349     -0.15774525E-03     -0.15966421E-03     -0.19833290E-03     -0.44331282E-03
    2350     -0.15774604E-03     -0.15966421E-03     -0.19836434E-03     -0.44331282E-03
    2351     -0.15774684E-03     -0.15966421E-03     -0.19840641E-03     -0.44331282E-03
    2352     -0.15774767E-03     -0.15966421E-03     -0.19844681E-03     -0.44331282E-03
    2353     -0.15774843E-03     -0.15966421E-03     -0.19848325E-03     -0.44331282E-03
    2354     -0.15774925E-03     -0.15966421E-03     -0.19853107E-03     -0.44331282E-03
    2355     -0.15774989E-03     -0.15966421E-03     -0.19856821E-03     -0.44331282E-03
    2356     -0.15775065E-03     -0.15966421E-03     -0.19861090E-03     -0.44331282E-03
    2357     -0.15775138E-03     -0.15966421E-03     -0.19864814E-03     -0.44331282E-03
    2358     -0.15775210E-03     -0.15966421E-03     -0.19869062E-03     -0.44331282E-03
    2359     -0.15775270E-03     -0.15966421E-03     -0.19872577E-03     -0.44331282E-03
    2360     -0.15775340E-03     -0.15966421E-03     -0.19876030E-03     -0.44331282E-03
    2361     -0.15775428E-03     -0.15966421E-03     -0.19880976E-03     -0.44331282E-03
    2362     -0.15775485E-03     -0.15966421E-03     -0.19884374E-03     -0.44331282E-03
    2363     -0.15775551E-03     -0.15966421E-03     -0.19887854E-03     -0.44331282E-03
    2364     -0.15775630E-03     -0.15966421E-03     -0.19891636E-03     -0.44331282E-03
    2365     -0.15775695E-03     -0.15966421E-03     -0.19895264E-03     -0.44331282E-03
    2366     -0.15775761E-03     -0.15966421E-03     -0.19899049E-03     -0.44331282E-03
    2367     -0.15775829E-03     -0.15966421E-03     -0.19903086E-03     -0.44331282E-03
    2368     -0.15775883E-03     -0.15966421E-03     -0.19905610E-03     -0.44331282E-03
    2369     -0.15775980E-03     -0.15966421E-03     -0.19909905E-03     -0.44331282E-03
    2370     -0.15776056E-03     -0.15966421E-03     -0.19912790E-03     -0.44331282E-03
    2371     -0.15776119E-03     -0.15966421E-03     -0.19916613E-03     -0.44331282E-03
    2372     -0.15776186E-03     -0.15966421E-03     -0.19919524E-03     -0.44331282E-03
    2373     -0.15776254E-03     -0.15966421E-03     -0.19922853E-03     -0.44331282E-03
    2374     -0.15776294E-03     -0.15966421E-03     -0.19926133E-03     -0.44331282E-03
    2375     -0.15776360E-03     -0.15966421E-03     -0.19929149E-03     -0.44331282E-03
    2376     -0.15776425E-03     -0.15966421E-03     -0.19933102E-03     -0.44331282E-03
    2377     -0.15776499E-03     -0.15966421E-03     -0.19936362E-03     -0.44331282E-03
    2378     -0.15776574E-03     -0.15966421E-03     -0.19939973E-03     -0.44331282E-03
    2379     -0.15776646E-03     -0.15966421E-03     -0.19943909E-03     -0.44331282E-03
    2380     -0.15776713E-03     -0.15966421E-03     -0.19947550E-03     -0.44331282E-03
    2381     -0.15776780E-03     -0.15966421E-03     -0.19951094E-03     -0.44331282E-03
    2382     -0.15776851E-03     -0.15966421E-03     -0.19954783E-03     -0.44331282E-03
    2383     -0.15776916E-03     -0.15966421E-03     -0.19958933E-03     -0.44331282E-03
    2384     -0.15776982E-03     -0.15966421E-03     -0.19962328E-03     -0.44331282E-03
    2385     -0.15777043E-03     -0.15966421E-03     -0.19966094E-03     -0.44331282E-03
    2386     -0.15777107E-03     -0.15966421E-03     -0.19969803E-03     -0.44331282E-03
    2387     -0.15777159E-03     -0.15966421E-03     -0.19972926E-03     -0.44331282E-03
    2388     -0.15777218E-03     -0.15966421E-03     -0.19976436E-03     -0.44331282E-03
    2389     -0.15777283E-03     -0.15966421E-03     -0.19980556E-03     -0.44331282E-03
    2390     -0.15777331E-03     -0.15966421E-03     -0.19983821E-03     -0.44331282E-03
    2391     -0.15777374E-03     -0.15966421E-03     -0.19986592E-03     -0.44331282E-03
    2392     -0.15777455E-03     -0.15966421E-03     -0.19991123E-03     -0.44331282E-03
    2393     -0.15777508E-03     -0.15966421E-03     -0.19993724E-03     -0.44331282E-03
    2394     -0.15777572E-03     -0.15966421E-03     -0.19996952E-03     -0.44331282E-03
    2395     -0.15777650E-03     -0.15966421E-03     -0.20000764E-03     -0.44331282E-03
    2396     -0.15777714E-03     -0.15966421E-03     -0.20003735E-03     -0.44331282E-03
    2397     -0.15777780E-03     -0.15966421E-03     -0.20007504E-03     -0.44331282E-03
    2398     -0.15777863E-03     -0.15966421E-03     -0.20010986E-03     -0.44331282E-03
    2399     -0.15777930E-03     -0.15966421E-03     -0.20014294E-03     -0.44331282E-03
    2400     -0.15777999E-03     -0.15966421E-03     -0.20018266E-03     -0.44331282E-03
    2401     -0.15778088E-03     -0.15966421E-03     -0.20023354E-03     -0.44331282E-03
    2402     -0.15778160E-03     -0.15966421E-03     -0.20026658E-03     -0.44331282E-03
    2403     -0.15778224E-03     -0.15966421E-03     -0.20030252E-03     -0.44331282E-03
    2404     -0.15778304E-03     -0.15966421E-03     -0.20034691E-03     -0.44331282E-03
    2405     -0.15778424E-03     -0.15966421E-03     -0.20041364E-03     -0.44331282E-03
    2406     -0.15778513E-03     -0.15966421E-03     -0.20045135E-03     -0.44331282E-03
    2407     -0.15778658E-03     -0.15966421E-03     -0.20052441E-03     -0.44331282E-03
    2408     -0.15778747E-03     -0.15966421E-03     -0.20057484E-03     -0.44331282E-03
    2409     -0.15778837E-03     -0.15966421E-03     -0.20062010E-03     -0.44331282E-03
    2410     -0.15778930E-03     -0.15966421E-03     -0.20067804E-03     -0.44331282E-03
    2411     -0.15779014E-03     -0.15966421E-03     -0.20072141E-03     -0.44331282E-03
    2412     -0.15779143E-03     -0.15966421E-03     -0.20079496E-03     -0.44331282E-03
    2413     -0.15779243E-03     -0.15966421E-03     -0.20085153E-03     -0.44331282E-03
    2414     -0.15779325E-03     -0.15966421E-03     -0.20089628E-03     -0.44331282E-03
    2415     -0.15779439E-03     -0.15966421E-03     -0.20096820E-03     -0.44331282E-03
    2416     -0.15779509E-03     -0.15966421E-03     -0.20100922E-03     -0.44331282E-03
    2417     -0.15779589E-03     -0.15966421E-03     -0.20105841E-03     -0.44331282E-03
    2418     -0.15779685E-03     -0.15966421E-03     -0.20111300E-03     -0.44331282E-03
    2419     -0.15779754E-03     -0.15966421E-03     -0.20114661E-03     -0.44331282E-03
    2420     -0.15779817E-03     -0.15966421E-03     -0.20118711E-03     -0.44331282E-03
    2421     -0.15779881E-03     -0.15966421E-03     -0.20123193E-03     -0.44331282E-03
    2422     -0.15779964E-03     -0.15966421E-03     -0.20127563E-03     -0.44331282E-03
    2423     -0.15780048E-03     -0.15966421E-03     -0.20131658E-03     -0.44331282E-03
    2424     -0.15780128E-03     -0.15966421E-03     -0.20135770E-03     -0.44331282E-03
    2425     -0.15780220E-03     -0.15966421E-03     -0.20141124E-03     -0.44331282E-03
    2426     -0.15780295E-03     -0.15966421E-03     -0.20144867E-03     -0.44331282E-03
    2427     -0.15780362E-03     -0.15966421E-03     -0.20148787E-03     -0.44331282E-03
    2428     -0.15780421E-03     -0.15966421E-03     -0.20152145E-03     -0.44331282E-03
    2429     -0.15780553E-03     -0.15966421E-03     -0.20158168E-03     -0.44331282E-03
    2430     -0.15780647E-03     -0.15966421E-03     -0.20162687E-03     -0.44331282E-03
    2431     -0.15780735E-03     -0.15966421E-03     -0.20167100E-03     -0.44331282E-03
    2432     -0.15780828E-03     -0.15966421E-03     -0.20171549E-03     -0.44331282E-03
    2433     -0.15780961E-03     -0.15966421E-03     -0.20177871E-03     -0.44331282E-03
    2434     -0.15781028E-03     -0.15966421E-03     -0.20181269E-03     -0.44331282E-03
    2435     -0.15781135E-03     -0.15966421E-03     -0.20185396E-03     -0.44331282E-03
    2436     -0.15781204E-03     -0.15966421E-03     -0.20188018E-03     -0.44331282E-03
    2437     -0.15781260E-03     -0.15966421E-03     -0.20190409E-03     -0.44331282E-03
    2438     -0.15781324E-03     -0.15966421E-03     -0.20193864E-03     -0.44331282E-03
    2439     -0.15781398E-03     -0.15966421E-03     -0.20197835E-03     -0.44331282E-03
    2440     -0.15781476E-03     -0.15966421E-03     -0.20202052E-03     -0.44331282E-03
    2441     -0.15781539E-03     -0.15966421E-03     -0.20205242E-03     -0.44331282E-03
    2442     -0.15781580E-03     -0.15966421E-03     -0.20207402E-03     -0.44331282E-03
    2443     -0.15781635E-03     -0.15966421E-03     -0.20210176E-03     -0.44331282E-03
    2444     -0.15781708E-03     -0.15966421E-03     -0.20214472E-03     -0.44331282E-03
    2445     -0.15781770E-03     -0.15966421E-03     -0.20217628E-03     -0.44331282E-03
    2446     -0.15781842E-03     -0.15966421E-03     -0.20221358E-03     -0.44331282E-03
    2447     -0.15781902E-03     -0.15966421E-03     -0.20224589E-03     -0.44331282E-03
    2448     -0.15781958E-03     -0.15966421E-03     -0.20227896E-03     -0.44331282E-03
    2449     -0.15782021E-03     -0.15966421E-03     -0.20231087E-03     -0.44331282E-03
    2450     -0.15782107E-03     -0.15966421E-03     -0.20234617E-03     -0.44331282E-03
    2451     -0.15782191E-03     -0.15966421E-03     -0.20238386E-03     -0.44331282E-03
    2452     -0.15782306E-03     -0.15966421E-03     -0.20242700E-03     -0.44331282E-03
    2453     -0.15782416E-03     -0.15966421E-03     -0.20248281E-03     -0.44331282E-03
    2454     -0.15782533E-03     -0.15966421E-03     -0.20253740E-03     -0.44331282E-03
    2455     -0.15782607E-03     -0.15966421E-03     -0.20256974E-03     -0.44331282E-03
    2456     -0.15782666E-03     -0.15966421E-03     -0.20260658E-03     -0.44331282E-03
    2457     -0.15782746E-03     -0.15966421E-03     -0.20264142E-03     -0.44331282E-03
    2458     -0.15782809E-03     -0.15966421E-03     -0.20267661E-03     -0.44331282E-03
    2459     -0.15782875E-03     -0.15966421E-03     -0.20270841E-03     -0.44331282E-03
    2460     -0.15782965E-03     -0.15966421E-03     -0.20275096E-03     -0.44331282E-03
    2461     -0.15783097E-03     -0.15966421E-03     -0.20280207E-03     -0.44331282E-03
    2462     -0.15783316E-03     -0.15966421E-03     -0.20287805E-03     -0.44331282E-03
    2463     -0.15783413E-03     -0.15966421E-03     -0.20293036E-03     -0.44331282E-03
    2464     -0.15783484E-03     -0.15966421E-03     -0.20298067E-03     -0.44331282E-03
    2465     -0.15783546E-03     -0.15966421E-03     -0.20301969E-03     -0.44331282E-03
    2466     -0.15783663E-03     -0.15966421E-03     -0.20307650E-03     -0.44331282E-03
    2467     -0.15783840E-03     -0.15966421E-03     -0.20315105E-03     -0.44331282E-03
    2468     -0.15783940E-03     -0.15966421E-03     -0.20319391E-03     -0.44331282E-03
    2469     -0.15784038E-03     -0.15966421E-03     -0.20324709E-03     -0.44331282E-03
    2470     -0.15784157E-03     -0.15966421E-03     -0.20330668E-03     -0.44331282E-03
    2471     -0.15784256E-03     -0.15966421E-03     -0.20335054E-03     -0.44331282E-03
    2472     -0.15784419E-03     -0.15966421E-03     -0.20341757E-03     -0.44331282E-03
    2473     -0.15784620E-03     -0.15966421E-03     -0.20349977E-03     -0.44331282E-03
    2474     -0.15784733E-03     -0.15966421E-03     -0.20356233E-03     -0.44331282E-03
    2475     -0.15784896E-03     -0.15966421E-03     -0.20363304E-03     -0.44331282E-03
    2476     -0.15784974E-03     -0.15966421E-03     -0.20367165E-03     -0.44331282E-03
    2477     -0.15785083E-03     -0.15966421E-03     -0.20373251E-03     -0.44331282E-03
    2478     -0.15785166E-03     -0.15966421E-03     -0.20377637E-03     -0.44331282E-03
    2479     -0.15785254E-03     -0.15966421E-03     -0.20382125E-03     -0.44331282E-03
    2480     -0.15785333E-03     -0.15966421E-03     -0.20386684E-03     -0.44331282E-03
    2481     -0.15785407E-03     -0.15966421E-03     -0.20391356E-03     -0.44331282E-03
    2482     -0.15785513E-03     -0.15966421E-03     -0.20398244E-03     -0.44331282E-03
    2483     -0.15785582E-03     -0.15966421E-03     -0.20402591E-03     -0.44331282E-03
    2484     -0.15785726E-03     -0.15966421E-03     -0.20409166E-03     -0.44331282E-03
    2485     -0.15785841E-03     -0.15966421E-03     -0.20415290E-03     -0.44331282E-03
    2486     -0.15785981E-03     -0.15966421E-03     -0.20422128E-03     -0.44331282E-03
    2487     -0.15786168E-03     -0.15966421E-03     -0.20429424E-03     -0.44331282E-03
    2488     -0.15786345E-03     -0.15966421E-03     -0.20436956E-03     -0.44331282E-03
    2489     -0.15786424E-03     -0.15966421E-03     -0.20441899E-03     -0.44331282E-03
    2490     -0.15786537E-03     -0.15966421E-03     -0.20447353E-03     -0.44331282E-03
    2491     -0.15786806E-03     -0.15966421E-03     -0.20456800E-03     -0.44331282E-03
    2492     -0.15786898E-03     -0.15966421E-03     -0.20461854E-03     -0.44331282E-03
    2493     -0.15787002E-03     -0.15966421E-03     -0.20466286E-03     -0.44331282E-03
    2494     -0.15787136E-03     -0.15966421E-03     -0.20472277E-03     -0.44331282E-03
    2495     -0.15787256E-03     -0.15966421E-03     -0.20477414E-03     -0.44331282E-03
    2496     -0.15787446E-03     -0.15966421E-03     -0.20485756E-03     -0.44331282E-03
    2497     -0.15787607E-03     -0.15966421E-03     -0.20491801E-03     -0.44331282E-03
    2498     -0.15787693E-03     -0.15966421E-03     -0.20495877E-03     -0.44331282E-03
    2499     -0.15787937E-03     -0.15966421E-03     -0.20504800E-03     -0.44331282E-03
    2500     -0.15788060E-03     -0.15966421E-03     -0.20510677E-03     -0.44331282E-03
    2501     -0.15788217E-03     -0.15966421E-03     -0.20516415E-03     -0.44331282E-03
    2502     -0.15788301E-03     -0.15966421E-03     -0.20520509E-03     -0.44331282E-03
    2503     -0.15788399E-03     -0.15966421E-03     -0.20525816E-03     -0.44331282E-03
    2504     -0.15788500E-03     -0.15966421E-03     -0.20530784E-03     -0.44331282E-03
    2505     -0.15788590E-03     -0.15966421E-03     -0.20535648E-03     -0.44331282E-03
    2506     -0.15788752E-03     -0.15966421E-03     -0.20542333E-03     -0.44331282E-03
    2507     -0.15788971E-03     -0.15966421E-03     -0.20550531E-03     -0.44331282E-03
    2508     -0.15789256E-03     -0.15966421E-03     -0.20559688E-03     -0.44331282E-03
    2509     -0.15789437E-03     -0.15966421E-03     -0.20567204E-03     -0.44331282E-03
    2510     -0.15789542E-03     -0.15966421E-03     -0.20572573E-03     -0.44331282E-03
    2511     -0.15789668E-03     -0.15966421E-03     -0.20578292E-03     -0.44331282E-03
    2512     -0.15789903E-03     -0.15966421E-03     -0.20588473E-03     -0.44331282E-03
    2513     -0.15790081E-03     -0.15966421E-03     -0.20596233E-03     -0.44331282E-03
    2514     -0.15790246E-03     -0.15966421E-03     -0.20603286E-03     -0.44331282E-03
    2515     -0.15790423E-03     -0.15966421E-03     -0.20610953E-03     -0.44331282E-03
    2516     -0.15790493E-03     -0.15966421E-03     -0.20614364E-03     -0.44331282E-03
    2517     -0.15790586E-03     -0.15966421E-03     -0.20619512E-03     -0.44331282E-03
    2518     -0.15790737E-03     -0.15966421E-03     -0.20626428E-03     -0.44331282E-03
    2519     -0.15790835E-03     -0.15966421E-03     -0.20631927E-03     -0.44331282E-03
    2520     -0.15790933E-03     -0.15966421E-03     -0.20636233E-03     -0.44331282E-03
    2521     -0.15791048E-03     -0.15966421E-03     -0.20641653E-03     -0.44331282E-03
    2522     -0.15791149E-03     -0.15966421E-03     -0.20646502E-03     -0.44331282E-03
    2523     -0.15791305E-03     -0.15966421E-03     -0.20653093E-03     -0.44331282E-03
    2524     -0.15791393E-03     -0.15966421E-03     -0.20657794E-03     -0.44331282E-03
    2525     -0.15791544E-03     -0.15966421E-03     -0.20664224E-03     -0.44331282E-03
    2526     -0.15791688E-03     -0.15966421E-03     -0.20670152E-03     -0.44331282E-03
    2527     -0.15791773E-03     -0.15966421E-03     -0.20674531E-03     -0.44331282E-03
    2528     -0.15791953E-03     -0.15966421E-03     -0.20682381E-03     -0.44331282E-03
    2529     -0.15792091E-03     -0.15966421E-03     -0.20689125E-03     -0.44331282E-03
    2530     -0.15792298E-03     -0.15966421E-03     -0.20697113E-03     -0.44331282E-03
    2531     -0.15792413E-03     -0.15966421E-03     -0.20702114E-03     -0.44331282E-03
    2532     -0.15792540E-03     -0.15966421E-03     -0.20707783E-03     -0.44331282E-03
    2533     -0.15792665E-03     -0.15966421E-03     -0.20713440E-03     -0.44331282E-03
    2534     -0.15792907E-03     -0.15966421E-03     -0.20722311E-03     -0.44331282E-03
    2535     -0.15793079E-03     -0.15966421E-03     -0.20729339E-03     -0.44331282E-03
    2536     -0.15793284E-03     -0.15966421E-03     -0.20737598E-03     -0.44331282E-03
    2537     -0.15793390E-03     -0.15966421E-03     -0.20741874E-03     -0.44331282E-03
    2538     -0.15793552E-03     -0.15966421E-03     -0.20747880E-03     -0.44331282E-03
    2539     -0.15793691E-03     -0.15966421E-03     -0.20754645E-03     -0.44331282E-03
    2540     -0.15793793E-03     -0.15966421E-03     -0.20759525E-03     -0.44331282E-03
    2541     -0.15793949E-03     -0.15966421E-03     -0.20765994E-03     -0.44331282E-03
    2542     -0.15794067E-03     -0.15966421E-03     -0.20770908E-03     -0.44331282E-03
    2543     -0.15794262E-03     -0.15966421E-03     -0.20778006E-03     -0.44331282E-03
    2544     -0.15794440E-03     -0.15966421E-03     -0.20785070E-03     -0.44331282E-03
    2545     -0.15794724E-03     -0.15966421E-03     -0.20796461E-03     -0.44331282E-03
    2546     -0.15794913E-03     -0.15966421E-03     -0.20803757E-03     -0.44331282E-03
    2547     -0.15795086E-03     -0.15966421E-03     -0.20811417E-03     -0.44331282E-03
    2548     -0.15795226E-03     -0.15966421E-03     -0.20817126E-03     -0.44331282E-03
    2549     -0.15795363E-03     -0.15966421E-03     -0.20822645E-03     -0.44331282E-03
    2550     -0.15795512E-03     -0.15966421E-03     -0.20829583E-03     -0.44331282E-03
    2551     -0.15795691E-03     -0.15966421E-03     -0.20837351E-03     -0.44331282E-03
    2552     -0.15795836E-03     -0.15966421E-03     -0.20842814E-03     -0.44331282E-03
    2553     -0.15795984E-03     -0.15966421E-03     -0.20849557E-03     -0.44331282E-03
    2554     -0.15796186E-03     -0.15966421E-03     -0.20857412E-03     -0.44331282E-03
    2555     -0.15796368E-03     -0.15966421E-03     -0.20864333E-03     -0.44331282E-03
    2556     -0.15796650E-03     -0.15966421E-03     -0.20874909E-03     -0.44331282E-03
    2557     -0.15796835E-03     -0.15966421E-03     -0.20882893E-03     -0.44331282E-03
    2558     -0.15796968E-03     -0.15966421E-03     -0.20888944E-03     -0.44331282E-03
    2559     -0.15797195E-03     -0.15966421E-03     -0.20897678E-03     -0.44331282E-03
    2560     -0.15797353E-03     -0.15966421E-03     -0.20904829E-03     -0.44331282E-03
    2561     -0.15797647E-03     -0.15966421E-03     -0.20917087E-03     -0.44331282E-03
    2562     -0.15797968E-03     -0.15966421E-03     -0.20927907E-03     -0.44331282E-03
    2563     -0.15798155E-03     -0.15966421E-03     -0.20936804E-03     -0.44331282E-03
    2564     -0.15798401E-03     -0.15966421E-03     -0.20946271E-03     -0.44331282E-03
    2565     -0.15798625E-03     -0.15966421E-03     -0.20954505E-03     -0.44331282E-03
    2566     -0.15798773E-03     -0.15966421E-03     -0.20960900E-03     -0.44331282E-03
    2567     -0.15799115E-03     -0.15966421E-03     -0.20972245E-03     -0.44331282E-03
    2568     -0.15799488E-03     -0.15966421E-03     -0.20985115E-03     -0.44331282E-03
    2569     -0.15799673E-03     -0.15966421E-03     -0.20992653E-03     -0.44331282E-03
    2570     -0.15799906E-03     -0.15966421E-03     -0.21002423E-03     -0.44331282E-03
    2571     -0.15800299E-03     -0.15966421E-03     -0.21016218E-03     -0.44331282E-03
    2572     -0.15800571E-03     -0.15966421E-03     -0.21026864E-03     -0.44331282E-03
    2573     -0.15800827E-03     -0.15966421E-03     -0.21038138E-03     -0.44331282E-03
    2574     -0.15800991E-03     -0.15966421E-03     -0.21046139E-03     -0.44331282E-03
    2575     -0.15801124E-03     -0.15966421E-03     -0.21052274E-03     -0.44331282E-03
    2576     -0.15801358E-03     -0.15966421E-03     -0.21062433E-03     -0.44331282E-03
    2577     -0.15801559E-03     -0.15966421E-03     -0.21072365E-03     -0.44331282E-03
    2578     -0.15801683E-03     -0.15966421E-03     -0.21078721E-03     -0.44331282E-03
    2579     -0.15801875E-03     -0.15966421E-03     -0.21087347E-03     -0.44331282E-03
    2580     -0.15801979E-03     -0.15966421E-03     -0.21093308E-03     -0.44331282E-03
    2581     -0.15802133E-03     -0.15966421E-03     -0.21100230E-03     -0.44331282E-03
    2582     -0.15802271E-03     -0.15966421E-03     -0.21106878E-03     -0.44331282E-03
    2583     -0.15802420E-03     -0.15966421E-03     -0.21115066E-03     -0.44331282E-03
    2584     -0.15802636E-03     -0.15966421E-03     -0.21124836E-03     -0.44331282E-03
    2585     -0.15802735E-03     -0.15966421E-03     -0.21130096E-03     -0.44331282E-03
    2586     -0.15803004E-03     -0.15966421E-03     -0.21143234E-03     -0.44331282E-03
    2587     -0.15803187E-03     -0.15966421E-03     -0.21153102E-03     -0.44331282E-03
    2588     -0.15803391E-03     -0.15966421E-03     -0.21164033E-03     -0.44331282E-03
    2589     -0.15803546E-03     -0.15966421E-03     -0.21172350E-03     -0.44331282E-03
    2590     -0.15803690E-03     -0.15966421E-03     -0.21179884E-03     -0.44331282E-03
    2591     -0.15803795E-03     -0.15966421E-03     -0.21185555E-03     -0.44331282E-03
    2592     -0.15803937E-03     -0.15966421E-03     -0.21192482E-03     -0.44331282E-03
    2593     -0.15804123E-03     -0.15966421E-03     -0.21201035E-03     -0.44331282E-03
    2594     -0.15804237E-03     -0.15966421E-03     -0.21207505E-03     -0.44331282E-03
    2595     -0.15804417E-03     -0.15966421E-03     -0.21217594E-03     -0.44331282E-03
    2596     -0.15804565E-03     -0.15966421E-03     -0.21226294E-03     -0.44331282E-03
    2597     -0.15804691E-03     -0.15966421E-03     -0.21233292E-03     -0.44331282E-03
    2598     -0.15804873E-03     -0.15966421E-03     -0.21245797E-03     -0.44331282E-03
    2599     -0.15804968E-03     -0.15966421E-03     -0.21251880E-03     -0.44331282E-03
    2600     -0.15805087E-03     -0.15966421E-03     -0.21258977E-03     -0.44331282E-03
    2601     -0.15805262E-03     -0.15966421E-03     -0.21268860E-03     -0.44331282E-03
    2602     -0.15805382E-03     -0.15966421E-03     -0.21276020E-03     -0.44331282E-03
    2603     -0.15805520E-03     -0.15966421E-03     -0.21283276E-03     -0.44331282E-03
    2604     -0.15805666E-03     -0.15966421E-03     -0.21291414E-03     -0.44331282E-03
    2605     -0.15805795E-03     -0.15966421E-03     -0.21298301E-03     -0.44331282E-03
    2606     -0.15805908E-03     -0.15966421E-03     -0.21304714E-03     -0.44331282E-03
    2607     -0.15806066E-03     -0.15966421E-03     -0.21313208E-03     -0.44331282E-03
    2608     -0.15806198E-03     -0.15966421E-03     -0.21319853E-03     -0.44331282E-03
    2609     -0.15806292E-03     -0.15966421E-03     -0.21325639E-03     -0.44331282E-03
    2610     -0.15806415E-03     -0.15966421E-03     -0.21332477E-03     -0.44331282E-03
    2611     -0.15806527E-03     -0.15966421E-03     -0.21338523E-03     -0.44331282E-03
    2612     -0.15806691E-03     -0.15966421E-03     -0.21347494E-03     -0.44331282E-03
    2613     -0.15806809E-03     -0.15966421E-03     -0.21353821E-03     -0.44331282E-03
    2614     -0.15806934E-03     -0.15966421E-03     -0.21360524E-03     -0.44331282E-03
    2615     -0.15807065E-03     -0.15966421E-03     -0.21368110E-03     -0.44331282E-03
    2616     -0.15807181E-03     -0.15966421E-03     -0.21374548E-03     -0.44331282E-03
    2617     -0.15807385E-03     -0.15966421E-03     -0.21386433E-03     -0.44331282E-03
    2618     -0.15807494E-03     -0.15966421E-03     -0.21392601E-03     -0.44331282E-03
    2619     -0.15807636E-03     -0.15966421E-03     -0.21399833E-03     -0.44331282E-03
    2620     -0.15807815E-03     -0.15966421E-03     -0.21410763E-03     -0.44331282E-03
    2621     -0.15808036E-03     -0.15966421E-03     -0.21423842E-03     -0.44331282E-03
    2622     -0.15808274E-03     -0.15966421E-03     -0.21437400E-03     -0.44331282E-03
    2623     -0.15808475E-03     -0.15966421E-03     -0.21451709E-03     -0.44331282E-03
    2624     -0.15808638E-03     -0.15966421E-03     -0.21460781E-03     -0.44331282E-03
    2625     -0.15808900E-03     -0.15966421E-03     -0.21474594E-03     -0.44331282E-03
    2626     -0.15809211E-03     -0.15966421E-03     -0.21490507E-03     -0.44331282E-03
    2627     -0.15809399E-03     -0.15966421E-03     -0.21500054E-03     -0.44331282E-03
    2628     -0.15809635E-03     -0.15966421E-03     -0.21513808E-03     -0.44331282E-03
    2629     -0.15809856E-03     -0.15966421E-03     -0.21526957E-03     -0.44331282E-03
    2630     -0.15810146E-03     -0.15966421E-03     -0.21542535E-03     -0.44331282E-03
    2631     -0.15810484E-03     -0.15966421E-03     -0.21561238E-03     -0.44331282E-03
    2632     -0.15810699E-03     -0.15966421E-03     -0.21572245E-03     -0.44331282E-03
    2633     -0.15810917E-03     -0.15966421E-03     -0.21584441E-03     -0.44331282E-03
    2634     -0.15811149E-03     -0.15966421E-03     -0.21596546E-03     -0.44331282E-03
    2635     -0.15811339E-03     -0.15966421E-03     -0.21608512E-03     -0.44331282E-03
    2636     -0.15811482E-03     -0.15966421E-03     -0.21616653E-03     -0.44331282E-03
    2637     -0.15811628E-03     -0.15966421E-03     -0.21623528E-03     -0.44331282E-03
    2638     -0.15811793E-03     -0.15966421E-03     -0.21633090E-03     -0.44331282E-03
    2639     -0.15811935E-03     -0.15966421E-03     -0.21640957E-03     -0.44331282E-03
    2640     -0.15812043E-03     -0.15966421E-03     -0.21646745E-03     -0.44331282E-03
    2641     -0.15812248E-03     -0.15966421E-03     -0.21657394E-03     -0.44331282E-03
    2642     -0.15812415E-03     -0.15966421E-03     -0.21667593E-03     -0.44331282E-03
    2643     -0.15812574E-03     -0.15966421E-03     -0.21677572E-03     -0.44331282E-03
    2644     -0.15812703E-03     -0.15966421E-03     -0.21684718E-03     -0.44331282E-03
    2645     -0.15812879E-03     -0.15966421E-03     -0.21694937E-03     -0.44331282E-03
    2646     -0.15813048E-03     -0.15966421E-03     -0.21704517E-03     -0.44331282E-03
    2647     -0.15813179E-03     -0.15966421E-03     -0.21711278E-03     -0.44331282E-03
    2648     -0.15813305E-03     -0.15966421E-03     -0.21720173E-03     -0.44331282E-03
    2649     -0.15813401E-03     -0.15966421E-03     -0.21726718E-03     -0.44331282E-03
    2650     -0.15813518E-03     -0.15966421E-03     -0.21733988E-03     -0.44331282E-03
    2651     -0.15813619E-03     -0.15966421E-03     -0.21740728E-03     -0.44331282E-03
    2652     -0.15813692E-03     -0.15966421E-03     -0.21744900E-03     -0.44331282E-03
    2653     -0.15813789E-03     -0.15966421E-03     -0.21750659E-03     -0.44331282E-03
    2654     -0.15813884E-03     -0.15966421E-03     -0.21755906E-03     -0.44331282E-03
    2655     -0.15813993E-03     -0.15966421E-03     -0.21761658E-03     -0.44331282E-03
    2656     -0.15814090E-03     -0.15966421E-03     -0.21767212E-03     -0.44331282E-03
    2657     -0.15814190E-03     -0.15966421E-03     -0.21772857E-03     -0.44331282E-03
    2658     -0.15814418E-03     -0.15966421E-03     -0.21783289E-03     -0.44331282E-03
    2659     -0.15814583E-03     -0.15966421E-03     -0.21789751E-03     -0.44331282E-03
    2660     -0.15814676E-03     -0.15966421E-03     -0.21795003E-03     -0.44331282E-03
    2661     -0.15814832E-03     -0.15966421E-03     -0.21801870E-03     -0.44331282E-03
    2662     -0.15814930E-03     -0.15966421E-03     -0.21807150E-03     -0.44331282E-03
    2663     -0.15815066E-03     -0.15966421E-03     -0.21814043E-03     -0.44331282E-03
    2664     -0.15815282E-03     -0.15966421E-03     -0.21823559E-03     -0.44331282E-03
    2665     -0.15815416E-03     -0.15966421E-03     -0.21829547E-03     -0.44331282E-03
    2666     -0.15815569E-03     -0.15966421E-03     -0.21836904E-03     -0.44331282E-03
    2667     -0.15815719E-03     -0.15966421E-03     -0.21844080E-03     -0.44331282E-03
    2668     -0.15815887E-03     -0.15966421E-03     -0.21851960E-03     -0.44331282E-03
    2669     -0.15816015E-03     -0.15966421E-03     -0.21857557E-03     -0.44331282E-03
    2670     -0.15816162E-03     -0.15966421E-03     -0.21864337E-03     -0.44331282E-03
    2671     -0.15816266E-03     -0.15966421E-03     -0.21869776E-03     -0.44331282E-03
    2672     -0.15816420E-03     -0.15966421E-03     -0.21876227E-03     -0.44331282E-03
    2673     -0.15816645E-03     -0.15966421E-03     -0.21886872E-03     -0.44331282E-03
    2674     -0.15816784E-03     -0.15966421E-03     -0.21892672E-03     -0.44331282E-03
    2675     -0.15816931E-03     -0.15966421E-03     -0.21899684E-03     -0.44331282E-03
    2676     -0.15817032E-03     -0.15966421E-03     -0.21903689E-03     -0.44331282E-03
    2677     -0.15817472E-03     -0.15966421E-03     -0.21919656E-03     -0.44331282E-03
    2678     -0.15817807E-03     -0.15966421E-03     -0.21933052E-03     -0.44331282E-03
    2679     -0.15818086E-03     -0.15966421E-03     -0.21944231E-03     -0.44331282E-03
    2680     -0.15818233E-03     -0.15966421E-03     -0.21950167E-03     -0.44331282E-03
    2681     -0.15818331E-03     -0.15966421E-03     -0.21956010E-03     -0.44331282E-03
    2682     -0.15818504E-03     -0.15966421E-03     -0.21964274E-03     -0.44331282E-03
    2683     -0.15818666E-03     -0.15966421E-03     -0.21972545E-03     -0.44331282E-03
    2684     -0.15818864E-03     -0.15966421E-03     -0.21982467E-03     -0.44331282E-03
    2685     -0.15818981E-03     -0.15966421E-03     -0.21988028E-03     -0.44331282E-03
    2686     -0.15819050E-03     -0.15966421E-03     -0.21992134E-03     -0.44331282E-03
    2687     -0.15819125E-03     -0.15966421E-03     -0.21997093E-03     -0.44331282E-03
    2688     -0.15819214E-03     -0.15966421E-03     -0.22002011E-03     -0.44331282E-03
    2689     -0.15819295E-03     -0.15966421E-03     -0.22007478E-03     -0.44331282E-03
    2690     -0.15819385E-03     -0.15966421E-03     -0.22012974E-03     -0.44331282E-03
    2691     -0.15819487E-03     -0.15966421E-03     -0.22018571E-03     -0.44331282E-03
    2692     -0.15819648E-03     -0.15966421E-03     -0.22026568E-03     -0.44331282E-03
    2693     -0.15819783E-03     -0.15966421E-03     -0.22033034E-03     -0.44331282E-03
    2694     -0.15819884E-03     -0.15966421E-03     -0.22038789E-03     -0.44331282E-03
    2695     -0.15819970E-03     -0.15966421E-03     -0.22043831E-03     -0.44331282E-03
    2696     -0.15820047E-03     -0.15966421E-03     -0.22049033E-03     -0.44331282E-03
    2697     -0.15820156E-03     -0.15966421E-03     -0.22054185E-03     -0.44331282E-03
    2698     -0.15820243E-03     -0.15966421E-03     -0.22058854E-03     -0.44331282E-03
    2699     -0.15820340E-03     -0.15966421E-03     -0.22065285E-03     -0.44331282E-03
    2700     -0.15820424E-03     -0.15966421E-03     -0.22071351E-03     -0.44331282E-03
    2701     -0.15820528E-03     -0.15966421E-03     -0.22078582E-03     -0.44331282E-03
    2702     -0.15820614E-03     -0.15966421E-03     -0.22083864E-03     -0.44331282E-03
    2703     -0.15820696E-03     -0.15966421E-03     -0.22089002E-03     -0.44331282E-03
    2704     -0.15820810E-03     -0.15966421E-03     -0.22096576E-03     -0.44331282E-03
    2705     -0.15820876E-03     -0.15966421E-03     -0.22101361E-03     -0.44331282E-03
    2706     -0.15820954E-03     -0.15966421E-03     -0.22105471E-03     -0.44331282E-03
    2707     -0.15821028E-03     -0.15966421E-03     -0.22110143E-03     -0.44331282E-03
    2708     -0.15821088E-03     -0.15966421E-03     -0.22113749E-03     -0.44331282E-03
    2709     -0.15821185E-03     -0.15966421E-03     -0.22119168E-03     -0.44331282E-03
    2710     -0.15821266E-03     -0.15966421E-03     -0.22124694E-03     -0.44331282E-03
    2711     -0.15821375E-03     -0.15966421E-03     -0.22131796E-03     -0.44331282E-03
    2712     -0.15821495E-03     -0.15966421E-03     -0.22139582E-03     -0.44331282E-03
    2713     -0.15821608E-03     -0.15966421E-03     -0.22145953E-03     -0.44331282E-03
    2714     -0.15821718E-03     -0.15966421E-03     -0.22151571E-03     -0.44331282E-03
    2715     -0.15821877E-03     -0.15966421E-03     -0.22160878E-03     -0.44331282E-03
    2716     -0.15821997E-03     -0.15966421E-03     -0.22167414E-03     -0.44331282E-03
    2717     -0.15822110E-03     -0.15966421E-03     -0.22173487E-03     -0.44331282E-03
    2718     -0.15822261E-03     -0.15966421E-03     -0.22181392E-03     -0.44331282E-03
    2719     -0.15822334E-03     -0.15966421E-03     -0.22185311E-03     -0.44331282E-03
    2720     -0.15822419E-03     -0.15966421E-03     -0.22190217E-03     -0.44331282E-03
    2721     -0.15822507E-03     -0.15966421E-03     -0.22195076E-03     -0.44331282E-03
    2722     -0.15822588E-03     -0.15966421E-03     -0.22199516E-03     -0.44331282E-03
    2723     -0.15822674E-03     -0.15966421E-03     -0.22203735E-03     -0.44331282E-03
    2724     -0.15822771E-03     -0.15966421E-03     -0.22208956E-03     -0.44331282E-03
    2725     -0.15822858E-03     -0.15966421E-03     -0.22213569E-03     -0.44331282E-03
    2726     -0.15822938E-03     -0.15966421E-03     -0.22218236E-03     -0.44331282E-03
    2727     -0.15823063E-03     -0.15966421E-03     -0.22224539E-03     -0.44331282E-03
    2728     -0.15823271E-03     -0.15966421E-03     -0.22236078E-03     -0.44331282E-03
    2729     -0.15823363E-03     -0.15966421E-03     -0.22241426E-03     -0.44331282E-03
    2730     -0.15823494E-03     -0.15966421E-03     -0.22248614E-03     -0.44331282E-03
    2731     -0.15823582E-03     -0.15966421E-03     -0.22254535E-03     -0.44331282E-03
    2732     -0.15823718E-03     -0.15966421E-03     -0.22262444E-03     -0.44331282E-03
    2733     -0.15823924E-03     -0.15966421E-03     -0.22273303E-03     -0.44331282E-03
    2734     -0.15824020E-03     -0.15966421E-03     -0.22279148E-03     -0.44331282E-03
    2735     -0.15824079E-03     -0.15966421E-03     -0.22283109E-03     -0.44331282E-03
    2736     -0.15824166E-03     -0.15966421E-03     -0.22289694E-03     -0.44331282E-03
    2737     -0.15824231E-03     -0.15966421E-03     -0.22294738E-03     -0.44331282E-03
    2738     -0.15824321E-03     -0.15966421E-03     -0.22300340E-03     -0.44331282E-03
    2739     -0.15824418E-03     -0.15966421E-03     -0.22307282E-03     -0.44331282E-03
    2740     -0.15824485E-03     -0.15966421E-03     -0.22311839E-03     -0.44331282E-03
    2741     -0.15824579E-03     -0.15966421E-03     -0.22317415E-03     -0.44331282E-03
    2742     -0.15824656E-03     -0.15966421E-03     -0.22322241E-03     -0.44331282E-03
    2743     -0.15824724E-03     -0.15966421E-03     -0.22327011E-03     -0.44331282E-03
    2744     -0.15824801E-03     -0.15966421E-03     -0.22331719E-03     -0.44331282E-03
    2745     -0.15824865E-03     -0.15966421E-03     -0.22335656E-03     -0.44331282E-03
    2746     -0.15824951E-03     -0.15966421E-03     -0.22340071E-03     -0.44331282E-03
    2747     -0.15825025E-03     -0.15966421E-03     -0.22344731E-03     -0.44331282E-03
    2748     -0.15825099E-03     -0.15966421E-03     -0.22349259E-03     -0.44331282E-03
    2749     -0.15825171E-03     -0.15966421E-03     -0.22353910E-03     -0.44331282E-03
    2750     -0.15825247E-03     -0.15966421E-03     -0.22358800E-03     -0.44331282E-03
    2751     -0.15825333E-03     -0.15966421E-03     -0.22364402E-03     -0.44331282E-03
    2752     -0.15825394E-03     -0.15966421E-03     -0.22368222E-03     -0.44331282E-03
    2753     -0.15825463E-03     -0.15966421E-03     -0.22372724E-03     -0.44331282E-03
    2754     -0.15825545E-03     -0.15966421E-03     -0.22377754E-03     -0.44331282E-03
    2755     -0.15825612E-03     -0.15966421E-03     -0.22382144E-03     -0.44331282E-03
    2756     -0.15825669E-03     -0.15966421E-03     -0.22386615E-03     -0.44331282E-03
    2757     -0.15825760E-03     -0.15966421E-03     -0.22392836E-03     -0.44331282E-03
    2758     -0.15825830E-03     -0.15966421E-03     -0.22398341E-03     -0.44331282E-03
    2759     -0.15825926E-03     -0.15966421E-03     -0.22407034E-03     -0.44331282E-03
    2760     -0.15826002E-03     -0.15966421E-03     -0.22413792E-03     -0.44331282E-03
    2761     -0.15826069E-03     -0.15966421E-03     -0.22419358E-03     -0.44331282E-03
    2762     -0.15826161E-03     -0.15966421E-03     -0.22426902E-03     -0.44331282E-03
    2763     -0.15826214E-03     -0.15966421E-03     -0.22431264E-03     -0.44331282E-03
    2764     -0.15826320E-03     -0.15966421E-03     -0.22439614E-03     -0.44331282E-03
    2765     -0.15826368E-03     -0.15966421E-03     -0.22443971E-03     -0.44331282E-03
    2766     -0.15826443E-03     -0.15966421E-03     -0.22449201E-03     -0.44331282E-03
    2767     -0.15826518E-03     -0.15966421E-03     -0.22454849E-03     -0.44331282E-03
    2768     -0.15826565E-03     -0.15966421E-03     -0.22457938E-03     -0.44331282E-03
    2769     -0.15826614E-03     -0.15966421E-03     -0.22461656E-03     -0.44331282E-03
    2770     -0.15826679E-03     -0.15966421E-03     -0.22465964E-03     -0.44331282E-03
    2771     -0.15826747E-03     -0.15966421E-03     -0.22470452E-03     -0.44331282E-03
    2772     -0.15826808E-03     -0.15966421E-03     -0.22474740E-03     -0.44331282E-03
    2773     -0.15826884E-03     -0.15966421E-03     -0.22479984E-03     -0.44331282E-03
    2774     -0.15826938E-03     -0.15966421E-03     -0.22484331E-03     -0.44331282E-03
    2775     -0.15826994E-03     -0.15966421E-03     -0.22488088E-03     -0.44331282E-03
    2776     -0.15827052E-03     -0.15966421E-03     -0.22492173E-03     -0.44331282E-03
    2777     -0.15827115E-03     -0.15966421E-03     -0.22496892E-03     -0.44331282E-03
    2778     -0.15827173E-03     -0.15966421E-03     -0.22500535E-03     -0.44331282E-03
    2779     -0.15827213E-03     -0.15966421E-03     -0.22504447E-03     -0.44331282E-03
    2780     -0.15827254E-03     -0.15966421E-03     -0.22507514E-03     -0.44331282E-03
    2781     -0.15827308E-03     -0.15966421E-03     -0.22511467E-03     -0.44331282E-03
    2782     -0.15827357E-03     -0.15966421E-03     -0.22514623E-03     -0.44331282E-03
    2783     -0.15827407E-03     -0.15966421E-03     -0.22518209E-03     -0.44331282E-03
    2784     -0.15827465E-03     -0.15966421E-03     -0.22523301E-03     -0.44331282E-03
    2785     -0.15827520E-03     -0.15966421E-03     -0.22526937E-03     -0.44331282E-03
    2786     -0.15827568E-03     -0.15966421E-03     -0.22531028E-03     -0.44331282E-03
    2787     -0.15827635E-03     -0.15966421E-03     -0.22536425E-03     -0.44331282E-03
    2788     -0.15827711E-03     -0.15966421E-03     -0.22541404E-03     -0.44331282E-03
    2789     -0.15827760E-03     -0.15966421E-03     -0.22545028E-03     -0.44331282E-03
    2790     -0.15827817E-03     -0.15966421E-03     -0.22549972E-03     -0.44331282E-03
    2791     -0.15827869E-03     -0.15966421E-03     -0.22554039E-03     -0.44331282E-03
    2792     -0.15827928E-03     -0.15966421E-03     -0.22558928E-03     -0.44331282E-03
    2793     -0.15827987E-03     -0.15966421E-03     -0.22563663E-03     -0.44331282E-03
    2794     -0.15828060E-03     -0.15966421E-03     -0.22568702E-03     -0.44331282E-03
    2795     -0.15828127E-03     -0.15966421E-03     -0.22572514E-03     -0.44331282E-03
    2796     -0.15828198E-03     -0.15966421E-03     -0.22577011E-03     -0.44331282E-03
    2797     -0.15828274E-03     -0.15966421E-03     -0.22581609E-03     -0.44331282E-03
    2798     -0.15828330E-03     -0.15966421E-03     -0.22586299E-03     -0.44331282E-03
    2799     -0.15828384E-03     -0.15966421E-03     -0.22590320E-03     -0.44331282E-03
    2800     -0.15828454E-03     -0.15966421E-03     -0.22595096E-03     -0.44331282E-03
    2801     -0.15828515E-03     -0.15966421E-03     -0.22599368E-03     -0.44331282E-03
    2802     -0.15828580E-03     -0.15966421E-03     -0.22604104E-03     -0.44331282E-03
    2803     -0.15828647E-03     -0.15966421E-03     -0.22608532E-03     -0.44331282E-03
    2804     -0.15828702E-03     -0.15966421E-03     -0.22612516E-03     -0.44331282E-03
    2805     -0.15828769E-03     -0.15966421E-03     -0.22616960E-03     -0.44331282E-03
    2806     -0.15828822E-03     -0.15966421E-03     -0.22620522E-03     -0.44331282E-03
    2807     -0.15828871E-03     -0.15966421E-03     -0.22623865E-03     -0.44331282E-03
    2808     -0.15828922E-03     -0.15966421E-03     -0.22628328E-03     -0.44331282E-03
    2809     -0.15828982E-03     -0.15966421E-03     -0.22633299E-03     -0.44331282E-03
    2810     -0.15829057E-03     -0.15966421E-03     -0.22639080E-03     -0.44331282E-03
    2811     -0.15829130E-03     -0.15966421E-03     -0.22644041E-03     -0.44331282E-03
    2812     -0.15829202E-03     -0.15966421E-03     -0.22649473E-03     -0.44331282E-03
    2813     -0.15829268E-03     -0.15966421E-03     -0.22654086E-03     -0.44331282E-03
    2814     -0.15829340E-03     -0.15966421E-03     -0.22659298E-03     -0.44331282E-03
    2815     -0.15829408E-03     -0.15966421E-03     -0.22664506E-03     -0.44331282E-03
    2816     -0.15829479E-03     -0.15966421E-03     -0.22669817E-03     -0.44331282E-03
    2817     -0.15829561E-03     -0.15966421E-03     -0.22675512E-03     -0.44331282E-03
    2818     -0.15829636E-03     -0.15966421E-03     -0.22680510E-03     -0.44331282E-03
    2819     -0.15829769E-03     -0.15966421E-03     -0.22687759E-03     -0.44331282E-03
    2820     -0.15829862E-03     -0.15966421E-03     -0.22693733E-03     -0.44331282E-03
    2821     -0.15829931E-03     -0.15966421E-03     -0.22699393E-03     -0.44331282E-03
    2822     -0.15829986E-03     -0.15966421E-03     -0.22703815E-03     -0.44331282E-03
    2823     -0.15830275E-03     -0.15966421E-03     -0.22717517E-03     -0.44331282E-03
    2824     -0.15830431E-03     -0.15966421E-03     -0.22726440E-03     -0.44331282E-03
    2825     -0.15830594E-03     -0.15966421E-03     -0.22734833E-03     -0.44331282E-03
    2826     -0.15830710E-03     -0.15966421E-03     -0.22741696E-03     -0.44331282E-03
    2827     -0.15830780E-03     -0.15966421E-03     -0.22747379E-03     -0.44331282E-03
    2828     -0.15830898E-03     -0.15966421E-03     -0.22753384E-03     -0.44331282E-03
    2829     -0.15831034E-03     -0.15966421E-03     -0.22762228E-03     -0.44331282E-03
    2830     -0.15831104E-03     -0.15966421E-03     -0.22767064E-03     -0.44331282E-03
    2831     -0.15831240E-03     -0.15966421E-03     -0.22774996E-03     -0.44331282E-03
    2832     -0.15831320E-03     -0.15966421E-03     -0.22780990E-03     -0.44331282E-03
    2833     -0.15831374E-03     -0.15966421E-03     -0.22784648E-03     -0.44331282E-03
    2834     -0.15831442E-03     -0.15966421E-03     -0.22790367E-03     -0.44331282E-03
    2835     -0.15831568E-03     -0.15966421E-03     -0.22797168E-03     -0.44331282E-03
    2836     -0.15831655E-03     -0.15966421E-03     -0.22803936E-03     -0.44331282E-03
    2837     -0.15831727E-03     -0.15966421E-03     -0.22809046E-03     -0.44331282E-03
    2838     -0.15831844E-03     -0.15966421E-03     -0.22817328E-03     -0.44331282E-03
    2839     -0.15831978E-03     -0.15966421E-03     -0.22825312E-03     -0.44331282E-03
    2840     -0.15832046E-03     -0.15966421E-03     -0.22830106E-03     -0.44331282E-03
    2841     -0.15832514E-03     -0.15966421E-03     -0.22847948E-03     -0.44331282E-03
    2842     -0.15832675E-03     -0.15966421E-03     -0.22857866E-03     -0.44331282E-03
    2843     -0.15832789E-03     -0.15966421E-03     -0.22864220E-03     -0.44331282E-03
    2844     -0.15832911E-03     -0.15966421E-03     -0.22871167E-03     -0.44331282E-03
    2845     -0.15833067E-03     -0.15966421E-03     -0.22879135E-03     -0.44331282E-03
    2846     -0.15833158E-03     -0.15966421E-03     -0.22885583E-03     -0.44331282E-03
    2847     -0.15833303E-03     -0.15966421E-03     -0.22893832E-03     -0.44331282E-03
    2848     -0.15833470E-03     -0.15966421E-03     -0.22902174E-03     -0.44331282E-03
    2849     -0.15833575E-03     -0.15966421E-03     -0.22908214E-03     -0.44331282E-03
    2850     -0.15833669E-03     -0.15966421E-03     -0.22913725E-03     -0.44331282E-03
    2851     -0.15833749E-03     -0.15966421E-03     -0.22919603E-03     -0.44331282E-03
    2852     -0.15833808E-03     -0.15966421E-03     -0.22923664E-03     -0.44331282E-03
    2853     -0.15833871E-03     -0.15966421E-03     -0.22928488E-03     -0.44331282E-03
    2854     -0.15833981E-03     -0.15966421E-03     -0.22936135E-03     -0.44331282E-03
    2855     -0.15834060E-03     -0.15966421E-03     -0.22942330E-03     -0.44331282E-03
    2856     -0.15834136E-03     -0.15966421E-03     -0.22948611E-03     -0.44331282E-03
    2857     -0.15834224E-03     -0.15966421E-03     -0.22955351E-03     -0.44331282E-03
    2858     -0.15834292E-03     -0.15966421E-03     -0.22961530E-03     -0.44331282E-03
    2859     -0.15834368E-03     -0.15966421E-03     -0.22967965E-03     -0.44331282E-03
    2860     -0.15834445E-03     -0.15966421E-03     -0.22973536E-03     -0.44331282E-03
    2861     -0.15834512E-03     -0.15966421E-03     -0.22978937E-03     -0.44331282E-03
    2862     -0.15834583E-03     -0.15966421E-03     -0.22984126E-03     -0.44331282E-03
    2863     -0.15834641E-03     -0.15966421E-03     -0.22988463E-03     -0.44331282E-03
    2864     -0.15834692E-03     -0.15966421E-03     -0.22992363E-03     -0.44331282E-03
    2865     -0.15834750E-03     -0.15966421E-03     -0.22996783E-03     -0.44331282E-03
    2866     -0.15834800E-03     -0.15966421E-03     -0.23000395E-03     -0.44331282E-03
    2867     -0.15834863E-03     -0.15966421E-03     -0.23004865E-03     -0.44331282E-03
    2868     -0.15834913E-03     -0.15966421E-03     -0.23009045E-03     -0.44331282E-03
    2869     -0.15834989E-03     -0.15966421E-03     -0.23013892E-03     -0.44331282E-03
    2870     -0.15835034E-03     -0.15966421E-03     -0.23017326E-03     -0.44331282E-03
    2871     -0.15835096E-03     -0.15966421E-03     -0.23021573E-03     -0.44331282E-03
    2872     -0.15835153E-03     -0.15966421E-03     -0.23026544E-03     -0.44331282E-03
    2873     -0.15835205E-03     -0.15966421E-03     -0.23030248E-03     -0.44331282E-03
    2874     -0.15835259E-03     -0.15966421E-03     -0.23034406E-03     -0.44331282E-03
    2875     -0.15835321E-03     -0.15966421E-03     -0.23037949E-03     -0.44331282E-03
    2876     -0.15835383E-03     -0.15966421E-03     -0.23042498E-03     -0.44331282E-03
    2877     -0.15835434E-03     -0.15966421E-03     -0.23046066E-03     -0.44331282E-03
    2878     -0.15835530E-03     -0.15966421E-03     -0.23052439E-03     -0.44331282E-03
    2879     -0.15835577E-03     -0.15966421E-03     -0.23056804E-03     -0.44331282E-03
    2880     -0.15835629E-03     -0.15966421E-03     -0.23061327E-03     -0.44331282E-03
    2881     -0.15835711E-03     -0.15966421E-03     -0.23067315E-03     -0.44331282E-03
    2882     -0.15835787E-03     -0.15966421E-03     -0.23073503E-03     -0.44331282E-03
    2883     -0.15835878E-03     -0.15966421E-03     -0.23079203E-03     -0.44331282E-03
    2884     -0.15835933E-03     -0.15966421E-03     -0.23085394E-03     -0.44331282E-03
    2885     -0.15836027E-03     -0.15966421E-03     -0.23091250E-03     -0.44331282E-03
    2886     -0.15836161E-03     -0.15966421E-03     -0.23099608E-03     -0.44331282E-03
    2887     -0.15836339E-03     -0.15966421E-03     -0.23108921E-03     -0.44331282E-03
    2888     -0.15836458E-03     -0.15966421E-03     -0.23116758E-03     -0.44331282E-03
    2889     -0.15836656E-03     -0.15966421E-03     -0.23127584E-03     -0.44331282E-03
    2890     -0.15836865E-03     -0.15966421E-03     -0.23139623E-03     -0.44331282E-03
    2891     -0.15836968E-03     -0.15966421E-03     -0.23147461E-03     -0.44331282E-03
    2892     -0.15837081E-03     -0.15966421E-03     -0.23154911E-03     -0.44331282E-03
    2893     -0.15837178E-03     -0.15966421E-03     -0.23161375E-03     -0.44331282E-03
    2894     -0.15837247E-03     -0.15966421E-03     -0.23166440E-03     -0.44331282E-03
    2895     -0.15837341E-03     -0.15966421E-03     -0.23172986E-03     -0.44331282E-03
    2896     -0.15837411E-03     -0.15966421E-03     -0.23179134E-03     -0.44331282E-03
    2897     -0.15837493E-03     -0.15966421E-03     -0.23185039E-03     -0.44331282E-03
    2898     -0.15837572E-03     -0.15966421E-03     -0.23191065E-03     -0.44331282E-03
    2899     -0.15837642E-03     -0.15966421E-03     -0.23196866E-03     -0.44331282E-03
    2900     -0.15837718E-03     -0.15966421E-03     -0.23202100E-03     -0.44331282E-03
    2901     -0.15837796E-03     -0.15966421E-03     -0.23207792E-03     -0.44331282E-03
    2902     -0.15837856E-03     -0.15966421E-03     -0.23212828E-03     -0.44331282E-03
    2903     -0.15837915E-03     -0.15966421E-03     -0.23218102E-03     -0.44331282E-03
    2904     -0.15837999E-03     -0.15966421E-03     -0.23224109E-03     -0.44331282E-03
    2905     -0.15838078E-03     -0.15966421E-03     -0.23229760E-03     -0.44331282E-03
    2906     -0.15838218E-03     -0.15966421E-03     -0.23239700E-03     -0.44331282E-03
    2907     -0.15838281E-03     -0.15966421E-03     -0.23245285E-03     -0.44331282E-03
    2908     -0.15838359E-03     -0.15966421E-03     -0.23251182E-03     -0.44331282E-03
    2909     -0.15838433E-03     -0.15966421E-03     -0.23256803E-03     -0.44331282E-03
    2910     -0.15838482E-03     -0.15966421E-03     -0.23260210E-03     -0.44331282E-03
    2911     -0.15838554E-03     -0.15966421E-03     -0.23265769E-03     -0.44331282E-03
    2912     -0.15838611E-03     -0.15966421E-03     -0.23270061E-03     -0.44331282E-03
    2913     -0.15838680E-03     -0.15966421E-03     -0.23275365E-03     -0.44331282E-03
    2914     -0.15838758E-03     -0.15966421E-03     -0.23280455E-03     -0.44331282E-03
    2915     -0.15838811E-03     -0.15966421E-03     -0.23284977E-03     -0.44331282E-03
    2916     -0.15838861E-03     -0.15966421E-03     -0.23288813E-03     -0.44331282E-03
    2917     -0.15838922E-03     -0.15966421E-03     -0.23293769E-03     -0.44331282E-03
    2918     -0.15838986E-03     -0.15966421E-03     -0.23299422E-03     -0.44331282E-03
    2919     -0.15839026E-03     -0.15966421E-03     -0.23303627E-03     -0.44331282E-03
    2920     -0.15839069E-03     -0.15966421E-03     -0.23308028E-03     -0.44331282E-03
    2921     -0.15839110E-03     -0.15966421E-03     -0.23312147E-03     -0.44331282E-03
    2922     -0.15839161E-03     -0.15966421E-03     -0.23316893E-03     -0.44331282E-03
    2923     -0.15839210E-03     -0.15966421E-03     -0.23320692E-03     -0.44331282E-03
    2924     -0.15839250E-03     -0.15966421E-03     -0.23324662E-03     -0.44331282E-03
    2925     -0.15839289E-03     -0.15966421E-03     -0.23328237E-03     -0.44331282E-03
    2926     -0.15839338E-03     -0.15966421E-03     -0.23332255E-03     -0.44331282E-03
    2927     -0.15839391E-03     -0.15966421E-03     -0.23336438E-03     -0.44331282E-03
    2928     -0.15839434E-03     -0.15966421E-03     -0.23339994E-03     -0.44331282E-03
    2929     -0.15839480E-03     -0.15966421E-03     -0.23344272E-03     -0.44331282E-03
    2930     -0.15839526E-03     -0.15966421E-03     -0.23348290E-03     -0.44331282E-03
    2931     -0.15839566E-03     -0.15966421E-03     -0.23351860E-03     -0.44331282E-03
    2932     -0.15839606E-03     -0.15966421E-03     -0.23356458E-03     -0.44331282E-03
    2933     -0.15839646E-03     -0.15966421E-03     -0.23360778E-03     -0.44331282E-03
    2934     -0.15839695E-03     -0.15966421E-03     -0.23364915E-03     -0.44331282E-03
    2935     -0.15839733E-03     -0.15966421E-03     -0.23368035E-03     -0.44331282E-03
    2936     -0.15839780E-03     -0.15966421E-03     -0.23372518E-03     -0.44331282E-03
    2937     -0.15839822E-03     -0.15966421E-03     -0.23376696E-03     -0.44331282E-03
    2938     -0.15839862E-03     -0.15966421E-03     -0.23380910E-03     -0.44331282E-03
    2939     -0.15839912E-03     -0.15966421E-03     -0.23385713E-03     -0.44331282E-03
    2940     -0.15839982E-03     -0.15966421E-03     -0.23391753E-03     -0.44331282E-03
    2941     -0.15840029E-03     -0.15966421E-03     -0.23396278E-03     -0.44331282E-03
    2942     -0.15840082E-03     -0.15966421E-03     -0.23401133E-03     -0.44331282E-03
    2943     -0.15840141E-03     -0.15966421E-03     -0.23407327E-03     -0.44331282E-03
    2944     -0.15840200E-03     -0.15966421E-03     -0.23412833E-03     -0.44331282E-03
    2945     -0.15840235E-03     -0.15966421E-03     -0.23416797E-03     -0.44331282E-03
    2946     -0.15840270E-03     -0.15966421E-03     -0.23420816E-03     -0.44331282E-03
    2947     -0.15840308E-03     -0.15966421E-03     -0.23424156E-03     -0.44331282E-03
    2948     -0.15840348E-03     -0.15966421E-03     -0.23427664E-03     -0.44331282E-03
    2949     -0.15840386E-03     -0.15966421E-03     -0.23431496E-03     -0.44331282E-03
    2950     -0.15840427E-03     -0.15966421E-03     -0.23434720E-03     -0.44331282E-03
    2951     -0.15840475E-03     -0.15966421E-03     -0.23440226E-03     -0.44331282E-03
    2952     -0.15840521E-03     -0.15966421E-03     -0.23444254E-03     -0.44331282E-03
    2953     -0.15840556E-03     -0.15966421E-03     -0.23447726E-03     -0.44331282E-03
    2954     -0.15840608E-03     -0.15966421E-03     -0.23452002E-03     -0.44331282E-03
    2955     -0.15840644E-03     -0.15966421E-03     -0.23455492E-03     -0.44331282E-03
    2956     -0.15840691E-03     -0.15966421E-03     -0.23459592E-03     -0.44331282E-03
    2957     -0.15840730E-03     -0.15966421E-03     -0.23463441E-03     -0.44331282E-03
    2958     -0.15840770E-03     -0.15966421E-03     -0.23467583E-03     -0.44331282E-03
    2959     -0.15840805E-03     -0.15966421E-03     -0.23470483E-03     -0.44331282E-03
    2960     -0.15840845E-03     -0.15966421E-03     -0.23474174E-03     -0.44331282E-03
    2961     -0.15840892E-03     -0.15966421E-03     -0.23477918E-03     -0.44331282E-03
    2962     -0.15840931E-03     -0.15966421E-03     -0.23481460E-03     -0.44331282E-03
    2963     -0.15840969E-03     -0.15966421E-03     -0.23484799E-03     -0.44331282E-03
    2964     -0.15841005E-03     -0.15966421E-03     -0.23488596E-03     -0.44331282E-03
    2965     -0.15841048E-03     -0.15966421E-03     -0.23492946E-03     -0.44331282E-03
    2966     -0.15841087E-03     -0.15966421E-03     -0.23496401E-03     -0.44331282E-03
    2967     -0.15841122E-03     -0.15966421E-03     -0.23499603E-03     -0.44331282E-03
    2968     -0.15841174E-03     -0.15966421E-03     -0.23504420E-03     -0.44331282E-03
    2969     -0.15841219E-03     -0.15966421E-03     -0.23508320E-03     -0.44331282E-03
    2970     -0.15841251E-03     -0.15966421E-03     -0.23511935E-03     -0.44331282E-03
    2971     -0.15841295E-03     -0.15966421E-03     -0.23516144E-03     -0.44331282E-03
    2972     -0.15841336E-03     -0.15966421E-03     -0.23520601E-03     -0.44331282E-03
    2973     -0.15841373E-03     -0.15966421E-03     -0.23524659E-03     -0.44331282E-03
    2974     -0.15841420E-03     -0.15966421E-03     -0.23528759E-03     -0.44331282E-03
    2975     -0.15841459E-03     -0.15966421E-03     -0.23533078E-03     -0.44331282E-03
    2976     -0.15841504E-03     -0.15966421E-03     -0.23538316E-03     -0.44331282E-03
    2977     -0.15841546E-03     -0.15966421E-03     -0.23542448E-03     -0.44331282E-03
    2978     -0.15841607E-03     -0.15966421E-03     -0.23547807E-03     -0.44331282E-03
    2979     -0.15841650E-03     -0.15966421E-03     -0.23551895E-03     -0.44331282E-03
    2980     -0.15841719E-03     -0.15966421E-03     -0.23557406E-03     -0.44331282E-03
    2981     -0.15841796E-03     -0.15966421E-03     -0.23564679E-03     -0.44331282E-03
    2982     -0.15841857E-03     -0.15966421E-03     -0.23570525E-03     -0.44331282E-03
    2983     -0.15841912E-03     -0.15966421E-03     -0.23575848E-03     -0.44331282E-03
    2984     -0.15841979E-03     -0.15966421E-03     -0.23581866E-03     -0.44331282E-03
    2985     -0.15842037E-03     -0.15966421E-03     -0.23587256E-03     -0.44331282E-03
    2986     -0.15842092E-03     -0.15966421E-03     -0.23593932E-03     -0.44331282E-03
    2987     -0.15842152E-03     -0.15966421E-03     -0.23600553E-03     -0.44331282E-03
    2988     -0.15842207E-03     -0.15966421E-03     -0.23605426E-03     -0.44331282E-03
    2989     -0.15842269E-03     -0.15966421E-03     -0.23612275E-03     -0.44331282E-03
    2990     -0.15842321E-03     -0.15966421E-03     -0.23616860E-03     -0.44331282E-03
    2991     -0.15842380E-03     -0.15966421E-03     -0.23625604E-03     -0.44331282E-03
    2992     -0.15842422E-03     -0.15966421E-03     -0.23629771E-03     -0.44331282E-03
    2993     -0.15842483E-03     -0.15966421E-03     -0.23636341E-03     -0.44331282E-03
    2994     -0.15842535E-03     -0.15966421E-03     -0.23642305E-03     -0.44331282E-03
    2995     -0.15842588E-03     -0.15966421E-03     -0.23647968E-03     -0.44331282E-03
    2996     -0.15842646E-03     -0.15966421E-03     -0.23653639E-03     -0.44331282E-03
    2997     -0.15842696E-03     -0.15966421E-03     -0.23658762E-03     -0.44331282E-03
    2998     -0.15842754E-03     -0.15966421E-03     -0.23664673E-03     -0.44331282E-03
    2999     -0.15842807E-03     -0.15966421E-03     -0.23669499E-03     -0.44331282E-03
    3000     -0.15842851E-03     -0.15966421E-03     -0.23674975E-03     -0.44331282E-03
    3001     -0.15842899E-03     -0.15966421E-03     -0.23680918E-03     -0.44331282E-03
    3002     -0.15842943E-03     -0.15966421E-03     -0.23685710E-03     -0.44331282E-03
    3003     -0.15842993E-03     -0.15966421E-03     -0.23690712E-03     -0.44331282E-03
    3004     -0.15843043E-03     -0.15966421E-03     -0.23695424E-03     -0.44331282E-03
    3005     -0.15843088E-03     -0.15966421E-03     -0.23699501E-03     -0.44331282E-03
    3006     -0.15843141E-03     -0.15966421E-03     -0.23703865E-03     -0.44331282E-03
    3007     -0.15843192E-03     -0.15966421E-03     -0.23708412E-03     -0.44331282E-03
    3008     -0.15843239E-03     -0.15966421E-03     -0.23712503E-03     -0.44331282E-03
    3009     -0.15843295E-03     -0.15966421E-03     -0.23717113E-03     -0.44331282E-03
    3010     -0.15843355E-03     -0.15966421E-03     -0.23721629E-03     -0.44331282E-03
    3011     -0.15843396E-03     -0.15966421E-03     -0.23725596E-03     -0.44331282E-03
    3012     -0.15843461E-03     -0.15966421E-03     -0.23730786E-03     -0.44331282E-03
    3013     -0.15843496E-03     -0.15966421E-03     -0.23734602E-03     -0.44331282E-03
    3014     -0.15843534E-03     -0.15966421E-03     -0.23738175E-03     -0.44331282E-03
    3015     -0.15843586E-03     -0.15966421E-03     -0.23743439E-03     -0.44331282E-03
    3016     -0.15843644E-03     -0.15966421E-03     -0.23748765E-03     -0.44331282E-03
    3017     -0.15843780E-03     -0.15966421E-03     -0.23756881E-03     -0.44331282E-03
    3018     -0.15843900E-03     -0.15966421E-03     -0.23764580E-03     -0.44331282E-03
    3019     -0.15843979E-03     -0.15966421E-03     -0.23769786E-03     -0.44331282E-03
    3020     -0.15844029E-03     -0.15966421E-03     -0.23774045E-03     -0.44331282E-03
    3021     -0.15844222E-03     -0.15966421E-03     -0.23785457E-03     -0.44331282E-03
    3022     -0.15844411E-03     -0.15966421E-03     -0.23796933E-03     -0.44331282E-03
    3023     -0.15844489E-03     -0.15966421E-03     -0.23801945E-03     -0.44331282E-03
    3024     -0.15844536E-03     -0.15966421E-03     -0.23806887E-03     -0.44331282E-03
    3025     -0.15844611E-03     -0.15966421E-03     -0.23812791E-03     -0.44331282E-03
    3026     -0.15844659E-03     -0.15966421E-03     -0.23817980E-03     -0.44331282E-03
    3027     -0.15844712E-03     -0.15966421E-03     -0.23821688E-03     -0.44331282E-03
    3028     -0.15844757E-03     -0.15966421E-03     -0.23825834E-03     -0.44331282E-03
    3029     -0.15844806E-03     -0.15966421E-03     -0.23830246E-03     -0.44331282E-03
    3030     -0.15844864E-03     -0.15966421E-03     -0.23835559E-03     -0.44331282E-03
    3031     -0.15844906E-03     -0.15966421E-03     -0.23839326E-03     -0.44331282E-03
    3032     -0.15844966E-03     -0.15966421E-03     -0.23845921E-03     -0.44331282E-03
    3033     -0.15845027E-03     -0.15966421E-03     -0.23852303E-03     -0.44331282E-03
    3034     -0.15845092E-03     -0.15966421E-03     -0.23858353E-03     -0.44331282E-03
    3035     -0.15845157E-03     -0.15966421E-03     -0.23864872E-03     -0.44331282E-03
    3036     -0.15845235E-03     -0.15966421E-03     -0.23872331E-03     -0.44331282E-03
    3037     -0.15845284E-03     -0.15966421E-03     -0.23877913E-03     -0.44331282E-03
    3038     -0.15845336E-03     -0.15966421E-03     -0.23882771E-03     -0.44331282E-03
    3039     -0.15845391E-03     -0.15966421E-03     -0.23887146E-03     -0.44331282E-03
    3040     -0.15845430E-03     -0.15966421E-03     -0.23891283E-03     -0.44331282E-03
    3041     -0.15845473E-03     -0.15966421E-03     -0.23894936E-03     -0.44331282E-03
    3042     -0.15845519E-03     -0.15966421E-03     -0.23899309E-03     -0.44331282E-03
    3043     -0.15845563E-03     -0.15966421E-03     -0.23903487E-03     -0.44331282E-03
    3044     -0.15845598E-03     -0.15966421E-03     -0.23907330E-03     -0.44331282E-03
    3045     -0.15845643E-03     -0.15966421E-03     -0.23911970E-03     -0.44331282E-03
    3046     -0.15845723E-03     -0.15966421E-03     -0.23918615E-03     -0.44331282E-03
    3047     -0.15845776E-03     -0.15966421E-03     -0.23923906E-03     -0.44331282E-03
    3048     -0.15845816E-03     -0.15966421E-03     -0.23927636E-03     -0.44331282E-03
    3049     -0.15845864E-03     -0.15966421E-03     -0.23932005E-03     -0.44331282E-03
    3050     -0.15845905E-03     -0.15966421E-03     -0.23936147E-03     -0.44331282E-03
    3051     -0.15846036E-03     -0.15966421E-03     -0.23944142E-03     -0.44331282E-03
    3052     -0.15846132E-03     -0.15966421E-03     -0.23950275E-03     -0.44331282E-03
    3053     -0.15846271E-03     -0.15966421E-03     -0.23960511E-03     -0.44331282E-03
    3054     -0.15846475E-03     -0.15966421E-03     -0.23971350E-03     -0.44331282E-03
    3055     -0.15846547E-03     -0.15966421E-03     -0.23976766E-03     -0.44331282E-03
    3056     -0.15846650E-03     -0.15966421E-03     -0.23983668E-03     -0.44331282E-03
    3057     -0.15846703E-03     -0.15966421E-03     -0.23988443E-03     -0.44331282E-03
    3058     -0.15846810E-03     -0.15966421E-03     -0.23996630E-03     -0.44331282E-03
    3059     -0.15846949E-03     -0.15966421E-03     -0.24006041E-03     -0.44331282E-03
    3060     -0.15847038E-03     -0.15966421E-03     -0.24013236E-03     -0.44331282E-03
    3061     -0.15847096E-03     -0.15966421E-03     -0.24018160E-03     -0.44331282E-03
    3062     -0.15847137E-03     -0.15966421E-03     -0.24022238E-03     -0.44331282E-03
    3063     -0.15847189E-03     -0.15966421E-03     -0.24026270E-03     -0.44331282E-03
    3064     -0.15847237E-03     -0.15966421E-03     -0.24030759E-03     -0.44331282E-03
    3065     -0.15847301E-03     -0.15966421E-03     -0.24035416E-03     -0.44331282E-03
    3066     -0.15847343E-03     -0.15966421E-03     -0.24039803E-03     -0.44331282E-03
    3067     -0.15847390E-03     -0.15966421E-03     -0.24043868E-03     -0.44331282E-03
    3068     -0.15847433E-03     -0.15966421E-03     -0.24047559E-03     -0.44331282E-03
    3069     -0.15847472E-03     -0.15966421E-03     -0.24051912E-03     -0.44331282E-03
    3070     -0.15847513E-03     -0.15966421E-03     -0.24055208E-03     -0.44331282E-03
    3071     -0.15847554E-03     -0.15966421E-03     -0.24060254E-03     -0.44331282E-03
    3072     -0.15847589E-03     -0.15966421E-03     -0.24063719E-03     -0.44331282E-03
    3073     -0.15847644E-03     -0.15966421E-03     -0.24068039E-03     -0.44331282E-03
    3074     -0.15847681E-03     -0.15966421E-03     -0.24072215E-03     -0.44331282E-03
    3075     -0.15847724E-03     -0.15966421E-03     -0.24076484E-03     -0.44331282E-03
    3076     -0.15847752E-03     -0.15966421E-03     -0.24079957E-03     -0.44331282E-03
    3077     -0.15847807E-03     -0.15966421E-03     -0.24084811E-03     -0.44331282E-03
    3078     -0.15847847E-03     -0.15966421E-03     -0.24088640E-03     -0.44331282E-03
    3079     -0.15847901E-03     -0.15966421E-03     -0.24093303E-03     -0.44331282E-03
    3080     -0.15847957E-03     -0.15966421E-03     -0.24098108E-03     -0.44331282E-03
    3081     -0.15847997E-03     -0.15966421E-03     -0.24102082E-03     -0.44331282E-03
    3082     -0.15848065E-03     -0.15966421E-03     -0.24107692E-03     -0.44331282E-03
    3083     -0.15848116E-03     -0.15966421E-03     -0.24112741E-03     -0.44331282E-03
    3084     -0.15848169E-03     -0.15966421E-03     -0.24117167E-03     -0.44331282E-03
    3085     -0.15848227E-03     -0.15966421E-03     -0.24121757E-03     -0.44331282E-03
    3086     -0.15848267E-03     -0.15966421E-03     -0.24126595E-03     -0.44331282E-03
    3087     -0.15848355E-03     -0.15966421E-03     -0.24133517E-03     -0.44331282E-03
    3088     -0.15848409E-03     -0.15966421E-03     -0.24138206E-03     -0.44331282E-03
    3089     -0.15848457E-03     -0.15966421E-03     -0.24142616E-03     -0.44331282E-03
    3090     -0.15848511E-03     -0.15966421E-03     -0.24149053E-03     -0.44331282E-03
    3091     -0.15848578E-03     -0.15966421E-03     -0.24154465E-03     -0.44331282E-03
    3092     -0.15848659E-03     -0.15966421E-03     -0.24160931E-03     -0.44331282E-03
    3093     -0.15848726E-03     -0.15966421E-03     -0.24166944E-03     -0.44331282E-03
    3094     -0.15848799E-03     -0.15966421E-03     -0.24172615E-03     -0.44331282E-03
    3095     -0.15848841E-03     -0.15966421E-03     -0.24177119E-03     -0.44331282E-03
    3096     -0.15848898E-03     -0.15966421E-03     -0.24182847E-03     -0.44331282E-03
    3097     -0.15848953E-03     -0.15966421E-03     -0.24189443E-03     -0.44331282E-03
    3098     -0.15849118E-03     -0.15966421E-03     -0.24199666E-03     -0.44331282E-03
    3099     -0.15849212E-03     -0.15966421E-03     -0.24206988E-03     -0.44331282E-03
    3100     -0.15849261E-03     -0.15966421E-03     -0.24212488E-03     -0.44331282E-03
    3101     -0.15849390E-03     -0.15966421E-03     -0.24224033E-03     -0.44331282E-03
    3102     -0.15849483E-03     -0.15966421E-03     -0.24231664E-03     -0.44331282E-03
    3103     -0.15849526E-03     -0.15966421E-03     -0.24236486E-03     -0.44331282E-03
    3104     -0.15849599E-03     -0.15966421E-03     -0.24242654E-03     -0.44331282E-03
    3105     -0.15849698E-03     -0.15966421E-03     -0.24251023E-03     -0.44331282E-03
    3106     -0.15849739E-03     -0.15966421E-03     -0.24255289E-03     -0.44331282E-03
    3107     -0.15849790E-03     -0.15966421E-03     -0.24259527E-03     -0.44331282E-03
    3108     -0.15849833E-03     -0.15966421E-03     -0.24263111E-03     -0.44331282E-03
    3109     -0.15849879E-03     -0.15966421E-03     -0.24267859E-03     -0.44331282E-03
    3110     -0.15849932E-03     -0.15966421E-03     -0.24273380E-03     -0.44331282E-03
    3111     -0.15849981E-03     -0.15966421E-03     -0.24277396E-03     -0.44331282E-03
    3112     -0.15850037E-03     -0.15966421E-03     -0.24282014E-03     -0.44331282E-03
    3113     -0.15850087E-03     -0.15966421E-03     -0.24287361E-03     -0.44331282E-03
    3114     -0.15850160E-03     -0.15966421E-03     -0.24293899E-03     -0.44331282E-03
    3115     -0.15850201E-03     -0.15966421E-03     -0.24298326E-03     -0.44331282E-03
    3116     -0.15850233E-03     -0.15966421E-03     -0.24301252E-03     -0.44331282E-03
    3117     -0.15850279E-03     -0.15966421E-03     -0.24305074E-03     -0.44331282E-03
    3118     -0.15850314E-03     -0.15966421E-03     -0.24308352E-03     -0.44331282E-03
    3119     -0.15850372E-03     -0.15966421E-03     -0.24314746E-03     -0.44331282E-03
    3120     -0.15850422E-03     -0.15966421E-03     -0.24320143E-03     -0.44331282E-03
    3121     -0.15850471E-03     -0.15966421E-03     -0.24325241E-03     -0.44331282E-03
    3122     -0.15850527E-03     -0.15966421E-03     -0.24330628E-03     -0.44331282E-03
    3123     -0.15850564E-03     -0.15966421E-03     -0.24335036E-03     -0.44331282E-03
    3124     -0.15850619E-03     -0.15966421E-03     -0.24340174E-03     -0.44331282E-03
    3125     -0.15850658E-03     -0.15966421E-03     -0.24346488E-03     -0.44331282E-03
    3126     -0.15850701E-03     -0.15966421E-03     -0.24352381E-03     -0.44331282E-03
    3127     -0.15850742E-03     -0.15966421E-03     -0.24356139E-03     -0.44331282E-03
    3128     -0.15850784E-03     -0.15966421E-03     -0.24361009E-03     -0.44331282E-03
    3129     -0.15850833E-03     -0.15966421E-03     -0.24366035E-03     -0.44331282E-03
    3130     -0.15850878E-03     -0.15966421E-03     -0.24370318E-03     -0.44331282E-03
    3131     -0.15850919E-03     -0.15966421E-03     -0.24375130E-03     -0.44331282E-03
    3132     -0.15850967E-03     -0.15966421E-03     -0.24379615E-03     -0.44331282E-03
    3133     -0.15851020E-03     -0.15966421E-03     -0.24385454E-03     -0.44331282E-03
    3134     -0.15851064E-03     -0.15966421E-03     -0.24389251E-03     -0.44331282E-03
    3135     -0.15851118E-03     -0.15966421E-03     -0.24397219E-03     -0.44331282E-03
    3136     -0.15851163E-03     -0.15966421E-03     -0.24401364E-03     -0.44331282E-03
    3137     -0.15851208E-03     -0.15966421E-03     -0.24406187E-03     -0.44331282E-03
    3138     -0.15851253E-03     -0.15966421E-03     -0.24411336E-03     -0.44331282E-03
    3139     -0.15851302E-03     -0.15966421E-03     -0.24415839E-03     -0.44331282E-03
    3140     -0.15851344E-03     -0.15966421E-03     -0.24420986E-03     -0.44331282E-03
    3141     -0.15851379E-03     -0.15966421E-03     -0.24425056E-03     -0.44331282E-03
    3142     -0.15851420E-03     -0.15966421E-03     -0.24429469E-03     -0.44331282E-03
    3143     -0.15851464E-03     -0.15966421E-03     -0.24434462E-03     -0.44331282E-03
    3144     -0.15851507E-03     -0.15966421E-03     -0.24440245E-03     -0.44331282E-03
    3145     -0.15851552E-03     -0.15966421E-03     -0.24445042E-03     -0.44331282E-03
    3146     -0.15851599E-03     -0.15966421E-03     -0.24450984E-03     -0.44331282E-03
    3147     -0.15851640E-03     -0.15966421E-03     -0.24457256E-03     -0.44331282E-03
    3148     -0.15851677E-03     -0.15966421E-03     -0.24461290E-03     -0.44331282E-03
    3149     -0.15851721E-03     -0.15966421E-03     -0.24466365E-03     -0.44331282E-03
    3150     -0.15851777E-03     -0.15966421E-03     -0.24471331E-03     -0.44331282E-03
    3151     -0.15851827E-03     -0.15966421E-03     -0.24476475E-03     -0.44331282E-03
    3152     -0.15851879E-03     -0.15966421E-03     -0.24481731E-03     -0.44331282E-03
    3153     -0.15851935E-03     -0.15966421E-03     -0.24487351E-03     -0.44331282E-03
    3154     -0.15851986E-03     -0.15966421E-03     -0.24493791E-03     -0.44331282E-03
    3155     -0.15852025E-03     -0.15966421E-03     -0.24498367E-03     -0.44331282E-03
    3156     -0.15852074E-03     -0.15966421E-03     -0.24504075E-03     -0.44331282E-03
    3157     -0.15852115E-03     -0.15966421E-03     -0.24509419E-03     -0.44331282E-03
    3158     -0.15852174E-03     -0.15966421E-03     -0.24515917E-03     -0.44331282E-03
    3159     -0.15852232E-03     -0.15966421E-03     -0.24522215E-03     -0.44331282E-03
    3160     -0.15852273E-03     -0.15966421E-03     -0.24526229E-03     -0.44331282E-03
    3161     -0.15852324E-03     -0.15966421E-03     -0.24532341E-03     -0.44331282E-03
    3162     -0.15852401E-03     -0.15966421E-03     -0.24539934E-03     -0.44331282E-03
    3163     -0.15852452E-03     -0.15966421E-03     -0.24545337E-03     -0.44331282E-03
    3164     -0.15852505E-03     -0.15966421E-03     -0.24550280E-03     -0.44331282E-03
    3165     -0.15852560E-03     -0.15966421E-03     -0.24557720E-03     -0.44331282E-03
    3166     -0.15852600E-03     -0.15966421E-03     -0.24562313E-03     -0.44331282E-03
    3167     -0.15852644E-03     -0.15966421E-03     -0.24569024E-03     -0.44331282E-03
    3168     -0.15852691E-03     -0.15966421E-03     -0.24573756E-03     -0.44331282E-03
    3169     -0.15852737E-03     -0.15966421E-03     -0.24578588E-03     -0.44331282E-03
    3170     -0.15852773E-03     -0.15966421E-03     -0.24583561E-03     -0.44331282E-03
    3171     -0.15852822E-03     -0.15966421E-03     -0.24589019E-03     -0.44331282E-03
    3172     -0.15852861E-03     -0.15966421E-03     -0.24593906E-03     -0.44331282E-03
    3173     -0.15852904E-03     -0.15966421E-03     -0.24598892E-03     -0.44331282E-03
    3174     -0.15852944E-03     -0.15966421E-03     -0.24604960E-03     -0.44331282E-03
    3175     -0.15852977E-03     -0.15966421E-03     -0.24609125E-03     -0.44331282E-03
    3176     -0.15853016E-03     -0.15966421E-03     -0.24613771E-03     -0.44331282E-03
    3177     -0.15853058E-03     -0.15966421E-03     -0.24619809E-03     -0.44331282E-03
    3178     -0.15853098E-03     -0.15966421E-03     -0.24624469E-03     -0.44331282E-03
    3179     -0.15853138E-03     -0.15966421E-03     -0.24629361E-03     -0.44331282E-03
    3180     -0.15853183E-03     -0.15966421E-03     -0.24634585E-03     -0.44331282E-03
    3181     -0.15853226E-03     -0.15966421E-03     -0.24639849E-03     -0.44331282E-03
    3182     -0.15853277E-03     -0.15966421E-03     -0.24645107E-03     -0.44331282E-03
    3183     -0.15853330E-03     -0.15966421E-03     -0.24650444E-03     -0.44331282E-03
    3184     -0.15853381E-03     -0.15966421E-03     -0.24655610E-03     -0.44331282E-03
    3185     -0.15853414E-03     -0.15966421E-03     -0.24659649E-03     -0.44331282E-03
    3186     -0.15853463E-03     -0.15966421E-03     -0.24664758E-03     -0.44331282E-03
    3187     -0.15853508E-03     -0.15966421E-03     -0.24669600E-03     -0.44331282E-03
    3188     -0.15853557E-03     -0.15966421E-03     -0.24674738E-03     -0.44331282E-03
    3189     -0.15853600E-03     -0.15966421E-03     -0.24679841E-03     -0.44331282E-03
    3190     -0.15853649E-03     -0.15966421E-03     -0.24685868E-03     -0.44331282E-03
    3191     -0.15853694E-03     -0.15966421E-03     -0.24691100E-03     -0.44331282E-03
    3192     -0.15853738E-03     -0.15966421E-03     -0.24696238E-03     -0.44331282E-03
    3193     -0.15853790E-03     -0.15966421E-03     -0.24702493E-03     -0.44331282E-03
    3194     -0.15853839E-03     -0.15966421E-03     -0.24708842E-03     -0.44331282E-03
    3195     -0.15853883E-03     -0.15966421E-03     -0.24714268E-03     -0.44331282E-03
    3196     -0.15853937E-03     -0.15966421E-03     -0.24720392E-03     -0.44331282E-03
    3197     -0.15853985E-03     -0.15966421E-03     -0.24724959E-03     -0.44331282E-03
    3198     -0.15854027E-03     -0.15966421E-03     -0.24730395E-03     -0.44331282E-03
    3199     -0.15854065E-03     -0.15966421E-03     -0.24734790E-03     -0.44331282E-03
    3200     -0.15854101E-03     -0.15966421E-03     -0.24738411E-03     -0.44331282E-03
    3201     -0.15854149E-03     -0.15966421E-03     -0.24743357E-03     -0.44331282E-03
    3202     -0.15854196E-03     -0.15966421E-03     -0.24748762E-03     -0.44331282E-03
    3203     -0.15854240E-03     -0.15966421E-03     -0.24753217E-03     -0.44331282E-03
    3204     -0.15854274E-03     -0.15966421E-03     -0.24757303E-03     -0.44331282E-03
    3205     -0.15854326E-03     -0.15966421E-03     -0.24762884E-03     -0.44331282E-03
    3206     -0.15854364E-03     -0.15966421E-03     -0.24767511E-03     -0.44331282E-03
    3207     -0.15854400E-03     -0.15966421E-03     -0.24770726E-03     -0.44331282E-03
    3208     -0.15854445E-03     -0.15966421E-03     -0.24775137E-03     -0.44331282E-03
    3209     -0.15854484E-03     -0.15966421E-03     -0.24779954E-03     -0.44331282E-03
    3210     -0.15854518E-03     -0.15966421E-03     -0.24783444E-03     -0.44331282E-03
    3211     -0.15854559E-03     -0.15966421E-03     -0.24786941E-03     -0.44331282E-03
    3212     -0.15854603E-03     -0.15966421E-03     -0.24791181E-03     -0.44331282E-03
    3213     -0.15854657E-03     -0.15966421E-03     -0.24796098E-03     -0.44331282E-03
    3214     -0.15854710E-03     -0.15966421E-03     -0.24800702E-03     -0.44331282E-03
    3215     -0.15854759E-03     -0.15966421E-03     -0.24805329E-03     -0.44331282E-03
    3216     -0.15854827E-03     -0.15966421E-03     -0.24811925E-03     -0.44331282E-03
    3217     -0.15854867E-03     -0.15966421E-03     -0.24816555E-03     -0.44331282E-03
    3218     -0.15854935E-03     -0.15966421E-03     -0.24822486E-03     -0.44331282E-03
    3219     -0.15854975E-03     -0.15966421E-03     -0.24827202E-03     -0.44331282E-03
    3220     -0.15855037E-03     -0.15966421E-03     -0.24833003E-03     -0.44331282E-03
    3221     -0.15855078E-03     -0.15966421E-03     -0.24837188E-03     -0.44331282E-03
    3222     -0.15855125E-03     -0.15966421E-03     -0.24842325E-03     -0.44331282E-03
    3223     -0.15855162E-03     -0.15966421E-03     -0.24847013E-03     -0.44331282E-03
    3224     -0.15855205E-03     -0.15966421E-03     -0.24851917E-03     -0.44331282E-03
    3225     -0.15855246E-03     -0.15966421E-03     -0.24857298E-03     -0.44331282E-03
    3226     -0.15855289E-03     -0.15966421E-03     -0.24862049E-03     -0.44331282E-03
    3227     -0.15855331E-03     -0.15966421E-03     -0.24868477E-03     -0.44331282E-03
    3228     -0.15855376E-03     -0.15966421E-03     -0.24873208E-03     -0.44331282E-03
    3229     -0.15855424E-03     -0.15966421E-03     -0.24878303E-03     -0.44331282E-03
    3230     -0.15855467E-03     -0.15966421E-03     -0.24882929E-03     -0.44331282E-03
    3231     -0.15855514E-03     -0.15966421E-03     -0.24887820E-03     -0.44331282E-03
    3232     -0.15855564E-03     -0.15966421E-03     -0.24893201E-03     -0.44331282E-03
    3233     -0.15855606E-03     -0.15966421E-03     -0.24896821E-03     -0.44331282E-03
    3234     -0.15855652E-03     -0.15966421E-03     -0.24903875E-03     -0.44331282E-03
    3235     -0.15855692E-03     -0.15966421E-03     -0.24908749E-03     -0.44331282E-03
    3236     -0.15855737E-03     -0.15966421E-03     -0.24912384E-03     -0.44331282E-03
    3237     -0.15855780E-03     -0.15966421E-03     -0.24917053E-03     -0.44331282E-03
    3238     -0.15855846E-03     -0.15966421E-03     -0.24922276E-03     -0.44331282E-03
    3239     -0.15855895E-03     -0.15966421E-03     -0.24928761E-03     -0.44331282E-03
    3240     -0.15855939E-03     -0.15966421E-03     -0.24933824E-03     -0.44331282E-03
    3241     -0.15855975E-03     -0.15966421E-03     -0.24937905E-03     -0.44331282E-03
    3242     -0.15856011E-03     -0.15966421E-03     -0.24943128E-03     -0.44331282E-03
    3243     -0.15856068E-03     -0.15966421E-03     -0.24948228E-03     -0.44331282E-03
    3244     -0.15856121E-03     -0.15966421E-03     -0.24953617E-03     -0.44331282E-03
    3245     -0.15856157E-03     -0.15966421E-03     -0.24957932E-03     -0.44331282E-03
    3246     -0.15856199E-03     -0.15966421E-03     -0.24962383E-03     -0.44331282E-03
    3247     -0.15856238E-03     -0.15966421E-03     -0.24966999E-03     -0.44331282E-03
    3248     -0.15856277E-03     -0.15966421E-03     -0.24971693E-03     -0.44331282E-03
    3249     -0.15856311E-03     -0.15966421E-03     -0.24975706E-03     -0.44331282E-03
    3250     -0.15856355E-03     -0.15966421E-03     -0.24981302E-03     -0.44331282E-03
    3251     -0.15856389E-03     -0.15966421E-03     -0.24985883E-03     -0.44331282E-03
    3252     -0.15856424E-03     -0.15966421E-03     -0.24990043E-03     -0.44331282E-03
    3253     -0.15856455E-03     -0.15966421E-03     -0.24994058E-03     -0.44331282E-03
    3254     -0.15856494E-03     -0.15966421E-03     -0.24999009E-03     -0.44331282E-03
    3255     -0.15856532E-03     -0.15966421E-03     -0.25003366E-03     -0.44331282E-03
    3256     -0.15856574E-03     -0.15966421E-03     -0.25008775E-03     -0.44331282E-03
    3257     -0.15856609E-03     -0.15966421E-03     -0.25013520E-03     -0.44331282E-03
    3258     -0.15856645E-03     -0.15966421E-03     -0.25017577E-03     -0.44331282E-03
    3259     -0.15856673E-03     -0.15966421E-03     -0.25021843E-03     -0.44331282E-03
    3260     -0.15856708E-03     -0.15966421E-03     -0.25026741E-03     -0.44331282E-03
    3261     -0.15856756E-03     -0.15966421E-03     -0.25031527E-03     -0.44331282E-03
    3262     -0.15856799E-03     -0.15966421E-03     -0.25036110E-03     -0.44331282E-03
    3263     -0.15856860E-03     -0.15966421E-03     -0.25042575E-03     -0.44331282E-03
    3264     -0.15856932E-03     -0.15966421E-03     -0.25048923E-03     -0.44331282E-03
    3265     -0.15856973E-03     -0.15966421E-03     -0.25053509E-03     -0.44331282E-03
    3266     -0.15857018E-03     -0.15966421E-03     -0.25059389E-03     -0.44331282E-03
    3267     -0.15857070E-03     -0.15966421E-03     -0.25065048E-03     -0.44331282E-03
    3268     -0.15857104E-03     -0.15966421E-03     -0.25070213E-03     -0.44331282E-03
    3269     -0.15857142E-03     -0.15966421E-03     -0.25074811E-03     -0.44331282E-03
    3270     -0.15857181E-03     -0.15966421E-03     -0.25078624E-03     -0.44331282E-03
    3271     -0.15857224E-03     -0.15966421E-03     -0.25084411E-03     -0.44331282E-03
    3272     -0.15857261E-03     -0.15966421E-03     -0.25089976E-03     -0.44331282E-03
    3273     -0.15857314E-03     -0.15966421E-03     -0.25096448E-03     -0.44331282E-03
    3274     -0.15857380E-03     -0.15966421E-03     -0.25104138E-03     -0.44331282E-03
    3275     -0.15857456E-03     -0.15966421E-03     -0.25114936E-03     -0.44331282E-03
    3276     -0.15857508E-03     -0.15966421E-03     -0.25121285E-03     -0.44331282E-03
    3277     -0.15857543E-03     -0.15966421E-03     -0.25125998E-03     -0.44331282E-03
    3278     -0.15857627E-03     -0.15966421E-03     -0.25136802E-03     -0.44331282E-03
    3279     -0.15857672E-03     -0.15966421E-03     -0.25142654E-03     -0.44331282E-03
    3280     -0.15857771E-03     -0.15966421E-03     -0.25153792E-03     -0.44331282E-03
    3281     -0.15857825E-03     -0.15966421E-03     -0.25160682E-03     -0.44331282E-03
    3282     -0.15857899E-03     -0.15966421E-03     -0.25170984E-03     -0.44331282E-03
    3283     -0.15857949E-03     -0.15966421E-03     -0.25177246E-03     -0.44331282E-03
    3284     -0.15858021E-03     -0.15966421E-03     -0.25186169E-03     -0.44331282E-03
    3285     -0.15858093E-03     -0.15966421E-03     -0.25193233E-03     -0.44331282E-03
    3286     -0.15858177E-03     -0.15966421E-03     -0.25202998E-03     -0.44331282E-03
    3287     -0.15858238E-03     -0.15966421E-03     -0.25209607E-03     -0.44331282E-03
    3288     -0.15858294E-03     -0.15966421E-03     -0.25218216E-03     -0.44331282E-03
    3289     -0.15858345E-03     -0.15966421E-03     -0.25222846E-03     -0.44331282E-03
    3290     -0.15858391E-03     -0.15966421E-03     -0.25229144E-03     -0.44331282E-03
    3291     -0.15858462E-03     -0.15966421E-03     -0.25235553E-03     -0.44331282E-03
    3292     -0.15858505E-03     -0.15966421E-03     -0.25240665E-03     -0.44331282E-03
    3293     -0.15858542E-03     -0.15966421E-03     -0.25245083E-03     -0.44331282E-03
    3294     -0.15858587E-03     -0.15966421E-03     -0.25250498E-03     -0.44331282E-03
    3295     -0.15858621E-03     -0.15966421E-03     -0.25253892E-03     -0.44331282E-03
    3296     -0.15858660E-03     -0.15966421E-03     -0.25258467E-03     -0.44331282E-03
    3297     -0.15858695E-03     -0.15966421E-03     -0.25262727E-03     -0.44331282E-03
    3298     -0.15858733E-03     -0.15966421E-03     -0.25267503E-03     -0.44331282E-03
    3299     -0.15858767E-03     -0.15966421E-03     -0.25271209E-03     -0.44331282E-03
    3300     -0.15858804E-03     -0.15966421E-03     -0.25274928E-03     -0.44331282E-03
    3301     -0.15858843E-03     -0.15966421E-03     -0.25279484E-03     -0.44331282E-03
    3302     -0.15858879E-03     -0.15966421E-03     -0.25283076E-03     -0.44331282E-03
    3303     -0.15858916E-03     -0.15966421E-03     -0.25286980E-03     -0.44331282E-03
    3304     -0.15858950E-03     -0.15966421E-03     -0.25291848E-03     -0.44331282E-03
    3305     -0.15858990E-03     -0.15966421E-03     -0.25296558E-03     -0.44331282E-03
    3306     -0.15859022E-03     -0.15966421E-03     -0.25300354E-03     -0.44331282E-03
    3307     -0.15859057E-03     -0.15966421E-03     -0.25303611E-03     -0.44331282E-03
    3308     -0.15859095E-03     -0.15966421E-03     -0.25307221E-03     -0.44331282E-03
    3309     -0.15859127E-03     -0.15966421E-03     -0.25311194E-03     -0.44331282E-03
    3310     -0.15859167E-03     -0.15966421E-03     -0.25316195E-03     -0.44331282E-03
    3311     -0.15859200E-03     -0.15966421E-03     -0.25319758E-03     -0.44331282E-03
    3312     -0.15859231E-03     -0.15966421E-03     -0.25323053E-03     -0.44331282E-03
    3313     -0.15859265E-03     -0.15966421E-03     -0.25326494E-03     -0.44331282E-03
    3314     -0.15859308E-03     -0.15966421E-03     -0.25330768E-03     -0.44331282E-03
    3315     -0.15859336E-03     -0.15966421E-03     -0.25334548E-03     -0.44331282E-03
    3316     -0.15859365E-03     -0.15966421E-03     -0.25337782E-03     -0.44331282E-03
    3317     -0.15859395E-03     -0.15966421E-03     -0.25341405E-03     -0.44331282E-03
    3318     -0.15859422E-03     -0.15966421E-03     -0.25344736E-03     -0.44331282E-03
    3319     -0.15859452E-03     -0.15966421E-03     -0.25347455E-03     -0.44331282E-03
    3320     -0.15859485E-03     -0.15966421E-03     -0.25350792E-03     -0.44331282E-03
    3321     -0.15859506E-03     -0.15966421E-03     -0.25353510E-03     -0.44331282E-03
    3322     -0.15859537E-03     -0.15966421E-03     -0.25357283E-03     -0.44331282E-03
    3323     -0.15859569E-03     -0.15966421E-03     -0.25360971E-03     -0.44331282E-03
    3324     -0.15859611E-03     -0.15966421E-03     -0.25365467E-03     -0.44331282E-03
    3325     -0.15859643E-03     -0.15966421E-03     -0.25368977E-03     -0.44331282E-03
    3326     -0.15859684E-03     -0.15966421E-03     -0.25372776E-03     -0.44331282E-03
    3327     -0.15859716E-03     -0.15966421E-03     -0.25376024E-03     -0.44331282E-03
    3328     -0.15859752E-03     -0.15966421E-03     -0.25379290E-03     -0.44331282E-03
    3329     -0.15859787E-03     -0.15966421E-03     -0.25382873E-03     -0.44331282E-03
    3330     -0.15859813E-03     -0.15966421E-03     -0.25385930E-03     -0.44331282E-03
    3331     -0.15859838E-03     -0.15966421E-03     -0.25389040E-03     -0.44331282E-03
    3332     -0.15859860E-03     -0.15966421E-03     -0.25392312E-03     -0.44331282E-03
    3333     -0.15859888E-03     -0.15966421E-03     -0.25395677E-03     -0.44331282E-03
    3334     -0.15859910E-03     -0.15966421E-03     -0.25398992E-03     -0.44331282E-03
    3335     -0.15859934E-03     -0.15966421E-03     -0.25401783E-03     -0.44331282E-03
    3336     -0.15859965E-03     -0.15966421E-03     -0.25405486E-03     -0.44331282E-03
    3337     -0.15859996E-03     -0.15966421E-03     -0.25409264E-03     -0.44331282E-03
    3338     -0.15860019E-03     -0.15966421E-03     -0.25412477E-03     -0.44331282E-03
    3339     -0.15860045E-03     -0.15966421E-03     -0.25415925E-03     -0.44331282E-03
    3340     -0.15860068E-03     -0.15966421E-03     -0.25418911E-03     -0.44331282E-03
    3341     -0.15860101E-03     -0.15966421E-03     -0.25422954E-03     -0.44331282E-03
    3342     -0.15860128E-03     -0.15966421E-03     -0.25426504E-03     -0.44331282E-03
    3343     -0.15860159E-03     -0.15966421E-03     -0.25430681E-03     -0.44331282E-03
    3344     -0.15860190E-03     -0.15966421E-03     -0.25434261E-03     -0.44331282E-03
    3345     -0.15860226E-03     -0.15966421E-03     -0.25438385E-03     -0.44331282E-03
    3346     -0.15860267E-03     -0.15966421E-03     -0.25443177E-03     -0.44331282E-03
    3347     -0.15860299E-03     -0.15966421E-03     -0.25447439E-03     -0.44331282E-03
    3348     -0.15860329E-03     -0.15966421E-03     -0.25451768E-03     -0.44331282E-03
    3349     -0.15860368E-03     -0.15966421E-03     -0.25456741E-03     -0.44331282E-03
    3350     -0.15860403E-03     -0.15966421E-03     -0.25461283E-03     -0.44331282E-03
    3351     -0.15860435E-03     -0.15966421E-03     -0.25466722E-03     -0.44331282E-03
    3352     -0.15860475E-03     -0.15966421E-03     -0.25471158E-03     -0.44331282E-03
    3353     -0.15860506E-03     -0.15966421E-03     -0.25475148E-03     -0.44331282E-03
    3354     -0.15860533E-03     -0.15966421E-03     -0.25478620E-03     -0.44331282E-03
    3355     -0.15860566E-03     -0.15966421E-03     -0.25482650E-03     -0.44331282E-03
    3356     -0.15860599E-03     -0.15966421E-03     -0.25486331E-03     -0.44331282E-03
    3357     -0.15860634E-03     -0.15966421E-03     -0.25490679E-03     -0.44331282E-03
    3358     -0.15860663E-03     -0.15966421E-03     -0.25494014E-03     -0.44331282E-03
    3359     -0.15860689E-03     -0.15966421E-03     -0.25497712E-03     -0.44331282E-03
    3360     -0.15860722E-03     -0.15966421E-03     -0.25501288E-03     -0.44331282E-03
    3361     -0.15860759E-03     -0.15966421E-03     -0.25505931E-03     -0.44331282E-03
    3362     -0.15860790E-03     -0.15966421E-03     -0.25509929E-03     -0.44331282E-03
    3363     -0.15860838E-03     -0.15966421E-03     -0.25514915E-03     -0.44331282E-03
    3364     -0.15860869E-03     -0.15966421E-03     -0.25518986E-03     -0.44331282E-03
    3365     -0.15860901E-03     -0.15966421E-03     -0.25522837E-03     -0.44331282E-03
    3366     -0.15860940E-03     -0.15966421E-03     -0.25527187E-03     -0.44331282E-03
    3367     -0.15860969E-03     -0.15966421E-03     -0.25530939E-03     -0.44331282E-03
    3368     -0.15861003E-03     -0.15966421E-03     -0.25534295E-03     -0.44331282E-03
    3369     -0.15861037E-03     -0.15966421E-03     -0.25539202E-03     -0.44331282E-03
    3370     -0.15861067E-03     -0.15966421E-03     -0.25542457E-03     -0.44331282E-03
    3371     -0.15861099E-03     -0.15966421E-03     -0.25546467E-03     -0.44331282E-03
    3372     -0.15861124E-03     -0.15966421E-03     -0.25550312E-03     -0.44331282E-03
    3373     -0.15861158E-03     -0.15966421E-03     -0.25555477E-03     -0.44331282E-03
    3374     -0.15861191E-03     -0.15966421E-03     -0.25559624E-03     -0.44331282E-03
    3375     -0.15861219E-03     -0.15966421E-03     -0.25563551E-03     -0.44331282E-03
    3376     -0.15861249E-03     -0.15966421E-03     -0.25568210E-03     -0.44331282E-03
    3377     -0.15861278E-03     -0.15966421E-03     -0.25572462E-03     -0.44331282E-03
    3378     -0.15861316E-03     -0.15966421E-03     -0.25577235E-03     -0.44331282E-03
    3379     -0.15861348E-03     -0.15966421E-03     -0.25582401E-03     -0.44331282E-03
    3380     -0.15861381E-03     -0.15966421E-03     -0.25587796E-03     -0.44331282E-03
    3381     -0.15861419E-03     -0.15966421E-03     -0.25591621E-03     -0.44331282E-03
    3382     -0.15861455E-03     -0.15966421E-03     -0.25595769E-03     -0.44331282E-03
    3383     -0.15861498E-03     -0.15966421E-03     -0.25601327E-03     -0.44331282E-03
    3384     -0.15861551E-03     -0.15966421E-03     -0.25607374E-03     -0.44331282E-03
    3385     -0.15861585E-03     -0.15966421E-03     -0.25611849E-03     -0.44331282E-03
    3386     -0.15861616E-03     -0.15966421E-03     -0.25616338E-03     -0.44331282E-03
    3387     -0.15861656E-03     -0.15966421E-03     -0.25620412E-03     -0.44331282E-03
    3388     -0.15861695E-03     -0.15966421E-03     -0.25624498E-03     -0.44331282E-03
    3389     -0.15861728E-03     -0.15966421E-03     -0.25628417E-03     -0.44331282E-03
    3390     -0.15861758E-03     -0.15966421E-03     -0.25632336E-03     -0.44331282E-03
    3391     -0.15861788E-03     -0.15966421E-03     -0.25635630E-03     -0.44331282E-03
    3392     -0.15861815E-03     -0.15966421E-03     -0.25639051E-03     -0.44331282E-03
    3393     -0.15861843E-03     -0.15966421E-03     -0.25641959E-03     -0.44331282E-03
    3394     -0.15861880E-03     -0.15966421E-03     -0.25645398E-03     -0.44331282E-03
    3395     -0.15861908E-03     -0.15966421E-03     -0.25649628E-03     -0.44331282E-03
    3396     -0.15861931E-03     -0.15966421E-03     -0.25652646E-03     -0.44331282E-03
    3397     -0.15861970E-03     -0.15966421E-03     -0.25657263E-03     -0.44331282E-03
    3398     -0.15862000E-03     -0.15966421E-03     -0.25660613E-03     -0.44331282E-03
    3399     -0.15862025E-03     -0.15966421E-03     -0.25663917E-03     -0.44331282E-03
    3400     -0.15862057E-03     -0.15966421E-03     -0.25667141E-03     -0.44331282E-03
    3401     -0.15862091E-03     -0.15966421E-03     -0.25670846E-03     -0.44331282E-03
    3402     -0.15862124E-03     -0.15966421E-03     -0.25674856E-03     -0.44331282E-03
    3403     -0.15862154E-03     -0.15966421E-03     -0.25677984E-03     -0.44331282E-03
    3404     -0.15862188E-03     -0.15966421E-03     -0.25681991E-03     -0.44331282E-03
    3405     -0.15862223E-03     -0.15966421E-03     -0.25686777E-03     -0.44331282E-03
    3406     -0.15862262E-03     -0.15966421E-03     -0.25690978E-03     -0.44331282E-03
    3407     -0.15862291E-03     -0.15966421E-03     -0.25694853E-03     -0.44331282E-03
    3408     -0.15862321E-03     -0.15966421E-03     -0.25698197E-03     -0.44331282E-03
    3409     -0.15862348E-03     -0.15966421E-03     -0.25702203E-03     -0.44331282E-03
    3410     -0.15862381E-03     -0.15966421E-03     -0.25706052E-03     -0.44331282E-03
    3411     -0.15862406E-03     -0.15966421E-03     -0.25710108E-03     -0.44331282E-03
    3412     -0.15862431E-03     -0.15966421E-03     -0.25713239E-03     -0.44331282E-03
    3413     -0.15862460E-03     -0.15966421E-03     -0.25717829E-03     -0.44331282E-03
    3414     -0.15862492E-03     -0.15966421E-03     -0.25721506E-03     -0.44331282E-03
    3415     -0.15862521E-03     -0.15966421E-03     -0.25725043E-03     -0.44331282E-03
    3416     -0.15862553E-03     -0.15966421E-03     -0.25728865E-03     -0.44331282E-03
    3417     -0.15862585E-03     -0.15966421E-03     -0.25732225E-03     -0.44331282E-03
    3418     -0.15862613E-03     -0.15966421E-03     -0.25736069E-03     -0.44331282E-03
    3419     -0.15862651E-03     -0.15966421E-03     -0.25740318E-03     -0.44331282E-03
    3420     -0.15862686E-03     -0.15966421E-03     -0.25743877E-03     -0.44331282E-03
    3421     -0.15862717E-03     -0.15966421E-03     -0.25747350E-03     -0.44331282E-03
    3422     -0.15862746E-03     -0.15966421E-03     -0.25750559E-03     -0.44331282E-03
    3423     -0.15862778E-03     -0.15966421E-03     -0.25754318E-03     -0.44331282E-03
    3424     -0.15862804E-03     -0.15966421E-03     -0.25758091E-03     -0.44331282E-03
    3425     -0.15862840E-03     -0.15966421E-03     -0.25761910E-03     -0.44331282E-03
    3426     -0.15862874E-03     -0.15966421E-03     -0.25765518E-03     -0.44331282E-03
    3427     -0.15862901E-03     -0.15966421E-03     -0.25769676E-03     -0.44331282E-03
    3428     -0.15862932E-03     -0.15966421E-03     -0.25773010E-03     -0.44331282E-03
    3429     -0.15862957E-03     -0.15966421E-03     -0.25776445E-03     -0.44331282E-03
    3430     -0.15862991E-03     -0.15966421E-03     -0.25780939E-03     -0.44331282E-03
    3431     -0.15863020E-03     -0.15966421E-03     -0.25784172E-03     -0.44331282E-03
    3432     -0.15863057E-03     -0.15966421E-03     -0.25788565E-03     -0.44331282E-03
    3433     -0.15863091E-03     -0.15966421E-03     -0.25792430E-03     -0.44331282E-03
    3434     -0.15863128E-03     -0.15966421E-03     -0.25796864E-03     -0.44331282E-03
    3435     -0.15863166E-03     -0.15966421E-03     -0.25800870E-03     -0.44331282E-03
    3436     -0.15863207E-03     -0.15966421E-03     -0.25804774E-03     -0.44331282E-03
    3437     -0.15863257E-03     -0.15966421E-03     -0.25810647E-03     -0.44331282E-03
    3438     -0.15863302E-03     -0.15966421E-03     -0.25815593E-03     -0.44331282E-03
    3439     -0.15863334E-03     -0.15966421E-03     -0.25819717E-03     -0.44331282E-03
    3440     -0.15863370E-03     -0.15966421E-03     -0.25823610E-03     -0.44331282E-03
    3441     -0.15863403E-03     -0.15966421E-03     -0.25827668E-03     -0.44331282E-03
    3442     -0.15863454E-03     -0.15966421E-03     -0.25832586E-03     -0.44331282E-03
    3443     -0.15863500E-03     -0.15966421E-03     -0.25837919E-03     -0.44331282E-03
    3444     -0.15863540E-03     -0.15966421E-03     -0.25842149E-03     -0.44331282E-03
    3445     -0.15863575E-03     -0.15966421E-03     -0.25846176E-03     -0.44331282E-03
    3446     -0.15863628E-03     -0.15966421E-03     -0.25850780E-03     -0.44331282E-03
    3447     -0.15863659E-03     -0.15966421E-03     -0.25855040E-03     -0.44331282E-03
    3448     -0.15863699E-03     -0.15966421E-03     -0.25859987E-03     -0.44331282E-03
    3449     -0.15863725E-03     -0.15966421E-03     -0.25863606E-03     -0.44331282E-03
    3450     -0.15863756E-03     -0.15966421E-03     -0.25867262E-03     -0.44331282E-03
    3451     -0.15863786E-03     -0.15966421E-03     -0.25871813E-03     -0.44331282E-03
    3452     -0.15863814E-03     -0.15966421E-03     -0.25875500E-03     -0.44331282E-03
    3453     -0.15863841E-03     -0.15966421E-03     -0.25878765E-03     -0.44331282E-03
    3454     -0.15863875E-03     -0.15966421E-03     -0.25882992E-03     -0.44331282E-03
    3455     -0.15863909E-03     -0.15966421E-03     -0.25886632E-03     -0.44331282E-03
    3456     -0.15863940E-03     -0.15966421E-03     -0.25890788E-03     -0.44331282E-03
    3457     -0.15863976E-03     -0.15966421E-03     -0.25894397E-03     -0.44331282E-03
    3458     -0.15864011E-03     -0.15966421E-03     -0.25898580E-03     -0.44331282E-03
    3459     -0.15864067E-03     -0.15966421E-03     -0.25904728E-03     -0.44331282E-03
    3460     -0.15864101E-03     -0.15966421E-03     -0.25908965E-03     -0.44331282E-03
    3461     -0.15864131E-03     -0.15966421E-03     -0.25912973E-03     -0.44331282E-03
    3462     -0.15864195E-03     -0.15966421E-03     -0.25919304E-03     -0.44331282E-03
    3463     -0.15864238E-03     -0.15966421E-03     -0.25925101E-03     -0.44331282E-03
    3464     -0.15864273E-03     -0.15966421E-03     -0.25929329E-03     -0.44331282E-03
    3465     -0.15864307E-03     -0.15966421E-03     -0.25933726E-03     -0.44331282E-03
    3466     -0.15864362E-03     -0.15966421E-03     -0.25939294E-03     -0.44331282E-03
    3467     -0.15864401E-03     -0.15966421E-03     -0.25943319E-03     -0.44331282E-03
    3468     -0.15864437E-03     -0.15966421E-03     -0.25948210E-03     -0.44331282E-03
    3469     -0.15864480E-03     -0.15966421E-03     -0.25952664E-03     -0.44331282E-03
    3470     -0.15864520E-03     -0.15966421E-03     -0.25957855E-03     -0.44331282E-03
    3471     -0.15864560E-03     -0.15966421E-03     -0.25962837E-03     -0.44331282E-03
    3472     -0.15864595E-03     -0.15966421E-03     -0.25966384E-03     -0.44331282E-03
    3473     -0.15864626E-03     -0.15966421E-03     -0.25970282E-03     -0.44331282E-03
    3474     -0.15864683E-03     -0.15966421E-03     -0.25976331E-03     -0.44331282E-03
    3475     -0.15864714E-03     -0.15966421E-03     -0.25980141E-03     -0.44331282E-03
    3476     -0.15864754E-03     -0.15966421E-03     -0.25984577E-03     -0.44331282E-03
    3477     -0.15864801E-03     -0.15966421E-03     -0.25989261E-03     -0.44331282E-03
    3478     -0.15864845E-03     -0.15966421E-03     -0.25993769E-03     -0.44331282E-03
    3479     -0.15864895E-03     -0.15966421E-03     -0.25998839E-03     -0.44331282E-03
    3480     -0.15864926E-03     -0.15966421E-03     -0.26003016E-03     -0.44331282E-03
    3481     -0.15864970E-03     -0.15966421E-03     -0.26008824E-03     -0.44331282E-03
    3482     -0.15865006E-03     -0.15966421E-03     -0.26013773E-03     -0.44331282E-03
    3483     -0.15865040E-03     -0.15966421E-03     -0.26018220E-03     -0.44331282E-03
    3484     -0.15865068E-03     -0.15966421E-03     -0.26022682E-03     -0.44331282E-03
    3485     -0.15865099E-03     -0.15966421E-03     -0.26026202E-03     -0.44331282E-03
    3486     -0.15865133E-03     -0.15966421E-03     -0.26031303E-03     -0.44331282E-03
    3487     -0.15865164E-03     -0.15966421E-03     -0.26035120E-03     -0.44331282E-03
    3488     -0.15865199E-03     -0.15966421E-03     -0.26039189E-03     -0.44331282E-03
    3489     -0.15865231E-03     -0.15966421E-03     -0.26043286E-03     -0.44331282E-03
    3490     -0.15865262E-03     -0.15966421E-03     -0.26048144E-03     -0.44331282E-03
    3491     -0.15865292E-03     -0.15966421E-03     -0.26052657E-03     -0.44331282E-03
    3492     -0.15865324E-03     -0.15966421E-03     -0.26057413E-03     -0.44331282E-03
    3493     -0.15865357E-03     -0.15966421E-03     -0.26061725E-03     -0.44331282E-03
    3494     -0.15865395E-03     -0.15966421E-03     -0.26066128E-03     -0.44331282E-03
    3495     -0.15865429E-03     -0.15966421E-03     -0.26071160E-03     -0.44331282E-03
    3496     -0.15865464E-03     -0.15966421E-03     -0.26075269E-03     -0.44331282E-03
    3497     -0.15865501E-03     -0.15966421E-03     -0.26079522E-03     -0.44331282E-03
    3498     -0.15865538E-03     -0.15966421E-03     -0.26084624E-03     -0.44331282E-03
    3499     -0.15865569E-03     -0.15966421E-03     -0.26088631E-03     -0.44331282E-03
    3500     -0.15865603E-03     -0.15966421E-03     -0.26092979E-03     -0.44331282E-03
    3501     -0.15865631E-03     -0.15966421E-03     -0.26097228E-03     -0.44331282E-03
    3502     -0.15865665E-03     -0.15966421E-03     -0.26101588E-03     -0.44331282E-03
    3503     -0.15865704E-03     -0.15966421E-03     -0.26105928E-03     -0.44331282E-03
    3504     -0.15865741E-03     -0.15966421E-03     -0.26110248E-03     -0.44331282E-03
    3505     -0.15865775E-03     -0.15966421E-03     -0.26113954E-03     -0.44331282E-03
    3506     -0.15865816E-03     -0.15966421E-03     -0.26118773E-03     -0.44331282E-03
    3507     -0.15865846E-03     -0.15966421E-03     -0.26122929E-03     -0.44331282E-03
    3508     -0.15865878E-03     -0.15966421E-03     -0.26128246E-03     -0.44331282E-03
    3509     -0.15865911E-03     -0.15966421E-03     -0.26133186E-03     -0.44331282E-03
    3510     -0.15865951E-03     -0.15966421E-03     -0.26138218E-03     -0.44331282E-03
    3511     -0.15865980E-03     -0.15966421E-03     -0.26141857E-03     -0.44331282E-03
    3512     -0.15866014E-03     -0.15966421E-03     -0.26146370E-03     -0.44331282E-03
    3513     -0.15866042E-03     -0.15966421E-03     -0.26151170E-03     -0.44331282E-03
    3514     -0.15866067E-03     -0.15966421E-03     -0.26155134E-03     -0.44331282E-03
    3515     -0.15866113E-03     -0.15966421E-03     -0.26160715E-03     -0.44331282E-03
    3516     -0.15866137E-03     -0.15966421E-03     -0.26163446E-03     -0.44331282E-03
    3517     -0.15866175E-03     -0.15966421E-03     -0.26168826E-03     -0.44331282E-03
    3518     -0.15866217E-03     -0.15966421E-03     -0.26174051E-03     -0.44331282E-03
    3519     -0.15866244E-03     -0.15966421E-03     -0.26177936E-03     -0.44331282E-03
    3520     -0.15866280E-03     -0.15966421E-03     -0.26182580E-03     -0.44331282E-03
    3521     -0.15866320E-03     -0.15966421E-03     -0.26187344E-03     -0.44331282E-03
    3522     -0.15866362E-03     -0.15966421E-03     -0.26193294E-03     -0.44331282E-03
    3523     -0.15866397E-03     -0.15966421E-03     -0.26198290E-03     -0.44331282E-03
    3524     -0.15866444E-03     -0.15966421E-03     -0.26204167E-03     -0.44331282E-03
    3525     -0.15866477E-03     -0.15966421E-03     -0.26208503E-03     -0.44331282E-03
    3526     -0.15866514E-03     -0.15966421E-03     -0.26213671E-03     -0.44331282E-03
    3527     -0.15866549E-03     -0.15966421E-03     -0.26218816E-03     -0.44331282E-03
    3528     -0.15866590E-03     -0.15966421E-03     -0.26223637E-03     -0.44331282E-03
    3529     -0.15866625E-03     -0.15966421E-03     -0.26229289E-03     -0.44331282E-03
    3530     -0.15866659E-03     -0.15966421E-03     -0.26234080E-03     -0.44331282E-03
    3531     -0.15866701E-03     -0.15966421E-03     -0.26239128E-03     -0.44331282E-03
    3532     -0.15866737E-03     -0.15966421E-03     -0.26243932E-03     -0.44331282E-03
    3533     -0.15866778E-03     -0.15966421E-03     -0.26249157E-03     -0.44331282E-03
    3534     -0.15866809E-03     -0.15966421E-03     -0.26254073E-03     -0.44331282E-03
    3535     -0.15866857E-03     -0.15966421E-03     -0.26259608E-03     -0.44331282E-03
    3536     -0.15866909E-03     -0.15966421E-03     -0.26264780E-03     -0.44331282E-03
    3537     -0.15866947E-03     -0.15966421E-03     -0.26268904E-03     -0.44331282E-03
    3538     -0.15866983E-03     -0.15966421E-03     -0.26272883E-03     -0.44331282E-03
    3539     -0.15867019E-03     -0.15966421E-03     -0.26277404E-03     -0.44331282E-03
    3540     -0.15867050E-03     -0.15966421E-03     -0.26283494E-03     -0.44331282E-03
    3541     -0.15867081E-03     -0.15966421E-03     -0.26289988E-03     -0.44331282E-03
    3542     -0.15867111E-03     -0.15966421E-03     -0.26293959E-03     -0.44331282E-03
    3543     -0.15867153E-03     -0.15966421E-03     -0.26298661E-03     -0.44331282E-03
    3544     -0.15867193E-03     -0.15966421E-03     -0.26303866E-03     -0.44331282E-03
    3545     -0.15867234E-03     -0.15966421E-03     -0.26309138E-03     -0.44331282E-03
    3546     -0.15867275E-03     -0.15966421E-03     -0.26313741E-03     -0.44331282E-03
    3547     -0.15867311E-03     -0.15966421E-03     -0.26319195E-03     -0.44331282E-03
    3548     -0.15867341E-03     -0.15966421E-03     -0.26323607E-03     -0.44331282E-03
    3549     -0.15867383E-03     -0.15966421E-03     -0.26329071E-03     -0.44331282E-03
    3550     -0.15867411E-03     -0.15966421E-03     -0.26333843E-03     -0.44331282E-03
    3551     -0.15867440E-03     -0.15966421E-03     -0.26337462E-03     -0.44331282E-03
    3552     -0.15867465E-03     -0.15966421E-03     -0.26341213E-03     -0.44331282E-03
    3553     -0.15867501E-03     -0.15966421E-03     -0.26345352E-03     -0.44331282E-03
    3554     -0.15867530E-03     -0.15966421E-03     -0.26348897E-03     -0.44331282E-03
    3555     -0.15867550E-03     -0.15966421E-03     -0.26352144E-03     -0.44331282E-03
    3556     -0.15867574E-03     -0.15966421E-03     -0.26355599E-03     -0.44331282E-03
    3557     -0.15867602E-03     -0.15966421E-03     -0.26359358E-03     -0.44331282E-03
    3558     -0.15867629E-03     -0.15966421E-03     -0.26363105E-03     -0.44331282E-03
    3559     -0.15867663E-03     -0.15966421E-03     -0.26368421E-03     -0.44331282E-03
    3560     -0.15867690E-03     -0.15966421E-03     -0.26372562E-03     -0.44331282E-03
    3561     -0.15867712E-03     -0.15966421E-03     -0.26375416E-03     -0.44331282E-03
    3562     -0.15867748E-03     -0.15966421E-03     -0.26380043E-03     -0.44331282E-03
    3563     -0.15867776E-03     -0.15966421E-03     -0.26383671E-03     -0.44331282E-03
    3564     -0.15867804E-03     -0.15966421E-03     -0.26388217E-03     -0.44331282E-03
    3565     -0.15867834E-03     -0.15966421E-03     -0.26392805E-03     -0.44331282E-03
    3566     -0.15867862E-03     -0.15966421E-03     -0.26396673E-03     -0.44331282E-03
    3567     -0.15867888E-03     -0.15966421E-03     -0.26400324E-03     -0.44331282E-03
    3568     -0.15867910E-03     -0.15966421E-03     -0.26404175E-03     -0.44331282E-03
    3569     -0.15867939E-03     -0.15966421E-03     -0.26409489E-03     -0.44331282E-03
    3570     -0.15867968E-03     -0.15966421E-03     -0.26413354E-03     -0.44331282E-03
    3571     -0.15867995E-03     -0.15966421E-03     -0.26417543E-03     -0.44331282E-03
    3572     -0.15868023E-03     -0.15966421E-03     -0.26421130E-03     -0.44331282E-03
    3573     -0.15868055E-03     -0.15966421E-03     -0.26425710E-03     -0.44331282E-03
    3574     -0.15868088E-03     -0.15966421E-03     -0.26430111E-03     -0.44331282E-03
    3575     -0.15868117E-03     -0.15966421E-03     -0.26435629E-03     -0.44331282E-03
    3576     -0.15868145E-03     -0.15966421E-03     -0.26439683E-03     -0.44331282E-03
    3577     -0.15868173E-03     -0.15966421E-03     -0.26443821E-03     -0.44331282E-03
    3578     -0.15868200E-03     -0.15966421E-03     -0.26448155E-03     -0.44331282E-03
    3579     -0.15868232E-03     -0.15966421E-03     -0.26452107E-03     -0.44331282E-03
    3580     -0.15868264E-03     -0.15966421E-03     -0.26456055E-03     -0.44331282E-03
    3581     -0.15868295E-03     -0.15966421E-03     -0.26460550E-03     -0.44331282E-03
    3582     -0.15868325E-03     -0.15966421E-03     -0.26465042E-03     -0.44331282E-03
    3583     -0.15868351E-03     -0.15966421E-03     -0.26470005E-03     -0.44331282E-03
    3584     -0.15868382E-03     -0.15966421E-03     -0.26473781E-03     -0.44331282E-03
    3585     -0.15868412E-03     -0.15966421E-03     -0.26478629E-03     -0.44331282E-03
    3586     -0.15868442E-03     -0.15966421E-03     -0.26483196E-03     -0.44331282E-03
    3587     -0.15868475E-03     -0.15966421E-03     -0.26488313E-03     -0.44331282E-03
    3588     -0.15868502E-03     -0.15966421E-03     -0.26492385E-03     -0.44331282E-03
    3589     -0.15868529E-03     -0.15966421E-03     -0.26496393E-03     -0.44331282E-03
    3590     -0.15868553E-03     -0.15966421E-03     -0.26500222E-03     -0.44331282E-03
    3591     -0.15868576E-03     -0.15966421E-03     -0.26503924E-03     -0.44331282E-03
    3592     -0.15868610E-03     -0.15966421E-03     -0.26508839E-03     -0.44331282E-03
    3593     -0.15868640E-03     -0.15966421E-03     -0.26512888E-03     -0.44331282E-03
    3594     -0.15868659E-03     -0.15966421E-03     -0.26516290E-03     -0.44331282E-03
    3595     -0.15868682E-03     -0.15966421E-03     -0.26519767E-03     -0.44331282E-03
    3596     -0.15868710E-03     -0.15966421E-03     -0.26523541E-03     -0.44331282E-03
    3597     -0.15868735E-03     -0.15966421E-03     -0.26527437E-03     -0.44331282E-03
    3598     -0.15868764E-03     -0.15966421E-03     -0.26530675E-03     -0.44331282E-03
    3599     -0.15868788E-03     -0.15966421E-03     -0.26534530E-03     -0.44331282E-03
    3600     -0.15868808E-03     -0.15966421E-03     -0.26538441E-03     -0.44331282E-03
    3601     -0.15868833E-03     -0.15966421E-03     -0.26542437E-03     -0.44331282E-03
    3602     -0.15868857E-03     -0.15966421E-03     -0.26546251E-03     -0.44331282E-03
    3603     -0.15868882E-03     -0.15966421E-03     -0.26549880E-03     -0.44331282E-03
    3604     -0.15868913E-03     -0.15966421E-03     -0.26554647E-03     -0.44331282E-03
    3605     -0.15868940E-03     -0.15966421E-03     -0.26558612E-03     -0.44331282E-03
    3606     -0.15868972E-03     -0.15966421E-03     -0.26562492E-03     -0.44331282E-03
    3607     -0.15868999E-03     -0.15966421E-03     -0.26566252E-03     -0.44331282E-03
    3608     -0.15869034E-03     -0.15966421E-03     -0.26570987E-03     -0.44331282E-03
    3609     -0.15869064E-03     -0.15966421E-03     -0.26575102E-03     -0.44331282E-03
    3610     -0.15869089E-03     -0.15966421E-03     -0.26578961E-03     -0.44331282E-03
    3611     -0.15869125E-03     -0.15966421E-03     -0.26583241E-03     -0.44331282E-03
    3612     -0.15869148E-03     -0.15966421E-03     -0.26586719E-03     -0.44331282E-03
    3613     -0.15869181E-03     -0.15966421E-03     -0.26590862E-03     -0.44331282E-03
    3614     -0.15869204E-03     -0.15966421E-03     -0.26594592E-03     -0.44331282E-03
    3615     -0.15869233E-03     -0.15966421E-03     -0.26598153E-03     -0.44331282E-03
    3616     -0.15869259E-03     -0.15966421E-03     -0.26602922E-03     -0.44331282E-03
    3617     -0.15869289E-03     -0.15966421E-03     -0.26606736E-03     -0.44331282E-03
    3618     -0.15869322E-03     -0.15966421E-03     -0.26611104E-03     -0.44331282E-03
    3619     -0.15869354E-03     -0.15966421E-03     -0.26615248E-03     -0.44331282E-03
    3620     -0.15869375E-03     -0.15966421E-03     -0.26619412E-03     -0.44331282E-03
    3621     -0.15869410E-03     -0.15966421E-03     -0.26623524E-03     -0.44331282E-03
    3622     -0.15869435E-03     -0.15966421E-03     -0.26627502E-03     -0.44331282E-03
    3623     -0.15869458E-03     -0.15966421E-03     -0.26631299E-03     -0.44331282E-03
    3624     -0.15869485E-03     -0.15966421E-03     -0.26635345E-03     -0.44331282E-03
    3625     -0.15869516E-03     -0.15966421E-03     -0.26639352E-03     -0.44331282E-03
    3626     -0.15869543E-03     -0.15966421E-03     -0.26643268E-03     -0.44331282E-03
    3627     -0.15869569E-03     -0.15966421E-03     -0.26647263E-03     -0.44331282E-03
    3628     -0.15869594E-03     -0.15966421E-03     -0.26651112E-03     -0.44331282E-03
    3629     -0.15869622E-03     -0.15966421E-03     -0.26655186E-03     -0.44331282E-03
    3630     -0.15869650E-03     -0.15966421E-03     -0.26659118E-03     -0.44331282E-03
    3631     -0.15869673E-03     -0.15966421E-03     -0.26662795E-03     -0.44331282E-03
    3632     -0.15869697E-03     -0.15966421E-03     -0.26666648E-03     -0.44331282E-03
    3633     -0.15869733E-03     -0.15966421E-03     -0.26671602E-03     -0.44331282E-03
    3634     -0.15869758E-03     -0.15966421E-03     -0.26675626E-03     -0.44331282E-03
    3635     -0.15869789E-03     -0.15966421E-03     -0.26680539E-03     -0.44331282E-03
    3636     -0.15869812E-03     -0.15966421E-03     -0.26684255E-03     -0.44331282E-03
    3637     -0.15869840E-03     -0.15966421E-03     -0.26688652E-03     -0.44331282E-03
    3638     -0.15869875E-03     -0.15966421E-03     -0.26694350E-03     -0.44331282E-03
    3639     -0.15869902E-03     -0.15966421E-03     -0.26698213E-03     -0.44331282E-03
    3640     -0.15869933E-03     -0.15966421E-03     -0.26703054E-03     -0.44331282E-03
    3641     -0.15869965E-03     -0.15966421E-03     -0.26708094E-03     -0.44331282E-03
    3642     -0.15869998E-03     -0.15966421E-03     -0.26713462E-03     -0.44331282E-03
    3643     -0.15870024E-03     -0.15966421E-03     -0.26717414E-03     -0.44331282E-03
    3644     -0.15870048E-03     -0.15966421E-03     -0.26721368E-03     -0.44331282E-03
    3645     -0.15870074E-03     -0.15966421E-03     -0.26725377E-03     -0.44331282E-03
    3646     -0.15870100E-03     -0.15966421E-03     -0.26729556E-03     -0.44331282E-03
    3647     -0.15870128E-03     -0.15966421E-03     -0.26733983E-03     -0.44331282E-03
    3648     -0.15870152E-03     -0.15966421E-03     -0.26737225E-03     -0.44331282E-03
    3649     -0.15870178E-03     -0.15966421E-03     -0.26741277E-03     -0.44331282E-03
    3650     -0.15870203E-03     -0.15966421E-03     -0.26744407E-03     -0.44331282E-03
    3651     -0.15870226E-03     -0.15966421E-03     -0.26747555E-03     -0.44331282E-03
    3652     -0.15870251E-03     -0.15966421E-03     -0.26751262E-03     -0.44331282E-03
    3653     -0.15870278E-03     -0.15966421E-03     -0.26755460E-03     -0.44331282E-03
    3654     -0.15870300E-03     -0.15966421E-03     -0.26759278E-03     -0.44331282E-03
    3655     -0.15870323E-03     -0.15966421E-03     -0.26763536E-03     -0.44331282E-03
    3656     -0.15870346E-03     -0.15966421E-03     -0.26767419E-03     -0.44331282E-03
    3657     -0.15870375E-03     -0.15966421E-03     -0.26771406E-03     -0.44331282E-03
    3658     -0.15870395E-03     -0.15966421E-03     -0.26775913E-03     -0.44331282E-03
    3659     -0.15870418E-03     -0.15966421E-03     -0.26780130E-03     -0.44331282E-03
    3660     -0.15870446E-03     -0.15966421E-03     -0.26784363E-03     -0.44331282E-03
    3661     -0.15870467E-03     -0.15966421E-03     -0.26788425E-03     -0.44331282E-03
    3662     -0.15870491E-03     -0.15966421E-03     -0.26793935E-03     -0.44331282E-03
    3663     -0.15870514E-03     -0.15966421E-03     -0.26797399E-03     -0.44331282E-03
    3664     -0.15870536E-03     -0.15966421E-03     -0.26801715E-03     -0.44331282E-03
    3665     -0.15870567E-03     -0.15966421E-03     -0.26805733E-03     -0.44331282E-03
    3666     -0.15870594E-03     -0.15966421E-03     -0.26809383E-03     -0.44331282E-03
    3667     -0.15870615E-03     -0.15966421E-03     -0.26814185E-03     -0.44331282E-03
    3668     -0.15870641E-03     -0.15966421E-03     -0.26818750E-03     -0.44331282E-03
    3669     -0.15870660E-03     -0.15966421E-03     -0.26822109E-03     -0.44331282E-03
    3670     -0.15870684E-03     -0.15966421E-03     -0.26826319E-03     -0.44331282E-03
    3671     -0.15870704E-03     -0.15966421E-03     -0.26830159E-03     -0.44331282E-03
    3672     -0.15870726E-03     -0.15966421E-03     -0.26833886E-03     -0.44331282E-03
    3673     -0.15870746E-03     -0.15966421E-03     -0.26837721E-03     -0.44331282E-03
    3674     -0.15870766E-03     -0.15966421E-03     -0.26840850E-03     -0.44331282E-03
    3675     -0.15870786E-03     -0.15966421E-03     -0.26844278E-03     -0.44331282E-03
    3676     -0.15870810E-03     -0.15966421E-03     -0.26847946E-03     -0.44331282E-03
    3677     -0.15870833E-03     -0.15966421E-03     -0.26851731E-03     -0.44331282E-03
    3678     -0.15870852E-03     -0.15966421E-03     -0.26856995E-03     -0.44331282E-03
    3679     -0.15870873E-03     -0.15966421E-03     -0.26860413E-03     -0.44331282E-03
    3680     -0.15870900E-03     -0.15966421E-03     -0.26864098E-03     -0.44331282E-03
    3681     -0.15870918E-03     -0.15966421E-03     -0.26866925E-03     -0.44331282E-03
    3682     -0.15870937E-03     -0.15966421E-03     -0.26870021E-03     -0.44331282E-03
    3683     -0.15870956E-03     -0.15966421E-03     -0.26873233E-03     -0.44331282E-03
    3684     -0.15870975E-03     -0.15966421E-03     -0.26876325E-03     -0.44331282E-03
    3685     -0.15870998E-03     -0.15966421E-03     -0.26879543E-03     -0.44331282E-03
    3686     -0.15871013E-03     -0.15966421E-03     -0.26883888E-03     -0.44331282E-03
    3687     -0.15871030E-03     -0.15966421E-03     -0.26887265E-03     -0.44331282E-03
    3688     -0.15871058E-03     -0.15966421E-03     -0.26892020E-03     -0.44331282E-03
    3689     -0.15871080E-03     -0.15966421E-03     -0.26895147E-03     -0.44331282E-03
    3690     -0.15871100E-03     -0.15966421E-03     -0.26900162E-03     -0.44331282E-03
    3691     -0.15871122E-03     -0.15966421E-03     -0.26904290E-03     -0.44331282E-03
    3692     -0.15871138E-03     -0.15966421E-03     -0.26908329E-03     -0.44331282E-03
    3693     -0.15871156E-03     -0.15966421E-03     -0.26913133E-03     -0.44331282E-03
    3694     -0.15871190E-03     -0.15966421E-03     -0.26918248E-03     -0.44331282E-03
    3695     -0.15871215E-03     -0.15966421E-03     -0.26922940E-03     -0.44331282E-03
    3696     -0.15871234E-03     -0.15966421E-03     -0.26926881E-03     -0.44331282E-03
    3697     -0.15871251E-03     -0.15966421E-03     -0.26930435E-03     -0.44331282E-03
    3698     -0.15871273E-03     -0.15966421E-03     -0.26934800E-03     -0.44331282E-03
    3699     -0.15871291E-03     -0.15966421E-03     -0.26940324E-03     -0.44331282E-03
    3700     -0.15871311E-03     -0.15966421E-03     -0.26943993E-03     -0.44331282E-03
    3701     -0.15871333E-03     -0.15966421E-03     -0.26947749E-03     -0.44331282E-03
    3702     -0.15871357E-03     -0.15966421E-03     -0.26953269E-03     -0.44331282E-03
    3703     -0.15871379E-03     -0.15966421E-03     -0.26957062E-03     -0.44331282E-03
    3704     -0.15871406E-03     -0.15966421E-03     -0.26962758E-03     -0.44331282E-03
    3705     -0.15871425E-03     -0.15966421E-03     -0.26967397E-03     -0.44331282E-03
    3706     -0.15871444E-03     -0.15966421E-03     -0.26971763E-03     -0.44331282E-03
    3707     -0.15871469E-03     -0.15966421E-03     -0.26975886E-03     -0.44331282E-03
    3708     -0.15871491E-03     -0.15966421E-03     -0.26980504E-03     -0.44331282E-03
    3709     -0.15871515E-03     -0.15966421E-03     -0.26985148E-03     -0.44331282E-03
    3710     -0.15871533E-03     -0.15966421E-03     -0.26989461E-03     -0.44331282E-03
    3711     -0.15871552E-03     -0.15966421E-03     -0.26993765E-03     -0.44331282E-03
    3712     -0.15871569E-03     -0.15966421E-03     -0.26996964E-03     -0.44331282E-03
    3713     -0.15871589E-03     -0.15966421E-03     -0.27001372E-03     -0.44331282E-03
    3714     -0.15871604E-03     -0.15966421E-03     -0.27004224E-03     -0.44331282E-03
    3715     -0.15871626E-03     -0.15966421E-03     -0.27007873E-03     -0.44331282E-03
    3716     -0.15871647E-03     -0.15966421E-03     -0.27011416E-03     -0.44331282E-03
    3717     -0.15871670E-03     -0.15966421E-03     -0.27015327E-03     -0.44331282E-03
    3718     -0.15871690E-03     -0.15966421E-03     -0.27018843E-03     -0.44331282E-03
    3719     -0.15871706E-03     -0.15966421E-03     -0.27023006E-03     -0.44331282E-03
    3720     -0.15871728E-03     -0.15966421E-03     -0.27027173E-03     -0.44331282E-03
    3721     -0.15871753E-03     -0.15966421E-03     -0.27030947E-03     -0.44331282E-03
    3722     -0.15871772E-03     -0.15966421E-03     -0.27035126E-03     -0.44331282E-03
    3723     -0.15871788E-03     -0.15966421E-03     -0.27038400E-03     -0.44331282E-03
    3724     -0.15871814E-03     -0.15966421E-03     -0.27042240E-03     -0.44331282E-03
    3725     -0.15871833E-03     -0.15966421E-03     -0.27045316E-03     -0.44331282E-03
    3726     -0.15871854E-03     -0.15966421E-03     -0.27048615E-03     -0.44331282E-03
    3727     -0.15871881E-03     -0.15966421E-03     -0.27052055E-03     -0.44331282E-03
    3728     -0.15871912E-03     -0.15966421E-03     -0.27056266E-03     -0.44331282E-03
    3729     -0.15871935E-03     -0.15966421E-03     -0.27059875E-03     -0.44331282E-03
    3730     -0.15871961E-03     -0.15966421E-03     -0.27063457E-03     -0.44331282E-03
    3731     -0.15871992E-03     -0.15966421E-03     -0.27067480E-03     -0.44331282E-03
    3732     -0.15872013E-03     -0.15966421E-03     -0.27070801E-03     -0.44331282E-03
    3733     -0.15872044E-03     -0.15966421E-03     -0.27074953E-03     -0.44331282E-03
    3734     -0.15872060E-03     -0.15966421E-03     -0.27077993E-03     -0.44331282E-03
    3735     -0.15872089E-03     -0.15966421E-03     -0.27082026E-03     -0.44331282E-03
    3736     -0.15872111E-03     -0.15966421E-03     -0.27085790E-03     -0.44331282E-03
    3737     -0.15872130E-03     -0.15966421E-03     -0.27089185E-03     -0.44331282E-03
    3738     -0.15872152E-03     -0.15966421E-03     -0.27092764E-03     -0.44331282E-03
    3739     -0.15872177E-03     -0.15966421E-03     -0.27096082E-03     -0.44331282E-03
    3740     -0.15872201E-03     -0.15966421E-03     -0.27099892E-03     -0.44331282E-03
    3741     -0.15872231E-03     -0.15966421E-03     -0.27104249E-03     -0.44331282E-03
    3742     -0.15872253E-03     -0.15966421E-03     -0.27107872E-03     -0.44331282E-03
    3743     -0.15872276E-03     -0.15966421E-03     -0.27111393E-03     -0.44331282E-03
    3744     -0.15872297E-03     -0.15966421E-03     -0.27114353E-03     -0.44331282E-03
    3745     -0.15872318E-03     -0.15966421E-03     -0.27117966E-03     -0.44331282E-03
    3746     -0.15872341E-03     -0.15966421E-03     -0.27121677E-03     -0.44331282E-03
    3747     -0.15872362E-03     -0.15966421E-03     -0.27125150E-03     -0.44331282E-03
    3748     -0.15872382E-03     -0.15966421E-03     -0.27128007E-03     -0.44331282E-03
    3749     -0.15872404E-03     -0.15966421E-03     -0.27131464E-03     -0.44331282E-03
    3750     -0.15872426E-03     -0.15966421E-03     -0.27135516E-03     -0.44331282E-03
    3751     -0.15872451E-03     -0.15966421E-03     -0.27139656E-03     -0.44331282E-03
    3752     -0.15872480E-03     -0.15966421E-03     -0.27143880E-03     -0.44331282E-03
    3753     -0.15872515E-03     -0.15966421E-03     -0.27148541E-03     -0.44331282E-03
    3754     -0.15872542E-03     -0.15966421E-03     -0.27152748E-03     -0.44331282E-03
    3755     -0.15872566E-03     -0.15966421E-03     -0.27156556E-03     -0.44331282E-03
    3756     -0.15872594E-03     -0.15966421E-03     -0.27161265E-03     -0.44331282E-03
    3757     -0.15872618E-03     -0.15966421E-03     -0.27165279E-03     -0.44331282E-03
    3758     -0.15872642E-03     -0.15966421E-03     -0.27169203E-03     -0.44331282E-03
    3759     -0.15872666E-03     -0.15966421E-03     -0.27173105E-03     -0.44331282E-03
    3760     -0.15872686E-03     -0.15966421E-03     -0.27177045E-03     -0.44331282E-03
    3761     -0.15872710E-03     -0.15966421E-03     -0.27181271E-03     -0.44331282E-03
    3762     -0.15872732E-03     -0.15966421E-03     -0.27184902E-03     -0.44331282E-03
    3763     -0.15872757E-03     -0.15966421E-03     -0.27188834E-03     -0.44331282E-03
    3764     -0.15872781E-03     -0.15966421E-03     -0.27192803E-03     -0.44331282E-03
    3765     -0.15872808E-03     -0.15966421E-03     -0.27197290E-03     -0.44331282E-03
    3766     -0.15872830E-03     -0.15966421E-03     -0.27200535E-03     -0.44331282E-03
    3767     -0.15872856E-03     -0.15966421E-03     -0.27204186E-03     -0.44331282E-03
    3768     -0.15872881E-03     -0.15966421E-03     -0.27208874E-03     -0.44331282E-03
    3769     -0.15872902E-03     -0.15966421E-03     -0.27212625E-03     -0.44331282E-03
    3770     -0.15872930E-03     -0.15966421E-03     -0.27216488E-03     -0.44331282E-03
    3771     -0.15872949E-03     -0.15966421E-03     -0.27220377E-03     -0.44331282E-03
    3772     -0.15872968E-03     -0.15966421E-03     -0.27223638E-03     -0.44331282E-03
    3773     -0.15872992E-03     -0.15966421E-03     -0.27228479E-03     -0.44331282E-03
    3774     -0.15873017E-03     -0.15966421E-03     -0.27232556E-03     -0.44331282E-03
    3775     -0.15873044E-03     -0.15966421E-03     -0.27237286E-03     -0.44331282E-03
    3776     -0.15873065E-03     -0.15966421E-03     -0.27241724E-03     -0.44331282E-03
    3777     -0.15873093E-03     -0.15966421E-03     -0.27246538E-03     -0.44331282E-03
    3778     -0.15873120E-03     -0.15966421E-03     -0.27251435E-03     -0.44331282E-03
    3779     -0.15873142E-03     -0.15966421E-03     -0.27255519E-03     -0.44331282E-03
    3780     -0.15873163E-03     -0.15966421E-03     -0.27259250E-03     -0.44331282E-03
    3781     -0.15873185E-03     -0.15966421E-03     -0.27263872E-03     -0.44331282E-03
    3782     -0.15873210E-03     -0.15966421E-03     -0.27268531E-03     -0.44331282E-03
    3783     -0.15873228E-03     -0.15966421E-03     -0.27272057E-03     -0.44331282E-03
    3784     -0.15873248E-03     -0.15966421E-03     -0.27275701E-03     -0.44331282E-03
    3785     -0.15873270E-03     -0.15966421E-03     -0.27279705E-03     -0.44331282E-03
    3786     -0.15873293E-03     -0.15966421E-03     -0.27283660E-03     -0.44331282E-03
    3787     -0.15873314E-03     -0.15966421E-03     -0.27288809E-03     -0.44331282E-03
    3788     -0.15873339E-03     -0.15966421E-03     -0.27296290E-03     -0.44331282E-03
    3789     -0.15873363E-03     -0.15966421E-03     -0.27300601E-03     -0.44331282E-03
    3790     -0.15873388E-03     -0.15966421E-03     -0.27305569E-03     -0.44331282E-03
    3791     -0.15873414E-03     -0.15966421E-03     -0.27309320E-03     -0.44331282E-03
    3792     -0.15873442E-03     -0.15966421E-03     -0.27313340E-03     -0.44331282E-03
    3793     -0.15873463E-03     -0.15966421E-03     -0.27317596E-03     -0.44331282E-03
    3794     -0.15873489E-03     -0.15966421E-03     -0.27323925E-03     -0.44331282E-03
    3795     -0.15873516E-03     -0.15966421E-03     -0.27328097E-03     -0.44331282E-03
    3796     -0.15873546E-03     -0.15966421E-03     -0.27332883E-03     -0.44331282E-03
    3797     -0.15873572E-03     -0.15966421E-03     -0.27337918E-03     -0.44331282E-03
    3798     -0.15873601E-03     -0.15966421E-03     -0.27344060E-03     -0.44331282E-03
    3799     -0.15873622E-03     -0.15966421E-03     -0.27347932E-03     -0.44331282E-03
    3800     -0.15873645E-03     -0.15966421E-03     -0.27351635E-03     -0.44331282E-03
    3801     -0.15873671E-03     -0.15966421E-03     -0.27354864E-03     -0.44331282E-03
    3802     -0.15873692E-03     -0.15966421E-03     -0.27358761E-03     -0.44331282E-03
    3803     -0.15873713E-03     -0.15966421E-03     -0.27362524E-03     -0.44331282E-03
    3804     -0.15873736E-03     -0.15966421E-03     -0.27366562E-03     -0.44331282E-03
    3805     -0.15873758E-03     -0.15966421E-03     -0.27370396E-03     -0.44331282E-03
    3806     -0.15873783E-03     -0.15966421E-03     -0.27374432E-03     -0.44331282E-03
    3807     -0.15873806E-03     -0.15966421E-03     -0.27379036E-03     -0.44331282E-03
    3808     -0.15873829E-03     -0.15966421E-03     -0.27382650E-03     -0.44331282E-03
    3809     -0.15873848E-03     -0.15966421E-03     -0.27388133E-03     -0.44331282E-03
    3810     -0.15873871E-03     -0.15966421E-03     -0.27392294E-03     -0.44331282E-03
    3811     -0.15873899E-03     -0.15966421E-03     -0.27397018E-03     -0.44331282E-03
    3812     -0.15873917E-03     -0.15966421E-03     -0.27401158E-03     -0.44331282E-03
    3813     -0.15873939E-03     -0.15966421E-03     -0.27406273E-03     -0.44331282E-03
    3814     -0.15873962E-03     -0.15966421E-03     -0.27411911E-03     -0.44331282E-03
    3815     -0.15873989E-03     -0.15966421E-03     -0.27417862E-03     -0.44331282E-03
    3816     -0.15874015E-03     -0.15966421E-03     -0.27422626E-03     -0.44331282E-03
    3817     -0.15874040E-03     -0.15966421E-03     -0.27426795E-03     -0.44331282E-03
    3818     -0.15874057E-03     -0.15966421E-03     -0.27431314E-03     -0.44331282E-03
    3819     -0.15874084E-03     -0.15966421E-03     -0.27434926E-03     -0.44331282E-03
    3820     -0.15874104E-03     -0.15966421E-03     -0.27439048E-03     -0.44331282E-03
    3821     -0.15874129E-03     -0.15966421E-03     -0.27443166E-03     -0.44331282E-03
    3822     -0.15874152E-03     -0.15966421E-03     -0.27448024E-03     -0.44331282E-03
    3823     -0.15874179E-03     -0.15966421E-03     -0.27452818E-03     -0.44331282E-03
    3824     -0.15874195E-03     -0.15966421E-03     -0.27456044E-03     -0.44331282E-03
    3825     -0.15874218E-03     -0.15966421E-03     -0.27460488E-03     -0.44331282E-03
    3826     -0.15874239E-03     -0.15966421E-03     -0.27464450E-03     -0.44331282E-03
    3827     -0.15874261E-03     -0.15966421E-03     -0.27468112E-03     -0.44331282E-03
    3828     -0.15874281E-03     -0.15966421E-03     -0.27471930E-03     -0.44331282E-03
    3829     -0.15874305E-03     -0.15966421E-03     -0.27475688E-03     -0.44331282E-03
    3830     -0.15874327E-03     -0.15966421E-03     -0.27480099E-03     -0.44331282E-03
    3831     -0.15874349E-03     -0.15966421E-03     -0.27484242E-03     -0.44331282E-03
    3832     -0.15874371E-03     -0.15966421E-03     -0.27488275E-03     -0.44331282E-03
    3833     -0.15874394E-03     -0.15966421E-03     -0.27491801E-03     -0.44331282E-03
    3834     -0.15874420E-03     -0.15966421E-03     -0.27495957E-03     -0.44331282E-03
    3835     -0.15874444E-03     -0.15966421E-03     -0.27499382E-03     -0.44331282E-03
    3836     -0.15874465E-03     -0.15966421E-03     -0.27503333E-03     -0.44331282E-03
    3837     -0.15874487E-03     -0.15966421E-03     -0.27506976E-03     -0.44331282E-03
    3838     -0.15874514E-03     -0.15966421E-03     -0.27511038E-03     -0.44331282E-03
    3839     -0.15874535E-03     -0.15966421E-03     -0.27514731E-03     -0.44331282E-03
    3840     -0.15874555E-03     -0.15966421E-03     -0.27518656E-03     -0.44331282E-03
    3841     -0.15874575E-03     -0.15966421E-03     -0.27522152E-03     -0.44331282E-03
    3842     -0.15874597E-03     -0.15966421E-03     -0.27526070E-03     -0.44331282E-03
    3843     -0.15874615E-03     -0.15966421E-03     -0.27529509E-03     -0.44331282E-03
    3844     -0.15874636E-03     -0.15966421E-03     -0.27533521E-03     -0.44331282E-03
    3845     -0.15874659E-03     -0.15966421E-03     -0.27536704E-03     -0.44331282E-03
    3846     -0.15874683E-03     -0.15966421E-03     -0.27540765E-03     -0.44331282E-03
    3847     -0.15874706E-03     -0.15966421E-03     -0.27544374E-03     -0.44331282E-03
    3848     -0.15874727E-03     -0.15966421E-03     -0.27548187E-03     -0.44331282E-03
    3849     -0.15874747E-03     -0.15966421E-03     -0.27551856E-03     -0.44331282E-03
    3850     -0.15874769E-03     -0.15966421E-03     -0.27555487E-03     -0.44331282E-03
    3851     -0.15874788E-03     -0.15966421E-03     -0.27558897E-03     -0.44331282E-03
    3852     -0.15874810E-03     -0.15966421E-03     -0.27562572E-03     -0.44331282E-03
    3853     -0.15874829E-03     -0.15966421E-03     -0.27567165E-03     -0.44331282E-03
    3854     -0.15874852E-03     -0.15966421E-03     -0.27570820E-03     -0.44331282E-03
    3855     -0.15874878E-03     -0.15966421E-03     -0.27574536E-03     -0.44331282E-03
    3856     -0.15874902E-03     -0.15966421E-03     -0.27578984E-03     -0.44331282E-03
    3857     -0.15874925E-03     -0.15966421E-03     -0.27583254E-03     -0.44331282E-03
    3858     -0.15874951E-03     -0.15966421E-03     -0.27587619E-03     -0.44331282E-03
    3859     -0.15874975E-03     -0.15966421E-03     -0.27591820E-03     -0.44331282E-03
    3860     -0.15874998E-03     -0.15966421E-03     -0.27596114E-03     -0.44331282E-03
    3861     -0.15875019E-03     -0.15966421E-03     -0.27599715E-03     -0.44331282E-03
    3862     -0.15875046E-03     -0.15966421E-03     -0.27604311E-03     -0.44331282E-03
    3863     -0.15875067E-03     -0.15966421E-03     -0.27608231E-03     -0.44331282E-03
    3864     -0.15875091E-03     -0.15966421E-03     -0.27612719E-03     -0.44331282E-03
    3865     -0.15875114E-03     -0.15966421E-03     -0.27616683E-03     -0.44331282E-03
    3866     -0.15875138E-03     -0.15966421E-03     -0.27620878E-03     -0.44331282E-03
    3867     -0.15875164E-03     -0.15966421E-03     -0.27625848E-03     -0.44331282E-03
    3868     -0.15875194E-03     -0.15966421E-03     -0.27630539E-03     -0.44331282E-03
    3869     -0.15875217E-03     -0.15966421E-03     -0.27634562E-03     -0.44331282E-03
    3870     -0.15875238E-03     -0.15966421E-03     -0.27638808E-03     -0.44331282E-03
    3871     -0.15875261E-03     -0.15966421E-03     -0.27642911E-03     -0.44331282E-03
    3872     -0.15875284E-03     -0.15966421E-03     -0.27647275E-03     -0.44331282E-03
    3873     -0.15875308E-03     -0.15966421E-03     -0.27651934E-03     -0.44331282E-03
    3874     -0.15875331E-03     -0.15966421E-03     -0.27656502E-03     -0.44331282E-03
    3875     -0.15875356E-03     -0.15966421E-03     -0.27660218E-03     -0.44331282E-03
    3876     -0.15875380E-03     -0.15966421E-03     -0.27664676E-03     -0.44331282E-03
    3877     -0.15875410E-03     -0.15966421E-03     -0.27670417E-03     -0.44331282E-03
    3878     -0.15875431E-03     -0.15966421E-03     -0.27675031E-03     -0.44331282E-03
    3879     -0.15875458E-03     -0.15966421E-03     -0.27679126E-03     -0.44331282E-03
    3880     -0.15875479E-03     -0.15966421E-03     -0.27683090E-03     -0.44331282E-03
    3881     -0.15875501E-03     -0.15966421E-03     -0.27687638E-03     -0.44331282E-03
    3882     -0.15875518E-03     -0.15966421E-03     -0.27692107E-03     -0.44331282E-03
    3883     -0.15875540E-03     -0.15966421E-03     -0.27695791E-03     -0.44331282E-03
    3884     -0.15875569E-03     -0.15966421E-03     -0.27701279E-03     -0.44331282E-03
    3885     -0.15875591E-03     -0.15966421E-03     -0.27705070E-03     -0.44331282E-03
    3886     -0.15875613E-03     -0.15966421E-03     -0.27708764E-03     -0.44331282E-03
    3887     -0.15875629E-03     -0.15966421E-03     -0.27712031E-03     -0.44331282E-03
    3888     -0.15875644E-03     -0.15966421E-03     -0.27715173E-03     -0.44331282E-03
    3889     -0.15875679E-03     -0.15966421E-03     -0.27720930E-03     -0.44331282E-03
    3890     -0.15875702E-03     -0.15966421E-03     -0.27725326E-03     -0.44331282E-03
    3891     -0.15875726E-03     -0.15966421E-03     -0.27729215E-03     -0.44331282E-03
    3892     -0.15875746E-03     -0.15966421E-03     -0.27732548E-03     -0.44331282E-03
    3893     -0.15875772E-03     -0.15966421E-03     -0.27736880E-03     -0.44331282E-03
    3894     -0.15875795E-03     -0.15966421E-03     -0.27740661E-03     -0.44331282E-03
    3895     -0.15875813E-03     -0.15966421E-03     -0.27744336E-03     -0.44331282E-03
    3896     -0.15875837E-03     -0.15966421E-03     -0.27748943E-03     -0.44331282E-03
    3897     -0.15875861E-03     -0.15966421E-03     -0.27752614E-03     -0.44331282E-03
    3898     -0.15875880E-03     -0.15966421E-03     -0.27756231E-03     -0.44331282E-03
    3899     -0.15875902E-03     -0.15966421E-03     -0.27760573E-03     -0.44331282E-03
    3900     -0.15875919E-03     -0.15966421E-03     -0.27764953E-03     -0.44331282E-03
    3901     -0.15875941E-03     -0.15966421E-03     -0.27768649E-03     -0.44331282E-03
    3902     -0.15875958E-03     -0.15966421E-03     -0.27772084E-03     -0.44331282E-03
    3903     -0.15875983E-03     -0.15966421E-03     -0.27776235E-03     -0.44331282E-03
    3904     -0.15876004E-03     -0.15966421E-03     -0.27780850E-03     -0.44331282E-03
    3905     -0.15876033E-03     -0.15966421E-03     -0.27785756E-03     -0.44331282E-03
    3906     -0.15876057E-03     -0.15966421E-03     -0.27789655E-03     -0.44331282E-03
    3907     -0.15876081E-03     -0.15966421E-03     -0.27793383E-03     -0.44331282E-03
    3908     -0.15876106E-03     -0.15966421E-03     -0.27797151E-03     -0.44331282E-03
    3909     -0.15876131E-03     -0.15966421E-03     -0.27801641E-03     -0.44331282E-03
    3910     -0.15876152E-03     -0.15966421E-03     -0.27805330E-03     -0.44331282E-03
    3911     -0.15876174E-03     -0.15966421E-03     -0.27809446E-03     -0.44331282E-03
    3912     -0.15876199E-03     -0.15966421E-03     -0.27813749E-03     -0.44331282E-03
    3913     -0.15876221E-03     -0.15966421E-03     -0.27817928E-03     -0.44331282E-03
    3914     -0.15876246E-03     -0.15966421E-03     -0.27822368E-03     -0.44331282E-03
    3915     -0.15876269E-03     -0.15966421E-03     -0.27825684E-03     -0.44331282E-03
    3916     -0.15876287E-03     -0.15966421E-03     -0.27829896E-03     -0.44331282E-03
    3917     -0.15876307E-03     -0.15966421E-03     -0.27834728E-03     -0.44331282E-03
    3918     -0.15876328E-03     -0.15966421E-03     -0.27839232E-03     -0.44331282E-03
    3919     -0.15876347E-03     -0.15966421E-03     -0.27842713E-03     -0.44331282E-03
    3920     -0.15876370E-03     -0.15966421E-03     -0.27848684E-03     -0.44331282E-03
    3921     -0.15876390E-03     -0.15966421E-03     -0.27853053E-03     -0.44331282E-03
    3922     -0.15876415E-03     -0.15966421E-03     -0.27857430E-03     -0.44331282E-03
    3923     -0.15876434E-03     -0.15966421E-03     -0.27861555E-03     -0.44331282E-03
    3924     -0.15876453E-03     -0.15966421E-03     -0.27864946E-03     -0.44331282E-03
    3925     -0.15876475E-03     -0.15966421E-03     -0.27869704E-03     -0.44331282E-03
    3926     -0.15876496E-03     -0.15966421E-03     -0.27873439E-03     -0.44331282E-03
    3927     -0.15876515E-03     -0.15966421E-03     -0.27876771E-03     -0.44331282E-03
    3928     -0.15876539E-03     -0.15966421E-03     -0.27880482E-03     -0.44331282E-03
    3929     -0.15876556E-03     -0.15966421E-03     -0.27883812E-03     -0.44331282E-03
    3930     -0.15876581E-03     -0.15966421E-03     -0.27887601E-03     -0.44331282E-03
    3931     -0.15876607E-03     -0.15966421E-03     -0.27891758E-03     -0.44331282E-03
    3932     -0.15876629E-03     -0.15966421E-03     -0.27895694E-03     -0.44331282E-03
    3933     -0.15876648E-03     -0.15966421E-03     -0.27899276E-03     -0.44331282E-03
    3934     -0.15876666E-03     -0.15966421E-03     -0.27903037E-03     -0.44331282E-03
    3935     -0.15876692E-03     -0.15966421E-03     -0.27907591E-03     -0.44331282E-03
    3936     -0.15876711E-03     -0.15966421E-03     -0.27911256E-03     -0.44331282E-03
    3937     -0.15876736E-03     -0.15966421E-03     -0.27916054E-03     -0.44331282E-03
    3938     -0.15876757E-03     -0.15966421E-03     -0.27920349E-03     -0.44331282E-03
    3939     -0.15876776E-03     -0.15966421E-03     -0.27925380E-03     -0.44331282E-03
    3940     -0.15876804E-03     -0.15966421E-03     -0.27929692E-03     -0.44331282E-03
    3941     -0.15876826E-03     -0.15966421E-03     -0.27932845E-03     -0.44331282E-03
    3942     -0.15876848E-03     -0.15966421E-03     -0.27936947E-03     -0.44331282E-03
    3943     -0.15876873E-03     -0.15966421E-03     -0.27940620E-03     -0.44331282E-03
    3944     -0.15876896E-03     -0.15966421E-03     -0.27944298E-03     -0.44331282E-03
    3945     -0.15876922E-03     -0.15966421E-03     -0.27949038E-03     -0.44331282E-03
    3946     -0.15876945E-03     -0.15966421E-03     -0.27953938E-03     -0.44331282E-03
    3947     -0.15876967E-03     -0.15966421E-03     -0.27959813E-03     -0.44331282E-03
    3948     -0.15876988E-03     -0.15966421E-03     -0.27963847E-03     -0.44331282E-03
    3949     -0.15877010E-03     -0.15966421E-03     -0.27968423E-03     -0.44331282E-03
    3950     -0.15877031E-03     -0.15966421E-03     -0.27972334E-03     -0.44331282E-03
    3951     -0.15877057E-03     -0.15966421E-03     -0.27976833E-03     -0.44331282E-03
    3952     -0.15877081E-03     -0.15966421E-03     -0.27980991E-03     -0.44331282E-03
    3953     -0.15877113E-03     -0.15966421E-03     -0.27986012E-03     -0.44331282E-03
    3954     -0.15877133E-03     -0.15966421E-03     -0.27989788E-03     -0.44331282E-03
    3955     -0.15877155E-03     -0.15966421E-03     -0.27995111E-03     -0.44331282E-03
    3956     -0.15877175E-03     -0.15966421E-03     -0.28000495E-03     -0.44331282E-03
    3957     -0.15877195E-03     -0.15966421E-03     -0.28005152E-03     -0.44331282E-03
    3958     -0.15877230E-03     -0.15966421E-03     -0.28009585E-03     -0.44331282E-03
    3959     -0.15877254E-03     -0.15966421E-03     -0.28013455E-03     -0.44331282E-03
    3960     -0.15877295E-03     -0.15966421E-03     -0.28019215E-03     -0.44331282E-03
    3961     -0.15877318E-03     -0.15966421E-03     -0.28023006E-03     -0.44331282E-03
    3962     -0.15877341E-03     -0.15966421E-03     -0.28026950E-03     -0.44331282E-03
    3963     -0.15877380E-03     -0.15966421E-03     -0.28031578E-03     -0.44331282E-03
    3964     -0.15877399E-03     -0.15966421E-03     -0.28035323E-03     -0.44331282E-03
    3965     -0.15877432E-03     -0.15966421E-03     -0.28039645E-03     -0.44331282E-03
    3966     -0.15877452E-03     -0.15966421E-03     -0.28043120E-03     -0.44331282E-03
    3967     -0.15877477E-03     -0.15966421E-03     -0.28047086E-03     -0.44331282E-03
    3968     -0.15877503E-03     -0.15966421E-03     -0.28050850E-03     -0.44331282E-03
    3969     -0.15877530E-03     -0.15966421E-03     -0.28055962E-03     -0.44331282E-03
    3970     -0.15877549E-03     -0.15966421E-03     -0.28059225E-03     -0.44331282E-03
    3971     -0.15877568E-03     -0.15966421E-03     -0.28062594E-03     -0.44331282E-03
    3972     -0.15877587E-03     -0.15966421E-03     -0.28065831E-03     -0.44331282E-03
    3973     -0.15877606E-03     -0.15966421E-03     -0.28070158E-03     -0.44331282E-03
    3974     -0.15877632E-03     -0.15966421E-03     -0.28074791E-03     -0.44331282E-03
    3975     -0.15877653E-03     -0.15966421E-03     -0.28078270E-03     -0.44331282E-03
    3976     -0.15877672E-03     -0.15966421E-03     -0.28081945E-03     -0.44331282E-03
    3977     -0.15877689E-03     -0.15966421E-03     -0.28086080E-03     -0.44331282E-03
    3978     -0.15877710E-03     -0.15966421E-03     -0.28090338E-03     -0.44331282E-03
    3979     -0.15877733E-03     -0.15966421E-03     -0.28095222E-03     -0.44331282E-03
    3980     -0.15877753E-03     -0.15966421E-03     -0.28101632E-03     -0.44331282E-03
    3981     -0.15877773E-03     -0.15966421E-03     -0.28106712E-03     -0.44331282E-03
    3982     -0.15877800E-03     -0.15966421E-03     -0.28111855E-03     -0.44331282E-03
    3983     -0.15877822E-03     -0.15966421E-03     -0.28115428E-03     -0.44331282E-03
    3984     -0.15877847E-03     -0.15966421E-03     -0.28120290E-03     -0.44331282E-03
    3985     -0.15877869E-03     -0.15966421E-03     -0.28124170E-03     -0.44331282E-03
    3986     -0.15877890E-03     -0.15966421E-03     -0.28127350E-03     -0.44331282E-03
    3987     -0.15877913E-03     -0.15966421E-03     -0.28131784E-03     -0.44331282E-03
    3988     -0.15877933E-03     -0.15966421E-03     -0.28136977E-03     -0.44331282E-03
    3989     -0.15877955E-03     -0.15966421E-03     -0.28141557E-03     -0.44331282E-03
    3990     -0.15877974E-03     -0.15966421E-03     -0.28145940E-03     -0.44331282E-03
    3991     -0.15877992E-03     -0.15966421E-03     -0.28149721E-03     -0.44331282E-03
    3992     -0.15878020E-03     -0.15966421E-03     -0.28154889E-03     -0.44331282E-03
    3993     -0.15878032E-03     -0.15966421E-03     -0.28157904E-03     -0.44331282E-03
    3994     -0.15878054E-03     -0.15966421E-03     -0.28163062E-03     -0.44331282E-03
    3995     -0.15878072E-03     -0.15966421E-03     -0.28167166E-03     -0.44331282E-03
    3996     -0.15878098E-03     -0.15966421E-03     -0.28171459E-03     -0.44331282E-03
    3997     -0.15878123E-03     -0.15966421E-03     -0.28175790E-03     -0.44331282E-03
    3998     -0.15878143E-03     -0.15966421E-03     -0.28179440E-03     -0.44331282E-03
    3999     -0.15878163E-03     -0.15966421E-03     -0.28182956E-03     -0.44331282E-03
    4000     -0.15878185E-03     -0.15966421E-03     -0.28186813E-03     -0.44331282E-03
    4001     -0.15878212E-03     -0.15966421E-03     -0.28190869E-03     -0.44331282E-03
    4002     -0.15878233E-03     -0.15966421E-03     -0.28195361E-03     -0.44331282E-03
    4003     -0.15878253E-03     -0.15966421E-03     -0.28199100E-03     -0.44331282E-03
    4004     -0.15878277E-03     -0.15966421E-03     -0.28203606E-03     -0.44331282E-03
    4005     -0.15878298E-03     -0.15966421E-03     -0.28207402E-03     -0.44331282E-03
    4006     -0.15878326E-03     -0.15966421E-03     -0.28212169E-03     -0.44331282E-03
    4007     -0.15878346E-03     -0.15966421E-03     -0.28217013E-03     -0.44331282E-03
    4008     -0.15878372E-03     -0.15966421E-03     -0.28221090E-03     -0.44331282E-03
    4009     -0.15878399E-03     -0.15966421E-03     -0.28226463E-03     -0.44331282E-03
    4010     -0.15878428E-03     -0.15966421E-03     -0.28231026E-03     -0.44331282E-03
    4011     -0.15878451E-03     -0.15966421E-03     -0.28235687E-03     -0.44331282E-03
    4012     -0.15878471E-03     -0.15966421E-03     -0.28238879E-03     -0.44331282E-03
    4013     -0.15878492E-03     -0.15966421E-03     -0.28242820E-03     -0.44331282E-03
    4014     -0.15878516E-03     -0.15966421E-03     -0.28246829E-03     -0.44331282E-03
    4015     -0.15878543E-03     -0.15966421E-03     -0.28251554E-03     -0.44331282E-03
    4016     -0.15878576E-03     -0.15966421E-03     -0.28256220E-03     -0.44331282E-03
    4017     -0.15878599E-03     -0.15966421E-03     -0.28260288E-03     -0.44331282E-03
    4018     -0.15878625E-03     -0.15966421E-03     -0.28265360E-03     -0.44331282E-03
    4019     -0.15878653E-03     -0.15966421E-03     -0.28269892E-03     -0.44331282E-03
    4020     -0.15878678E-03     -0.15966421E-03     -0.28274288E-03     -0.44331282E-03
    4021     -0.15878714E-03     -0.15966421E-03     -0.28279135E-03     -0.44331282E-03
    4022     -0.15878737E-03     -0.15966421E-03     -0.28283792E-03     -0.44331282E-03
    4023     -0.15878758E-03     -0.15966421E-03     -0.28287806E-03     -0.44331282E-03
    4024     -0.15878779E-03     -0.15966421E-03     -0.28291831E-03     -0.44331282E-03
    4025     -0.15878798E-03     -0.15966421E-03     -0.28295155E-03     -0.44331282E-03
    4026     -0.15878820E-03     -0.15966421E-03     -0.28299157E-03     -0.44331282E-03
    4027     -0.15878845E-03     -0.15966421E-03     -0.28302920E-03     -0.44331282E-03
    4028     -0.15878865E-03     -0.15966421E-03     -0.28306834E-03     -0.44331282E-03
    4029     -0.15878891E-03     -0.15966421E-03     -0.28311349E-03     -0.44331282E-03
    4030     -0.15878919E-03     -0.15966421E-03     -0.28316079E-03     -0.44331282E-03
    4031     -0.15878944E-03     -0.15966421E-03     -0.28319750E-03     -0.44331282E-03
    4032     -0.15878964E-03     -0.15966421E-03     -0.28323407E-03     -0.44331282E-03
    4033     -0.15878991E-03     -0.15966421E-03     -0.28328498E-03     -0.44331282E-03
    4034     -0.15879020E-03     -0.15966421E-03     -0.28332464E-03     -0.44331282E-03
    4035     -0.15879052E-03     -0.15966421E-03     -0.28337640E-03     -0.44331282E-03
    4036     -0.15879086E-03     -0.15966421E-03     -0.28344847E-03     -0.44331282E-03
    4037     -0.15879114E-03     -0.15966421E-03     -0.28350147E-03     -0.44331282E-03
    4038     -0.15879149E-03     -0.15966421E-03     -0.28357217E-03     -0.44331282E-03
    4039     -0.15879180E-03     -0.15966421E-03     -0.28362636E-03     -0.44331282E-03
    4040     -0.15879207E-03     -0.15966421E-03     -0.28366916E-03     -0.44331282E-03
    4041     -0.15879247E-03     -0.15966421E-03     -0.28378904E-03     -0.44331282E-03
    4042     -0.15879275E-03     -0.15966421E-03     -0.28383851E-03     -0.44331282E-03
    4043     -0.15879303E-03     -0.15966421E-03     -0.28389114E-03     -0.44331282E-03
    4044     -0.15879325E-03     -0.15966421E-03     -0.28393127E-03     -0.44331282E-03
    4045     -0.15879363E-03     -0.15966421E-03     -0.28402311E-03     -0.44331282E-03
    4046     -0.15879391E-03     -0.15966421E-03     -0.28408969E-03     -0.44331282E-03
    4047     -0.15879421E-03     -0.15966421E-03     -0.28414249E-03     -0.44331282E-03
    4048     -0.15879443E-03     -0.15966421E-03     -0.28419383E-03     -0.44331282E-03
    4049     -0.15879463E-03     -0.15966421E-03     -0.28424811E-03     -0.44331282E-03
    4050     -0.15879483E-03     -0.15966421E-03     -0.28429336E-03     -0.44331282E-03
    4051     -0.15879502E-03     -0.15966421E-03     -0.28433375E-03     -0.44331282E-03
    4052     -0.15879523E-03     -0.15966421E-03     -0.28436965E-03     -0.44331282E-03
    4053     -0.15879542E-03     -0.15966421E-03     -0.28441015E-03     -0.44331282E-03
    4054     -0.15879597E-03     -0.15966421E-03     -0.28455822E-03     -0.44331282E-03
    4055     -0.15879633E-03     -0.15966421E-03     -0.28463618E-03     -0.44331282E-03
    4056     -0.15879669E-03     -0.15966421E-03     -0.28470873E-03     -0.44331282E-03
    4057     -0.15879700E-03     -0.15966421E-03     -0.28477117E-03     -0.44331282E-03
    4058     -0.15879726E-03     -0.15966421E-03     -0.28482670E-03     -0.44331282E-03
    4059     -0.15879750E-03     -0.15966421E-03     -0.28487151E-03     -0.44331282E-03
    4060     -0.15879780E-03     -0.15966421E-03     -0.28493035E-03     -0.44331282E-03
    4061     -0.15879806E-03     -0.15966421E-03     -0.28498651E-03     -0.44331282E-03
    4062     -0.15879836E-03     -0.15966421E-03     -0.28503386E-03     -0.44331282E-03
    4063     -0.15879863E-03     -0.15966421E-03     -0.28507925E-03     -0.44331282E-03
    4064     -0.15879892E-03     -0.15966421E-03     -0.28513517E-03     -0.44331282E-03
    4065     -0.15879918E-03     -0.15966421E-03     -0.28518370E-03     -0.44331282E-03
    4066     -0.15879939E-03     -0.15966421E-03     -0.28521813E-03     -0.44331282E-03
    4067     -0.15879965E-03     -0.15966421E-03     -0.28526022E-03     -0.44331282E-03
    4068     -0.15879987E-03     -0.15966421E-03     -0.28529711E-03     -0.44331282E-03
    4069     -0.15880008E-03     -0.15966421E-03     -0.28533293E-03     -0.44331282E-03
    4070     -0.15880028E-03     -0.15966421E-03     -0.28536607E-03     -0.44331282E-03
    4071     -0.15880044E-03     -0.15966421E-03     -0.28540192E-03     -0.44331282E-03
    4072     -0.15880069E-03     -0.15966421E-03     -0.28544507E-03     -0.44331282E-03
    4073     -0.15880091E-03     -0.15966421E-03     -0.28548017E-03     -0.44331282E-03
    4074     -0.15880108E-03     -0.15966421E-03     -0.28551560E-03     -0.44331282E-03
    4075     -0.15880127E-03     -0.15966421E-03     -0.28554865E-03     -0.44331282E-03
    4076     -0.15880147E-03     -0.15966421E-03     -0.28558440E-03     -0.44331282E-03
    4077     -0.15880176E-03     -0.15966421E-03     -0.28563485E-03     -0.44331282E-03
    4078     -0.15880198E-03     -0.15966421E-03     -0.28567061E-03     -0.44331282E-03
    4079     -0.15880223E-03     -0.15966421E-03     -0.28570656E-03     -0.44331282E-03
    4080     -0.15880239E-03     -0.15966421E-03     -0.28573848E-03     -0.44331282E-03
    4081     -0.15880263E-03     -0.15966421E-03     -0.28577635E-03     -0.44331282E-03
    4082     -0.15880279E-03     -0.15966421E-03     -0.28581281E-03     -0.44331282E-03
    4083     -0.15880297E-03     -0.15966421E-03     -0.28584620E-03     -0.44331282E-03
    4084     -0.15880317E-03     -0.15966421E-03     -0.28588054E-03     -0.44331282E-03
    4085     -0.15880337E-03     -0.15966421E-03     -0.28591638E-03     -0.44331282E-03
    4086     -0.15880354E-03     -0.15966421E-03     -0.28595164E-03     -0.44331282E-03
    4087     -0.15880378E-03     -0.15966421E-03     -0.28598911E-03     -0.44331282E-03
    4088     -0.15880404E-03     -0.15966421E-03     -0.28602603E-03     -0.44331282E-03
    4089     -0.15880430E-03     -0.15966421E-03     -0.28606212E-03     -0.44331282E-03
    4090     -0.15880450E-03     -0.15966421E-03     -0.28610033E-03     -0.44331282E-03
    4091     -0.15880474E-03     -0.15966421E-03     -0.28614097E-03     -0.44331282E-03
    4092     -0.15880496E-03     -0.15966421E-03     -0.28617802E-03     -0.44331282E-03
    4093     -0.15880513E-03     -0.15966421E-03     -0.28620541E-03     -0.44331282E-03

