# q=  0.00000000E+00  0.00000000E+00  0.10000000E-02  (qpt 1)
#ncbands         Re chi(0,0)              extrap   Re chi(Gmax,Gmax)              extrap
       1     -0.15167166E-09     -0.71468313E-09     -0.34439237E-06     -0.42455096E-03
       2     -0.29611717E-09     -0.71468313E-09     -0.73529503E-06     -0.42455096E-03
       3     -0.37131244E-09     -0.71468313E-09     -0.11050178E-05     -0.42455096E-03
       4     -0.39546146E-09     -0.71468313E-09     -0.14398596E-05     -0.42455096E-03
       5     -0.42026651E-09     -0.71468313E-09     -0.17789611E-05     -0.42455096E-03
       6     -0.45304794E-09     -0.71468313E-09     -0.21156359E-05     -0.42455096E-03
       7     -0.47758983E-09     -0.71468313E-09     -0.24574476E-05     -0.42455096E-03
       8     -0.48808295E-09     -0.71468313E-09     -0.27892777E-05     -0.42455096E-03
       9     -0.49209809E-09     -0.71468313E-09     -0.30965751E-05     -0.42455096E-03
      10     -0.50029199E-09     -0.71468313E-09     -0.33937380E-05     -0.42455096E-03
      11     -0.51090618E-09     -0.71468313E-09     -0.37037076E-05     -0.42455096E-03
      12     -0.51871431E-09     -0.71468313E-09     -0.39614320E-05     -0.42455096E-03
      13     -0.52774891E-09     -0.71468313E-09     -0.42327327E-05     -0.42455096E-03
      14     -0.53902147E-09     -0.71468313E-09     -0.45088815E-05     -0.42455096E-03
      15     -0.54881122E-09     -0.71468313E-09     -0.47794916E-05     -0.42455096E-03
      16     -0.55440644E-09     -0.71468313E-09     -0.50865241E-05     -0.42455096E-03
      17     -0.55970613E-09     -0.71468313E-09     -0.53657796E-05     -0.42455096E-03
      18     -0.56510237E-09     -0.71468313E-09     -0.56516248E-05     -0.42455096E-03
      19     -0.56825985E-09     -0.71468313E-09     -0.59352414E-05     -0.42455096E-03
      20     -0.57413690E-09     -0.71468313E-09     -0.62030369E-05     -0.42455096E-03
      21     -0.58047619E-09     -0.71468313E-09     -0.64701821E-05     -0.42455096E-03
      22     -0.58712864E-09     -0.71468313E-09     -0.67571979E-05     -0.42455096E-03
      23     -0.59211041E-09     -0.71468313E-09     -0.70329671E-05     -0.42455096E-03
      24     -0.59648183E-09     -0.71468313E-09     -0.72987111E-05     -0.42455096E-03
      25     -0.60061587E-09     -0.71468313E-09     -0.75969623E-05     -0.42455096E-03
      26     -0.60348120E-09     -0.71468313E-09     -0.78818516E-05     -0.42455096E-03
      27     -0.60670463E-09     -0.71468313E-09     -0.81741100E-05     -0.42455096E-03
      28     -0.60866332E-09     -0.71468313E-09     -0.84377506E-05     -0.42455096E-03
      29     -0.61188175E-09     -0.71468313E-09     -0.87251030E-05     -0.42455096E-03
      30     -0.61405990E-09     -0.71468313E-09     -0.90018377E-05     -0.42455096E-03
      31     -0.61632858E-09     -0.71468313E-09     -0.92627300E-05     -0.42455096E-03
      32     -0.61968644E-09     -0.71468313E-09     -0.95246862E-05     -0.42455096E-03
      33     -0.62125063E-09     -0.71468313E-09     -0.97806765E-05     -0.42455096E-03
      34     -0.62172295E-09     -0.71468313E-09     -0.10020998E-04     -0.42455096E-03
      35     -0.62298622E-09     -0.71468313E-09     -0.10310361E-04     -0.42455096E-03
      36     -0.62380100E-09     -0.71468313E-09     -0.10598378E-04     -0.42455096E-03
      37     -0.62550272E-09     -0.71468313E-09     -0.10871037E-04     -0.42455096E-03
      38     -0.62693314E-09     -0.71468313E-09     -0.11149947E-04     -0.42455096E-03
      39     -0.62702616E-09     -0.71468313E-09     -0.11389310E-04     -0.42455096E-03
      40     -0.62718764E-09     -0.71468313E-09     -0.11641295E-04     -0.42455096E-03
      41     -0.62894949E-09     -0.71468313E-09     -0.11925521E-04     -0.42455096E-03
      42     -0.63075349E-09     -0.71468313E-09     -0.12203577E-04     -0.42455096E-03
      43     -0.63164789E-09     -0.71468313E-09     -0.12475498E-04     -0.42455096E-03
      44     -0.63254403E-09     -0.71468313E-09     -0.12743578E-04     -0.42455096E-03
      45     -0.63393580E-09     -0.71468313E-09     -0.13016452E-04     -0.42455096E-03
      46     -0.63499725E-09     -0.71468313E-09     -0.13290580E-04     -0.42455096E-03
      47     -0.63543162E-09     -0.71468313E-09     -0.13560352E-04     -0.42455096E-03
      48     -0.63555232E-09     -0.71468313E-09     -0.13814537E-04     -0.42455096E-03
      49     -0.63562767E-09     -0.71468313E-09     -0.14065386E-04     -0.42455096E-03
      50     -0.63654646E-09     -0.71468313E-09     -0.14343651E-04     -0.42455096E-03
      51     -0.63731376E-09     -0.71468313E-09     -0.14603782E-04     -0.42455096E-03
      52     -0.63780287E-09     -0.71468313E-09     -0.14856726E-04     -0.42455096E-03
      53     -0.63870706E-09     -0.71468313E-09     -0.15125252E-04     -0.42455096E-03
      54     -0.64005380E-09     -0.71468313E-09     -0.15416334E-04     -0.42455096E-03
      55     -0.64117724E-09     -0.71468313E-09     -0.15696811E-04     -0.42455096E-03
      56     -0.64231882E-09     -0.71468313E-09     -0.15985016E-04     -0.42455096E-03
      57     -0.64332842E-09     -0.71468313E-09     -0.16279817E-04     -0.42455096E-03
      58     -0.64426090E-09     -0.71468313E-09     -0.16559433E-04     -0.42455096E-03
      59     -0.64492492E-09     -0.71468313E-09     -0.16833463E-04     -0.42455096E-03
      60     -0.64557702E-09     -0.71468313E-09     -0.17097446E-04     -0.42455096E-03
      61     -0.64610158E-09     -0.71468313E-09     -0.17385926E-04     -0.42455096E-03
      62     -0.64646068E-09     -0.71468313E-09     -0.17659727E-04     -0.42455096E-03
      63     -0.64696686E-09     -0.71468313E-09     -0.17951106E-04     -0.42455096E-03
      64     -0.64746451E-09     -0.71468313E-09     -0.18233181E-04     -0.42455096E-03
      65     -0.64797884E-09     -0.71468313E-09     -0.18520310E-04     -0.42455096E-03
      66     -0.64854011E-09     -0.71468313E-09     -0.18815491E-04     -0.42455096E-03
      67     -0.64901209E-09     -0.71468313E-09     -0.19085242E-04     -0.42455096E-03
      68     -0.64932746E-09     -0.71468313E-09     -0.19372672E-04     -0.42455096E-03
      69     -0.64958193E-09     -0.71468313E-09     -0.19653097E-04     -0.42455096E-03
      70     -0.64981858E-09     -0.71468313E-09     -0.19938331E-04     -0.42455096E-03
      71     -0.65001951E-09     -0.71468313E-09     -0.20212923E-04     -0.42455096E-03
      72     -0.65025160E-09     -0.71468313E-09     -0.20495597E-04     -0.42455096E-03
      73     -0.65053988E-09     -0.71468313E-09     -0.20804943E-04     -0.42455096E-03
      74     -0.65080773E-09     -0.71468313E-09     -0.21106391E-04     -0.42455096E-03
      75     -0.65097314E-09     -0.71468313E-09     -0.21384244E-04     -0.42455096E-03
      76     -0.65098899E-09     -0.71468313E-09     -0.21425843E-04     -0.42455096E-03
      77     -0.65107442E-09     -0.71468313E-09     -0.21636659E-04     -0.42455096E-03
      78     -0.65108178E-09     -0.71468313E-09     -0.21652821E-04     -0.42455096E-03
      79     -0.65114098E-09     -0.71468313E-09     -0.21797926E-04     -0.42455096E-03
      80     -0.65130640E-09     -0.71468313E-09     -0.22078121E-04     -0.42455096E-03
      81     -0.65149483E-09     -0.71468313E-09     -0.22370839E-04     -0.42455096E-03
      82     -0.65160477E-09     -0.71468313E-09     -0.22662864E-04     -0.42455096E-03
      83     -0.65169450E-09     -0.71468313E-09     -0.22938292E-04     -0.42455096E-03
      84     -0.65179812E-09     -0.71468313E-09     -0.23221421E-04     -0.42455096E-03
      85     -0.65187391E-09     -0.71468313E-09     -0.23380891E-04     -0.42455096E-03
      86     -0.65193631E-09     -0.71468313E-09     -0.23527543E-04     -0.42455096E-03
      87     -0.65200057E-09     -0.71468313E-09     -0.23666187E-04     -0.42455096E-03
      88     -0.65201762E-09     -0.71468313E-09     -0.23796437E-04     -0.42455096E-03
      89     -0.65210398E-09     -0.71468313E-09     -0.24053923E-04     -0.42455096E-03
      90     -0.65220211E-09     -0.71468313E-09     -0.24339697E-04     -0.42455096E-03
      91     -0.65227417E-09     -0.71468313E-09     -0.24625139E-04     -0.42455096E-03
      92     -0.65232969E-09     -0.71468313E-09     -0.24903252E-04     -0.42455096E-03
      93     -0.65240512E-09     -0.71468313E-09     -0.25170515E-04     -0.42455096E-03
      94     -0.65244293E-09     -0.71468313E-09     -0.25430796E-04     -0.42455096E-03
      95     -0.65247251E-09     -0.71468313E-09     -0.25585378E-04     -0.42455096E-03
      96     -0.65254901E-09     -0.71468313E-09     -0.25733987E-04     -0.42455096E-03
      97     -0.65263321E-09     -0.71468313E-09     -0.25977090E-04     -0.42455096E-03
      98     -0.65268779E-09     -0.71468313E-09     -0.26228861E-04     -0.42455096E-03
      99     -0.65273888E-09     -0.71468313E-09     -0.26461234E-04     -0.42455096E-03
     100     -0.65279205E-09     -0.71468313E-09     -0.26738178E-04     -0.42455096E-03
     101     -0.65286961E-09     -0.71468313E-09     -0.27031584E-04     -0.42455096E-03
     102     -0.65289108E-09     -0.71468313E-09     -0.27148336E-04     -0.42455096E-03
     103     -0.65293077E-09     -0.71468313E-09     -0.27289658E-04     -0.42455096E-03
     104     -0.65297012E-09     -0.71468313E-09     -0.27440243E-04     -0.42455096E-03
     105     -0.65301173E-09     -0.71468313E-09     -0.27698371E-04     -0.42455096E-03
     106     -0.65305031E-09     -0.71468313E-09     -0.27957197E-04     -0.42455096E-03
     107     -0.65307936E-09     -0.71468313E-09     -0.28104341E-04     -0.42455096E-03
     108     -0.65309489E-09     -0.71468313E-09     -0.28218154E-04     -0.42455096E-03
     109     -0.65311992E-09     -0.71468313E-09     -0.28334238E-04     -0.42455096E-03
     110     -0.65316489E-09     -0.71468313E-09     -0.28481369E-04     -0.42455096E-03
     111     -0.65320805E-09     -0.71468313E-09     -0.28623710E-04     -0.42455096E-03
     112     -0.65324191E-09     -0.71468313E-09     -0.28768234E-04     -0.42455096E-03
     113     -0.65328080E-09     -0.71468313E-09     -0.28910250E-04     -0.42455096E-03
     114     -0.65332852E-09     -0.71468313E-09     -0.29067365E-04     -0.42455096E-03
     115     -0.65337911E-09     -0.71468313E-09     -0.29220281E-04     -0.42455096E-03
     116     -0.65338095E-09     -0.71468313E-09     -0.29227886E-04     -0.42455096E-03
     117     -0.65340104E-09     -0.71468313E-09     -0.29363238E-04     -0.42455096E-03
     118     -0.65340882E-09     -0.71468313E-09     -0.29484635E-04     -0.42455096E-03
     119     -0.65341044E-09     -0.71468313E-09     -0.29505092E-04     -0.42455096E-03
     120     -0.65347689E-09     -0.71468313E-09     -0.29667603E-04     -0.42455096E-03
     121     -0.65354124E-09     -0.71468313E-09     -0.29817386E-04     -0.42455096E-03
     122     -0.65354217E-09     -0.71468313E-09     -0.29825106E-04     -0.42455096E-03
     123     -0.65354560E-09     -0.71468313E-09     -0.29833134E-04     -0.42455096E-03
     124     -0.65354678E-09     -0.71468313E-09     -0.29842804E-04     -0.42455096E-03
     125     -0.65355226E-09     -0.71468313E-09     -0.29856950E-04     -0.42455096E-03
     126     -0.65356171E-09     -0.71468313E-09     -0.29897459E-04     -0.42455096E-03
     127     -0.65359310E-09     -0.71468313E-09     -0.30009860E-04     -0.42455096E-03
     128     -0.65363828E-09     -0.71468313E-09     -0.30163429E-04     -0.42455096E-03
     129     -0.65364527E-09     -0.71468313E-09     -0.30190000E-04     -0.42455096E-03
     130     -0.65367572E-09     -0.71468313E-09     -0.30358415E-04     -0.42455096E-03
     131     -0.65372551E-09     -0.71468313E-09     -0.30619366E-04     -0.42455096E-03
     132     -0.65372753E-09     -0.71468313E-09     -0.30627966E-04     -0.42455096E-03
     133     -0.65376763E-09     -0.71468313E-09     -0.30762214E-04     -0.42455096E-03
     134     -0.65377448E-09     -0.71468313E-09     -0.30787718E-04     -0.42455096E-03
     135     -0.65379588E-09     -0.71468313E-09     -0.30923027E-04     -0.42455096E-03
     136     -0.65381789E-09     -0.71468313E-09     -0.31063728E-04     -0.42455096E-03
     137     -0.65384638E-09     -0.71468313E-09     -0.31223486E-04     -0.42455096E-03
     138     -0.65387441E-09     -0.71468313E-09     -0.31377164E-04     -0.42455096E-03
     139     -0.65388207E-09     -0.71468313E-09     -0.31386352E-04     -0.42455096E-03
     140     -0.65388436E-09     -0.71468313E-09     -0.31393345E-04     -0.42455096E-03
     141     -0.65394460E-09     -0.71468313E-09     -0.31543632E-04     -0.42455096E-03
     142     -0.65394653E-09     -0.71468313E-09     -0.31548914E-04     -0.42455096E-03
     143     -0.65400321E-09     -0.71468313E-09     -0.31687578E-04     -0.42455096E-03
     144     -0.65401138E-09     -0.71468313E-09     -0.31733740E-04     -0.42455096E-03
     145     -0.65402419E-09     -0.71468313E-09     -0.31811825E-04     -0.42455096E-03
     146     -0.65403208E-09     -0.71468313E-09     -0.31843910E-04     -0.42455096E-03
     147     -0.65404457E-09     -0.71468313E-09     -0.31977114E-04     -0.42455096E-03
     148     -0.65404954E-09     -0.71468313E-09     -0.31987301E-04     -0.42455096E-03
     149     -0.65405972E-09     -0.71468313E-09     -0.32110474E-04     -0.42455096E-03
     150     -0.65406153E-09     -0.71468313E-09     -0.32120150E-04     -0.42455096E-03
     151     -0.65406321E-09     -0.71468313E-09     -0.32129374E-04     -0.42455096E-03
     152     -0.65406984E-09     -0.71468313E-09     -0.32164196E-04     -0.42455096E-03
     153     -0.65410588E-09     -0.71468313E-09     -0.32307462E-04     -0.42455096E-03
     154     -0.65410649E-09     -0.71468313E-09     -0.32312827E-04     -0.42455096E-03
     155     -0.65411043E-09     -0.71468313E-09     -0.32327311E-04     -0.42455096E-03
     156     -0.65411833E-09     -0.71468313E-09     -0.32333722E-04     -0.42455096E-03
     157     -0.65414341E-09     -0.71468313E-09     -0.32463862E-04     -0.42455096E-03
     158     -0.65417143E-09     -0.71468313E-09     -0.32599947E-04     -0.42455096E-03
     159     -0.65419186E-09     -0.71468313E-09     -0.32741454E-04     -0.42455096E-03
     160     -0.65421137E-09     -0.71468313E-09     -0.32820893E-04     -0.42455096E-03
     161     -0.65423934E-09     -0.71468313E-09     -0.33018087E-04     -0.42455096E-03
     162     -0.65424005E-09     -0.71468313E-09     -0.33023932E-04     -0.42455096E-03
     163     -0.65424986E-09     -0.71468313E-09     -0.33094842E-04     -0.42455096E-03
     164     -0.65426325E-09     -0.71468313E-09     -0.33179487E-04     -0.42455096E-03
     165     -0.65427309E-09     -0.71468313E-09     -0.33206898E-04     -0.42455096E-03
     166     -0.65428691E-09     -0.71468313E-09     -0.33309839E-04     -0.42455096E-03
     167     -0.65429850E-09     -0.71468313E-09     -0.33398413E-04     -0.42455096E-03
     168     -0.65431537E-09     -0.71468313E-09     -0.33538276E-04     -0.42455096E-03
     169     -0.65431699E-09     -0.71468313E-09     -0.33544948E-04     -0.42455096E-03
     170     -0.65431727E-09     -0.71468313E-09     -0.33545748E-04     -0.42455096E-03
     171     -0.65431961E-09     -0.71468313E-09     -0.33557338E-04     -0.42455096E-03
     172     -0.65432346E-09     -0.71468313E-09     -0.33580073E-04     -0.42455096E-03
     173     -0.65433146E-09     -0.71468313E-09     -0.33626591E-04     -0.42455096E-03
     174     -0.65434218E-09     -0.71468313E-09     -0.33659680E-04     -0.42455096E-03
     175     -0.65434998E-09     -0.71468313E-09     -0.33707834E-04     -0.42455096E-03
     176     -0.65440388E-09     -0.71468313E-09     -0.33853723E-04     -0.42455096E-03
     177     -0.65441806E-09     -0.71468313E-09     -0.33897250E-04     -0.42455096E-03
     178     -0.65441899E-09     -0.71468313E-09     -0.33906970E-04     -0.42455096E-03
     179     -0.65442090E-09     -0.71468313E-09     -0.33914496E-04     -0.42455096E-03
     180     -0.65445472E-09     -0.71468313E-09     -0.34008334E-04     -0.42455096E-03
     181     -0.65446014E-09     -0.71468313E-09     -0.34039611E-04     -0.42455096E-03
     182     -0.65446914E-09     -0.71468313E-09     -0.34094897E-04     -0.42455096E-03
     183     -0.65447530E-09     -0.71468313E-09     -0.34158788E-04     -0.42455096E-03
     184     -0.65447831E-09     -0.71468313E-09     -0.34183896E-04     -0.42455096E-03
     185     -0.65448151E-09     -0.71468313E-09     -0.34201774E-04     -0.42455096E-03
     186     -0.65449572E-09     -0.71468313E-09     -0.34292112E-04     -0.42455096E-03
     187     -0.65450126E-09     -0.71468313E-09     -0.34313085E-04     -0.42455096E-03
     188     -0.65452106E-09     -0.71468313E-09     -0.34388614E-04     -0.42455096E-03
     189     -0.65453420E-09     -0.71468313E-09     -0.34435393E-04     -0.42455096E-03
     190     -0.65453909E-09     -0.71468313E-09     -0.34451202E-04     -0.42455096E-03
     191     -0.65455457E-09     -0.71468313E-09     -0.34501306E-04     -0.42455096E-03
     192     -0.65456234E-09     -0.71468313E-09     -0.34531657E-04     -0.42455096E-03
     193     -0.65458706E-09     -0.71468313E-09     -0.34674721E-04     -0.42455096E-03
     194     -0.65460039E-09     -0.71468313E-09     -0.34803888E-04     -0.42455096E-03
     195     -0.65460495E-09     -0.71468313E-09     -0.34832548E-04     -0.42455096E-03
     196     -0.65461153E-09     -0.71468313E-09     -0.34887216E-04     -0.42455096E-03
     197     -0.65461762E-09     -0.71468313E-09     -0.34914307E-04     -0.42455096E-03
     198     -0.65464701E-09     -0.71468313E-09     -0.35095803E-04     -0.42455096E-03
     199     -0.65464895E-09     -0.71468313E-09     -0.35102830E-04     -0.42455096E-03
     200     -0.65468536E-09     -0.71468313E-09     -0.35292158E-04     -0.42455096E-03
     201     -0.65470284E-09     -0.71468313E-09     -0.35416795E-04     -0.42455096E-03
     202     -0.65471026E-09     -0.71468313E-09     -0.35472764E-04     -0.42455096E-03
     203     -0.65471983E-09     -0.71468313E-09     -0.35546040E-04     -0.42455096E-03
     204     -0.65473176E-09     -0.71468313E-09     -0.35710454E-04     -0.42455096E-03
     205     -0.65473913E-09     -0.71468313E-09     -0.35828733E-04     -0.42455096E-03
     206     -0.65474139E-09     -0.71468313E-09     -0.35842307E-04     -0.42455096E-03
     207     -0.65474193E-09     -0.71468313E-09     -0.35845479E-04     -0.42455096E-03
     208     -0.65474773E-09     -0.71468313E-09     -0.35871616E-04     -0.42455096E-03
     209     -0.65475288E-09     -0.71468313E-09     -0.35891452E-04     -0.42455096E-03
     210     -0.65475411E-09     -0.71468313E-09     -0.35898415E-04     -0.42455096E-03
     211     -0.65475576E-09     -0.71468313E-09     -0.35909347E-04     -0.42455096E-03
     212     -0.65476014E-09     -0.71468313E-09     -0.35923614E-04     -0.42455096E-03
     213     -0.65477268E-09     -0.71468313E-09     -0.36016008E-04     -0.42455096E-03
     214     -0.65477643E-09     -0.71468313E-09     -0.36033690E-04     -0.42455096E-03
     215     -0.65482008E-09     -0.71468313E-09     -0.36182778E-04     -0.42455096E-03
     216     -0.65486575E-09     -0.71468313E-09     -0.36327281E-04     -0.42455096E-03
     217     -0.65487071E-09     -0.71468313E-09     -0.36351191E-04     -0.42455096E-03
     218     -0.65488461E-09     -0.71468313E-09     -0.36419578E-04     -0.42455096E-03
     219     -0.65488844E-09     -0.71468313E-09     -0.36440669E-04     -0.42455096E-03
     220     -0.65490662E-09     -0.71468313E-09     -0.36513408E-04     -0.42455096E-03
     221     -0.65495573E-09     -0.71468313E-09     -0.36664294E-04     -0.42455096E-03
     222     -0.65495878E-09     -0.71468313E-09     -0.36677218E-04     -0.42455096E-03
     223     -0.65496390E-09     -0.71468313E-09     -0.36701594E-04     -0.42455096E-03
     224     -0.65496859E-09     -0.71468313E-09     -0.36720338E-04     -0.42455096E-03
     225     -0.65496958E-09     -0.71468313E-09     -0.36726207E-04     -0.42455096E-03
     226     -0.65497942E-09     -0.71468313E-09     -0.36780092E-04     -0.42455096E-03
     227     -0.65498796E-09     -0.71468313E-09     -0.36863876E-04     -0.42455096E-03
     228     -0.65500881E-09     -0.71468313E-09     -0.37006995E-04     -0.42455096E-03
     229     -0.65501527E-09     -0.71468313E-09     -0.37070507E-04     -0.42455096E-03
     230     -0.65503357E-09     -0.71468313E-09     -0.37169515E-04     -0.42455096E-03
     231     -0.65503613E-09     -0.71468313E-09     -0.37181943E-04     -0.42455096E-03
     232     -0.65504659E-09     -0.71468313E-09     -0.37246579E-04     -0.42455096E-03
     233     -0.65505408E-09     -0.71468313E-09     -0.37299405E-04     -0.42455096E-03
     234     -0.65505977E-09     -0.71468313E-09     -0.37326226E-04     -0.42455096E-03
     235     -0.65506385E-09     -0.71468313E-09     -0.37333693E-04     -0.42455096E-03
     236     -0.65506686E-09     -0.71468313E-09     -0.37339923E-04     -0.42455096E-03
     237     -0.65507328E-09     -0.71468313E-09     -0.37370918E-04     -0.42455096E-03
     238     -0.65507656E-09     -0.71468313E-09     -0.37387800E-04     -0.42455096E-03
     239     -0.65509139E-09     -0.71468313E-09     -0.37458217E-04     -0.42455096E-03
     240     -0.65509905E-09     -0.71468313E-09     -0.37488657E-04     -0.42455096E-03
     241     -0.65512848E-09     -0.71468313E-09     -0.37641522E-04     -0.42455096E-03
     242     -0.65514625E-09     -0.71468313E-09     -0.37730698E-04     -0.42455096E-03
     243     -0.65516288E-09     -0.71468313E-09     -0.37819293E-04     -0.42455096E-03
     244     -0.65519182E-09     -0.71468313E-09     -0.37994687E-04     -0.42455096E-03
     245     -0.65521238E-09     -0.71468313E-09     -0.38141711E-04     -0.42455096E-03
     246     -0.65522951E-09     -0.71468313E-09     -0.38253502E-04     -0.42455096E-03
     247     -0.65524636E-09     -0.71468313E-09     -0.38348410E-04     -0.42455096E-03
     248     -0.65525288E-09     -0.71468313E-09     -0.38373802E-04     -0.42455096E-03
     249     -0.65525670E-09     -0.71468313E-09     -0.38388808E-04     -0.42455096E-03
     250     -0.65526106E-09     -0.71468313E-09     -0.38405805E-04     -0.42455096E-03
     251     -0.65526684E-09     -0.71468313E-09     -0.38442748E-04     -0.42455096E-03
     252     -0.65528560E-09     -0.71468313E-09     -0.38547568E-04     -0.42455096E-03
     253     -0.65529569E-09     -0.71468313E-09     -0.38635799E-04     -0.42455096E-03
     254     -0.65530362E-09     -0.71468313E-09     -0.38679826E-04     -0.42455096E-03
     255     -0.65530698E-09     -0.71468313E-09     -0.38700223E-04     -0.42455096E-03
     256     -0.65531530E-09     -0.71468313E-09     -0.38732882E-04     -0.42455096E-03
     257     -0.65534480E-09     -0.71468313E-09     -0.38853712E-04     -0.42455096E-03
     258     -0.65535420E-09     -0.71468313E-09     -0.38885622E-04     -0.42455096E-03
     259     -0.65537240E-09     -0.71468313E-09     -0.38950186E-04     -0.42455096E-03
     260     -0.65542812E-09     -0.71468313E-09     -0.39102363E-04     -0.42455096E-03
     261     -0.65544238E-09     -0.71468313E-09     -0.39154344E-04     -0.42455096E-03
     262     -0.65546396E-09     -0.71468313E-09     -0.39232259E-04     -0.42455096E-03
     263     -0.65552216E-09     -0.71468313E-09     -0.39399393E-04     -0.42455096E-03
     264     -0.65553652E-09     -0.71468313E-09     -0.39435590E-04     -0.42455096E-03
     265     -0.65556684E-09     -0.71468313E-09     -0.39525782E-04     -0.42455096E-03
     266     -0.65560047E-09     -0.71468313E-09     -0.39626819E-04     -0.42455096E-03
     267     -0.65561689E-09     -0.71468313E-09     -0.39679730E-04     -0.42455096E-03
     268     -0.65563467E-09     -0.71468313E-09     -0.39728646E-04     -0.42455096E-03
     269     -0.65564704E-09     -0.71468313E-09     -0.39793044E-04     -0.42455096E-03
     270     -0.65566654E-09     -0.71468313E-09     -0.39848479E-04     -0.42455096E-03
     271     -0.65569141E-09     -0.71468313E-09     -0.39941110E-04     -0.42455096E-03
     272     -0.65570964E-09     -0.71468313E-09     -0.39995244E-04     -0.42455096E-03
     273     -0.65574628E-09     -0.71468313E-09     -0.40122935E-04     -0.42455096E-03
     274     -0.65580274E-09     -0.71468313E-09     -0.40283351E-04     -0.42455096E-03
     275     -0.65584267E-09     -0.71468313E-09     -0.40381274E-04     -0.42455096E-03
     276     -0.65587223E-09     -0.71468313E-09     -0.40456650E-04     -0.42455096E-03
     277     -0.65592172E-09     -0.71468313E-09     -0.40618976E-04     -0.42455096E-03
     278     -0.65597469E-09     -0.71468313E-09     -0.40760056E-04     -0.42455096E-03
     279     -0.65598961E-09     -0.71468313E-09     -0.40800622E-04     -0.42455096E-03
     280     -0.65599741E-09     -0.71468313E-09     -0.40819602E-04     -0.42455096E-03
     281     -0.65601095E-09     -0.71468313E-09     -0.40854181E-04     -0.42455096E-03
     282     -0.65601952E-09     -0.71468313E-09     -0.40877291E-04     -0.42455096E-03
     283     -0.65603589E-09     -0.71468313E-09     -0.40918781E-04     -0.42455096E-03
     284     -0.65604159E-09     -0.71468313E-09     -0.40937882E-04     -0.42455096E-03
     285     -0.65604887E-09     -0.71468313E-09     -0.40974832E-04     -0.42455096E-03
     286     -0.65605470E-09     -0.71468313E-09     -0.40991486E-04     -0.42455096E-03
     287     -0.65605668E-09     -0.71468313E-09     -0.40998861E-04     -0.42455096E-03
     288     -0.65606403E-09     -0.71468313E-09     -0.41026227E-04     -0.42455096E-03
     289     -0.65606865E-09     -0.71468313E-09     -0.41041695E-04     -0.42455096E-03
     290     -0.65610914E-09     -0.71468313E-09     -0.41167376E-04     -0.42455096E-03
     291     -0.65614876E-09     -0.71468313E-09     -0.41286447E-04     -0.42455096E-03
     292     -0.65620589E-09     -0.71468313E-09     -0.41468098E-04     -0.42455096E-03
     293     -0.65621842E-09     -0.71468313E-09     -0.41505333E-04     -0.42455096E-03
     294     -0.65628094E-09     -0.71468313E-09     -0.41714306E-04     -0.42455096E-03
     295     -0.65629897E-09     -0.71468313E-09     -0.41766824E-04     -0.42455096E-03
     296     -0.65630223E-09     -0.71468313E-09     -0.41777815E-04     -0.42455096E-03
     297     -0.65630877E-09     -0.71468313E-09     -0.41786231E-04     -0.42455096E-03
     298     -0.65631010E-09     -0.71468313E-09     -0.41790430E-04     -0.42455096E-03
     299     -0.65631264E-09     -0.71468313E-09     -0.41798399E-04     -0.42455096E-03
     300     -0.65632442E-09     -0.71468313E-09     -0.41912567E-04     -0.42455096E-03
     301     -0.65633310E-09     -0.71468313E-09     -0.42007385E-04     -0.42455096E-03
     302     -0.65633801E-09     -0.71468313E-09     -0.42036446E-04     -0.42455096E-03
     303     -0.65634119E-09     -0.71468313E-09     -0.42053237E-04     -0.42455096E-03
     304     -0.65634290E-09     -0.71468313E-09     -0.42058455E-04     -0.42455096E-03
     305     -0.65634604E-09     -0.71468313E-09     -0.42068599E-04     -0.42455096E-03
     306     -0.65634933E-09     -0.71468313E-09     -0.42077714E-04     -0.42455096E-03
     307     -0.65635454E-09     -0.71468313E-09     -0.42118292E-04     -0.42455096E-03
     308     -0.65635527E-09     -0.71468313E-09     -0.42119455E-04     -0.42455096E-03
     309     -0.65635707E-09     -0.71468313E-09     -0.42123138E-04     -0.42455096E-03
     310     -0.65637348E-09     -0.71468313E-09     -0.42188937E-04     -0.42455096E-03
     311     -0.65638142E-09     -0.71468313E-09     -0.42221758E-04     -0.42455096E-03
     312     -0.65640992E-09     -0.71468313E-09     -0.42334153E-04     -0.42455096E-03
     313     -0.65641399E-09     -0.71468313E-09     -0.42346423E-04     -0.42455096E-03
     314     -0.65642608E-09     -0.71468313E-09     -0.42391446E-04     -0.42455096E-03
     315     -0.65643670E-09     -0.71468313E-09     -0.42431668E-04     -0.42455096E-03
     316     -0.65644503E-09     -0.71468313E-09     -0.42458411E-04     -0.42455096E-03
     317     -0.65644659E-09     -0.71468313E-09     -0.42463425E-04     -0.42455096E-03
     318     -0.65645040E-09     -0.71468313E-09     -0.42474781E-04     -0.42455096E-03
     319     -0.65645359E-09     -0.71468313E-09     -0.42482294E-04     -0.42455096E-03
     320     -0.65649782E-09     -0.71468313E-09     -0.42589906E-04     -0.42455096E-03
     321     -0.65654661E-09     -0.71468313E-09     -0.42715099E-04     -0.42455096E-03
     322     -0.65657310E-09     -0.71468313E-09     -0.42780796E-04     -0.42455096E-03
     323     -0.65659769E-09     -0.71468313E-09     -0.42841784E-04     -0.42455096E-03
     324     -0.65661746E-09     -0.71468313E-09     -0.42894069E-04     -0.42455096E-03
     325     -0.65662745E-09     -0.71468313E-09     -0.42918130E-04     -0.42455096E-03
     326     -0.65665962E-09     -0.71468313E-09     -0.43001161E-04     -0.42455096E-03
     327     -0.65667129E-09     -0.71468313E-09     -0.43031980E-04     -0.42455096E-03
     328     -0.65667496E-09     -0.71468313E-09     -0.43043876E-04     -0.42455096E-03
     329     -0.65667733E-09     -0.71468313E-09     -0.43053767E-04     -0.42455096E-03
     330     -0.65668933E-09     -0.71468313E-09     -0.43089173E-04     -0.42455096E-03
     331     -0.65669377E-09     -0.71468313E-09     -0.43100827E-04     -0.42455096E-03
     332     -0.65670038E-09     -0.71468313E-09     -0.43123885E-04     -0.42455096E-03
     333     -0.65670311E-09     -0.71468313E-09     -0.43130387E-04     -0.42455096E-03
     334     -0.65671204E-09     -0.71468313E-09     -0.43164865E-04     -0.42455096E-03
     335     -0.65671600E-09     -0.71468313E-09     -0.43175001E-04     -0.42455096E-03
     336     -0.65671826E-09     -0.71468313E-09     -0.43181882E-04     -0.42455096E-03
     337     -0.65672349E-09     -0.71468313E-09     -0.43196511E-04     -0.42455096E-03
     338     -0.65672928E-09     -0.71468313E-09     -0.43215044E-04     -0.42455096E-03
     339     -0.65673465E-09     -0.71468313E-09     -0.43226491E-04     -0.42455096E-03
     340     -0.65674874E-09     -0.71468313E-09     -0.43267999E-04     -0.42455096E-03
     341     -0.65677822E-09     -0.71468313E-09     -0.43396334E-04     -0.42455096E-03
     342     -0.65678553E-09     -0.71468313E-09     -0.43412236E-04     -0.42455096E-03
     343     -0.65680300E-09     -0.71468313E-09     -0.43460410E-04     -0.42455096E-03
     344     -0.65681997E-09     -0.71468313E-09     -0.43495820E-04     -0.42455096E-03
     345     -0.65683520E-09     -0.71468313E-09     -0.43528864E-04     -0.42455096E-03
     346     -0.65688357E-09     -0.71468313E-09     -0.43636325E-04     -0.42455096E-03
     347     -0.65692687E-09     -0.71468313E-09     -0.43728698E-04     -0.42455096E-03
     348     -0.65694080E-09     -0.71468313E-09     -0.43827814E-04     -0.42455096E-03
     349     -0.65695302E-09     -0.71468313E-09     -0.43915879E-04     -0.42455096E-03
     350     -0.65695751E-09     -0.71468313E-09     -0.43926905E-04     -0.42455096E-03
     351     -0.65697162E-09     -0.71468313E-09     -0.43991963E-04     -0.42455096E-03
     352     -0.65698260E-09     -0.71468313E-09     -0.44044294E-04     -0.42455096E-03
     353     -0.65700003E-09     -0.71468313E-09     -0.44096700E-04     -0.42455096E-03
     354     -0.65701553E-09     -0.71468313E-09     -0.44131535E-04     -0.42455096E-03
     355     -0.65702794E-09     -0.71468313E-09     -0.44160393E-04     -0.42455096E-03
     356     -0.65704762E-09     -0.71468313E-09     -0.44252218E-04     -0.42455096E-03
     357     -0.65707991E-09     -0.71468313E-09     -0.44396128E-04     -0.42455096E-03
     358     -0.65708842E-09     -0.71468313E-09     -0.44414305E-04     -0.42455096E-03
     359     -0.65710274E-09     -0.71468313E-09     -0.44468430E-04     -0.42455096E-03
     360     -0.65711406E-09     -0.71468313E-09     -0.44490298E-04     -0.42455096E-03
     361     -0.65712323E-09     -0.71468313E-09     -0.44511835E-04     -0.42455096E-03
     362     -0.65714830E-09     -0.71468313E-09     -0.44572050E-04     -0.42455096E-03
     363     -0.65715817E-09     -0.71468313E-09     -0.44596029E-04     -0.42455096E-03
     364     -0.65716390E-09     -0.71468313E-09     -0.44619089E-04     -0.42455096E-03
     365     -0.65716561E-09     -0.71468313E-09     -0.44636643E-04     -0.42455096E-03
     366     -0.65717020E-09     -0.71468313E-09     -0.44648578E-04     -0.42455096E-03
     367     -0.65717491E-09     -0.71468313E-09     -0.44660798E-04     -0.42455096E-03
     368     -0.65718492E-09     -0.71468313E-09     -0.44683141E-04     -0.42455096E-03
     369     -0.65719181E-09     -0.71468313E-09     -0.44701177E-04     -0.42455096E-03
     370     -0.65719685E-09     -0.71468313E-09     -0.44713116E-04     -0.42455096E-03
     371     -0.65720489E-09     -0.71468313E-09     -0.44732590E-04     -0.42455096E-03
     372     -0.65721108E-09     -0.71468313E-09     -0.44744531E-04     -0.42455096E-03
     373     -0.65721559E-09     -0.71468313E-09     -0.44756624E-04     -0.42455096E-03
     374     -0.65721753E-09     -0.71468313E-09     -0.44760067E-04     -0.42455096E-03
     375     -0.65723523E-09     -0.71468313E-09     -0.44793644E-04     -0.42455096E-03
     376     -0.65729151E-09     -0.71468313E-09     -0.44902017E-04     -0.42455096E-03
     377     -0.65735465E-09     -0.71468313E-09     -0.45014617E-04     -0.42455096E-03
     378     -0.65740693E-09     -0.71468313E-09     -0.45066150E-04     -0.42455096E-03
     379     -0.65741766E-09     -0.71468313E-09     -0.45089795E-04     -0.42455096E-03
     380     -0.65743435E-09     -0.71468313E-09     -0.45110075E-04     -0.42455096E-03
     381     -0.65746531E-09     -0.71468313E-09     -0.45136259E-04     -0.42455096E-03
     382     -0.65760243E-09     -0.71468313E-09     -0.45222259E-04     -0.42455096E-03
     383     -0.65764213E-09     -0.71468313E-09     -0.45256428E-04     -0.42455096E-03
     384     -0.65767443E-09     -0.71468313E-09     -0.45364253E-04     -0.42455096E-03
     385     -0.65768865E-09     -0.71468313E-09     -0.45418940E-04     -0.42455096E-03
     386     -0.65770334E-09     -0.71468313E-09     -0.45456851E-04     -0.42455096E-03
     387     -0.65771167E-09     -0.71468313E-09     -0.45510924E-04     -0.42455096E-03
     388     -0.65772956E-09     -0.71468313E-09     -0.45551629E-04     -0.42455096E-03
     389     -0.65776456E-09     -0.71468313E-09     -0.45638273E-04     -0.42455096E-03
     390     -0.65777480E-09     -0.71468313E-09     -0.45662075E-04     -0.42455096E-03
     391     -0.65778783E-09     -0.71468313E-09     -0.45701259E-04     -0.42455096E-03
     392     -0.65780450E-09     -0.71468313E-09     -0.45739269E-04     -0.42455096E-03
     393     -0.65781507E-09     -0.71468313E-09     -0.45798074E-04     -0.42455096E-03
     394     -0.65781908E-09     -0.71468313E-09     -0.45810716E-04     -0.42455096E-03
     395     -0.65782409E-09     -0.71468313E-09     -0.45822732E-04     -0.42455096E-03
     396     -0.65782830E-09     -0.71468313E-09     -0.45847941E-04     -0.42455096E-03
     397     -0.65787174E-09     -0.71468313E-09     -0.45931273E-04     -0.42455096E-03
     398     -0.65794754E-09     -0.71468313E-09     -0.46007382E-04     -0.42455096E-03
     399     -0.65799222E-09     -0.71468313E-09     -0.46078174E-04     -0.42455096E-03
     400     -0.65802854E-09     -0.71468313E-09     -0.46162552E-04     -0.42455096E-03
     401     -0.65804766E-09     -0.71468313E-09     -0.46228753E-04     -0.42455096E-03
     402     -0.65807142E-09     -0.71468313E-09     -0.46321363E-04     -0.42455096E-03
     403     -0.65808260E-09     -0.71468313E-09     -0.46346819E-04     -0.42455096E-03
     404     -0.65808526E-09     -0.71468313E-09     -0.46356129E-04     -0.42455096E-03
     405     -0.65809713E-09     -0.71468313E-09     -0.46413328E-04     -0.42455096E-03
     406     -0.65811811E-09     -0.71468313E-09     -0.46492266E-04     -0.42455096E-03
     407     -0.65815449E-09     -0.71468313E-09     -0.46579810E-04     -0.42455096E-03
     408     -0.65819198E-09     -0.71468313E-09     -0.46667501E-04     -0.42455096E-03
     409     -0.65820231E-09     -0.71468313E-09     -0.46692044E-04     -0.42455096E-03
     410     -0.65820705E-09     -0.71468313E-09     -0.46705562E-04     -0.42455096E-03
     411     -0.65821255E-09     -0.71468313E-09     -0.46721213E-04     -0.42455096E-03
     412     -0.65821867E-09     -0.71468313E-09     -0.46738433E-04     -0.42455096E-03
     413     -0.65829306E-09     -0.71468313E-09     -0.46873196E-04     -0.42455096E-03
     414     -0.65833367E-09     -0.71468313E-09     -0.46957399E-04     -0.42455096E-03
     415     -0.65838423E-09     -0.71468313E-09     -0.47065899E-04     -0.42455096E-03
     416     -0.65841502E-09     -0.71468313E-09     -0.47192897E-04     -0.42455096E-03
     417     -0.65847712E-09     -0.71468313E-09     -0.47321883E-04     -0.42455096E-03
     418     -0.65850297E-09     -0.71468313E-09     -0.47447450E-04     -0.42455096E-03
     419     -0.65854113E-09     -0.71468313E-09     -0.47530706E-04     -0.42455096E-03
     420     -0.65855600E-09     -0.71468313E-09     -0.47572414E-04     -0.42455096E-03
     421     -0.65863538E-09     -0.71468313E-09     -0.47737589E-04     -0.42455096E-03
     422     -0.65868448E-09     -0.71468313E-09     -0.47816885E-04     -0.42455096E-03
     423     -0.65870192E-09     -0.71468313E-09     -0.47843858E-04     -0.42455096E-03
     424     -0.65881723E-09     -0.71468313E-09     -0.47994479E-04     -0.42455096E-03
     425     -0.65885067E-09     -0.71468313E-09     -0.48028850E-04     -0.42455096E-03
     426     -0.65886022E-09     -0.71468313E-09     -0.48057201E-04     -0.42455096E-03
     427     -0.65889274E-09     -0.71468313E-09     -0.48123402E-04     -0.42455096E-03
     428     -0.65897439E-09     -0.71468313E-09     -0.48272684E-04     -0.42455096E-03
     429     -0.65900670E-09     -0.71468313E-09     -0.48435408E-04     -0.42455096E-03
     430     -0.65910593E-09     -0.71468313E-09     -0.48546074E-04     -0.42455096E-03
     431     -0.65918656E-09     -0.71468313E-09     -0.48663683E-04     -0.42455096E-03
     432     -0.65922851E-09     -0.71468313E-09     -0.48788431E-04     -0.42455096E-03
     433     -0.65928836E-09     -0.71468313E-09     -0.48889602E-04     -0.42455096E-03
     434     -0.65936025E-09     -0.71468313E-09     -0.49007205E-04     -0.42455096E-03
     435     -0.65941077E-09     -0.71468313E-09     -0.49099714E-04     -0.42455096E-03
     436     -0.65944860E-09     -0.71468313E-09     -0.49161138E-04     -0.42455096E-03
     437     -0.65950896E-09     -0.71468313E-09     -0.49233130E-04     -0.42455096E-03
     438     -0.65961826E-09     -0.71468313E-09     -0.49336429E-04     -0.42455096E-03
     439     -0.65973381E-09     -0.71468313E-09     -0.49421219E-04     -0.42455096E-03
     440     -0.65981929E-09     -0.71468313E-09     -0.49492127E-04     -0.42455096E-03
     441     -0.65988637E-09     -0.71468313E-09     -0.49568408E-04     -0.42455096E-03
     442     -0.65996414E-09     -0.71468313E-09     -0.49654516E-04     -0.42455096E-03
     443     -0.66001892E-09     -0.71468313E-09     -0.49700752E-04     -0.42455096E-03
     444     -0.66003230E-09     -0.71468313E-09     -0.49716816E-04     -0.42455096E-03
     445     -0.66013931E-09     -0.71468313E-09     -0.49822712E-04     -0.42455096E-03
     446     -0.66020379E-09     -0.71468313E-09     -0.49888063E-04     -0.42455096E-03
     447     -0.66023094E-09     -0.71468313E-09     -0.49915231E-04     -0.42455096E-03
     448     -0.66028075E-09     -0.71468313E-09     -0.49967894E-04     -0.42455096E-03
     449     -0.66034587E-09     -0.71468313E-09     -0.50035361E-04     -0.42455096E-03
     450     -0.66035285E-09     -0.71468313E-09     -0.50045523E-04     -0.42455096E-03
     451     -0.66036168E-09     -0.71468313E-09     -0.50057057E-04     -0.42455096E-03
     452     -0.66042955E-09     -0.71468313E-09     -0.50140824E-04     -0.42455096E-03
     453     -0.66051878E-09     -0.71468313E-09     -0.50267406E-04     -0.42455096E-03
     454     -0.66054242E-09     -0.71468313E-09     -0.50309932E-04     -0.42455096E-03
     455     -0.66067369E-09     -0.71468313E-09     -0.50483673E-04     -0.42455096E-03
     456     -0.66076648E-09     -0.71468313E-09     -0.50589788E-04     -0.42455096E-03
     457     -0.66078668E-09     -0.71468313E-09     -0.50619521E-04     -0.42455096E-03
     458     -0.66081291E-09     -0.71468313E-09     -0.50656450E-04     -0.42455096E-03
     459     -0.66082456E-09     -0.71468313E-09     -0.50681337E-04     -0.42455096E-03
     460     -0.66085651E-09     -0.71468313E-09     -0.50718724E-04     -0.42455096E-03
     461     -0.66086345E-09     -0.71468313E-09     -0.50731007E-04     -0.42455096E-03
     462     -0.66088639E-09     -0.71468313E-09     -0.50757970E-04     -0.42455096E-03
     463     -0.66089769E-09     -0.71468313E-09     -0.50774492E-04     -0.42455096E-03
     464     -0.66091333E-09     -0.71468313E-09     -0.50798600E-04     -0.42455096E-03
     465     -0.66091553E-09     -0.71468313E-09     -0.50803953E-04     -0.42455096E-03
     466     -0.66092110E-09     -0.71468313E-09     -0.50812656E-04     -0.42455096E-03
     467     -0.66092663E-09     -0.71468313E-09     -0.50819775E-04     -0.42455096E-03
     468     -0.66092975E-09     -0.71468313E-09     -0.50827287E-04     -0.42455096E-03
     469     -0.66093242E-09     -0.71468313E-09     -0.50837571E-04     -0.42455096E-03
     470     -0.66093660E-09     -0.71468313E-09     -0.50847010E-04     -0.42455096E-03
     471     -0.66093919E-09     -0.71468313E-09     -0.50854860E-04     -0.42455096E-03
     472     -0.66094206E-09     -0.71468313E-09     -0.50862167E-04     -0.42455096E-03
     473     -0.66094704E-09     -0.71468313E-09     -0.50871334E-04     -0.42455096E-03
     474     -0.66095024E-09     -0.71468313E-09     -0.50876782E-04     -0.42455096E-03
     475     -0.66095504E-09     -0.71468313E-09     -0.50885861E-04     -0.42455096E-03
     476     -0.66095823E-09     -0.71468313E-09     -0.50892005E-04     -0.42455096E-03
     477     -0.66096102E-09     -0.71468313E-09     -0.50897686E-04     -0.42455096E-03
     478     -0.66096525E-09     -0.71468313E-09     -0.50905089E-04     -0.42455096E-03
     479     -0.66097208E-09     -0.71468313E-09     -0.50912471E-04     -0.42455096E-03
     480     -0.66097588E-09     -0.71468313E-09     -0.50918046E-04     -0.42455096E-03
     481     -0.66097826E-09     -0.71468313E-09     -0.50926272E-04     -0.42455096E-03
     482     -0.66098224E-09     -0.71468313E-09     -0.50935062E-04     -0.42455096E-03
     483     -0.66098589E-09     -0.71468313E-09     -0.50942562E-04     -0.42455096E-03
     484     -0.66098848E-09     -0.71468313E-09     -0.50947670E-04     -0.42455096E-03
     485     -0.66099254E-09     -0.71468313E-09     -0.50954852E-04     -0.42455096E-03
     486     -0.66099629E-09     -0.71468313E-09     -0.50963085E-04     -0.42455096E-03
     487     -0.66099846E-09     -0.71468313E-09     -0.50968670E-04     -0.42455096E-03
     488     -0.66100079E-09     -0.71468313E-09     -0.50973173E-04     -0.42455096E-03
     489     -0.66100541E-09     -0.71468313E-09     -0.50980796E-04     -0.42455096E-03
     490     -0.66100762E-09     -0.71468313E-09     -0.50991545E-04     -0.42455096E-03
     491     -0.66100976E-09     -0.71468313E-09     -0.50997646E-04     -0.42455096E-03
     492     -0.66101100E-09     -0.71468313E-09     -0.51001516E-04     -0.42455096E-03
     493     -0.66101252E-09     -0.71468313E-09     -0.51010439E-04     -0.42455096E-03
     494     -0.66101423E-09     -0.71468313E-09     -0.51013936E-04     -0.42455096E-03
     495     -0.66101543E-09     -0.71468313E-09     -0.51016372E-04     -0.42455096E-03
     496     -0.66101791E-09     -0.71468313E-09     -0.51019140E-04     -0.42455096E-03
     497     -0.66101878E-09     -0.71468313E-09     -0.51020467E-04     -0.42455096E-03
     498     -0.66102299E-09     -0.71468313E-09     -0.51027902E-04     -0.42455096E-03
     499     -0.66102572E-09     -0.71468313E-09     -0.51036192E-04     -0.42455096E-03
     500     -0.66102894E-09     -0.71468313E-09     -0.51042626E-04     -0.42455096E-03
     501     -0.66103406E-09     -0.71468313E-09     -0.51049854E-04     -0.42455096E-03
     502     -0.66103593E-09     -0.71468313E-09     -0.51053034E-04     -0.42455096E-03
     503     -0.66104172E-09     -0.71468313E-09     -0.51061050E-04     -0.42455096E-03
     504     -0.66104454E-09     -0.71468313E-09     -0.51065891E-04     -0.42455096E-03
     505     -0.66104586E-09     -0.71468313E-09     -0.51069720E-04     -0.42455096E-03
     506     -0.66105929E-09     -0.71468313E-09     -0.51083919E-04     -0.42455096E-03
     507     -0.66106693E-09     -0.71468313E-09     -0.51092985E-04     -0.42455096E-03
     508     -0.66107344E-09     -0.71468313E-09     -0.51103452E-04     -0.42455096E-03
     509     -0.66107583E-09     -0.71468313E-09     -0.51111954E-04     -0.42455096E-03
     510     -0.66108902E-09     -0.71468313E-09     -0.51125324E-04     -0.42455096E-03
     511     -0.66109201E-09     -0.71468313E-09     -0.51129865E-04     -0.42455096E-03
     512     -0.66109833E-09     -0.71468313E-09     -0.51138309E-04     -0.42455096E-03
     513     -0.66110613E-09     -0.71468313E-09     -0.51152462E-04     -0.42455096E-03
     514     -0.66110938E-09     -0.71468313E-09     -0.51162048E-04     -0.42455096E-03
     515     -0.66112133E-09     -0.71468313E-09     -0.51177726E-04     -0.42455096E-03
     516     -0.66112722E-09     -0.71468313E-09     -0.51186383E-04     -0.42455096E-03
     517     -0.66115085E-09     -0.71468313E-09     -0.51209886E-04     -0.42455096E-03
     518     -0.66115864E-09     -0.71468313E-09     -0.51220120E-04     -0.42455096E-03
     519     -0.66117077E-09     -0.71468313E-09     -0.51236743E-04     -0.42455096E-03
     520     -0.66118338E-09     -0.71468313E-09     -0.51251438E-04     -0.42455096E-03
     521     -0.66118700E-09     -0.71468313E-09     -0.51256950E-04     -0.42455096E-03
     522     -0.66119069E-09     -0.71468313E-09     -0.51264176E-04     -0.42455096E-03
     523     -0.66119952E-09     -0.71468313E-09     -0.51277648E-04     -0.42455096E-03
     524     -0.66120613E-09     -0.71468313E-09     -0.51291819E-04     -0.42455096E-03
     525     -0.66122636E-09     -0.71468313E-09     -0.51325177E-04     -0.42455096E-03
     526     -0.66123217E-09     -0.71468313E-09     -0.51337438E-04     -0.42455096E-03
     527     -0.66126551E-09     -0.71468313E-09     -0.51372328E-04     -0.42455096E-03
     528     -0.66130217E-09     -0.71468313E-09     -0.51417632E-04     -0.42455096E-03
     529     -0.66135561E-09     -0.71468313E-09     -0.51466953E-04     -0.42455096E-03
     530     -0.66136792E-09     -0.71468313E-09     -0.51481328E-04     -0.42455096E-03
     531     -0.66139297E-09     -0.71468313E-09     -0.51504970E-04     -0.42455096E-03
     532     -0.66144829E-09     -0.71468313E-09     -0.51556210E-04     -0.42455096E-03
     533     -0.66147493E-09     -0.71468313E-09     -0.51584377E-04     -0.42455096E-03
     534     -0.66149853E-09     -0.71468313E-09     -0.51607042E-04     -0.42455096E-03
     535     -0.66152065E-09     -0.71468313E-09     -0.51633372E-04     -0.42455096E-03
     536     -0.66154179E-09     -0.71468313E-09     -0.51657690E-04     -0.42455096E-03
     537     -0.66156732E-09     -0.71468313E-09     -0.51687250E-04     -0.42455096E-03
     538     -0.66158243E-09     -0.71468313E-09     -0.51704896E-04     -0.42455096E-03
     539     -0.66160007E-09     -0.71468313E-09     -0.51721462E-04     -0.42455096E-03
     540     -0.66168504E-09     -0.71468313E-09     -0.51795064E-04     -0.42455096E-03
     541     -0.66177129E-09     -0.71468313E-09     -0.51870690E-04     -0.42455096E-03
     542     -0.66179291E-09     -0.71468313E-09     -0.51895702E-04     -0.42455096E-03
     543     -0.66200201E-09     -0.71468313E-09     -0.52098768E-04     -0.42455096E-03
     544     -0.66203218E-09     -0.71468313E-09     -0.52121838E-04     -0.42455096E-03
     545     -0.66205851E-09     -0.71468313E-09     -0.52138884E-04     -0.42455096E-03
     546     -0.66216579E-09     -0.71468313E-09     -0.52245008E-04     -0.42455096E-03
     547     -0.66221286E-09     -0.71468313E-09     -0.52264957E-04     -0.42455096E-03
     548     -0.66228215E-09     -0.71468313E-09     -0.52298951E-04     -0.42455096E-03
     549     -0.66241857E-09     -0.71468313E-09     -0.52398423E-04     -0.42455096E-03
     550     -0.66243363E-09     -0.71468313E-09     -0.52416571E-04     -0.42455096E-03
     551     -0.66243768E-09     -0.71468313E-09     -0.52427060E-04     -0.42455096E-03
     552     -0.66245868E-09     -0.71468313E-09     -0.52444481E-04     -0.42455096E-03
     553     -0.66247994E-09     -0.71468313E-09     -0.52466337E-04     -0.42455096E-03
     554     -0.66252039E-09     -0.71468313E-09     -0.52514048E-04     -0.42455096E-03
     555     -0.66258889E-09     -0.71468313E-09     -0.52587469E-04     -0.42455096E-03
     556     -0.66265026E-09     -0.71468313E-09     -0.52650134E-04     -0.42455096E-03
     557     -0.66265908E-09     -0.71468313E-09     -0.52672446E-04     -0.42455096E-03
     558     -0.66277801E-09     -0.71468313E-09     -0.52782002E-04     -0.42455096E-03
     559     -0.66280397E-09     -0.71468313E-09     -0.52800031E-04     -0.42455096E-03
     560     -0.66281457E-09     -0.71468313E-09     -0.52812781E-04     -0.42455096E-03
     561     -0.66282664E-09     -0.71468313E-09     -0.52827017E-04     -0.42455096E-03
     562     -0.66288474E-09     -0.71468313E-09     -0.52857656E-04     -0.42455096E-03
     563     -0.66292240E-09     -0.71468313E-09     -0.52887776E-04     -0.42455096E-03
     564     -0.66295468E-09     -0.71468313E-09     -0.52914583E-04     -0.42455096E-03
     565     -0.66300972E-09     -0.71468313E-09     -0.52975297E-04     -0.42455096E-03
     566     -0.66306056E-09     -0.71468313E-09     -0.53026294E-04     -0.42455096E-03
     567     -0.66309916E-09     -0.71468313E-09     -0.53045642E-04     -0.42455096E-03
     568     -0.66311346E-09     -0.71468313E-09     -0.53058663E-04     -0.42455096E-03
     569     -0.66314347E-09     -0.71468313E-09     -0.53087533E-04     -0.42455096E-03
     570     -0.66326740E-09     -0.71468313E-09     -0.53199411E-04     -0.42455096E-03
     571     -0.66330916E-09     -0.71468313E-09     -0.53235668E-04     -0.42455096E-03
     572     -0.66336045E-09     -0.71468313E-09     -0.53285462E-04     -0.42455096E-03
     573     -0.66350551E-09     -0.71468313E-09     -0.53410188E-04     -0.42455096E-03
     574     -0.66352191E-09     -0.71468313E-09     -0.53423563E-04     -0.42455096E-03
     575     -0.66355331E-09     -0.71468313E-09     -0.53448092E-04     -0.42455096E-03
     576     -0.66359725E-09     -0.71468313E-09     -0.53491761E-04     -0.42455096E-03
     577     -0.66362789E-09     -0.71468313E-09     -0.53513416E-04     -0.42455096E-03
     578     -0.66366597E-09     -0.71468313E-09     -0.53537700E-04     -0.42455096E-03
     579     -0.66368922E-09     -0.71468313E-09     -0.53560677E-04     -0.42455096E-03
     580     -0.66371291E-09     -0.71468313E-09     -0.53582194E-04     -0.42455096E-03
     581     -0.66374523E-09     -0.71468313E-09     -0.53608572E-04     -0.42455096E-03
     582     -0.66377056E-09     -0.71468313E-09     -0.53636085E-04     -0.42455096E-03
     583     -0.66385415E-09     -0.71468313E-09     -0.53675986E-04     -0.42455096E-03
     584     -0.66390185E-09     -0.71468313E-09     -0.53708699E-04     -0.42455096E-03
     585     -0.66393274E-09     -0.71468313E-09     -0.53732685E-04     -0.42455096E-03
     586     -0.66394546E-09     -0.71468313E-09     -0.53745490E-04     -0.42455096E-03
     587     -0.66397118E-09     -0.71468313E-09     -0.53765123E-04     -0.42455096E-03
     588     -0.66406132E-09     -0.71468313E-09     -0.53871552E-04     -0.42455096E-03
     589     -0.66410595E-09     -0.71468313E-09     -0.53930082E-04     -0.42455096E-03
     590     -0.66415472E-09     -0.71468313E-09     -0.53966438E-04     -0.42455096E-03
     591     -0.66417987E-09     -0.71468313E-09     -0.54001063E-04     -0.42455096E-03
     592     -0.66421982E-09     -0.71468313E-09     -0.54028864E-04     -0.42455096E-03
     593     -0.66429302E-09     -0.71468313E-09     -0.54098338E-04     -0.42455096E-03
     594     -0.66434240E-09     -0.71468313E-09     -0.54149906E-04     -0.42455096E-03
     595     -0.66441233E-09     -0.71468313E-09     -0.54215559E-04     -0.42455096E-03
     596     -0.66447094E-09     -0.71468313E-09     -0.54269602E-04     -0.42455096E-03
     597     -0.66454134E-09     -0.71468313E-09     -0.54351046E-04     -0.42455096E-03
     598     -0.66457573E-09     -0.71468313E-09     -0.54391670E-04     -0.42455096E-03
     599     -0.66459939E-09     -0.71468313E-09     -0.54412147E-04     -0.42455096E-03
     600     -0.66467771E-09     -0.71468313E-09     -0.54461128E-04     -0.42455096E-03
     601     -0.66474357E-09     -0.71468313E-09     -0.54539711E-04     -0.42455096E-03
     602     -0.66485519E-09     -0.71468313E-09     -0.54648367E-04     -0.42455096E-03
     603     -0.66490664E-09     -0.71468313E-09     -0.54672808E-04     -0.42455096E-03
     604     -0.66497003E-09     -0.71468313E-09     -0.54700555E-04     -0.42455096E-03
     605     -0.66499531E-09     -0.71468313E-09     -0.54715185E-04     -0.42455096E-03
     606     -0.66501181E-09     -0.71468313E-09     -0.54727095E-04     -0.42455096E-03
     607     -0.66513046E-09     -0.71468313E-09     -0.54769624E-04     -0.42455096E-03
     608     -0.66515678E-09     -0.71468313E-09     -0.54790495E-04     -0.42455096E-03
     609     -0.66517107E-09     -0.71468313E-09     -0.54804476E-04     -0.42455096E-03
     610     -0.66522301E-09     -0.71468313E-09     -0.54826896E-04     -0.42455096E-03
     611     -0.66524952E-09     -0.71468313E-09     -0.54842989E-04     -0.42455096E-03
     612     -0.66531713E-09     -0.71468313E-09     -0.54872609E-04     -0.42455096E-03
     613     -0.66534712E-09     -0.71468313E-09     -0.54888722E-04     -0.42455096E-03
     614     -0.66537549E-09     -0.71468313E-09     -0.54915284E-04     -0.42455096E-03
     615     -0.66541517E-09     -0.71468313E-09     -0.54935271E-04     -0.42455096E-03
     616     -0.66543010E-09     -0.71468313E-09     -0.54949246E-04     -0.42455096E-03
     617     -0.66544506E-09     -0.71468313E-09     -0.54959984E-04     -0.42455096E-03
     618     -0.66547785E-09     -0.71468313E-09     -0.54977272E-04     -0.42455096E-03
     619     -0.66561476E-09     -0.71468313E-09     -0.55021663E-04     -0.42455096E-03
     620     -0.66565547E-09     -0.71468313E-09     -0.55068860E-04     -0.42455096E-03
     621     -0.66570425E-09     -0.71468313E-09     -0.55115515E-04     -0.42455096E-03
     622     -0.66577904E-09     -0.71468313E-09     -0.55157607E-04     -0.42455096E-03
     623     -0.66584489E-09     -0.71468313E-09     -0.55189822E-04     -0.42455096E-03
     624     -0.66601586E-09     -0.71468313E-09     -0.55329323E-04     -0.42455096E-03
     625     -0.66609847E-09     -0.71468313E-09     -0.55368356E-04     -0.42455096E-03
     626     -0.66620962E-09     -0.71468313E-09     -0.55412196E-04     -0.42455096E-03
     627     -0.66624772E-09     -0.71468313E-09     -0.55437095E-04     -0.42455096E-03
     628     -0.66625586E-09     -0.71468313E-09     -0.55448894E-04     -0.42455096E-03
     629     -0.66629049E-09     -0.71468313E-09     -0.55483521E-04     -0.42455096E-03
     630     -0.66632814E-09     -0.71468313E-09     -0.55517397E-04     -0.42455096E-03
     631     -0.66636492E-09     -0.71468313E-09     -0.55549318E-04     -0.42455096E-03
     632     -0.66644543E-09     -0.71468313E-09     -0.55583213E-04     -0.42455096E-03
     633     -0.66651309E-09     -0.71468313E-09     -0.55628242E-04     -0.42455096E-03
     634     -0.66662382E-09     -0.71468313E-09     -0.55695037E-04     -0.42455096E-03
     635     -0.66667738E-09     -0.71468313E-09     -0.55735378E-04     -0.42455096E-03
     636     -0.66669953E-09     -0.71468313E-09     -0.55756851E-04     -0.42455096E-03
     637     -0.66674338E-09     -0.71468313E-09     -0.55785833E-04     -0.42455096E-03
     638     -0.66678970E-09     -0.71468313E-09     -0.55823981E-04     -0.42455096E-03
     639     -0.66683257E-09     -0.71468313E-09     -0.55873126E-04     -0.42455096E-03
     640     -0.66688019E-09     -0.71468313E-09     -0.55931350E-04     -0.42455096E-03
     641     -0.66691786E-09     -0.71468313E-09     -0.55966090E-04     -0.42455096E-03
     642     -0.66696805E-09     -0.71468313E-09     -0.56016589E-04     -0.42455096E-03
     643     -0.66701251E-09     -0.71468313E-09     -0.56064643E-04     -0.42455096E-03
     644     -0.66705964E-09     -0.71468313E-09     -0.56099066E-04     -0.42455096E-03
     645     -0.66711836E-09     -0.71468313E-09     -0.56130717E-04     -0.42455096E-03
     646     -0.66717883E-09     -0.71468313E-09     -0.56169154E-04     -0.42455096E-03
     647     -0.66722937E-09     -0.71468313E-09     -0.56213226E-04     -0.42455096E-03
     648     -0.66726406E-09     -0.71468313E-09     -0.56242656E-04     -0.42455096E-03
     649     -0.66731536E-09     -0.71468313E-09     -0.56278432E-04     -0.42455096E-03
     650     -0.66735531E-09     -0.71468313E-09     -0.56315624E-04     -0.42455096E-03
     651     -0.66740584E-09     -0.71468313E-09     -0.56363790E-04     -0.42455096E-03
     652     -0.66745290E-09     -0.71468313E-09     -0.56411211E-04     -0.42455096E-03
     653     -0.66748150E-09     -0.71468313E-09     -0.56457278E-04     -0.42455096E-03
     654     -0.66755662E-09     -0.71468313E-09     -0.56531105E-04     -0.42455096E-03
     655     -0.66761814E-09     -0.71468313E-09     -0.56617741E-04     -0.42455096E-03
     656     -0.66765776E-09     -0.71468313E-09     -0.56661652E-04     -0.42455096E-03
     657     -0.66772129E-09     -0.71468313E-09     -0.56740999E-04     -0.42455096E-03
     658     -0.66777728E-09     -0.71468313E-09     -0.56790649E-04     -0.42455096E-03
     659     -0.66782724E-09     -0.71468313E-09     -0.56854168E-04     -0.42455096E-03
     660     -0.66786397E-09     -0.71468313E-09     -0.56879318E-04     -0.42455096E-03
     661     -0.66790746E-09     -0.71468313E-09     -0.56907385E-04     -0.42455096E-03
     662     -0.66794823E-09     -0.71468313E-09     -0.56938246E-04     -0.42455096E-03
     663     -0.66800673E-09     -0.71468313E-09     -0.57023825E-04     -0.42455096E-03
     664     -0.66805715E-09     -0.71468313E-09     -0.57075066E-04     -0.42455096E-03
     665     -0.66814078E-09     -0.71468313E-09     -0.57120167E-04     -0.42455096E-03
     666     -0.66820478E-09     -0.71468313E-09     -0.57183062E-04     -0.42455096E-03
     667     -0.66829604E-09     -0.71468313E-09     -0.57228629E-04     -0.42455096E-03
     668     -0.66840405E-09     -0.71468313E-09     -0.57298672E-04     -0.42455096E-03
     669     -0.66850306E-09     -0.71468313E-09     -0.57352777E-04     -0.42455096E-03
     670     -0.66852701E-09     -0.71468313E-09     -0.57406835E-04     -0.42455096E-03
     671     -0.66856971E-09     -0.71468313E-09     -0.57477464E-04     -0.42455096E-03
     672     -0.66866921E-09     -0.71468313E-09     -0.57530936E-04     -0.42455096E-03
     673     -0.66869384E-09     -0.71468313E-09     -0.57562685E-04     -0.42455096E-03
     674     -0.66872465E-09     -0.71468313E-09     -0.57606212E-04     -0.42455096E-03
     675     -0.66875484E-09     -0.71468313E-09     -0.57650925E-04     -0.42455096E-03
     676     -0.66879993E-09     -0.71468313E-09     -0.57688330E-04     -0.42455096E-03
     677     -0.66882347E-09     -0.71468313E-09     -0.57722964E-04     -0.42455096E-03
     678     -0.66884570E-09     -0.71468313E-09     -0.57750371E-04     -0.42455096E-03
     679     -0.66889082E-09     -0.71468313E-09     -0.57787212E-04     -0.42455096E-03
     680     -0.66896104E-09     -0.71468313E-09     -0.57835497E-04     -0.42455096E-03
     681     -0.66900728E-09     -0.71468313E-09     -0.57879803E-04     -0.42455096E-03
     682     -0.66903138E-09     -0.71468313E-09     -0.57907085E-04     -0.42455096E-03
     683     -0.66910551E-09     -0.71468313E-09     -0.57961492E-04     -0.42455096E-03
     684     -0.66915782E-09     -0.71468313E-09     -0.57999808E-04     -0.42455096E-03
     685     -0.66918196E-09     -0.71468313E-09     -0.58022311E-04     -0.42455096E-03
     686     -0.66925576E-09     -0.71468313E-09     -0.58056150E-04     -0.42455096E-03
     687     -0.66933728E-09     -0.71468313E-09     -0.58088610E-04     -0.42455096E-03
     688     -0.66936847E-09     -0.71468313E-09     -0.58109321E-04     -0.42455096E-03
     689     -0.66942129E-09     -0.71468313E-09     -0.58166595E-04     -0.42455096E-03
     690     -0.66944092E-09     -0.71468313E-09     -0.58187817E-04     -0.42455096E-03
     691     -0.66946873E-09     -0.71468313E-09     -0.58227288E-04     -0.42455096E-03
     692     -0.66950100E-09     -0.71468313E-09     -0.58259476E-04     -0.42455096E-03
     693     -0.66951921E-09     -0.71468313E-09     -0.58287981E-04     -0.42455096E-03
     694     -0.66953744E-09     -0.71468313E-09     -0.58325355E-04     -0.42455096E-03
     695     -0.66957817E-09     -0.71468313E-09     -0.58364067E-04     -0.42455096E-03
     696     -0.66961183E-09     -0.71468313E-09     -0.58385867E-04     -0.42455096E-03
     697     -0.66963403E-09     -0.71468313E-09     -0.58406093E-04     -0.42455096E-03
     698     -0.66965532E-09     -0.71468313E-09     -0.58420194E-04     -0.42455096E-03
     699     -0.66967656E-09     -0.71468313E-09     -0.58438541E-04     -0.42455096E-03
     700     -0.66972324E-09     -0.71468313E-09     -0.58466773E-04     -0.42455096E-03
     701     -0.66974679E-09     -0.71468313E-09     -0.58501759E-04     -0.42455096E-03
     702     -0.66977667E-09     -0.71468313E-09     -0.58529764E-04     -0.42455096E-03
     703     -0.66981500E-09     -0.71468313E-09     -0.58578513E-04     -0.42455096E-03
     704     -0.66985014E-09     -0.71468313E-09     -0.58631103E-04     -0.42455096E-03
     705     -0.66990166E-09     -0.71468313E-09     -0.58669785E-04     -0.42455096E-03
     706     -0.66993910E-09     -0.71468313E-09     -0.58702282E-04     -0.42455096E-03
     707     -0.67001462E-09     -0.71468313E-09     -0.58778512E-04     -0.42455096E-03
     708     -0.67005597E-09     -0.71468313E-09     -0.58839413E-04     -0.42455096E-03
     709     -0.67008680E-09     -0.71468313E-09     -0.58867156E-04     -0.42455096E-03
     710     -0.67012947E-09     -0.71468313E-09     -0.58907453E-04     -0.42455096E-03
     711     -0.67015093E-09     -0.71468313E-09     -0.58937572E-04     -0.42455096E-03
     712     -0.67018519E-09     -0.71468313E-09     -0.58969427E-04     -0.42455096E-03
     713     -0.67021715E-09     -0.71468313E-09     -0.59006358E-04     -0.42455096E-03
     714     -0.67024059E-09     -0.71468313E-09     -0.59033813E-04     -0.42455096E-03
     715     -0.67030546E-09     -0.71468313E-09     -0.59081190E-04     -0.42455096E-03
     716     -0.67040074E-09     -0.71468313E-09     -0.59202413E-04     -0.42455096E-03
     717     -0.67045521E-09     -0.71468313E-09     -0.59267067E-04     -0.42455096E-03
     718     -0.67052083E-09     -0.71468313E-09     -0.59390903E-04     -0.42455096E-03
     719     -0.67056922E-09     -0.71468313E-09     -0.59450346E-04     -0.42455096E-03
     720     -0.67062195E-09     -0.71468313E-09     -0.59510822E-04     -0.42455096E-03
     721     -0.67069096E-09     -0.71468313E-09     -0.59583156E-04     -0.42455096E-03
     722     -0.67074830E-09     -0.71468313E-09     -0.59681288E-04     -0.42455096E-03
     723     -0.67078480E-09     -0.71468313E-09     -0.59729118E-04     -0.42455096E-03
     724     -0.67085296E-09     -0.71468313E-09     -0.59764275E-04     -0.42455096E-03
     725     -0.67086361E-09     -0.71468313E-09     -0.59781601E-04     -0.42455096E-03
     726     -0.67089693E-09     -0.71468313E-09     -0.59829762E-04     -0.42455096E-03
     727     -0.67097072E-09     -0.71468313E-09     -0.59905231E-04     -0.42455096E-03
     728     -0.67100990E-09     -0.71468313E-09     -0.59974329E-04     -0.42455096E-03
     729     -0.67102936E-09     -0.71468313E-09     -0.59999792E-04     -0.42455096E-03
     730     -0.67107849E-09     -0.71468313E-09     -0.60103987E-04     -0.42455096E-03
     731     -0.67114134E-09     -0.71468313E-09     -0.60140733E-04     -0.42455096E-03
     732     -0.67119538E-09     -0.71468313E-09     -0.60193611E-04     -0.42455096E-03
     733     -0.67128086E-09     -0.71468313E-09     -0.60274054E-04     -0.42455096E-03
     734     -0.67136032E-09     -0.71468313E-09     -0.60326284E-04     -0.42455096E-03
     735     -0.67143699E-09     -0.71468313E-09     -0.60367838E-04     -0.42455096E-03
     736     -0.67148422E-09     -0.71468313E-09     -0.60394330E-04     -0.42455096E-03
     737     -0.67154274E-09     -0.71468313E-09     -0.60469523E-04     -0.42455096E-03
     738     -0.67159210E-09     -0.71468313E-09     -0.60530300E-04     -0.42455096E-03
     739     -0.67163289E-09     -0.71468313E-09     -0.60612889E-04     -0.42455096E-03
     740     -0.67166451E-09     -0.71468313E-09     -0.60667214E-04     -0.42455096E-03
     741     -0.67168844E-09     -0.71468313E-09     -0.60696861E-04     -0.42455096E-03
     742     -0.67174404E-09     -0.71468313E-09     -0.60732833E-04     -0.42455096E-03
     743     -0.67177661E-09     -0.71468313E-09     -0.60770132E-04     -0.42455096E-03
     744     -0.67180964E-09     -0.71468313E-09     -0.60799720E-04     -0.42455096E-03
     745     -0.67184962E-09     -0.71468313E-09     -0.60847746E-04     -0.42455096E-03
     746     -0.67189317E-09     -0.71468313E-09     -0.60898342E-04     -0.42455096E-03
     747     -0.67194261E-09     -0.71468313E-09     -0.60966189E-04     -0.42455096E-03
     748     -0.67200388E-09     -0.71468313E-09     -0.61081551E-04     -0.42455096E-03
     749     -0.67207806E-09     -0.71468313E-09     -0.61238825E-04     -0.42455096E-03
     750     -0.67209525E-09     -0.71468313E-09     -0.61274674E-04     -0.42455096E-03
     751     -0.67213162E-09     -0.71468313E-09     -0.61349002E-04     -0.42455096E-03
     752     -0.67217725E-09     -0.71468313E-09     -0.61452080E-04     -0.42455096E-03
     753     -0.67224944E-09     -0.71468313E-09     -0.61599521E-04     -0.42455096E-03
     754     -0.67230847E-09     -0.71468313E-09     -0.61721787E-04     -0.42455096E-03
     755     -0.67247613E-09     -0.71468313E-09     -0.62043564E-04     -0.42455096E-03
     756     -0.67252723E-09     -0.71468313E-09     -0.62117770E-04     -0.42455096E-03
     757     -0.67286235E-09     -0.71468313E-09     -0.62775014E-04     -0.42455096E-03
     758     -0.67310015E-09     -0.71468313E-09     -0.63231697E-04     -0.42455096E-03
     759     -0.67326497E-09     -0.71468313E-09     -0.63535574E-04     -0.42455096E-03
     760     -0.67350688E-09     -0.71468313E-09     -0.64012934E-04     -0.42455096E-03
     761     -0.67374373E-09     -0.71468313E-09     -0.64465044E-04     -0.42455096E-03
     762     -0.67384997E-09     -0.71468313E-09     -0.64650323E-04     -0.42455096E-03
     763     -0.67392178E-09     -0.71468313E-09     -0.64750229E-04     -0.42455096E-03
     764     -0.67396426E-09     -0.71468313E-09     -0.64815293E-04     -0.42455096E-03
     765     -0.67404041E-09     -0.71468313E-09     -0.64937537E-04     -0.42455096E-03
     766     -0.67407475E-09     -0.71468313E-09     -0.64977273E-04     -0.42455096E-03
     767     -0.67412116E-09     -0.71468313E-09     -0.65047924E-04     -0.42455096E-03
     768     -0.67416853E-09     -0.71468313E-09     -0.65110775E-04     -0.42455096E-03
     769     -0.67421429E-09     -0.71468313E-09     -0.65183156E-04     -0.42455096E-03
     770     -0.67428148E-09     -0.71468313E-09     -0.65238662E-04     -0.42455096E-03
     771     -0.67434749E-09     -0.71468313E-09     -0.65331644E-04     -0.42455096E-03
     772     -0.67441431E-09     -0.71468313E-09     -0.65418338E-04     -0.42455096E-03
     773     -0.67450061E-09     -0.71468313E-09     -0.65552796E-04     -0.42455096E-03
     774     -0.67457192E-09     -0.71468313E-09     -0.65655498E-04     -0.42455096E-03
     775     -0.67464703E-09     -0.71468313E-09     -0.65775948E-04     -0.42455096E-03
     776     -0.67476986E-09     -0.71468313E-09     -0.66010469E-04     -0.42455096E-03
     777     -0.67483371E-09     -0.71468313E-09     -0.66088331E-04     -0.42455096E-03
     778     -0.67487160E-09     -0.71468313E-09     -0.66150536E-04     -0.42455096E-03
     779     -0.67492490E-09     -0.71468313E-09     -0.66203616E-04     -0.42455096E-03
     780     -0.67503596E-09     -0.71468313E-09     -0.66368804E-04     -0.42455096E-03
     781     -0.67507122E-09     -0.71468313E-09     -0.66401997E-04     -0.42455096E-03
     782     -0.67511495E-09     -0.71468313E-09     -0.66436289E-04     -0.42455096E-03
     783     -0.67515302E-09     -0.71468313E-09     -0.66467545E-04     -0.42455096E-03
     784     -0.67518896E-09     -0.71468313E-09     -0.66505147E-04     -0.42455096E-03
     785     -0.67522360E-09     -0.71468313E-09     -0.66540159E-04     -0.42455096E-03
     786     -0.67534640E-09     -0.71468313E-09     -0.66625785E-04     -0.42455096E-03
     787     -0.67539247E-09     -0.71468313E-09     -0.66672935E-04     -0.42455096E-03
     788     -0.67541079E-09     -0.71468313E-09     -0.66704492E-04     -0.42455096E-03
     789     -0.67543292E-09     -0.71468313E-09     -0.66727419E-04     -0.42455096E-03
     790     -0.67546928E-09     -0.71468313E-09     -0.66786520E-04     -0.42455096E-03
     791     -0.67553865E-09     -0.71468313E-09     -0.66890897E-04     -0.42455096E-03
     792     -0.67558304E-09     -0.71468313E-09     -0.66947945E-04     -0.42455096E-03
     793     -0.67567178E-09     -0.71468313E-09     -0.67021784E-04     -0.42455096E-03
     794     -0.67578299E-09     -0.71468313E-09     -0.67095202E-04     -0.42455096E-03
     795     -0.67583314E-09     -0.71468313E-09     -0.67139544E-04     -0.42455096E-03
     796     -0.67585717E-09     -0.71468313E-09     -0.67159713E-04     -0.42455096E-03
     797     -0.67604408E-09     -0.71468313E-09     -0.67256242E-04     -0.42455096E-03
     798     -0.67608402E-09     -0.71468313E-09     -0.67284474E-04     -0.42455096E-03
     799     -0.67619001E-09     -0.71468313E-09     -0.67398826E-04     -0.42455096E-03
     800     -0.67624649E-09     -0.71468313E-09     -0.67477195E-04     -0.42455096E-03
     801     -0.67638650E-09     -0.71468313E-09     -0.67698849E-04     -0.42455096E-03
     802     -0.67650742E-09     -0.71468313E-09     -0.67956724E-04     -0.42455096E-03
     803     -0.67667202E-09     -0.71468313E-09     -0.68184527E-04     -0.42455096E-03
     804     -0.67675847E-09     -0.71468313E-09     -0.68267297E-04     -0.42455096E-03
     805     -0.67680674E-09     -0.71468313E-09     -0.68319355E-04     -0.42455096E-03
     806     -0.67686681E-09     -0.71468313E-09     -0.68379756E-04     -0.42455096E-03
     807     -0.67690143E-09     -0.71468313E-09     -0.68407174E-04     -0.42455096E-03
     808     -0.67693957E-09     -0.71468313E-09     -0.68431774E-04     -0.42455096E-03
     809     -0.67695750E-09     -0.71468313E-09     -0.68450444E-04     -0.42455096E-03
     810     -0.67697203E-09     -0.71468313E-09     -0.68469453E-04     -0.42455096E-03
     811     -0.67703698E-09     -0.71468313E-09     -0.68513029E-04     -0.42455096E-03
     812     -0.67705418E-09     -0.71468313E-09     -0.68542183E-04     -0.42455096E-03
     813     -0.67707214E-09     -0.71468313E-09     -0.68566779E-04     -0.42455096E-03
     814     -0.67711576E-09     -0.71468313E-09     -0.68634235E-04     -0.42455096E-03
     815     -0.67714549E-09     -0.71468313E-09     -0.68683958E-04     -0.42455096E-03
     816     -0.67717593E-09     -0.71468313E-09     -0.68719161E-04     -0.42455096E-03
     817     -0.67723297E-09     -0.71468313E-09     -0.68840064E-04     -0.42455096E-03
     818     -0.67731012E-09     -0.71468313E-09     -0.68906841E-04     -0.42455096E-03
     819     -0.67735627E-09     -0.71468313E-09     -0.68968437E-04     -0.42455096E-03
     820     -0.67748875E-09     -0.71468313E-09     -0.69131027E-04     -0.42455096E-03
     821     -0.67752250E-09     -0.71468313E-09     -0.69193753E-04     -0.42455096E-03
     822     -0.67760931E-09     -0.71468313E-09     -0.69288327E-04     -0.42455096E-03
     823     -0.67771821E-09     -0.71468313E-09     -0.69437445E-04     -0.42455096E-03
     824     -0.67779466E-09     -0.71468313E-09     -0.69557968E-04     -0.42455096E-03
     825     -0.67784112E-09     -0.71468313E-09     -0.69596459E-04     -0.42455096E-03
     826     -0.67787180E-09     -0.71468313E-09     -0.69636378E-04     -0.42455096E-03
     827     -0.67795091E-09     -0.71468313E-09     -0.69683669E-04     -0.42455096E-03
     828     -0.67799561E-09     -0.71468313E-09     -0.69718110E-04     -0.42455096E-03
     829     -0.67802705E-09     -0.71468313E-09     -0.69750869E-04     -0.42455096E-03
     830     -0.67814692E-09     -0.71468313E-09     -0.69821493E-04     -0.42455096E-03
     831     -0.67826708E-09     -0.71468313E-09     -0.70024465E-04     -0.42455096E-03
     832     -0.67828897E-09     -0.71468313E-09     -0.70075318E-04     -0.42455096E-03
     833     -0.67836820E-09     -0.71468313E-09     -0.70142732E-04     -0.42455096E-03
     834     -0.67845815E-09     -0.71468313E-09     -0.70294012E-04     -0.42455096E-03
     835     -0.67850776E-09     -0.71468313E-09     -0.70345246E-04     -0.42455096E-03
     836     -0.67855186E-09     -0.71468313E-09     -0.70459424E-04     -0.42455096E-03
     837     -0.67863311E-09     -0.71468313E-09     -0.70536752E-04     -0.42455096E-03
     838     -0.67869422E-09     -0.71468313E-09     -0.70581852E-04     -0.42455096E-03
     839     -0.67881527E-09     -0.71468313E-09     -0.70641604E-04     -0.42455096E-03
     840     -0.67883314E-09     -0.71468313E-09     -0.70666752E-04     -0.42455096E-03
     841     -0.67884208E-09     -0.71468313E-09     -0.70682439E-04     -0.42455096E-03
     842     -0.67886109E-09     -0.71468313E-09     -0.70710732E-04     -0.42455096E-03
     843     -0.67887963E-09     -0.71468313E-09     -0.70743200E-04     -0.42455096E-03
     844     -0.67891905E-09     -0.71468313E-09     -0.70808747E-04     -0.42455096E-03
     845     -0.67894667E-09     -0.71468313E-09     -0.70856654E-04     -0.42455096E-03
     846     -0.67895933E-09     -0.71468313E-09     -0.70881229E-04     -0.42455096E-03
     847     -0.67897076E-09     -0.71468313E-09     -0.70903836E-04     -0.42455096E-03
     848     -0.67898250E-09     -0.71468313E-09     -0.70924624E-04     -0.42455096E-03
     849     -0.67899809E-09     -0.71468313E-09     -0.70956727E-04     -0.42455096E-03
     850     -0.67900521E-09     -0.71468313E-09     -0.70972775E-04     -0.42455096E-03
     851     -0.67903024E-09     -0.71468313E-09     -0.71025064E-04     -0.42455096E-03
     852     -0.67904593E-09     -0.71468313E-09     -0.71058883E-04     -0.42455096E-03
     853     -0.67906631E-09     -0.71468313E-09     -0.71097066E-04     -0.42455096E-03
     854     -0.67908810E-09     -0.71468313E-09     -0.71130602E-04     -0.42455096E-03
     855     -0.67911890E-09     -0.71468313E-09     -0.71189445E-04     -0.42455096E-03
     856     -0.67914599E-09     -0.71468313E-09     -0.71224381E-04     -0.42455096E-03
     857     -0.67917126E-09     -0.71468313E-09     -0.71269464E-04     -0.42455096E-03
     858     -0.67919555E-09     -0.71468313E-09     -0.71313337E-04     -0.42455096E-03
     859     -0.67924023E-09     -0.71468313E-09     -0.71394670E-04     -0.42455096E-03
     860     -0.67927732E-09     -0.71468313E-09     -0.71452474E-04     -0.42455096E-03
     861     -0.67932259E-09     -0.71468313E-09     -0.71570696E-04     -0.42455096E-03
     862     -0.67935437E-09     -0.71468313E-09     -0.71633308E-04     -0.42455096E-03
     863     -0.67936693E-09     -0.71468313E-09     -0.71654363E-04     -0.42455096E-03
     864     -0.67942623E-09     -0.71468313E-09     -0.71773547E-04     -0.42455096E-03
     865     -0.67946567E-09     -0.71468313E-09     -0.71846924E-04     -0.42455096E-03
     866     -0.67952784E-09     -0.71468313E-09     -0.71910913E-04     -0.42455096E-03
     867     -0.67959642E-09     -0.71468313E-09     -0.72047418E-04     -0.42455096E-03
     868     -0.67965679E-09     -0.71468313E-09     -0.72152501E-04     -0.42455096E-03
     869     -0.67971746E-09     -0.71468313E-09     -0.72222698E-04     -0.42455096E-03
     870     -0.67976328E-09     -0.71468313E-09     -0.72284331E-04     -0.42455096E-03
     871     -0.67982045E-09     -0.71468313E-09     -0.72365770E-04     -0.42455096E-03
     872     -0.67984640E-09     -0.71468313E-09     -0.72410380E-04     -0.42455096E-03
     873     -0.67987320E-09     -0.71468313E-09     -0.72457753E-04     -0.42455096E-03
     874     -0.67989915E-09     -0.71468313E-09     -0.72507428E-04     -0.42455096E-03
     875     -0.67992426E-09     -0.71468313E-09     -0.72556332E-04     -0.42455096E-03
     876     -0.67997158E-09     -0.71468313E-09     -0.72630511E-04     -0.42455096E-03
     877     -0.68002217E-09     -0.71468313E-09     -0.72712903E-04     -0.42455096E-03
     878     -0.68005606E-09     -0.71468313E-09     -0.72755508E-04     -0.42455096E-03
     879     -0.68007897E-09     -0.71468313E-09     -0.72781035E-04     -0.42455096E-03
     880     -0.68009401E-09     -0.71468313E-09     -0.72801982E-04     -0.42455096E-03
     881     -0.68012199E-09     -0.71468313E-09     -0.72842376E-04     -0.42455096E-03
     882     -0.68016101E-09     -0.71468313E-09     -0.72885385E-04     -0.42455096E-03
     883     -0.68019154E-09     -0.71468313E-09     -0.72916875E-04     -0.42455096E-03
     884     -0.68022955E-09     -0.71468313E-09     -0.72951071E-04     -0.42455096E-03
     885     -0.68025950E-09     -0.71468313E-09     -0.72998507E-04     -0.42455096E-03
     886     -0.68030400E-09     -0.71468313E-09     -0.73080415E-04     -0.42455096E-03
     887     -0.68036022E-09     -0.71468313E-09     -0.73131161E-04     -0.42455096E-03
     888     -0.68041900E-09     -0.71468313E-09     -0.73202386E-04     -0.42455096E-03
     889     -0.68047545E-09     -0.71468313E-09     -0.73273218E-04     -0.42455096E-03
     890     -0.68052919E-09     -0.71468313E-09     -0.73355094E-04     -0.42455096E-03
     891     -0.68056884E-09     -0.71468313E-09     -0.73424250E-04     -0.42455096E-03
     892     -0.68061658E-09     -0.71468313E-09     -0.73487558E-04     -0.42455096E-03
     893     -0.68067663E-09     -0.71468313E-09     -0.73587206E-04     -0.42455096E-03
     894     -0.68070843E-09     -0.71468313E-09     -0.73642705E-04     -0.42455096E-03
     895     -0.68072963E-09     -0.71468313E-09     -0.73678366E-04     -0.42455096E-03
     896     -0.68079260E-09     -0.71468313E-09     -0.73781351E-04     -0.42455096E-03
     897     -0.68083493E-09     -0.71468313E-09     -0.73834085E-04     -0.42455096E-03
     898     -0.68088331E-09     -0.71468313E-09     -0.73892747E-04     -0.42455096E-03
     899     -0.68091517E-09     -0.71468313E-09     -0.73935040E-04     -0.42455096E-03
     900     -0.68096338E-09     -0.71468313E-09     -0.73996013E-04     -0.42455096E-03
     901     -0.68097764E-09     -0.71468313E-09     -0.74017917E-04     -0.42455096E-03
     902     -0.68100435E-09     -0.71468313E-09     -0.74057275E-04     -0.42455096E-03
     903     -0.68103727E-09     -0.71468313E-09     -0.74099439E-04     -0.42455096E-03
     904     -0.68105403E-09     -0.71468313E-09     -0.74127014E-04     -0.42455096E-03
     905     -0.68107976E-09     -0.71468313E-09     -0.74174474E-04     -0.42455096E-03
     906     -0.68109772E-09     -0.71468313E-09     -0.74201102E-04     -0.42455096E-03
     907     -0.68112739E-09     -0.71468313E-09     -0.74267089E-04     -0.42455096E-03
     908     -0.68116336E-09     -0.71468313E-09     -0.74324784E-04     -0.42455096E-03
     909     -0.68123177E-09     -0.71468313E-09     -0.74408518E-04     -0.42455096E-03
     910     -0.68126249E-09     -0.71468313E-09     -0.74459184E-04     -0.42455096E-03
     911     -0.68128867E-09     -0.71468313E-09     -0.74505513E-04     -0.42455096E-03
     912     -0.68134580E-09     -0.71468313E-09     -0.74608021E-04     -0.42455096E-03
     913     -0.68145103E-09     -0.71468313E-09     -0.74720706E-04     -0.42455096E-03
     914     -0.68154228E-09     -0.71468313E-09     -0.74853989E-04     -0.42455096E-03
     915     -0.68163708E-09     -0.71468313E-09     -0.75038407E-04     -0.42455096E-03
     916     -0.68169182E-09     -0.71468313E-09     -0.75162252E-04     -0.42455096E-03
     917     -0.68172098E-09     -0.71468313E-09     -0.75209595E-04     -0.42455096E-03
     918     -0.68177650E-09     -0.71468313E-09     -0.75279947E-04     -0.42455096E-03
     919     -0.68183711E-09     -0.71468313E-09     -0.75365271E-04     -0.42455096E-03
     920     -0.68189881E-09     -0.71468313E-09     -0.75468412E-04     -0.42455096E-03
     921     -0.68196420E-09     -0.71468313E-09     -0.75560992E-04     -0.42455096E-03
     922     -0.68201793E-09     -0.71468313E-09     -0.75659123E-04     -0.42455096E-03
     923     -0.68207233E-09     -0.71468313E-09     -0.75741570E-04     -0.42455096E-03
     924     -0.68213246E-09     -0.71468313E-09     -0.75821940E-04     -0.42455096E-03
     925     -0.68216248E-09     -0.71468313E-09     -0.75865277E-04     -0.42455096E-03
     926     -0.68221544E-09     -0.71468313E-09     -0.75939737E-04     -0.42455096E-03
     927     -0.68225412E-09     -0.71468313E-09     -0.76004608E-04     -0.42455096E-03
     928     -0.68231308E-09     -0.71468313E-09     -0.76116042E-04     -0.42455096E-03
     929     -0.68235302E-09     -0.71468313E-09     -0.76192984E-04     -0.42455096E-03
     930     -0.68240449E-09     -0.71468313E-09     -0.76275124E-04     -0.42455096E-03
     931     -0.68245037E-09     -0.71468313E-09     -0.76360181E-04     -0.42455096E-03
     932     -0.68249416E-09     -0.71468313E-09     -0.76420596E-04     -0.42455096E-03
     933     -0.68253053E-09     -0.71468313E-09     -0.76466812E-04     -0.42455096E-03
     934     -0.68257220E-09     -0.71468313E-09     -0.76540421E-04     -0.42455096E-03
     935     -0.68261911E-09     -0.71468313E-09     -0.76625184E-04     -0.42455096E-03
     936     -0.68264828E-09     -0.71468313E-09     -0.76693856E-04     -0.42455096E-03
     937     -0.68269582E-09     -0.71468313E-09     -0.76755676E-04     -0.42455096E-03
     938     -0.68275458E-09     -0.71468313E-09     -0.76892293E-04     -0.42455096E-03
     939     -0.68285692E-09     -0.71468313E-09     -0.77120080E-04     -0.42455096E-03
     940     -0.68299135E-09     -0.71468313E-09     -0.77408582E-04     -0.42455096E-03
     941     -0.68312498E-09     -0.71468313E-09     -0.77775914E-04     -0.42455096E-03
     942     -0.68319920E-09     -0.71468313E-09     -0.77969254E-04     -0.42455096E-03
     943     -0.68334927E-09     -0.71468313E-09     -0.78396023E-04     -0.42455096E-03
     944     -0.68342354E-09     -0.71468313E-09     -0.78584852E-04     -0.42455096E-03
     945     -0.68348461E-09     -0.71468313E-09     -0.78716399E-04     -0.42455096E-03
     946     -0.68358686E-09     -0.71468313E-09     -0.78995742E-04     -0.42455096E-03
     947     -0.68363181E-09     -0.71468313E-09     -0.79096176E-04     -0.42455096E-03
     948     -0.68373303E-09     -0.71468313E-09     -0.79382725E-04     -0.42455096E-03
     949     -0.68376793E-09     -0.71468313E-09     -0.79451483E-04     -0.42455096E-03
     950     -0.68383303E-09     -0.71468313E-09     -0.79569891E-04     -0.42455096E-03
     951     -0.68386739E-09     -0.71468313E-09     -0.79646448E-04     -0.42455096E-03
     952     -0.68392769E-09     -0.71468313E-09     -0.79794421E-04     -0.42455096E-03
     953     -0.68401327E-09     -0.71468313E-09     -0.80003153E-04     -0.42455096E-03
     954     -0.68409396E-09     -0.71468313E-09     -0.80207994E-04     -0.42455096E-03
     955     -0.68417289E-09     -0.71468313E-09     -0.80406170E-04     -0.42455096E-03
     956     -0.68430219E-09     -0.71468313E-09     -0.80779671E-04     -0.42455096E-03
     957     -0.68442563E-09     -0.71468313E-09     -0.81123132E-04     -0.42455096E-03
     958     -0.68450677E-09     -0.71468313E-09     -0.81305719E-04     -0.42455096E-03
     959     -0.68455185E-09     -0.71468313E-09     -0.81399509E-04     -0.42455096E-03
     960     -0.68459328E-09     -0.71468313E-09     -0.81495676E-04     -0.42455096E-03
     961     -0.68463176E-09     -0.71468313E-09     -0.81591355E-04     -0.42455096E-03
     962     -0.68470456E-09     -0.71468313E-09     -0.81762470E-04     -0.42455096E-03
     963     -0.68478417E-09     -0.71468313E-09     -0.81969856E-04     -0.42455096E-03
     964     -0.68484276E-09     -0.71468313E-09     -0.82121980E-04     -0.42455096E-03
     965     -0.68489158E-09     -0.71468313E-09     -0.82227186E-04     -0.42455096E-03
     966     -0.68496084E-09     -0.71468313E-09     -0.82328232E-04     -0.42455096E-03
     967     -0.68505646E-09     -0.71468313E-09     -0.82586304E-04     -0.42455096E-03
     968     -0.68514986E-09     -0.71468313E-09     -0.82827953E-04     -0.42455096E-03
     969     -0.68525844E-09     -0.71468313E-09     -0.83092158E-04     -0.42455096E-03
     970     -0.68530947E-09     -0.71468313E-09     -0.83227233E-04     -0.42455096E-03
     971     -0.68533637E-09     -0.71468313E-09     -0.83288539E-04     -0.42455096E-03
     972     -0.68540853E-09     -0.71468313E-09     -0.83449692E-04     -0.42455096E-03
     973     -0.68547448E-09     -0.71468313E-09     -0.83614848E-04     -0.42455096E-03
     974     -0.68551090E-09     -0.71468313E-09     -0.83711503E-04     -0.42455096E-03
     975     -0.68553748E-09     -0.71468313E-09     -0.83788216E-04     -0.42455096E-03
     976     -0.68557713E-09     -0.71468313E-09     -0.83873219E-04     -0.42455096E-03
     977     -0.68562966E-09     -0.71468313E-09     -0.84018870E-04     -0.42455096E-03
     978     -0.68574176E-09     -0.71468313E-09     -0.84200916E-04     -0.42455096E-03
     979     -0.68577723E-09     -0.71468313E-09     -0.84261522E-04     -0.42455096E-03
     980     -0.68584403E-09     -0.71468313E-09     -0.84466385E-04     -0.42455096E-03
     981     -0.68592054E-09     -0.71468313E-09     -0.84647083E-04     -0.42455096E-03
     982     -0.68600493E-09     -0.71468313E-09     -0.84805227E-04     -0.42455096E-03
     983     -0.68612524E-09     -0.71468313E-09     -0.85041575E-04     -0.42455096E-03
     984     -0.68623756E-09     -0.71468313E-09     -0.85285163E-04     -0.42455096E-03
     985     -0.68631888E-09     -0.71468313E-09     -0.85367684E-04     -0.42455096E-03
     986     -0.68638285E-09     -0.71468313E-09     -0.85472078E-04     -0.42455096E-03
     987     -0.68642706E-09     -0.71468313E-09     -0.85555691E-04     -0.42455096E-03
     988     -0.68648234E-09     -0.71468313E-09     -0.85607275E-04     -0.42455096E-03
     989     -0.68650343E-09     -0.71468313E-09     -0.85636452E-04     -0.42455096E-03
     990     -0.68657631E-09     -0.71468313E-09     -0.85690111E-04     -0.42455096E-03
     991     -0.68662108E-09     -0.71468313E-09     -0.85743156E-04     -0.42455096E-03
     992     -0.68663343E-09     -0.71468313E-09     -0.85771958E-04     -0.42455096E-03
     993     -0.68665363E-09     -0.71468313E-09     -0.85805920E-04     -0.42455096E-03
     994     -0.68669758E-09     -0.71468313E-09     -0.85868465E-04     -0.42455096E-03
     995     -0.68673570E-09     -0.71468313E-09     -0.85924107E-04     -0.42455096E-03
     996     -0.68677627E-09     -0.71468313E-09     -0.85979255E-04     -0.42455096E-03
     997     -0.68680331E-09     -0.71468313E-09     -0.86021854E-04     -0.42455096E-03
     998     -0.68684199E-09     -0.71468313E-09     -0.86070653E-04     -0.42455096E-03
     999     -0.68687982E-09     -0.71468313E-09     -0.86130331E-04     -0.42455096E-03
    1000     -0.68692509E-09     -0.71468313E-09     -0.86214452E-04     -0.42455096E-03
    1001     -0.68697662E-09     -0.71468313E-09     -0.86291619E-04     -0.42455096E-03
    1002     -0.68702260E-09     -0.71468313E-09     -0.86362456E-04     -0.42455096E-03
    1003     -0.68706506E-09     -0.71468313E-09     -0.86448323E-04     -0.42455096E-03
    1004     -0.68710372E-09     -0.71468313E-09     -0.86508667E-04     -0.42455096E-03
    1005     -0.68715157E-09     -0.71468313E-09     -0.86567222E-04     -0.42455096E-03
    1006     -0.68722194E-09     -0.71468313E-09     -0.86734152E-04     -0.42455096E-03
    1007     -0.68726271E-09     -0.71468313E-09     -0.86822383E-04     -0.42455096E-03
    1008     -0.68731067E-09     -0.71468313E-09     -0.86908343E-04     -0.42455096E-03
    1009     -0.68738871E-09     -0.71468313E-09     -0.87005579E-04     -0.42455096E-03
    1010     -0.68751207E-09     -0.71468313E-09     -0.87267705E-04     -0.42455096E-03
    1011     -0.68755686E-09     -0.71468313E-09     -0.87318054E-04     -0.42455096E-03
    1012     -0.68760752E-09     -0.71468313E-09     -0.87368077E-04     -0.42455096E-03
    1013     -0.68769908E-09     -0.71468313E-09     -0.87430136E-04     -0.42455096E-03
    1014     -0.68776720E-09     -0.71468313E-09     -0.87491377E-04     -0.42455096E-03
    1015     -0.68782850E-09     -0.71468313E-09     -0.87546656E-04     -0.42455096E-03
    1016     -0.68791586E-09     -0.71468313E-09     -0.87621166E-04     -0.42455096E-03
    1017     -0.68799884E-09     -0.71468313E-09     -0.87700273E-04     -0.42455096E-03
    1018     -0.68804157E-09     -0.71468313E-09     -0.87777627E-04     -0.42455096E-03
    1019     -0.68811553E-09     -0.71468313E-09     -0.87846541E-04     -0.42455096E-03
    1020     -0.68818027E-09     -0.71468313E-09     -0.87914970E-04     -0.42455096E-03
    1021     -0.68825615E-09     -0.71468313E-09     -0.87987079E-04     -0.42455096E-03
    1022     -0.68833762E-09     -0.71468313E-09     -0.88083997E-04     -0.42455096E-03
    1023     -0.68838905E-09     -0.71468313E-09     -0.88138223E-04     -0.42455096E-03
    1024     -0.68847227E-09     -0.71468313E-09     -0.88204415E-04     -0.42455096E-03
    1025     -0.68850126E-09     -0.71468313E-09     -0.88266658E-04     -0.42455096E-03
    1026     -0.68854193E-09     -0.71468313E-09     -0.88346402E-04     -0.42455096E-03
    1027     -0.68862097E-09     -0.71468313E-09     -0.88419422E-04     -0.42455096E-03
    1028     -0.68867533E-09     -0.71468313E-09     -0.88499823E-04     -0.42455096E-03
    1029     -0.68871990E-09     -0.71468313E-09     -0.88567599E-04     -0.42455096E-03
    1030     -0.68877371E-09     -0.71468313E-09     -0.88676000E-04     -0.42455096E-03
    1031     -0.68884664E-09     -0.71468313E-09     -0.88785121E-04     -0.42455096E-03
    1032     -0.68887550E-09     -0.71468313E-09     -0.88827515E-04     -0.42455096E-03
    1033     -0.68891811E-09     -0.71468313E-09     -0.88916412E-04     -0.42455096E-03
    1034     -0.68895887E-09     -0.71468313E-09     -0.88956696E-04     -0.42455096E-03
    1035     -0.68900076E-09     -0.71468313E-09     -0.88998174E-04     -0.42455096E-03
    1036     -0.68903367E-09     -0.71468313E-09     -0.89064333E-04     -0.42455096E-03
    1037     -0.68905265E-09     -0.71468313E-09     -0.89107891E-04     -0.42455096E-03
    1038     -0.68906878E-09     -0.71468313E-09     -0.89142730E-04     -0.42455096E-03
    1039     -0.68909405E-09     -0.71468313E-09     -0.89172191E-04     -0.42455096E-03
    1040     -0.68913930E-09     -0.71468313E-09     -0.89230737E-04     -0.42455096E-03
    1041     -0.68916526E-09     -0.71468313E-09     -0.89263057E-04     -0.42455096E-03
    1042     -0.68919160E-09     -0.71468313E-09     -0.89306346E-04     -0.42455096E-03
    1043     -0.68921661E-09     -0.71468313E-09     -0.89370975E-04     -0.42455096E-03
    1044     -0.68925009E-09     -0.71468313E-09     -0.89446507E-04     -0.42455096E-03
    1045     -0.68930608E-09     -0.71468313E-09     -0.89597253E-04     -0.42455096E-03
    1046     -0.68933960E-09     -0.71468313E-09     -0.89643205E-04     -0.42455096E-03
    1047     -0.68936235E-09     -0.71468313E-09     -0.89694852E-04     -0.42455096E-03
    1048     -0.68939077E-09     -0.71468313E-09     -0.89747297E-04     -0.42455096E-03
    1049     -0.68943941E-09     -0.71468313E-09     -0.89817175E-04     -0.42455096E-03
    1050     -0.68949054E-09     -0.71468313E-09     -0.89919349E-04     -0.42455096E-03
    1051     -0.68952142E-09     -0.71468313E-09     -0.89997705E-04     -0.42455096E-03
    1052     -0.68956492E-09     -0.71468313E-09     -0.90082434E-04     -0.42455096E-03
    1053     -0.68963072E-09     -0.71468313E-09     -0.90196275E-04     -0.42455096E-03
    1054     -0.68964846E-09     -0.71468313E-09     -0.90236841E-04     -0.42455096E-03
    1055     -0.68971484E-09     -0.71468313E-09     -0.90418341E-04     -0.42455096E-03
    1056     -0.68973553E-09     -0.71468313E-09     -0.90468652E-04     -0.42455096E-03
    1057     -0.68977225E-09     -0.71468313E-09     -0.90567586E-04     -0.42455096E-03
    1058     -0.68980199E-09     -0.71468313E-09     -0.90622017E-04     -0.42455096E-03
    1059     -0.68984449E-09     -0.71468313E-09     -0.90703054E-04     -0.42455096E-03
    1060     -0.68986130E-09     -0.71468313E-09     -0.90730264E-04     -0.42455096E-03
    1061     -0.68989465E-09     -0.71468313E-09     -0.90790005E-04     -0.42455096E-03
    1062     -0.68990863E-09     -0.71468313E-09     -0.90819519E-04     -0.42455096E-03
    1063     -0.68992986E-09     -0.71468313E-09     -0.90871024E-04     -0.42455096E-03
    1064     -0.68996020E-09     -0.71468313E-09     -0.90909648E-04     -0.42455096E-03
    1065     -0.69000458E-09     -0.71468313E-09     -0.90990878E-04     -0.42455096E-03
    1066     -0.69001676E-09     -0.71468313E-09     -0.91011535E-04     -0.42455096E-03
    1067     -0.69003955E-09     -0.71468313E-09     -0.91075621E-04     -0.42455096E-03
    1068     -0.69006221E-09     -0.71468313E-09     -0.91119715E-04     -0.42455096E-03
    1069     -0.69008020E-09     -0.71468313E-09     -0.91164287E-04     -0.42455096E-03
    1070     -0.69013000E-09     -0.71468313E-09     -0.91219915E-04     -0.42455096E-03
    1071     -0.69015948E-09     -0.71468313E-09     -0.91261899E-04     -0.42455096E-03
    1072     -0.69019479E-09     -0.71468313E-09     -0.91324292E-04     -0.42455096E-03
    1073     -0.69023083E-09     -0.71468313E-09     -0.91373891E-04     -0.42455096E-03
    1074     -0.69026815E-09     -0.71468313E-09     -0.91422811E-04     -0.42455096E-03
    1075     -0.69029653E-09     -0.71468313E-09     -0.91467720E-04     -0.42455096E-03
    1076     -0.69035424E-09     -0.71468313E-09     -0.91511576E-04     -0.42455096E-03
    1077     -0.69036690E-09     -0.71468313E-09     -0.91538877E-04     -0.42455096E-03
    1078     -0.69038889E-09     -0.71468313E-09     -0.91567608E-04     -0.42455096E-03
    1079     -0.69040448E-09     -0.71468313E-09     -0.91598723E-04     -0.42455096E-03
    1080     -0.69043239E-09     -0.71468313E-09     -0.91640663E-04     -0.42455096E-03
    1081     -0.69047691E-09     -0.71468313E-09     -0.91684677E-04     -0.42455096E-03
    1082     -0.69050355E-09     -0.71468313E-09     -0.91720981E-04     -0.42455096E-03
    1083     -0.69052440E-09     -0.71468313E-09     -0.91753294E-04     -0.42455096E-03
    1084     -0.69054284E-09     -0.71468313E-09     -0.91791560E-04     -0.42455096E-03
    1085     -0.69057792E-09     -0.71468313E-09     -0.91830783E-04     -0.42455096E-03
    1086     -0.69059896E-09     -0.71468313E-09     -0.91873265E-04     -0.42455096E-03
    1087     -0.69063127E-09     -0.71468313E-09     -0.91920793E-04     -0.42455096E-03
    1088     -0.69067161E-09     -0.71468313E-09     -0.91988797E-04     -0.42455096E-03
    1089     -0.69069502E-09     -0.71468313E-09     -0.92029920E-04     -0.42455096E-03
    1090     -0.69079765E-09     -0.71468313E-09     -0.92130065E-04     -0.42455096E-03
    1091     -0.69084324E-09     -0.71468313E-09     -0.92184252E-04     -0.42455096E-03
    1092     -0.69087539E-09     -0.71468313E-09     -0.92265981E-04     -0.42455096E-03
    1093     -0.69093492E-09     -0.71468313E-09     -0.92423661E-04     -0.42455096E-03
    1094     -0.69097792E-09     -0.71468313E-09     -0.92475537E-04     -0.42455096E-03
    1095     -0.69100172E-09     -0.71468313E-09     -0.92524499E-04     -0.42455096E-03
    1096     -0.69105468E-09     -0.71468313E-09     -0.92641751E-04     -0.42455096E-03
    1097     -0.69114850E-09     -0.71468313E-09     -0.92874788E-04     -0.42455096E-03
    1098     -0.69120335E-09     -0.71468313E-09     -0.92976200E-04     -0.42455096E-03
    1099     -0.69125975E-09     -0.71468313E-09     -0.93073521E-04     -0.42455096E-03
    1100     -0.69131479E-09     -0.71468313E-09     -0.93159881E-04     -0.42455096E-03
    1101     -0.69135627E-09     -0.71468313E-09     -0.93244005E-04     -0.42455096E-03
    1102     -0.69139746E-09     -0.71468313E-09     -0.93346646E-04     -0.42455096E-03
    1103     -0.69141824E-09     -0.71468313E-09     -0.93382617E-04     -0.42455096E-03
    1104     -0.69145318E-09     -0.71468313E-09     -0.93478045E-04     -0.42455096E-03
    1105     -0.69146679E-09     -0.71468313E-09     -0.93515097E-04     -0.42455096E-03
    1106     -0.69149534E-09     -0.71468313E-09     -0.93602625E-04     -0.42455096E-03
    1107     -0.69153244E-09     -0.71468313E-09     -0.93746305E-04     -0.42455096E-03
    1108     -0.69155878E-09     -0.71468313E-09     -0.93827637E-04     -0.42455096E-03
    1109     -0.69158365E-09     -0.71468313E-09     -0.93912601E-04     -0.42455096E-03
    1110     -0.69162227E-09     -0.71468313E-09     -0.94045021E-04     -0.42455096E-03
    1111     -0.69166477E-09     -0.71468313E-09     -0.94119760E-04     -0.42455096E-03
    1112     -0.69169827E-09     -0.71468313E-09     -0.94210970E-04     -0.42455096E-03
    1113     -0.69172788E-09     -0.71468313E-09     -0.94307709E-04     -0.42455096E-03
    1114     -0.69175985E-09     -0.71468313E-09     -0.94357372E-04     -0.42455096E-03
    1115     -0.69180463E-09     -0.71468313E-09     -0.94452804E-04     -0.42455096E-03
    1116     -0.69183158E-09     -0.71468313E-09     -0.94512734E-04     -0.42455096E-03
    1117     -0.69185190E-09     -0.71468313E-09     -0.94555155E-04     -0.42455096E-03
    1118     -0.69190592E-09     -0.71468313E-09     -0.94654963E-04     -0.42455096E-03
    1119     -0.69194623E-09     -0.71468313E-09     -0.94766389E-04     -0.42455096E-03
    1120     -0.69198291E-09     -0.71468313E-09     -0.94875758E-04     -0.42455096E-03
    1121     -0.69201564E-09     -0.71468313E-09     -0.94977436E-04     -0.42455096E-03
    1122     -0.69204025E-09     -0.71468313E-09     -0.95034337E-04     -0.42455096E-03
    1123     -0.69207169E-09     -0.71468313E-09     -0.95110079E-04     -0.42455096E-03
    1124     -0.69209604E-09     -0.71468313E-09     -0.95163213E-04     -0.42455096E-03
    1125     -0.69212592E-09     -0.71468313E-09     -0.95249655E-04     -0.42455096E-03
    1126     -0.69215863E-09     -0.71468313E-09     -0.95343842E-04     -0.42455096E-03
    1127     -0.69220250E-09     -0.71468313E-09     -0.95481765E-04     -0.42455096E-03
    1128     -0.69222220E-09     -0.71468313E-09     -0.95522255E-04     -0.42455096E-03
    1129     -0.69226349E-09     -0.71468313E-09     -0.95653964E-04     -0.42455096E-03
    1130     -0.69233105E-09     -0.71468313E-09     -0.95770234E-04     -0.42455096E-03
    1131     -0.69233805E-09     -0.71468313E-09     -0.95793202E-04     -0.42455096E-03
    1132     -0.69235103E-09     -0.71468313E-09     -0.95818240E-04     -0.42455096E-03
    1133     -0.69236786E-09     -0.71468313E-09     -0.95854749E-04     -0.42455096E-03
    1134     -0.69238248E-09     -0.71468313E-09     -0.95889066E-04     -0.42455096E-03
    1135     -0.69240099E-09     -0.71468313E-09     -0.95926986E-04     -0.42455096E-03
    1136     -0.69242117E-09     -0.71468313E-09     -0.95977804E-04     -0.42455096E-03
    1137     -0.69244479E-09     -0.71468313E-09     -0.96035484E-04     -0.42455096E-03
    1138     -0.69245750E-09     -0.71468313E-09     -0.96065982E-04     -0.42455096E-03
    1139     -0.69247026E-09     -0.71468313E-09     -0.96096037E-04     -0.42455096E-03
    1140     -0.69248259E-09     -0.71468313E-09     -0.96131844E-04     -0.42455096E-03
    1141     -0.69249686E-09     -0.71468313E-09     -0.96171444E-04     -0.42455096E-03
    1142     -0.69250960E-09     -0.71468313E-09     -0.96195378E-04     -0.42455096E-03
    1143     -0.69252260E-09     -0.71468313E-09     -0.96228520E-04     -0.42455096E-03
    1144     -0.69253520E-09     -0.71468313E-09     -0.96254825E-04     -0.42455096E-03
    1145     -0.69254226E-09     -0.71468313E-09     -0.96274035E-04     -0.42455096E-03
    1146     -0.69255412E-09     -0.71468313E-09     -0.96299584E-04     -0.42455096E-03
    1147     -0.69258174E-09     -0.71468313E-09     -0.96352553E-04     -0.42455096E-03
    1148     -0.69259934E-09     -0.71468313E-09     -0.96392855E-04     -0.42455096E-03
    1149     -0.69262081E-09     -0.71468313E-09     -0.96434056E-04     -0.42455096E-03
    1150     -0.69265959E-09     -0.71468313E-09     -0.96495362E-04     -0.42455096E-03
    1151     -0.69268536E-09     -0.71468313E-09     -0.96561301E-04     -0.42455096E-03
    1152     -0.69270625E-09     -0.71468313E-09     -0.96610518E-04     -0.42455096E-03
    1153     -0.69274848E-09     -0.71468313E-09     -0.96668675E-04     -0.42455096E-03
    1154     -0.69278363E-09     -0.71468313E-09     -0.96726116E-04     -0.42455096E-03
    1155     -0.69280846E-09     -0.71468313E-09     -0.96767447E-04     -0.42455096E-03
    1156     -0.69283447E-09     -0.71468313E-09     -0.96832354E-04     -0.42455096E-03
    1157     -0.69287083E-09     -0.71468313E-09     -0.96901966E-04     -0.42455096E-03
    1158     -0.69291143E-09     -0.71468313E-09     -0.96959874E-04     -0.42455096E-03
    1159     -0.69292552E-09     -0.71468313E-09     -0.96986012E-04     -0.42455096E-03
    1160     -0.69294743E-09     -0.71468313E-09     -0.97017518E-04     -0.42455096E-03
    1161     -0.69295790E-09     -0.71468313E-09     -0.97041444E-04     -0.42455096E-03
    1162     -0.69299527E-09     -0.71468313E-09     -0.97090143E-04     -0.42455096E-03
    1163     -0.69300529E-09     -0.71468313E-09     -0.97112534E-04     -0.42455096E-03
    1164     -0.69303610E-09     -0.71468313E-09     -0.97160160E-04     -0.42455096E-03
    1165     -0.69305498E-09     -0.71468313E-09     -0.97192414E-04     -0.42455096E-03
    1166     -0.69310772E-09     -0.71468313E-09     -0.97266984E-04     -0.42455096E-03
    1167     -0.69315181E-09     -0.71468313E-09     -0.97326678E-04     -0.42455096E-03
    1168     -0.69318847E-09     -0.71468313E-09     -0.97381723E-04     -0.42455096E-03
    1169     -0.69322617E-09     -0.71468313E-09     -0.97443604E-04     -0.42455096E-03
    1170     -0.69326580E-09     -0.71468313E-09     -0.97498553E-04     -0.42455096E-03
    1171     -0.69330806E-09     -0.71468313E-09     -0.97559371E-04     -0.42455096E-03
    1172     -0.69335125E-09     -0.71468313E-09     -0.97607850E-04     -0.42455096E-03
    1173     -0.69339216E-09     -0.71468313E-09     -0.97668635E-04     -0.42455096E-03
    1174     -0.69345516E-09     -0.71468313E-09     -0.97735911E-04     -0.42455096E-03
    1175     -0.69354494E-09     -0.71468313E-09     -0.97799371E-04     -0.42455096E-03
    1176     -0.69359720E-09     -0.71468313E-09     -0.97862180E-04     -0.42455096E-03
    1177     -0.69363787E-09     -0.71468313E-09     -0.97940133E-04     -0.42455096E-03
    1178     -0.69368868E-09     -0.71468313E-09     -0.97998615E-04     -0.42455096E-03
    1179     -0.69375208E-09     -0.71468313E-09     -0.98056488E-04     -0.42455096E-03
    1180     -0.69380104E-09     -0.71468313E-09     -0.98109385E-04     -0.42455096E-03
    1181     -0.69387259E-09     -0.71468313E-09     -0.98166828E-04     -0.42455096E-03
    1182     -0.69390527E-09     -0.71468313E-09     -0.98220772E-04     -0.42455096E-03
    1183     -0.69395726E-09     -0.71468313E-09     -0.98284578E-04     -0.42455096E-03
    1184     -0.69397877E-09     -0.71468313E-09     -0.98350702E-04     -0.42455096E-03
    1185     -0.69400849E-09     -0.71468313E-09     -0.98415794E-04     -0.42455096E-03
    1186     -0.69403935E-09     -0.71468313E-09     -0.98499623E-04     -0.42455096E-03
    1187     -0.69406958E-09     -0.71468313E-09     -0.98556703E-04     -0.42455096E-03
    1188     -0.69409390E-09     -0.71468313E-09     -0.98615392E-04     -0.42455096E-03
    1189     -0.69412604E-09     -0.71468313E-09     -0.98676686E-04     -0.42455096E-03
    1190     -0.69416292E-09     -0.71468313E-09     -0.98775535E-04     -0.42455096E-03
    1191     -0.69428159E-09     -0.71468313E-09     -0.98861817E-04     -0.42455096E-03
    1192     -0.69433860E-09     -0.71468313E-09     -0.98921105E-04     -0.42455096E-03
    1193     -0.69441436E-09     -0.71468313E-09     -0.98983753E-04     -0.42455096E-03
    1194     -0.69447607E-09     -0.71468313E-09     -0.99051438E-04     -0.42455096E-03
    1195     -0.69450095E-09     -0.71468313E-09     -0.99099265E-04     -0.42455096E-03
    1196     -0.69454099E-09     -0.71468313E-09     -0.99145891E-04     -0.42455096E-03
    1197     -0.69456375E-09     -0.71468313E-09     -0.99179415E-04     -0.42455096E-03
    1198     -0.69466242E-09     -0.71468313E-09     -0.99235134E-04     -0.42455096E-03
    1199     -0.69468573E-09     -0.71468313E-09     -0.99294844E-04     -0.42455096E-03
    1200     -0.69469975E-09     -0.71468313E-09     -0.99320504E-04     -0.42455096E-03
    1201     -0.69472112E-09     -0.71468313E-09     -0.99354503E-04     -0.42455096E-03
    1202     -0.69473540E-09     -0.71468313E-09     -0.99396062E-04     -0.42455096E-03
    1203     -0.69474734E-09     -0.71468313E-09     -0.99428141E-04     -0.42455096E-03
    1204     -0.69477694E-09     -0.71468313E-09     -0.99473013E-04     -0.42455096E-03
    1205     -0.69479827E-09     -0.71468313E-09     -0.99514529E-04     -0.42455096E-03
    1206     -0.69481276E-09     -0.71468313E-09     -0.99552628E-04     -0.42455096E-03
    1207     -0.69482867E-09     -0.71468313E-09     -0.99574380E-04     -0.42455096E-03
    1208     -0.69485468E-09     -0.71468313E-09     -0.99611565E-04     -0.42455096E-03
    1209     -0.69487535E-09     -0.71468313E-09     -0.99637937E-04     -0.42455096E-03
    1210     -0.69491564E-09     -0.71468313E-09     -0.99668553E-04     -0.42455096E-03
    1211     -0.69501507E-09     -0.71468313E-09     -0.99731490E-04     -0.42455096E-03
    1212     -0.69507257E-09     -0.71468313E-09     -0.99780492E-04     -0.42455096E-03
    1213     -0.69513628E-09     -0.71468313E-09     -0.99834722E-04     -0.42455096E-03
    1214     -0.69518326E-09     -0.71468313E-09     -0.99882261E-04     -0.42455096E-03
    1215     -0.69524143E-09     -0.71468313E-09     -0.99924745E-04     -0.42455096E-03
    1216     -0.69526281E-09     -0.71468313E-09     -0.99979578E-04     -0.42455096E-03
    1217     -0.69529202E-09     -0.71468313E-09     -0.10004576E-03     -0.42455096E-03
    1218     -0.69536769E-09     -0.71468313E-09     -0.10012263E-03     -0.42455096E-03
    1219     -0.69539374E-09     -0.71468313E-09     -0.10016650E-03     -0.42455096E-03
    1220     -0.69541143E-09     -0.71468313E-09     -0.10019976E-03     -0.42455096E-03
    1221     -0.69543056E-09     -0.71468313E-09     -0.10024705E-03     -0.42455096E-03
    1222     -0.69545599E-09     -0.71468313E-09     -0.10028672E-03     -0.42455096E-03
    1223     -0.69547743E-09     -0.71468313E-09     -0.10032555E-03     -0.42455096E-03
    1224     -0.69552296E-09     -0.71468313E-09     -0.10037394E-03     -0.42455096E-03
    1225     -0.69553881E-09     -0.71468313E-09     -0.10040583E-03     -0.42455096E-03
    1226     -0.69555036E-09     -0.71468313E-09     -0.10043476E-03     -0.42455096E-03
    1227     -0.69556787E-09     -0.71468313E-09     -0.10047394E-03     -0.42455096E-03
    1228     -0.69559576E-09     -0.71468313E-09     -0.10052841E-03     -0.42455096E-03
    1229     -0.69562575E-09     -0.71468313E-09     -0.10058740E-03     -0.42455096E-03
    1230     -0.69564419E-09     -0.71468313E-09     -0.10062319E-03     -0.42455096E-03
    1231     -0.69566337E-09     -0.71468313E-09     -0.10065455E-03     -0.42455096E-03
    1232     -0.69569832E-09     -0.71468313E-09     -0.10069324E-03     -0.42455096E-03
    1233     -0.69572048E-09     -0.71468313E-09     -0.10072208E-03     -0.42455096E-03
    1234     -0.69575601E-09     -0.71468313E-09     -0.10075854E-03     -0.42455096E-03
    1235     -0.69577605E-09     -0.71468313E-09     -0.10078454E-03     -0.42455096E-03
    1236     -0.69578853E-09     -0.71468313E-09     -0.10080419E-03     -0.42455096E-03
    1237     -0.69580078E-09     -0.71468313E-09     -0.10083039E-03     -0.42455096E-03
    1238     -0.69581983E-09     -0.71468313E-09     -0.10086083E-03     -0.42455096E-03
    1239     -0.69583215E-09     -0.71468313E-09     -0.10088250E-03     -0.42455096E-03
    1240     -0.69590876E-09     -0.71468313E-09     -0.10094380E-03     -0.42455096E-03
    1241     -0.69597735E-09     -0.71468313E-09     -0.10100259E-03     -0.42455096E-03
    1242     -0.69600155E-09     -0.71468313E-09     -0.10102818E-03     -0.42455096E-03
    1243     -0.69604549E-09     -0.71468313E-09     -0.10106799E-03     -0.42455096E-03
    1244     -0.69608393E-09     -0.71468313E-09     -0.10110074E-03     -0.42455096E-03
    1245     -0.69611073E-09     -0.71468313E-09     -0.10114220E-03     -0.42455096E-03
    1246     -0.69612023E-09     -0.71468313E-09     -0.10116222E-03     -0.42455096E-03
    1247     -0.69614804E-09     -0.71468313E-09     -0.10119348E-03     -0.42455096E-03
    1248     -0.69616147E-09     -0.71468313E-09     -0.10121167E-03     -0.42455096E-03
    1249     -0.69621715E-09     -0.71468313E-09     -0.10125505E-03     -0.42455096E-03
    1250     -0.69628817E-09     -0.71468313E-09     -0.10131485E-03     -0.42455096E-03
    1251     -0.69638554E-09     -0.71468313E-09     -0.10138643E-03     -0.42455096E-03
    1252     -0.69640735E-09     -0.71468313E-09     -0.10142530E-03     -0.42455096E-03
    1253     -0.69643295E-09     -0.71468313E-09     -0.10145024E-03     -0.42455096E-03
    1254     -0.69646249E-09     -0.71468313E-09     -0.10148158E-03     -0.42455096E-03
    1255     -0.69653202E-09     -0.71468313E-09     -0.10153393E-03     -0.42455096E-03
    1256     -0.69655532E-09     -0.71468313E-09     -0.10156498E-03     -0.42455096E-03
    1257     -0.69664912E-09     -0.71468313E-09     -0.10162132E-03     -0.42455096E-03
    1258     -0.69667483E-09     -0.71468313E-09     -0.10165205E-03     -0.42455096E-03
    1259     -0.69669904E-09     -0.71468313E-09     -0.10169303E-03     -0.42455096E-03
    1260     -0.69676126E-09     -0.71468313E-09     -0.10174471E-03     -0.42455096E-03
    1261     -0.69678391E-09     -0.71468313E-09     -0.10178144E-03     -0.42455096E-03
    1262     -0.69681053E-09     -0.71468313E-09     -0.10181172E-03     -0.42455096E-03
    1263     -0.69683622E-09     -0.71468313E-09     -0.10183916E-03     -0.42455096E-03
    1264     -0.69685358E-09     -0.71468313E-09     -0.10187785E-03     -0.42455096E-03
    1265     -0.69688272E-09     -0.71468313E-09     -0.10192105E-03     -0.42455096E-03
    1266     -0.69690872E-09     -0.71468313E-09     -0.10195728E-03     -0.42455096E-03
    1267     -0.69711273E-09     -0.71468313E-09     -0.10205165E-03     -0.42455096E-03
    1268     -0.69713542E-09     -0.71468313E-09     -0.10208909E-03     -0.42455096E-03
    1269     -0.69714711E-09     -0.71468313E-09     -0.10211609E-03     -0.42455096E-03
    1270     -0.69716002E-09     -0.71468313E-09     -0.10213850E-03     -0.42455096E-03
    1271     -0.69717094E-09     -0.71468313E-09     -0.10216642E-03     -0.42455096E-03
    1272     -0.69718799E-09     -0.71468313E-09     -0.10220952E-03     -0.42455096E-03
    1273     -0.69720685E-09     -0.71468313E-09     -0.10224573E-03     -0.42455096E-03
    1274     -0.69723246E-09     -0.71468313E-09     -0.10228179E-03     -0.42455096E-03
    1275     -0.69730410E-09     -0.71468313E-09     -0.10235336E-03     -0.42455096E-03
    1276     -0.69732141E-09     -0.71468313E-09     -0.10241708E-03     -0.42455096E-03
    1277     -0.69733213E-09     -0.71468313E-09     -0.10246983E-03     -0.42455096E-03
    1278     -0.69735933E-09     -0.71468313E-09     -0.10255554E-03     -0.42455096E-03
    1279     -0.69739898E-09     -0.71468313E-09     -0.10259526E-03     -0.42455096E-03
    1280     -0.69741231E-09     -0.71468313E-09     -0.10263663E-03     -0.42455096E-03
    1281     -0.69743182E-09     -0.71468313E-09     -0.10270604E-03     -0.42455096E-03
    1282     -0.69745549E-09     -0.71468313E-09     -0.10273910E-03     -0.42455096E-03
    1283     -0.69747103E-09     -0.71468313E-09     -0.10278548E-03     -0.42455096E-03
    1284     -0.69748533E-09     -0.71468313E-09     -0.10281011E-03     -0.42455096E-03
    1285     -0.69749945E-09     -0.71468313E-09     -0.10283906E-03     -0.42455096E-03
    1286     -0.69760908E-09     -0.71468313E-09     -0.10292813E-03     -0.42455096E-03
    1287     -0.69761953E-09     -0.71468313E-09     -0.10295217E-03     -0.42455096E-03
    1288     -0.69763479E-09     -0.71468313E-09     -0.10298105E-03     -0.42455096E-03
    1289     -0.69766302E-09     -0.71468313E-09     -0.10302849E-03     -0.42455096E-03
    1290     -0.69767210E-09     -0.71468313E-09     -0.10304616E-03     -0.42455096E-03
    1291     -0.69768513E-09     -0.71468313E-09     -0.10307364E-03     -0.42455096E-03
    1292     -0.69772023E-09     -0.71468313E-09     -0.10313535E-03     -0.42455096E-03
    1293     -0.69773337E-09     -0.71468313E-09     -0.10316035E-03     -0.42455096E-03
    1294     -0.69774928E-09     -0.71468313E-09     -0.10319609E-03     -0.42455096E-03
    1295     -0.69776206E-09     -0.71468313E-09     -0.10322051E-03     -0.42455096E-03
    1296     -0.69777841E-09     -0.71468313E-09     -0.10325951E-03     -0.42455096E-03
    1297     -0.69781211E-09     -0.71468313E-09     -0.10333274E-03     -0.42455096E-03
    1298     -0.69785268E-09     -0.71468313E-09     -0.10342271E-03     -0.42455096E-03
    1299     -0.69787796E-09     -0.71468313E-09     -0.10347976E-03     -0.42455096E-03
    1300     -0.69788444E-09     -0.71468313E-09     -0.10349897E-03     -0.42455096E-03
    1301     -0.69794249E-09     -0.71468313E-09     -0.10361876E-03     -0.42455096E-03
    1302     -0.69799078E-09     -0.71468313E-09     -0.10370061E-03     -0.42455096E-03
    1303     -0.69802424E-09     -0.71468313E-09     -0.10380684E-03     -0.42455096E-03
    1304     -0.69803286E-09     -0.71468313E-09     -0.10383314E-03     -0.42455096E-03
    1305     -0.69805531E-09     -0.71468313E-09     -0.10389525E-03     -0.42455096E-03
    1306     -0.69815139E-09     -0.71468313E-09     -0.10405004E-03     -0.42455096E-03
    1307     -0.69816349E-09     -0.71468313E-09     -0.10407319E-03     -0.42455096E-03
    1308     -0.69825552E-09     -0.71468313E-09     -0.10417830E-03     -0.42455096E-03
    1309     -0.69827896E-09     -0.71468313E-09     -0.10422419E-03     -0.42455096E-03
    1310     -0.69835367E-09     -0.71468313E-09     -0.10430304E-03     -0.42455096E-03
    1311     -0.69840691E-09     -0.71468313E-09     -0.10436824E-03     -0.42455096E-03
    1312     -0.69859481E-09     -0.71468313E-09     -0.10447148E-03     -0.42455096E-03
    1313     -0.69863183E-09     -0.71468313E-09     -0.10452253E-03     -0.42455096E-03
    1314     -0.69865513E-09     -0.71468313E-09     -0.10455837E-03     -0.42455096E-03
    1315     -0.69869645E-09     -0.71468313E-09     -0.10460076E-03     -0.42455096E-03
    1316     -0.69870756E-09     -0.71468313E-09     -0.10462807E-03     -0.42455096E-03
    1317     -0.69873205E-09     -0.71468313E-09     -0.10467130E-03     -0.42455096E-03
    1318     -0.69876852E-09     -0.71468313E-09     -0.10472760E-03     -0.42455096E-03
    1319     -0.69877634E-09     -0.71468313E-09     -0.10475011E-03     -0.42455096E-03
    1320     -0.69880323E-09     -0.71468313E-09     -0.10480280E-03     -0.42455096E-03
    1321     -0.69881457E-09     -0.71468313E-09     -0.10482768E-03     -0.42455096E-03
    1322     -0.69882423E-09     -0.71468313E-09     -0.10485066E-03     -0.42455096E-03
    1323     -0.69886429E-09     -0.71468313E-09     -0.10492394E-03     -0.42455096E-03
    1324     -0.69888204E-09     -0.71468313E-09     -0.10497204E-03     -0.42455096E-03
    1325     -0.69889789E-09     -0.71468313E-09     -0.10501576E-03     -0.42455096E-03
    1326     -0.69892599E-09     -0.71468313E-09     -0.10507557E-03     -0.42455096E-03
    1327     -0.69895778E-09     -0.71468313E-09     -0.10514292E-03     -0.42455096E-03
    1328     -0.69897425E-09     -0.71468313E-09     -0.10518235E-03     -0.42455096E-03
    1329     -0.69899576E-09     -0.71468313E-09     -0.10523092E-03     -0.42455096E-03
    1330     -0.69900779E-09     -0.71468313E-09     -0.10526306E-03     -0.42455096E-03
    1331     -0.69902390E-09     -0.71468313E-09     -0.10530347E-03     -0.42455096E-03
    1332     -0.69904716E-09     -0.71468313E-09     -0.10535200E-03     -0.42455096E-03
    1333     -0.69907128E-09     -0.71468313E-09     -0.10541957E-03     -0.42455096E-03
    1334     -0.69909187E-09     -0.71468313E-09     -0.10548736E-03     -0.42455096E-03
    1335     -0.69910406E-09     -0.71468313E-09     -0.10554218E-03     -0.42455096E-03
    1336     -0.69912752E-09     -0.71468313E-09     -0.10561399E-03     -0.42455096E-03
    1337     -0.69913814E-09     -0.71468313E-09     -0.10564215E-03     -0.42455096E-03
    1338     -0.69915191E-09     -0.71468313E-09     -0.10568288E-03     -0.42455096E-03
    1339     -0.69916139E-09     -0.71468313E-09     -0.10570692E-03     -0.42455096E-03
    1340     -0.69917220E-09     -0.71468313E-09     -0.10573783E-03     -0.42455096E-03
    1341     -0.69918890E-09     -0.71468313E-09     -0.10577540E-03     -0.42455096E-03
    1342     -0.69919737E-09     -0.71468313E-09     -0.10580125E-03     -0.42455096E-03
    1343     -0.69920774E-09     -0.71468313E-09     -0.10583305E-03     -0.42455096E-03
    1344     -0.69921994E-09     -0.71468313E-09     -0.10587168E-03     -0.42455096E-03
    1345     -0.69923141E-09     -0.71468313E-09     -0.10590565E-03     -0.42455096E-03
    1346     -0.69924000E-09     -0.71468313E-09     -0.10592679E-03     -0.42455096E-03
    1347     -0.69925283E-09     -0.71468313E-09     -0.10595603E-03     -0.42455096E-03
    1348     -0.69925954E-09     -0.71468313E-09     -0.10597726E-03     -0.42455096E-03
    1349     -0.69926934E-09     -0.71468313E-09     -0.10600983E-03     -0.42455096E-03
    1350     -0.69927655E-09     -0.71468313E-09     -0.10603437E-03     -0.42455096E-03
    1351     -0.69928350E-09     -0.71468313E-09     -0.10605474E-03     -0.42455096E-03
    1352     -0.69928993E-09     -0.71468313E-09     -0.10607277E-03     -0.42455096E-03
    1353     -0.69931374E-09     -0.71468313E-09     -0.10613640E-03     -0.42455096E-03
    1354     -0.69932750E-09     -0.71468313E-09     -0.10617834E-03     -0.42455096E-03
    1355     -0.69938775E-09     -0.71468313E-09     -0.10624501E-03     -0.42455096E-03
    1356     -0.69939786E-09     -0.71468313E-09     -0.10626370E-03     -0.42455096E-03
    1357     -0.69941063E-09     -0.71468313E-09     -0.10629349E-03     -0.42455096E-03
    1358     -0.69943075E-09     -0.71468313E-09     -0.10632930E-03     -0.42455096E-03
    1359     -0.69944466E-09     -0.71468313E-09     -0.10636495E-03     -0.42455096E-03
    1360     -0.69945520E-09     -0.71468313E-09     -0.10639213E-03     -0.42455096E-03
    1361     -0.69949825E-09     -0.71468313E-09     -0.10644753E-03     -0.42455096E-03
    1362     -0.69951254E-09     -0.71468313E-09     -0.10648345E-03     -0.42455096E-03
    1363     -0.69955450E-09     -0.71468313E-09     -0.10653870E-03     -0.42455096E-03
    1364     -0.69958399E-09     -0.71468313E-09     -0.10657783E-03     -0.42455096E-03
    1365     -0.69961005E-09     -0.71468313E-09     -0.10661470E-03     -0.42455096E-03
    1366     -0.69963835E-09     -0.71468313E-09     -0.10667030E-03     -0.42455096E-03
    1367     -0.69966182E-09     -0.71468313E-09     -0.10670194E-03     -0.42455096E-03
    1368     -0.69969727E-09     -0.71468313E-09     -0.10675574E-03     -0.42455096E-03
    1369     -0.69971726E-09     -0.71468313E-09     -0.10679104E-03     -0.42455096E-03
    1370     -0.69973268E-09     -0.71468313E-09     -0.10682217E-03     -0.42455096E-03
    1371     -0.69973951E-09     -0.71468313E-09     -0.10684621E-03     -0.42455096E-03
    1372     -0.69975520E-09     -0.71468313E-09     -0.10686984E-03     -0.42455096E-03
    1373     -0.69977402E-09     -0.71468313E-09     -0.10689748E-03     -0.42455096E-03
    1374     -0.69979096E-09     -0.71468313E-09     -0.10692103E-03     -0.42455096E-03
    1375     -0.69980175E-09     -0.71468313E-09     -0.10694932E-03     -0.42455096E-03
    1376     -0.69981162E-09     -0.71468313E-09     -0.10697482E-03     -0.42455096E-03
    1377     -0.69992104E-09     -0.71468313E-09     -0.10705658E-03     -0.42455096E-03
    1378     -0.69993141E-09     -0.71468313E-09     -0.10708540E-03     -0.42455096E-03
    1379     -0.69994173E-09     -0.71468313E-09     -0.10710852E-03     -0.42455096E-03
    1380     -0.69994973E-09     -0.71468313E-09     -0.10713002E-03     -0.42455096E-03
    1381     -0.69997664E-09     -0.71468313E-09     -0.10717984E-03     -0.42455096E-03
    1382     -0.69998627E-09     -0.71468313E-09     -0.10720887E-03     -0.42455096E-03
    1383     -0.69999316E-09     -0.71468313E-09     -0.10723434E-03     -0.42455096E-03
    1384     -0.70000884E-09     -0.71468313E-09     -0.10730255E-03     -0.42455096E-03
    1385     -0.70001908E-09     -0.71468313E-09     -0.10734215E-03     -0.42455096E-03
    1386     -0.70002778E-09     -0.71468313E-09     -0.10737252E-03     -0.42455096E-03
    1387     -0.70004192E-09     -0.71468313E-09     -0.10743160E-03     -0.42455096E-03
    1388     -0.70006177E-09     -0.71468313E-09     -0.10750196E-03     -0.42455096E-03
    1389     -0.70007344E-09     -0.71468313E-09     -0.10754633E-03     -0.42455096E-03
    1390     -0.70008619E-09     -0.71468313E-09     -0.10760057E-03     -0.42455096E-03
    1391     -0.70011173E-09     -0.71468313E-09     -0.10767781E-03     -0.42455096E-03
    1392     -0.70016937E-09     -0.71468313E-09     -0.10791278E-03     -0.42455096E-03
    1393     -0.70018121E-09     -0.71468313E-09     -0.10795498E-03     -0.42455096E-03
    1394     -0.70021106E-09     -0.71468313E-09     -0.10801256E-03     -0.42455096E-03
    1395     -0.70022875E-09     -0.71468313E-09     -0.10806962E-03     -0.42455096E-03
    1396     -0.70024338E-09     -0.71468313E-09     -0.10810806E-03     -0.42455096E-03
    1397     -0.70025330E-09     -0.71468313E-09     -0.10814160E-03     -0.42455096E-03
    1398     -0.70026410E-09     -0.71468313E-09     -0.10816678E-03     -0.42455096E-03
    1399     -0.70028183E-09     -0.71468313E-09     -0.10821188E-03     -0.42455096E-03
    1400     -0.70029445E-09     -0.71468313E-09     -0.10828060E-03     -0.42455096E-03
    1401     -0.70030556E-09     -0.71468313E-09     -0.10831380E-03     -0.42455096E-03
    1402     -0.70033842E-09     -0.71468313E-09     -0.10839762E-03     -0.42455096E-03
    1403     -0.70038192E-09     -0.71468313E-09     -0.10850552E-03     -0.42455096E-03
    1404     -0.70039400E-09     -0.71468313E-09     -0.10856049E-03     -0.42455096E-03
    1405     -0.70043149E-09     -0.71468313E-09     -0.10861830E-03     -0.42455096E-03
    1406     -0.70044383E-09     -0.71468313E-09     -0.10866009E-03     -0.42455096E-03
    1407     -0.70046348E-09     -0.71468313E-09     -0.10872069E-03     -0.42455096E-03
    1408     -0.70053741E-09     -0.71468313E-09     -0.10896238E-03     -0.42455096E-03
    1409     -0.70054606E-09     -0.71468313E-09     -0.10899670E-03     -0.42455096E-03
    1410     -0.70056444E-09     -0.71468313E-09     -0.10905626E-03     -0.42455096E-03
    1411     -0.70057283E-09     -0.71468313E-09     -0.10908573E-03     -0.42455096E-03
    1412     -0.70058241E-09     -0.71468313E-09     -0.10912147E-03     -0.42455096E-03
    1413     -0.70059030E-09     -0.71468313E-09     -0.10915178E-03     -0.42455096E-03
    1414     -0.70059712E-09     -0.71468313E-09     -0.10917783E-03     -0.42455096E-03
    1415     -0.70061049E-09     -0.71468313E-09     -0.10922043E-03     -0.42455096E-03
    1416     -0.70061586E-09     -0.71468313E-09     -0.10924530E-03     -0.42455096E-03
    1417     -0.70063474E-09     -0.71468313E-09     -0.10934129E-03     -0.42455096E-03
    1418     -0.70064642E-09     -0.71468313E-09     -0.10939279E-03     -0.42455096E-03
    1419     -0.70067139E-09     -0.71468313E-09     -0.10952337E-03     -0.42455096E-03
    1420     -0.70068200E-09     -0.71468313E-09     -0.10957252E-03     -0.42455096E-03
    1421     -0.70068828E-09     -0.71468313E-09     -0.10959636E-03     -0.42455096E-03
    1422     -0.70070683E-09     -0.71468313E-09     -0.10969527E-03     -0.42455096E-03
    1423     -0.70074288E-09     -0.71468313E-09     -0.10990961E-03     -0.42455096E-03
    1424     -0.70074905E-09     -0.71468313E-09     -0.10993510E-03     -0.42455096E-03
    1425     -0.70075589E-09     -0.71468313E-09     -0.10996131E-03     -0.42455096E-03
    1426     -0.70076164E-09     -0.71468313E-09     -0.10998337E-03     -0.42455096E-03
    1427     -0.70077018E-09     -0.71468313E-09     -0.11001241E-03     -0.42455096E-03
    1428     -0.70077450E-09     -0.71468313E-09     -0.11002943E-03     -0.42455096E-03
    1429     -0.70077907E-09     -0.71468313E-09     -0.11004942E-03     -0.42455096E-03
    1430     -0.70079324E-09     -0.71468313E-09     -0.11008326E-03     -0.42455096E-03
    1431     -0.70080246E-09     -0.71468313E-09     -0.11011505E-03     -0.42455096E-03
    1432     -0.70080829E-09     -0.71468313E-09     -0.11013574E-03     -0.42455096E-03
    1433     -0.70082645E-09     -0.71468313E-09     -0.11016966E-03     -0.42455096E-03
    1434     -0.70084206E-09     -0.71468313E-09     -0.11021325E-03     -0.42455096E-03
    1435     -0.70084530E-09     -0.71468313E-09     -0.11023025E-03     -0.42455096E-03
    1436     -0.70085443E-09     -0.71468313E-09     -0.11027693E-03     -0.42455096E-03
    1437     -0.70087301E-09     -0.71468313E-09     -0.11033211E-03     -0.42455096E-03
    1438     -0.70088224E-09     -0.71468313E-09     -0.11035708E-03     -0.42455096E-03
    1439     -0.70091363E-09     -0.71468313E-09     -0.11043542E-03     -0.42455096E-03
    1440     -0.70094300E-09     -0.71468313E-09     -0.11052570E-03     -0.42455096E-03
    1441     -0.70095825E-09     -0.71468313E-09     -0.11056327E-03     -0.42455096E-03
    1442     -0.70096877E-09     -0.71468313E-09     -0.11061262E-03     -0.42455096E-03
    1443     -0.70098466E-09     -0.71468313E-09     -0.11066141E-03     -0.42455096E-03
    1444     -0.70100332E-09     -0.71468313E-09     -0.11071145E-03     -0.42455096E-03
    1445     -0.70101278E-09     -0.71468313E-09     -0.11075886E-03     -0.42455096E-03
    1446     -0.70103477E-09     -0.71468313E-09     -0.11081543E-03     -0.42455096E-03
    1447     -0.70104471E-09     -0.71468313E-09     -0.11084536E-03     -0.42455096E-03
    1448     -0.70106329E-09     -0.71468313E-09     -0.11089650E-03     -0.42455096E-03
    1449     -0.70106827E-09     -0.71468313E-09     -0.11091866E-03     -0.42455096E-03
    1450     -0.70112145E-09     -0.71468313E-09     -0.11098786E-03     -0.42455096E-03
    1451     -0.70114126E-09     -0.71468313E-09     -0.11103386E-03     -0.42455096E-03
    1452     -0.70115638E-09     -0.71468313E-09     -0.11107625E-03     -0.42455096E-03
    1453     -0.70117237E-09     -0.71468313E-09     -0.11111830E-03     -0.42455096E-03
    1454     -0.70118959E-09     -0.71468313E-09     -0.11121209E-03     -0.42455096E-03
    1455     -0.70121236E-09     -0.71468313E-09     -0.11127489E-03     -0.42455096E-03
    1456     -0.70123178E-09     -0.71468313E-09     -0.11131842E-03     -0.42455096E-03
    1457     -0.70124560E-09     -0.71468313E-09     -0.11136845E-03     -0.42455096E-03
    1458     -0.70127752E-09     -0.71468313E-09     -0.11149350E-03     -0.42455096E-03
    1459     -0.70128704E-09     -0.71468313E-09     -0.11153259E-03     -0.42455096E-03
    1460     -0.70131172E-09     -0.71468313E-09     -0.11163169E-03     -0.42455096E-03
    1461     -0.70132489E-09     -0.71468313E-09     -0.11169312E-03     -0.42455096E-03
    1462     -0.70134336E-09     -0.71468313E-09     -0.11174480E-03     -0.42455096E-03
    1463     -0.70135146E-09     -0.71468313E-09     -0.11178248E-03     -0.42455096E-03
    1464     -0.70139532E-09     -0.71468313E-09     -0.11198687E-03     -0.42455096E-03
    1465     -0.70140641E-09     -0.71468313E-09     -0.11204117E-03     -0.42455096E-03
    1466     -0.70141295E-09     -0.71468313E-09     -0.11207891E-03     -0.42455096E-03
    1467     -0.70142308E-09     -0.71468313E-09     -0.11211693E-03     -0.42455096E-03
    1468     -0.70143011E-09     -0.71468313E-09     -0.11215468E-03     -0.42455096E-03
    1469     -0.70146043E-09     -0.71468313E-09     -0.11233185E-03     -0.42455096E-03
    1470     -0.70146673E-09     -0.71468313E-09     -0.11235888E-03     -0.42455096E-03
    1471     -0.70148007E-09     -0.71468313E-09     -0.11242018E-03     -0.42455096E-03
    1472     -0.70148804E-09     -0.71468313E-09     -0.11247783E-03     -0.42455096E-03
    1473     -0.70150504E-09     -0.71468313E-09     -0.11256305E-03     -0.42455096E-03
    1474     -0.70151443E-09     -0.71468313E-09     -0.11261508E-03     -0.42455096E-03
    1475     -0.70154503E-09     -0.71468313E-09     -0.11275481E-03     -0.42455096E-03
    1476     -0.70155949E-09     -0.71468313E-09     -0.11282518E-03     -0.42455096E-03
    1477     -0.70156653E-09     -0.71468313E-09     -0.11286894E-03     -0.42455096E-03
    1478     -0.70159428E-09     -0.71468313E-09     -0.11306513E-03     -0.42455096E-03
    1479     -0.70162509E-09     -0.71468313E-09     -0.11328702E-03     -0.42455096E-03
    1480     -0.70164522E-09     -0.71468313E-09     -0.11342905E-03     -0.42455096E-03
    1481     -0.70166179E-09     -0.71468313E-09     -0.11353325E-03     -0.42455096E-03
    1482     -0.70168427E-09     -0.71468313E-09     -0.11368308E-03     -0.42455096E-03
    1483     -0.70169386E-09     -0.71468313E-09     -0.11373468E-03     -0.42455096E-03
    1484     -0.70170264E-09     -0.71468313E-09     -0.11377657E-03     -0.42455096E-03
    1485     -0.70171592E-09     -0.71468313E-09     -0.11385820E-03     -0.42455096E-03
    1486     -0.70172231E-09     -0.71468313E-09     -0.11389700E-03     -0.42455096E-03
    1487     -0.70172916E-09     -0.71468313E-09     -0.11394146E-03     -0.42455096E-03
    1488     -0.70173352E-09     -0.71468313E-09     -0.11397300E-03     -0.42455096E-03
    1489     -0.70174331E-09     -0.71468313E-09     -0.11404090E-03     -0.42455096E-03
    1490     -0.70175011E-09     -0.71468313E-09     -0.11408025E-03     -0.42455096E-03
    1491     -0.70175465E-09     -0.71468313E-09     -0.11410705E-03     -0.42455096E-03
    1492     -0.70176426E-09     -0.71468313E-09     -0.11415742E-03     -0.42455096E-03
    1493     -0.70177850E-09     -0.71468313E-09     -0.11426163E-03     -0.42455096E-03
    1494     -0.70179023E-09     -0.71468313E-09     -0.11431912E-03     -0.42455096E-03
    1495     -0.70180442E-09     -0.71468313E-09     -0.11440106E-03     -0.42455096E-03
    1496     -0.70181299E-09     -0.71468313E-09     -0.11443368E-03     -0.42455096E-03
    1497     -0.70184126E-09     -0.71468313E-09     -0.11464078E-03     -0.42455096E-03
    1498     -0.70185595E-09     -0.71468313E-09     -0.11471450E-03     -0.42455096E-03
    1499     -0.70188137E-09     -0.71468313E-09     -0.11488038E-03     -0.42455096E-03
    1500     -0.70190154E-09     -0.71468313E-09     -0.11499840E-03     -0.42455096E-03
    1501     -0.70191604E-09     -0.71468313E-09     -0.11509060E-03     -0.42455096E-03
    1502     -0.70194759E-09     -0.71468313E-09     -0.11531126E-03     -0.42455096E-03
    1503     -0.70196070E-09     -0.71468313E-09     -0.11537922E-03     -0.42455096E-03
    1504     -0.70197418E-09     -0.71468313E-09     -0.11544006E-03     -0.42455096E-03
    1505     -0.70198343E-09     -0.71468313E-09     -0.11547822E-03     -0.42455096E-03
    1506     -0.70201428E-09     -0.71468313E-09     -0.11557040E-03     -0.42455096E-03
    1507     -0.70203723E-09     -0.71468313E-09     -0.11566367E-03     -0.42455096E-03
    1508     -0.70204527E-09     -0.71468313E-09     -0.11568958E-03     -0.42455096E-03
    1509     -0.70206183E-09     -0.71468313E-09     -0.11576807E-03     -0.42455096E-03
    1510     -0.70206919E-09     -0.71468313E-09     -0.11581328E-03     -0.42455096E-03
    1511     -0.70207915E-09     -0.71468313E-09     -0.11587429E-03     -0.42455096E-03
    1512     -0.70209887E-09     -0.71468313E-09     -0.11599015E-03     -0.42455096E-03
    1513     -0.70212684E-09     -0.71468313E-09     -0.11607887E-03     -0.42455096E-03
    1514     -0.70214776E-09     -0.71468313E-09     -0.11616573E-03     -0.42455096E-03
    1515     -0.70215443E-09     -0.71468313E-09     -0.11620798E-03     -0.42455096E-03
    1516     -0.70216596E-09     -0.71468313E-09     -0.11626325E-03     -0.42455096E-03
    1517     -0.70217805E-09     -0.71468313E-09     -0.11632946E-03     -0.42455096E-03
    1518     -0.70218238E-09     -0.71468313E-09     -0.11635396E-03     -0.42455096E-03
    1519     -0.70219341E-09     -0.71468313E-09     -0.11642151E-03     -0.42455096E-03
    1520     -0.70220003E-09     -0.71468313E-09     -0.11646261E-03     -0.42455096E-03
    1521     -0.70220578E-09     -0.71468313E-09     -0.11649339E-03     -0.42455096E-03
    1522     -0.70221702E-09     -0.71468313E-09     -0.11653622E-03     -0.42455096E-03
    1523     -0.70222424E-09     -0.71468313E-09     -0.11656840E-03     -0.42455096E-03
    1524     -0.70222990E-09     -0.71468313E-09     -0.11659707E-03     -0.42455096E-03
    1525     -0.70223536E-09     -0.71468313E-09     -0.11663153E-03     -0.42455096E-03
    1526     -0.70224280E-09     -0.71468313E-09     -0.11666382E-03     -0.42455096E-03
    1527     -0.70225372E-09     -0.71468313E-09     -0.11672788E-03     -0.42455096E-03
    1528     -0.70227381E-09     -0.71468313E-09     -0.11685307E-03     -0.42455096E-03
    1529     -0.70229433E-09     -0.71468313E-09     -0.11691226E-03     -0.42455096E-03
    1530     -0.70230519E-09     -0.71468313E-09     -0.11694542E-03     -0.42455096E-03
    1531     -0.70231131E-09     -0.71468313E-09     -0.11697775E-03     -0.42455096E-03
    1532     -0.70232963E-09     -0.71468313E-09     -0.11702126E-03     -0.42455096E-03
    1533     -0.70233908E-09     -0.71468313E-09     -0.11706207E-03     -0.42455096E-03
    1534     -0.70235065E-09     -0.71468313E-09     -0.11710942E-03     -0.42455096E-03
    1535     -0.70235630E-09     -0.71468313E-09     -0.11713751E-03     -0.42455096E-03
    1536     -0.70236997E-09     -0.71468313E-09     -0.11719847E-03     -0.42455096E-03
    1537     -0.70239251E-09     -0.71468313E-09     -0.11726615E-03     -0.42455096E-03
    1538     -0.70242180E-09     -0.71468313E-09     -0.11735483E-03     -0.42455096E-03
    1539     -0.70247602E-09     -0.71468313E-09     -0.11752261E-03     -0.42455096E-03
    1540     -0.70252654E-09     -0.71468313E-09     -0.11768649E-03     -0.42455096E-03
    1541     -0.70254662E-09     -0.71468313E-09     -0.11776796E-03     -0.42455096E-03
    1542     -0.70257526E-09     -0.71468313E-09     -0.11782650E-03     -0.42455096E-03
    1543     -0.70259976E-09     -0.71468313E-09     -0.11788711E-03     -0.42455096E-03
    1544     -0.70260441E-09     -0.71468313E-09     -0.11790910E-03     -0.42455096E-03
    1545     -0.70262088E-09     -0.71468313E-09     -0.11795697E-03     -0.42455096E-03
    1546     -0.70263933E-09     -0.71468313E-09     -0.11802808E-03     -0.42455096E-03
    1547     -0.70264595E-09     -0.71468313E-09     -0.11805873E-03     -0.42455096E-03
    1548     -0.70266237E-09     -0.71468313E-09     -0.11810537E-03     -0.42455096E-03
    1549     -0.70266748E-09     -0.71468313E-09     -0.11813040E-03     -0.42455096E-03
    1550     -0.70267459E-09     -0.71468313E-09     -0.11815706E-03     -0.42455096E-03
    1551     -0.70268294E-09     -0.71468313E-09     -0.11820132E-03     -0.42455096E-03
    1552     -0.70268924E-09     -0.71468313E-09     -0.11822797E-03     -0.42455096E-03
    1553     -0.70269375E-09     -0.71468313E-09     -0.11824848E-03     -0.42455096E-03
    1554     -0.70270025E-09     -0.71468313E-09     -0.11827781E-03     -0.42455096E-03
    1555     -0.70270682E-09     -0.71468313E-09     -0.11830844E-03     -0.42455096E-03
    1556     -0.70271171E-09     -0.71468313E-09     -0.11833423E-03     -0.42455096E-03
    1557     -0.70271543E-09     -0.71468313E-09     -0.11835331E-03     -0.42455096E-03
    1558     -0.70272343E-09     -0.71468313E-09     -0.11839132E-03     -0.42455096E-03
    1559     -0.70273039E-09     -0.71468313E-09     -0.11842691E-03     -0.42455096E-03
    1560     -0.70274632E-09     -0.71468313E-09     -0.11850377E-03     -0.42455096E-03
    1561     -0.70275499E-09     -0.71468313E-09     -0.11854630E-03     -0.42455096E-03
    1562     -0.70276597E-09     -0.71468313E-09     -0.11860064E-03     -0.42455096E-03
    1563     -0.70277461E-09     -0.71468313E-09     -0.11864389E-03     -0.42455096E-03
    1564     -0.70278182E-09     -0.71468313E-09     -0.11867938E-03     -0.42455096E-03
    1565     -0.70278449E-09     -0.71468313E-09     -0.11869286E-03     -0.42455096E-03
    1566     -0.70279223E-09     -0.71468313E-09     -0.11872168E-03     -0.42455096E-03
    1567     -0.70280035E-09     -0.71468313E-09     -0.11875744E-03     -0.42455096E-03
    1568     -0.70280591E-09     -0.71468313E-09     -0.11877944E-03     -0.42455096E-03
    1569     -0.70281657E-09     -0.71468313E-09     -0.11881551E-03     -0.42455096E-03
    1570     -0.70282240E-09     -0.71468313E-09     -0.11883780E-03     -0.42455096E-03
    1571     -0.70282716E-09     -0.71468313E-09     -0.11885782E-03     -0.42455096E-03
    1572     -0.70284335E-09     -0.71468313E-09     -0.11890956E-03     -0.42455096E-03
    1573     -0.70284932E-09     -0.71468313E-09     -0.11893432E-03     -0.42455096E-03
    1574     -0.70287228E-09     -0.71468313E-09     -0.11899559E-03     -0.42455096E-03
    1575     -0.70288155E-09     -0.71468313E-09     -0.11902930E-03     -0.42455096E-03
    1576     -0.70288612E-09     -0.71468313E-09     -0.11905046E-03     -0.42455096E-03
    1577     -0.70289884E-09     -0.71468313E-09     -0.11908643E-03     -0.42455096E-03
    1578     -0.70290737E-09     -0.71468313E-09     -0.11911970E-03     -0.42455096E-03
    1579     -0.70292179E-09     -0.71468313E-09     -0.11916874E-03     -0.42455096E-03
    1580     -0.70292634E-09     -0.71468313E-09     -0.11919057E-03     -0.42455096E-03
    1581     -0.70293646E-09     -0.71468313E-09     -0.11922709E-03     -0.42455096E-03
    1582     -0.70294347E-09     -0.71468313E-09     -0.11925432E-03     -0.42455096E-03
    1583     -0.70295113E-09     -0.71468313E-09     -0.11928755E-03     -0.42455096E-03
    1584     -0.70296463E-09     -0.71468313E-09     -0.11934292E-03     -0.42455096E-03
    1585     -0.70297048E-09     -0.71468313E-09     -0.11937514E-03     -0.42455096E-03
    1586     -0.70297887E-09     -0.71468313E-09     -0.11941489E-03     -0.42455096E-03
    1587     -0.70298525E-09     -0.71468313E-09     -0.11944696E-03     -0.42455096E-03
    1588     -0.70299011E-09     -0.71468313E-09     -0.11947097E-03     -0.42455096E-03
    1589     -0.70299641E-09     -0.71468313E-09     -0.11949831E-03     -0.42455096E-03
    1590     -0.70300003E-09     -0.71468313E-09     -0.11951883E-03     -0.42455096E-03
    1591     -0.70300413E-09     -0.71468313E-09     -0.11953835E-03     -0.42455096E-03
    1592     -0.70300670E-09     -0.71468313E-09     -0.11955870E-03     -0.42455096E-03
    1593     -0.70301010E-09     -0.71468313E-09     -0.11957659E-03     -0.42455096E-03
    1594     -0.70301225E-09     -0.71468313E-09     -0.11959279E-03     -0.42455096E-03
    1595     -0.70301618E-09     -0.71468313E-09     -0.11961646E-03     -0.42455096E-03
    1596     -0.70302247E-09     -0.71468313E-09     -0.11965011E-03     -0.42455096E-03
    1597     -0.70302679E-09     -0.71468313E-09     -0.11967557E-03     -0.42455096E-03
    1598     -0.70303986E-09     -0.71468313E-09     -0.11972940E-03     -0.42455096E-03
    1599     -0.70304605E-09     -0.71468313E-09     -0.11976207E-03     -0.42455096E-03
    1600     -0.70307178E-09     -0.71468313E-09     -0.11986683E-03     -0.42455096E-03
    1601     -0.70308548E-09     -0.71468313E-09     -0.11992747E-03     -0.42455096E-03
    1602     -0.70310530E-09     -0.71468313E-09     -0.12002240E-03     -0.42455096E-03
    1603     -0.70311703E-09     -0.71468313E-09     -0.12008154E-03     -0.42455096E-03
    1604     -0.70312948E-09     -0.71468313E-09     -0.12015019E-03     -0.42455096E-03
    1605     -0.70314665E-09     -0.71468313E-09     -0.12022995E-03     -0.42455096E-03
    1606     -0.70316324E-09     -0.71468313E-09     -0.12033330E-03     -0.42455096E-03
    1607     -0.70317327E-09     -0.71468313E-09     -0.12037762E-03     -0.42455096E-03
    1608     -0.70317862E-09     -0.71468313E-09     -0.12040505E-03     -0.42455096E-03
    1609     -0.70320933E-09     -0.71468313E-09     -0.12051138E-03     -0.42455096E-03
    1610     -0.70321478E-09     -0.71468313E-09     -0.12053971E-03     -0.42455096E-03
    1611     -0.70323872E-09     -0.71468313E-09     -0.12063040E-03     -0.42455096E-03
    1612     -0.70324552E-09     -0.71468313E-09     -0.12066721E-03     -0.42455096E-03
    1613     -0.70325420E-09     -0.71468313E-09     -0.12071286E-03     -0.42455096E-03
    1614     -0.70326092E-09     -0.71468313E-09     -0.12074549E-03     -0.42455096E-03
    1615     -0.70326716E-09     -0.71468313E-09     -0.12079078E-03     -0.42455096E-03
    1616     -0.70329120E-09     -0.71468313E-09     -0.12087720E-03     -0.42455096E-03
    1617     -0.70329447E-09     -0.71468313E-09     -0.12089755E-03     -0.42455096E-03
    1618     -0.70329856E-09     -0.71468313E-09     -0.12094291E-03     -0.42455096E-03
    1619     -0.70331414E-09     -0.71468313E-09     -0.12103042E-03     -0.42455096E-03
    1620     -0.70331942E-09     -0.71468313E-09     -0.12109707E-03     -0.42455096E-03
    1621     -0.70332454E-09     -0.71468313E-09     -0.12113219E-03     -0.42455096E-03
    1622     -0.70332943E-09     -0.71468313E-09     -0.12118284E-03     -0.42455096E-03
    1623     -0.70333293E-09     -0.71468313E-09     -0.12121492E-03     -0.42455096E-03
    1624     -0.70333713E-09     -0.71468313E-09     -0.12124645E-03     -0.42455096E-03
    1625     -0.70334454E-09     -0.71468313E-09     -0.12132257E-03     -0.42455096E-03
    1626     -0.70334964E-09     -0.71468313E-09     -0.12135989E-03     -0.42455096E-03
    1627     -0.70335520E-09     -0.71468313E-09     -0.12139765E-03     -0.42455096E-03
    1628     -0.70336303E-09     -0.71468313E-09     -0.12144947E-03     -0.42455096E-03
    1629     -0.70337024E-09     -0.71468313E-09     -0.12149189E-03     -0.42455096E-03
    1630     -0.70337686E-09     -0.71468313E-09     -0.12153441E-03     -0.42455096E-03
    1631     -0.70338191E-09     -0.71468313E-09     -0.12156733E-03     -0.42455096E-03
    1632     -0.70338575E-09     -0.71468313E-09     -0.12159185E-03     -0.42455096E-03
    1633     -0.70339059E-09     -0.71468313E-09     -0.12162339E-03     -0.42455096E-03
    1634     -0.70339513E-09     -0.71468313E-09     -0.12165625E-03     -0.42455096E-03
    1635     -0.70339901E-09     -0.71468313E-09     -0.12168472E-03     -0.42455096E-03
    1636     -0.70340689E-09     -0.71468313E-09     -0.12172918E-03     -0.42455096E-03
    1637     -0.70341121E-09     -0.71468313E-09     -0.12176442E-03     -0.42455096E-03
    1638     -0.70341523E-09     -0.71468313E-09     -0.12179158E-03     -0.42455096E-03
    1639     -0.70342251E-09     -0.71468313E-09     -0.12183908E-03     -0.42455096E-03
    1640     -0.70342809E-09     -0.71468313E-09     -0.12186791E-03     -0.42455096E-03
    1641     -0.70343567E-09     -0.71468313E-09     -0.12191670E-03     -0.42455096E-03
    1642     -0.70344275E-09     -0.71468313E-09     -0.12195985E-03     -0.42455096E-03
    1643     -0.70344679E-09     -0.71468313E-09     -0.12198775E-03     -0.42455096E-03
    1644     -0.70345522E-09     -0.71468313E-09     -0.12203585E-03     -0.42455096E-03
    1645     -0.70345913E-09     -0.71468313E-09     -0.12206260E-03     -0.42455096E-03
    1646     -0.70346359E-09     -0.71468313E-09     -0.12209377E-03     -0.42455096E-03
    1647     -0.70346792E-09     -0.71468313E-09     -0.12212100E-03     -0.42455096E-03
    1648     -0.70347204E-09     -0.71468313E-09     -0.12214699E-03     -0.42455096E-03
    1649     -0.70347720E-09     -0.71468313E-09     -0.12217808E-03     -0.42455096E-03
    1650     -0.70347944E-09     -0.71468313E-09     -0.12219317E-03     -0.42455096E-03
    1651     -0.70348394E-09     -0.71468313E-09     -0.12222364E-03     -0.42455096E-03
    1652     -0.70349312E-09     -0.71468313E-09     -0.12227846E-03     -0.42455096E-03
    1653     -0.70349824E-09     -0.71468313E-09     -0.12231606E-03     -0.42455096E-03
    1654     -0.70350411E-09     -0.71468313E-09     -0.12237178E-03     -0.42455096E-03
    1655     -0.70351308E-09     -0.71468313E-09     -0.12243186E-03     -0.42455096E-03
    1656     -0.70351742E-09     -0.71468313E-09     -0.12246219E-03     -0.42455096E-03
    1657     -0.70352220E-09     -0.71468313E-09     -0.12251821E-03     -0.42455096E-03
    1658     -0.70352992E-09     -0.71468313E-09     -0.12256920E-03     -0.42455096E-03
    1659     -0.70354032E-09     -0.71468313E-09     -0.12262613E-03     -0.42455096E-03
    1660     -0.70354927E-09     -0.71468313E-09     -0.12268881E-03     -0.42455096E-03
    1661     -0.70356067E-09     -0.71468313E-09     -0.12276306E-03     -0.42455096E-03
    1662     -0.70356699E-09     -0.71468313E-09     -0.12280502E-03     -0.42455096E-03
    1663     -0.70357152E-09     -0.71468313E-09     -0.12283563E-03     -0.42455096E-03
    1664     -0.70358253E-09     -0.71468313E-09     -0.12289977E-03     -0.42455096E-03
    1665     -0.70359156E-09     -0.71468313E-09     -0.12294715E-03     -0.42455096E-03
    1666     -0.70360469E-09     -0.71468313E-09     -0.12302054E-03     -0.42455096E-03
    1667     -0.70361144E-09     -0.71468313E-09     -0.12305347E-03     -0.42455096E-03
    1668     -0.70362400E-09     -0.71468313E-09     -0.12312511E-03     -0.42455096E-03
    1669     -0.70363331E-09     -0.71468313E-09     -0.12317167E-03     -0.42455096E-03
    1670     -0.70364637E-09     -0.71468313E-09     -0.12324550E-03     -0.42455096E-03
    1671     -0.70366387E-09     -0.71468313E-09     -0.12333155E-03     -0.42455096E-03
    1672     -0.70367111E-09     -0.71468313E-09     -0.12336881E-03     -0.42455096E-03
    1673     -0.70367620E-09     -0.71468313E-09     -0.12339507E-03     -0.42455096E-03
    1674     -0.70368199E-09     -0.71468313E-09     -0.12343552E-03     -0.42455096E-03
    1675     -0.70368805E-09     -0.71468313E-09     -0.12347122E-03     -0.42455096E-03
    1676     -0.70369173E-09     -0.71468313E-09     -0.12349489E-03     -0.42455096E-03
    1677     -0.70370305E-09     -0.71468313E-09     -0.12355382E-03     -0.42455096E-03
    1678     -0.70370911E-09     -0.71468313E-09     -0.12358470E-03     -0.42455096E-03
    1679     -0.70371242E-09     -0.71468313E-09     -0.12360278E-03     -0.42455096E-03
    1680     -0.70371903E-09     -0.71468313E-09     -0.12363416E-03     -0.42455096E-03
    1681     -0.70372398E-09     -0.71468313E-09     -0.12365945E-03     -0.42455096E-03
    1682     -0.70373028E-09     -0.71468313E-09     -0.12369604E-03     -0.42455096E-03
    1683     -0.70373565E-09     -0.71468313E-09     -0.12372609E-03     -0.42455096E-03
    1684     -0.70374038E-09     -0.71468313E-09     -0.12375577E-03     -0.42455096E-03
    1685     -0.70374447E-09     -0.71468313E-09     -0.12377893E-03     -0.42455096E-03
    1686     -0.70374957E-09     -0.71468313E-09     -0.12381193E-03     -0.42455096E-03
    1687     -0.70376622E-09     -0.71468313E-09     -0.12392426E-03     -0.42455096E-03
    1688     -0.70377290E-09     -0.71468313E-09     -0.12395734E-03     -0.42455096E-03
    1689     -0.70378281E-09     -0.71468313E-09     -0.12400535E-03     -0.42455096E-03
    1690     -0.70378807E-09     -0.71468313E-09     -0.12403803E-03     -0.42455096E-03
    1691     -0.70379313E-09     -0.71468313E-09     -0.12406874E-03     -0.42455096E-03
    1692     -0.70380175E-09     -0.71468313E-09     -0.12411801E-03     -0.42455096E-03
    1693     -0.70380607E-09     -0.71468313E-09     -0.12414915E-03     -0.42455096E-03
    1694     -0.70381175E-09     -0.71468313E-09     -0.12418240E-03     -0.42455096E-03
    1695     -0.70381488E-09     -0.71468313E-09     -0.12420265E-03     -0.42455096E-03
    1696     -0.70381981E-09     -0.71468313E-09     -0.12423453E-03     -0.42455096E-03
    1697     -0.70382520E-09     -0.71468313E-09     -0.12426808E-03     -0.42455096E-03
    1698     -0.70383838E-09     -0.71468313E-09     -0.12434228E-03     -0.42455096E-03
    1699     -0.70384369E-09     -0.71468313E-09     -0.12438071E-03     -0.42455096E-03
    1700     -0.70385146E-09     -0.71468313E-09     -0.12443093E-03     -0.42455096E-03
    1701     -0.70385847E-09     -0.71468313E-09     -0.12447802E-03     -0.42455096E-03
    1702     -0.70387029E-09     -0.71468313E-09     -0.12455086E-03     -0.42455096E-03
    1703     -0.70387479E-09     -0.71468313E-09     -0.12458151E-03     -0.42455096E-03
    1704     -0.70388280E-09     -0.71468313E-09     -0.12463139E-03     -0.42455096E-03
    1705     -0.70388917E-09     -0.71468313E-09     -0.12468153E-03     -0.42455096E-03
    1706     -0.70389251E-09     -0.71468313E-09     -0.12470721E-03     -0.42455096E-03
    1707     -0.70390092E-09     -0.71468313E-09     -0.12477692E-03     -0.42455096E-03
    1708     -0.70390475E-09     -0.71468313E-09     -0.12481166E-03     -0.42455096E-03
    1709     -0.70390773E-09     -0.71468313E-09     -0.12483607E-03     -0.42455096E-03
    1710     -0.70391102E-09     -0.71468313E-09     -0.12487397E-03     -0.42455096E-03
    1711     -0.70391637E-09     -0.71468313E-09     -0.12492221E-03     -0.42455096E-03
    1712     -0.70392133E-09     -0.71468313E-09     -0.12496524E-03     -0.42455096E-03
    1713     -0.70392678E-09     -0.71468313E-09     -0.12502035E-03     -0.42455096E-03
    1714     -0.70393210E-09     -0.71468313E-09     -0.12506199E-03     -0.42455096E-03
    1715     -0.70393528E-09     -0.71468313E-09     -0.12508937E-03     -0.42455096E-03
    1716     -0.70394087E-09     -0.71468313E-09     -0.12512532E-03     -0.42455096E-03
    1717     -0.70394573E-09     -0.71468313E-09     -0.12515880E-03     -0.42455096E-03
    1718     -0.70394951E-09     -0.71468313E-09     -0.12519275E-03     -0.42455096E-03
    1719     -0.70395485E-09     -0.71468313E-09     -0.12523578E-03     -0.42455096E-03
    1720     -0.70395976E-09     -0.71468313E-09     -0.12527059E-03     -0.42455096E-03
    1721     -0.70396582E-09     -0.71468313E-09     -0.12532565E-03     -0.42455096E-03
    1722     -0.70397399E-09     -0.71468313E-09     -0.12537421E-03     -0.42455096E-03
    1723     -0.70397868E-09     -0.71468313E-09     -0.12541459E-03     -0.42455096E-03
    1724     -0.70398456E-09     -0.71468313E-09     -0.12545852E-03     -0.42455096E-03
    1725     -0.70398843E-09     -0.71468313E-09     -0.12548997E-03     -0.42455096E-03
    1726     -0.70399231E-09     -0.71468313E-09     -0.12552262E-03     -0.42455096E-03
    1727     -0.70399612E-09     -0.71468313E-09     -0.12555377E-03     -0.42455096E-03
    1728     -0.70400872E-09     -0.71468313E-09     -0.12562178E-03     -0.42455096E-03
    1729     -0.70401482E-09     -0.71468313E-09     -0.12566458E-03     -0.42455096E-03
    1730     -0.70401959E-09     -0.71468313E-09     -0.12569640E-03     -0.42455096E-03
    1731     -0.70402581E-09     -0.71468313E-09     -0.12573731E-03     -0.42455096E-03
    1732     -0.70403176E-09     -0.71468313E-09     -0.12577161E-03     -0.42455096E-03
    1733     -0.70403762E-09     -0.71468313E-09     -0.12581313E-03     -0.42455096E-03
    1734     -0.70404950E-09     -0.71468313E-09     -0.12588609E-03     -0.42455096E-03
    1735     -0.70405577E-09     -0.71468313E-09     -0.12592543E-03     -0.42455096E-03
    1736     -0.70407409E-09     -0.71468313E-09     -0.12601464E-03     -0.42455096E-03
    1737     -0.70409680E-09     -0.71468313E-09     -0.12612499E-03     -0.42455096E-03
    1738     -0.70411224E-09     -0.71468313E-09     -0.12621279E-03     -0.42455096E-03
    1739     -0.70412605E-09     -0.71468313E-09     -0.12628950E-03     -0.42455096E-03
    1740     -0.70413711E-09     -0.71468313E-09     -0.12635174E-03     -0.42455096E-03
    1741     -0.70415591E-09     -0.71468313E-09     -0.12645962E-03     -0.42455096E-03
    1742     -0.70416808E-09     -0.71468313E-09     -0.12653359E-03     -0.42455096E-03
    1743     -0.70418402E-09     -0.71468313E-09     -0.12664943E-03     -0.42455096E-03
    1744     -0.70420194E-09     -0.71468313E-09     -0.12678479E-03     -0.42455096E-03
    1745     -0.70421595E-09     -0.71468313E-09     -0.12687720E-03     -0.42455096E-03
    1746     -0.70422117E-09     -0.71468313E-09     -0.12691878E-03     -0.42455096E-03
    1747     -0.70423077E-09     -0.71468313E-09     -0.12699189E-03     -0.42455096E-03
    1748     -0.70424257E-09     -0.71468313E-09     -0.12707144E-03     -0.42455096E-03
    1749     -0.70425115E-09     -0.71468313E-09     -0.12714399E-03     -0.42455096E-03
    1750     -0.70425855E-09     -0.71468313E-09     -0.12720924E-03     -0.42455096E-03
    1751     -0.70426398E-09     -0.71468313E-09     -0.12725418E-03     -0.42455096E-03
    1752     -0.70426910E-09     -0.71468313E-09     -0.12729667E-03     -0.42455096E-03
    1753     -0.70427514E-09     -0.71468313E-09     -0.12734970E-03     -0.42455096E-03
    1754     -0.70428676E-09     -0.71468313E-09     -0.12743553E-03     -0.42455096E-03
    1755     -0.70429061E-09     -0.71468313E-09     -0.12747083E-03     -0.42455096E-03
    1756     -0.70429578E-09     -0.71468313E-09     -0.12752062E-03     -0.42455096E-03
    1757     -0.70430296E-09     -0.71468313E-09     -0.12757250E-03     -0.42455096E-03
    1758     -0.70430899E-09     -0.71468313E-09     -0.12762703E-03     -0.42455096E-03
    1759     -0.70432422E-09     -0.71468313E-09     -0.12775138E-03     -0.42455096E-03
    1760     -0.70433525E-09     -0.71468313E-09     -0.12783566E-03     -0.42455096E-03
    1761     -0.70434902E-09     -0.71468313E-09     -0.12794142E-03     -0.42455096E-03
    1762     -0.70435883E-09     -0.71468313E-09     -0.12801235E-03     -0.42455096E-03
    1763     -0.70436538E-09     -0.71468313E-09     -0.12806124E-03     -0.42455096E-03
    1764     -0.70436848E-09     -0.71468313E-09     -0.12808801E-03     -0.42455096E-03
    1765     -0.70437156E-09     -0.71468313E-09     -0.12811354E-03     -0.42455096E-03
    1766     -0.70437675E-09     -0.71468313E-09     -0.12815719E-03     -0.42455096E-03
    1767     -0.70438208E-09     -0.71468313E-09     -0.12820026E-03     -0.42455096E-03
    1768     -0.70438688E-09     -0.71468313E-09     -0.12823245E-03     -0.42455096E-03
    1769     -0.70439252E-09     -0.71468313E-09     -0.12827825E-03     -0.42455096E-03
    1770     -0.70439943E-09     -0.71468313E-09     -0.12833048E-03     -0.42455096E-03
    1771     -0.70440334E-09     -0.71468313E-09     -0.12836086E-03     -0.42455096E-03
    1772     -0.70440650E-09     -0.71468313E-09     -0.12838800E-03     -0.42455096E-03
    1773     -0.70441069E-09     -0.71468313E-09     -0.12842288E-03     -0.42455096E-03
    1774     -0.70441615E-09     -0.71468313E-09     -0.12846788E-03     -0.42455096E-03
    1775     -0.70442489E-09     -0.71468313E-09     -0.12854413E-03     -0.42455096E-03
    1776     -0.70442777E-09     -0.71468313E-09     -0.12857158E-03     -0.42455096E-03
    1777     -0.70443391E-09     -0.71468313E-09     -0.12862253E-03     -0.42455096E-03
    1778     -0.70444106E-09     -0.71468313E-09     -0.12868847E-03     -0.42455096E-03
    1779     -0.70444617E-09     -0.71468313E-09     -0.12873048E-03     -0.42455096E-03
    1780     -0.70445159E-09     -0.71468313E-09     -0.12878553E-03     -0.42455096E-03
    1781     -0.70445729E-09     -0.71468313E-09     -0.12886701E-03     -0.42455096E-03
    1782     -0.70446142E-09     -0.71468313E-09     -0.12890393E-03     -0.42455096E-03
    1783     -0.70446495E-09     -0.71468313E-09     -0.12894238E-03     -0.42455096E-03
    1784     -0.70447341E-09     -0.71468313E-09     -0.12901413E-03     -0.42455096E-03
    1785     -0.70448049E-09     -0.71468313E-09     -0.12909122E-03     -0.42455096E-03
    1786     -0.70449191E-09     -0.71468313E-09     -0.12918213E-03     -0.42455096E-03
    1787     -0.70449964E-09     -0.71468313E-09     -0.12926440E-03     -0.42455096E-03
    1788     -0.70450985E-09     -0.71468313E-09     -0.12935886E-03     -0.42455096E-03
    1789     -0.70451856E-09     -0.71468313E-09     -0.12943234E-03     -0.42455096E-03
    1790     -0.70452901E-09     -0.71468313E-09     -0.12953162E-03     -0.42455096E-03
    1791     -0.70453965E-09     -0.71468313E-09     -0.12962046E-03     -0.42455096E-03
    1792     -0.70454400E-09     -0.71468313E-09     -0.12965856E-03     -0.42455096E-03
    1793     -0.70455166E-09     -0.71468313E-09     -0.12973270E-03     -0.42455096E-03
    1794     -0.70456217E-09     -0.71468313E-09     -0.12981249E-03     -0.42455096E-03
    1795     -0.70456991E-09     -0.71468313E-09     -0.12988506E-03     -0.42455096E-03
    1796     -0.70457646E-09     -0.71468313E-09     -0.12994610E-03     -0.42455096E-03
    1797     -0.70458069E-09     -0.71468313E-09     -0.12998157E-03     -0.42455096E-03
    1798     -0.70458831E-09     -0.71468313E-09     -0.13005692E-03     -0.42455096E-03
    1799     -0.70459185E-09     -0.71468313E-09     -0.13009110E-03     -0.42455096E-03
    1800     -0.70459895E-09     -0.71468313E-09     -0.13017325E-03     -0.42455096E-03
    1801     -0.70460441E-09     -0.71468313E-09     -0.13023098E-03     -0.42455096E-03
    1802     -0.70460792E-09     -0.71468313E-09     -0.13026541E-03     -0.42455096E-03
    1803     -0.70461294E-09     -0.71468313E-09     -0.13031664E-03     -0.42455096E-03
    1804     -0.70461553E-09     -0.71468313E-09     -0.13034735E-03     -0.42455096E-03
    1805     -0.70462061E-09     -0.71468313E-09     -0.13040187E-03     -0.42455096E-03
    1806     -0.70462944E-09     -0.71468313E-09     -0.13046973E-03     -0.42455096E-03
    1807     -0.70465036E-09     -0.71468313E-09     -0.13058109E-03     -0.42455096E-03
    1808     -0.70465664E-09     -0.71468313E-09     -0.13062803E-03     -0.42455096E-03
    1809     -0.70466927E-09     -0.71468313E-09     -0.13069814E-03     -0.42455096E-03
    1810     -0.70467817E-09     -0.71468313E-09     -0.13074829E-03     -0.42455096E-03
    1811     -0.70468171E-09     -0.71468313E-09     -0.13078678E-03     -0.42455096E-03
    1812     -0.70469176E-09     -0.71468313E-09     -0.13084991E-03     -0.42455096E-03
    1813     -0.70469839E-09     -0.71468313E-09     -0.13089360E-03     -0.42455096E-03
    1814     -0.70470719E-09     -0.71468313E-09     -0.13094730E-03     -0.42455096E-03
    1815     -0.70472739E-09     -0.71468313E-09     -0.13106088E-03     -0.42455096E-03
    1816     -0.70473194E-09     -0.71468313E-09     -0.13109722E-03     -0.42455096E-03
    1817     -0.70473512E-09     -0.71468313E-09     -0.13112820E-03     -0.42455096E-03
    1818     -0.70473897E-09     -0.71468313E-09     -0.13116659E-03     -0.42455096E-03
    1819     -0.70474645E-09     -0.71468313E-09     -0.13120967E-03     -0.42455096E-03
    1820     -0.70474971E-09     -0.71468313E-09     -0.13123255E-03     -0.42455096E-03
    1821     -0.70475323E-09     -0.71468313E-09     -0.13126290E-03     -0.42455096E-03
    1822     -0.70475703E-09     -0.71468313E-09     -0.13129517E-03     -0.42455096E-03
    1823     -0.70476271E-09     -0.71468313E-09     -0.13133818E-03     -0.42455096E-03
    1824     -0.70476733E-09     -0.71468313E-09     -0.13137372E-03     -0.42455096E-03
    1825     -0.70477213E-09     -0.71468313E-09     -0.13141441E-03     -0.42455096E-03
    1826     -0.70477469E-09     -0.71468313E-09     -0.13144256E-03     -0.42455096E-03
    1827     -0.70477834E-09     -0.71468313E-09     -0.13148030E-03     -0.42455096E-03
    1828     -0.70478209E-09     -0.71468313E-09     -0.13152203E-03     -0.42455096E-03
    1829     -0.70478710E-09     -0.71468313E-09     -0.13156487E-03     -0.42455096E-03
    1830     -0.70479172E-09     -0.71468313E-09     -0.13160708E-03     -0.42455096E-03
    1831     -0.70479744E-09     -0.71468313E-09     -0.13166498E-03     -0.42455096E-03
    1832     -0.70480140E-09     -0.71468313E-09     -0.13170755E-03     -0.42455096E-03
    1833     -0.70480562E-09     -0.71468313E-09     -0.13174653E-03     -0.42455096E-03
    1834     -0.70480988E-09     -0.71468313E-09     -0.13178988E-03     -0.42455096E-03
    1835     -0.70481347E-09     -0.71468313E-09     -0.13182640E-03     -0.42455096E-03
    1836     -0.70481704E-09     -0.71468313E-09     -0.13186518E-03     -0.42455096E-03
    1837     -0.70481980E-09     -0.71468313E-09     -0.13189488E-03     -0.42455096E-03
    1838     -0.70482249E-09     -0.71468313E-09     -0.13193087E-03     -0.42455096E-03
    1839     -0.70482540E-09     -0.71468313E-09     -0.13197820E-03     -0.42455096E-03
    1840     -0.70482854E-09     -0.71468313E-09     -0.13201011E-03     -0.42455096E-03
    1841     -0.70483117E-09     -0.71468313E-09     -0.13204533E-03     -0.42455096E-03
    1842     -0.70483271E-09     -0.71468313E-09     -0.13206587E-03     -0.42455096E-03
    1843     -0.70483557E-09     -0.71468313E-09     -0.13209331E-03     -0.42455096E-03
    1844     -0.70484041E-09     -0.71468313E-09     -0.13214888E-03     -0.42455096E-03
    1845     -0.70484334E-09     -0.71468313E-09     -0.13218672E-03     -0.42455096E-03
    1846     -0.70484632E-09     -0.71468313E-09     -0.13221567E-03     -0.42455096E-03
    1847     -0.70484906E-09     -0.71468313E-09     -0.13224425E-03     -0.42455096E-03
    1848     -0.70485180E-09     -0.71468313E-09     -0.13227419E-03     -0.42455096E-03
    1849     -0.70485456E-09     -0.71468313E-09     -0.13230781E-03     -0.42455096E-03
    1850     -0.70485647E-09     -0.71468313E-09     -0.13232685E-03     -0.42455096E-03
    1851     -0.70486040E-09     -0.71468313E-09     -0.13237555E-03     -0.42455096E-03
    1852     -0.70486457E-09     -0.71468313E-09     -0.13244013E-03     -0.42455096E-03
    1853     -0.70486744E-09     -0.71468313E-09     -0.13249008E-03     -0.42455096E-03
    1854     -0.70487076E-09     -0.71468313E-09     -0.13253110E-03     -0.42455096E-03
    1855     -0.70487342E-09     -0.71468313E-09     -0.13256271E-03     -0.42455096E-03
    1856     -0.70487662E-09     -0.71468313E-09     -0.13259897E-03     -0.42455096E-03
    1857     -0.70487908E-09     -0.71468313E-09     -0.13262271E-03     -0.42455096E-03
    1858     -0.70488171E-09     -0.71468313E-09     -0.13265282E-03     -0.42455096E-03
    1859     -0.70488296E-09     -0.71468313E-09     -0.13266947E-03     -0.42455096E-03
    1860     -0.70488513E-09     -0.71468313E-09     -0.13269292E-03     -0.42455096E-03
    1861     -0.70488772E-09     -0.71468313E-09     -0.13271852E-03     -0.42455096E-03
    1862     -0.70488998E-09     -0.71468313E-09     -0.13274063E-03     -0.42455096E-03
    1863     -0.70489296E-09     -0.71468313E-09     -0.13277150E-03     -0.42455096E-03
    1864     -0.70489509E-09     -0.71468313E-09     -0.13279669E-03     -0.42455096E-03
    1865     -0.70489773E-09     -0.71468313E-09     -0.13282416E-03     -0.42455096E-03
    1866     -0.70490125E-09     -0.71468313E-09     -0.13285680E-03     -0.42455096E-03
    1867     -0.70490472E-09     -0.71468313E-09     -0.13288861E-03     -0.42455096E-03
    1868     -0.70490823E-09     -0.71468313E-09     -0.13292182E-03     -0.42455096E-03
    1869     -0.70491159E-09     -0.71468313E-09     -0.13295121E-03     -0.42455096E-03
    1870     -0.70491473E-09     -0.71468313E-09     -0.13297822E-03     -0.42455096E-03
    1871     -0.70491833E-09     -0.71468313E-09     -0.13301654E-03     -0.42455096E-03
    1872     -0.70492163E-09     -0.71468313E-09     -0.13304761E-03     -0.42455096E-03
    1873     -0.70492715E-09     -0.71468313E-09     -0.13310364E-03     -0.42455096E-03
    1874     -0.70493048E-09     -0.71468313E-09     -0.13313404E-03     -0.42455096E-03
    1875     -0.70493445E-09     -0.71468313E-09     -0.13317616E-03     -0.42455096E-03
    1876     -0.70493844E-09     -0.71468313E-09     -0.13321618E-03     -0.42455096E-03
    1877     -0.70494130E-09     -0.71468313E-09     -0.13324874E-03     -0.42455096E-03
    1878     -0.70494505E-09     -0.71468313E-09     -0.13327887E-03     -0.42455096E-03
    1879     -0.70494798E-09     -0.71468313E-09     -0.13330910E-03     -0.42455096E-03
    1880     -0.70495329E-09     -0.71468313E-09     -0.13336342E-03     -0.42455096E-03
    1881     -0.70495924E-09     -0.71468313E-09     -0.13341872E-03     -0.42455096E-03
    1882     -0.70496402E-09     -0.71468313E-09     -0.13346325E-03     -0.42455096E-03
    1883     -0.70496721E-09     -0.71468313E-09     -0.13349072E-03     -0.42455096E-03
    1884     -0.70497461E-09     -0.71468313E-09     -0.13355660E-03     -0.42455096E-03
    1885     -0.70498108E-09     -0.71468313E-09     -0.13361038E-03     -0.42455096E-03
    1886     -0.70498925E-09     -0.71468313E-09     -0.13367229E-03     -0.42455096E-03
    1887     -0.70499415E-09     -0.71468313E-09     -0.13372454E-03     -0.42455096E-03
    1888     -0.70500147E-09     -0.71468313E-09     -0.13378612E-03     -0.42455096E-03
    1889     -0.70500599E-09     -0.71468313E-09     -0.13383126E-03     -0.42455096E-03
    1890     -0.70501982E-09     -0.71468313E-09     -0.13393265E-03     -0.42455096E-03
    1891     -0.70503212E-09     -0.71468313E-09     -0.13403033E-03     -0.42455096E-03
    1892     -0.70503626E-09     -0.71468313E-09     -0.13407405E-03     -0.42455096E-03
    1893     -0.70504118E-09     -0.71468313E-09     -0.13411243E-03     -0.42455096E-03
    1894     -0.70504962E-09     -0.71468313E-09     -0.13419987E-03     -0.42455096E-03
    1895     -0.70505419E-09     -0.71468313E-09     -0.13424560E-03     -0.42455096E-03
    1896     -0.70506659E-09     -0.71468313E-09     -0.13436283E-03     -0.42455096E-03
    1897     -0.70507499E-09     -0.71468313E-09     -0.13444689E-03     -0.42455096E-03
    1898     -0.70507939E-09     -0.71468313E-09     -0.13448881E-03     -0.42455096E-03
    1899     -0.70508388E-09     -0.71468313E-09     -0.13453350E-03     -0.42455096E-03
    1900     -0.70509245E-09     -0.71468313E-09     -0.13461467E-03     -0.42455096E-03
    1901     -0.70509643E-09     -0.71468313E-09     -0.13466304E-03     -0.42455096E-03
    1902     -0.70510635E-09     -0.71468313E-09     -0.13476622E-03     -0.42455096E-03
    1903     -0.70511111E-09     -0.71468313E-09     -0.13481176E-03     -0.42455096E-03
    1904     -0.70511501E-09     -0.71468313E-09     -0.13485462E-03     -0.42455096E-03
    1905     -0.70511841E-09     -0.71468313E-09     -0.13489392E-03     -0.42455096E-03
    1906     -0.70512377E-09     -0.71468313E-09     -0.13495847E-03     -0.42455096E-03
    1907     -0.70513034E-09     -0.71468313E-09     -0.13505141E-03     -0.42455096E-03
    1908     -0.70513690E-09     -0.71468313E-09     -0.13512171E-03     -0.42455096E-03
    1909     -0.70514135E-09     -0.71468313E-09     -0.13517556E-03     -0.42455096E-03
    1910     -0.70514507E-09     -0.71468313E-09     -0.13521435E-03     -0.42455096E-03
    1911     -0.70514922E-09     -0.71468313E-09     -0.13526360E-03     -0.42455096E-03
    1912     -0.70515705E-09     -0.71468313E-09     -0.13536950E-03     -0.42455096E-03
    1913     -0.70516109E-09     -0.71468313E-09     -0.13541963E-03     -0.42455096E-03
    1914     -0.70516380E-09     -0.71468313E-09     -0.13545795E-03     -0.42455096E-03
    1915     -0.70516743E-09     -0.71468313E-09     -0.13550168E-03     -0.42455096E-03
    1916     -0.70517144E-09     -0.71468313E-09     -0.13554221E-03     -0.42455096E-03
    1917     -0.70517459E-09     -0.71468313E-09     -0.13558398E-03     -0.42455096E-03
    1918     -0.70517790E-09     -0.71468313E-09     -0.13561884E-03     -0.42455096E-03
    1919     -0.70518077E-09     -0.71468313E-09     -0.13565525E-03     -0.42455096E-03
    1920     -0.70518360E-09     -0.71468313E-09     -0.13568260E-03     -0.42455096E-03
    1921     -0.70518673E-09     -0.71468313E-09     -0.13571522E-03     -0.42455096E-03
    1922     -0.70518911E-09     -0.71468313E-09     -0.13573976E-03     -0.42455096E-03
    1923     -0.70519221E-09     -0.71468313E-09     -0.13577817E-03     -0.42455096E-03
    1924     -0.70519553E-09     -0.71468313E-09     -0.13582430E-03     -0.42455096E-03
    1925     -0.70519801E-09     -0.71468313E-09     -0.13585498E-03     -0.42455096E-03
    1926     -0.70520076E-09     -0.71468313E-09     -0.13588396E-03     -0.42455096E-03
    1927     -0.70520329E-09     -0.71468313E-09     -0.13591187E-03     -0.42455096E-03
    1928     -0.70520598E-09     -0.71468313E-09     -0.13594793E-03     -0.42455096E-03
    1929     -0.70520881E-09     -0.71468313E-09     -0.13597692E-03     -0.42455096E-03
    1930     -0.70521123E-09     -0.71468313E-09     -0.13599755E-03     -0.42455096E-03
    1931     -0.70521397E-09     -0.71468313E-09     -0.13602628E-03     -0.42455096E-03
    1932     -0.70521672E-09     -0.71468313E-09     -0.13605593E-03     -0.42455096E-03
    1933     -0.70522266E-09     -0.71468313E-09     -0.13610904E-03     -0.42455096E-03
    1934     -0.70522495E-09     -0.71468313E-09     -0.13613147E-03     -0.42455096E-03
    1935     -0.70522689E-09     -0.71468313E-09     -0.13615592E-03     -0.42455096E-03
    1936     -0.70523059E-09     -0.71468313E-09     -0.13618780E-03     -0.42455096E-03
    1937     -0.70523423E-09     -0.71468313E-09     -0.13622791E-03     -0.42455096E-03
    1938     -0.70523706E-09     -0.71468313E-09     -0.13625949E-03     -0.42455096E-03
    1939     -0.70524210E-09     -0.71468313E-09     -0.13630786E-03     -0.42455096E-03
    1940     -0.70525106E-09     -0.71468313E-09     -0.13639011E-03     -0.42455096E-03
    1941     -0.70525501E-09     -0.71468313E-09     -0.13642778E-03     -0.42455096E-03
    1942     -0.70526398E-09     -0.71468313E-09     -0.13650672E-03     -0.42455096E-03
    1943     -0.70526798E-09     -0.71468313E-09     -0.13654735E-03     -0.42455096E-03
    1944     -0.70527065E-09     -0.71468313E-09     -0.13657846E-03     -0.42455096E-03
    1945     -0.70527607E-09     -0.71468313E-09     -0.13662609E-03     -0.42455096E-03
    1946     -0.70528873E-09     -0.71468313E-09     -0.13672793E-03     -0.42455096E-03
    1947     -0.70530533E-09     -0.71468313E-09     -0.13687209E-03     -0.42455096E-03
    1948     -0.70531009E-09     -0.71468313E-09     -0.13692494E-03     -0.42455096E-03
    1949     -0.70531413E-09     -0.71468313E-09     -0.13696862E-03     -0.42455096E-03
    1950     -0.70532296E-09     -0.71468313E-09     -0.13703268E-03     -0.42455096E-03
    1951     -0.70532755E-09     -0.71468313E-09     -0.13707310E-03     -0.42455096E-03
    1952     -0.70533185E-09     -0.71468313E-09     -0.13710915E-03     -0.42455096E-03
    1953     -0.70533969E-09     -0.71468313E-09     -0.13718529E-03     -0.42455096E-03
    1954     -0.70536067E-09     -0.71468313E-09     -0.13735973E-03     -0.42455096E-03
    1955     -0.70536761E-09     -0.71468313E-09     -0.13743471E-03     -0.42455096E-03
    1956     -0.70537418E-09     -0.71468313E-09     -0.13750398E-03     -0.42455096E-03
    1957     -0.70539654E-09     -0.71468313E-09     -0.13769812E-03     -0.42455096E-03
    1958     -0.70540362E-09     -0.71468313E-09     -0.13777873E-03     -0.42455096E-03
    1959     -0.70541223E-09     -0.71468313E-09     -0.13787359E-03     -0.42455096E-03
    1960     -0.70541634E-09     -0.71468313E-09     -0.13792673E-03     -0.42455096E-03
    1961     -0.70542312E-09     -0.71468313E-09     -0.13801251E-03     -0.42455096E-03
    1962     -0.70543215E-09     -0.71468313E-09     -0.13811554E-03     -0.42455096E-03
    1963     -0.70543623E-09     -0.71468313E-09     -0.13815803E-03     -0.42455096E-03
    1964     -0.70544358E-09     -0.71468313E-09     -0.13823725E-03     -0.42455096E-03
    1965     -0.70545011E-09     -0.71468313E-09     -0.13831802E-03     -0.42455096E-03
    1966     -0.70545611E-09     -0.71468313E-09     -0.13837816E-03     -0.42455096E-03
    1967     -0.70546283E-09     -0.71468313E-09     -0.13846577E-03     -0.42455096E-03
    1968     -0.70547206E-09     -0.71468313E-09     -0.13857879E-03     -0.42455096E-03
    1969     -0.70547899E-09     -0.71468313E-09     -0.13868407E-03     -0.42455096E-03
    1970     -0.70548545E-09     -0.71468313E-09     -0.13876464E-03     -0.42455096E-03
    1971     -0.70549011E-09     -0.71468313E-09     -0.13882088E-03     -0.42455096E-03
    1972     -0.70549662E-09     -0.71468313E-09     -0.13889756E-03     -0.42455096E-03
    1973     -0.70550189E-09     -0.71468313E-09     -0.13896257E-03     -0.42455096E-03
    1974     -0.70550578E-09     -0.71468313E-09     -0.13901084E-03     -0.42455096E-03
    1975     -0.70551175E-09     -0.71468313E-09     -0.13909859E-03     -0.42455096E-03
    1976     -0.70551732E-09     -0.71468313E-09     -0.13917134E-03     -0.42455096E-03
    1977     -0.70552268E-09     -0.71468313E-09     -0.13925102E-03     -0.42455096E-03
    1978     -0.70552639E-09     -0.71468313E-09     -0.13930396E-03     -0.42455096E-03
    1979     -0.70553234E-09     -0.71468313E-09     -0.13938730E-03     -0.42455096E-03
    1980     -0.70553921E-09     -0.71468313E-09     -0.13948796E-03     -0.42455096E-03
    1981     -0.70554352E-09     -0.71468313E-09     -0.13955133E-03     -0.42455096E-03
    1982     -0.70554885E-09     -0.71468313E-09     -0.13962345E-03     -0.42455096E-03
    1983     -0.70555190E-09     -0.71468313E-09     -0.13966380E-03     -0.42455096E-03
    1984     -0.70555584E-09     -0.71468313E-09     -0.13971551E-03     -0.42455096E-03
    1985     -0.70555905E-09     -0.71468313E-09     -0.13975315E-03     -0.42455096E-03
    1986     -0.70556287E-09     -0.71468313E-09     -0.13979753E-03     -0.42455096E-03
    1987     -0.70556609E-09     -0.71468313E-09     -0.13983902E-03     -0.42455096E-03
    1988     -0.70556907E-09     -0.71468313E-09     -0.13987795E-03     -0.42455096E-03
    1989     -0.70557202E-09     -0.71468313E-09     -0.13991741E-03     -0.42455096E-03
    1990     -0.70557527E-09     -0.71468313E-09     -0.13996494E-03     -0.42455096E-03
    1991     -0.70557905E-09     -0.71468313E-09     -0.14001374E-03     -0.42455096E-03
    1992     -0.70558135E-09     -0.71468313E-09     -0.14004474E-03     -0.42455096E-03
    1993     -0.70558335E-09     -0.71468313E-09     -0.14007029E-03     -0.42455096E-03
    1994     -0.70558534E-09     -0.71468313E-09     -0.14009971E-03     -0.42455096E-03
    1995     -0.70558999E-09     -0.71468313E-09     -0.14016191E-03     -0.42455096E-03
    1996     -0.70559329E-09     -0.71468313E-09     -0.14020695E-03     -0.42455096E-03
    1997     -0.70559576E-09     -0.71468313E-09     -0.14023957E-03     -0.42455096E-03
    1998     -0.70560073E-09     -0.71468313E-09     -0.14030486E-03     -0.42455096E-03
    1999     -0.70560366E-09     -0.71468313E-09     -0.14034294E-03     -0.42455096E-03
    2000     -0.70560665E-09     -0.71468313E-09     -0.14038195E-03     -0.42455096E-03
    2001     -0.70561015E-09     -0.71468313E-09     -0.14042576E-03     -0.42455096E-03
    2002     -0.70561361E-09     -0.71468313E-09     -0.14046563E-03     -0.42455096E-03
    2003     -0.70561764E-09     -0.71468313E-09     -0.14051554E-03     -0.42455096E-03
    2004     -0.70562040E-09     -0.71468313E-09     -0.14055237E-03     -0.42455096E-03
    2005     -0.70562369E-09     -0.71468313E-09     -0.14059359E-03     -0.42455096E-03
    2006     -0.70563067E-09     -0.71468313E-09     -0.14069086E-03     -0.42455096E-03
    2007     -0.70563441E-09     -0.71468313E-09     -0.14074164E-03     -0.42455096E-03
    2008     -0.70563818E-09     -0.71468313E-09     -0.14079508E-03     -0.42455096E-03
    2009     -0.70564129E-09     -0.71468313E-09     -0.14083402E-03     -0.42455096E-03
    2010     -0.70564510E-09     -0.71468313E-09     -0.14088312E-03     -0.42455096E-03
    2011     -0.70565143E-09     -0.71468313E-09     -0.14098149E-03     -0.42455096E-03
    2012     -0.70565627E-09     -0.71468313E-09     -0.14105588E-03     -0.42455096E-03
    2013     -0.70566104E-09     -0.71468313E-09     -0.14112564E-03     -0.42455096E-03
    2014     -0.70566641E-09     -0.71468313E-09     -0.14121421E-03     -0.42455096E-03
    2015     -0.70567089E-09     -0.71468313E-09     -0.14127580E-03     -0.42455096E-03
    2016     -0.70567562E-09     -0.71468313E-09     -0.14134270E-03     -0.42455096E-03
    2017     -0.70567986E-09     -0.71468313E-09     -0.14139420E-03     -0.42455096E-03
    2018     -0.70568447E-09     -0.71468313E-09     -0.14146435E-03     -0.42455096E-03
    2019     -0.70568832E-09     -0.71468313E-09     -0.14151167E-03     -0.42455096E-03
    2020     -0.70569235E-09     -0.71468313E-09     -0.14157758E-03     -0.42455096E-03
    2021     -0.70569805E-09     -0.71468313E-09     -0.14165337E-03     -0.42455096E-03
    2022     -0.70570239E-09     -0.71468313E-09     -0.14170559E-03     -0.42455096E-03
    2023     -0.70570660E-09     -0.71468313E-09     -0.14176272E-03     -0.42455096E-03
    2024     -0.70571090E-09     -0.71468313E-09     -0.14183710E-03     -0.42455096E-03
    2025     -0.70571525E-09     -0.71468313E-09     -0.14189266E-03     -0.42455096E-03
    2026     -0.70571893E-09     -0.71468313E-09     -0.14194020E-03     -0.42455096E-03
    2027     -0.70572451E-09     -0.71468313E-09     -0.14201710E-03     -0.42455096E-03
    2028     -0.70573033E-09     -0.71468313E-09     -0.14209172E-03     -0.42455096E-03
    2029     -0.70573594E-09     -0.71468313E-09     -0.14216685E-03     -0.42455096E-03
    2030     -0.70574276E-09     -0.71468313E-09     -0.14224125E-03     -0.42455096E-03
    2031     -0.70574920E-09     -0.71468313E-09     -0.14231503E-03     -0.42455096E-03
    2032     -0.70575429E-09     -0.71468313E-09     -0.14239213E-03     -0.42455096E-03
    2033     -0.70575991E-09     -0.71468313E-09     -0.14246364E-03     -0.42455096E-03
    2034     -0.70576661E-09     -0.71468313E-09     -0.14254357E-03     -0.42455096E-03
    2035     -0.70577544E-09     -0.71468313E-09     -0.14264358E-03     -0.42455096E-03
    2036     -0.70578109E-09     -0.71468313E-09     -0.14270651E-03     -0.42455096E-03
    2037     -0.70578603E-09     -0.71468313E-09     -0.14276558E-03     -0.42455096E-03
    2038     -0.70579091E-09     -0.71468313E-09     -0.14283308E-03     -0.42455096E-03
    2039     -0.70579789E-09     -0.71468313E-09     -0.14291236E-03     -0.42455096E-03
    2040     -0.70580218E-09     -0.71468313E-09     -0.14296783E-03     -0.42455096E-03
    2041     -0.70581149E-09     -0.71468313E-09     -0.14305061E-03     -0.42455096E-03
    2042     -0.70581770E-09     -0.71468313E-09     -0.14313047E-03     -0.42455096E-03
    2043     -0.70582929E-09     -0.71468313E-09     -0.14323207E-03     -0.42455096E-03
    2044     -0.70583420E-09     -0.71468313E-09     -0.14330033E-03     -0.42455096E-03
    2045     -0.70583851E-09     -0.71468313E-09     -0.14334864E-03     -0.42455096E-03
    2046     -0.70584275E-09     -0.71468313E-09     -0.14340648E-03     -0.42455096E-03
    2047     -0.70584584E-09     -0.71468313E-09     -0.14345018E-03     -0.42455096E-03
    2048     -0.70584840E-09     -0.71468313E-09     -0.14349427E-03     -0.42455096E-03
    2049     -0.70585065E-09     -0.71468313E-09     -0.14352762E-03     -0.42455096E-03
    2050     -0.70585435E-09     -0.71468313E-09     -0.14357692E-03     -0.42455096E-03
    2051     -0.70585690E-09     -0.71468313E-09     -0.14361542E-03     -0.42455096E-03
    2052     -0.70586381E-09     -0.71468313E-09     -0.14370704E-03     -0.42455096E-03
    2053     -0.70587202E-09     -0.71468313E-09     -0.14382015E-03     -0.42455096E-03
    2054     -0.70587890E-09     -0.71468313E-09     -0.14391533E-03     -0.42455096E-03
    2055     -0.70588432E-09     -0.71468313E-09     -0.14399085E-03     -0.42455096E-03
    2056     -0.70588830E-09     -0.71468313E-09     -0.14404194E-03     -0.42455096E-03
    2057     -0.70589258E-09     -0.71468313E-09     -0.14409104E-03     -0.42455096E-03
    2058     -0.70589790E-09     -0.71468313E-09     -0.14413957E-03     -0.42455096E-03
    2059     -0.70590715E-09     -0.71468313E-09     -0.14423274E-03     -0.42455096E-03
    2060     -0.70591063E-09     -0.71468313E-09     -0.14427937E-03     -0.42455096E-03
    2061     -0.70591504E-09     -0.71468313E-09     -0.14434626E-03     -0.42455096E-03
    2062     -0.70592140E-09     -0.71468313E-09     -0.14443828E-03     -0.42455096E-03
    2063     -0.70592387E-09     -0.71468313E-09     -0.14448048E-03     -0.42455096E-03
    2064     -0.70592734E-09     -0.71468313E-09     -0.14452134E-03     -0.42455096E-03
    2065     -0.70593001E-09     -0.71468313E-09     -0.14455552E-03     -0.42455096E-03
    2066     -0.70593437E-09     -0.71468313E-09     -0.14461372E-03     -0.42455096E-03
    2067     -0.70593964E-09     -0.71468313E-09     -0.14467409E-03     -0.42455096E-03
    2068     -0.70594425E-09     -0.71468313E-09     -0.14473481E-03     -0.42455096E-03
    2069     -0.70594863E-09     -0.71468313E-09     -0.14479168E-03     -0.42455096E-03
    2070     -0.70595156E-09     -0.71468313E-09     -0.14482895E-03     -0.42455096E-03
    2071     -0.70595501E-09     -0.71468313E-09     -0.14487725E-03     -0.42455096E-03
    2072     -0.70595801E-09     -0.71468313E-09     -0.14492332E-03     -0.42455096E-03
    2073     -0.70596149E-09     -0.71468313E-09     -0.14496813E-03     -0.42455096E-03
    2074     -0.70596330E-09     -0.71468313E-09     -0.14499482E-03     -0.42455096E-03
    2075     -0.70596616E-09     -0.71468313E-09     -0.14503570E-03     -0.42455096E-03
    2076     -0.70596855E-09     -0.71468313E-09     -0.14506633E-03     -0.42455096E-03
    2077     -0.70597082E-09     -0.71468313E-09     -0.14509584E-03     -0.42455096E-03
    2078     -0.70597425E-09     -0.71468313E-09     -0.14514092E-03     -0.42455096E-03
    2079     -0.70597836E-09     -0.71468313E-09     -0.14519925E-03     -0.42455096E-03
    2080     -0.70598202E-09     -0.71468313E-09     -0.14524995E-03     -0.42455096E-03
    2081     -0.70598585E-09     -0.71468313E-09     -0.14529852E-03     -0.42455096E-03
    2082     -0.70598906E-09     -0.71468313E-09     -0.14534252E-03     -0.42455096E-03
    2083     -0.70599352E-09     -0.71468313E-09     -0.14540870E-03     -0.42455096E-03
    2084     -0.70599730E-09     -0.71468313E-09     -0.14547502E-03     -0.42455096E-03
    2085     -0.70600118E-09     -0.71468313E-09     -0.14553210E-03     -0.42455096E-03
    2086     -0.70600485E-09     -0.71468313E-09     -0.14558756E-03     -0.42455096E-03
    2087     -0.70600876E-09     -0.71468313E-09     -0.14565291E-03     -0.42455096E-03
    2088     -0.70601323E-09     -0.71468313E-09     -0.14572918E-03     -0.42455096E-03
    2089     -0.70601696E-09     -0.71468313E-09     -0.14578657E-03     -0.42455096E-03
    2090     -0.70602184E-09     -0.71468313E-09     -0.14586682E-03     -0.42455096E-03
    2091     -0.70602569E-09     -0.71468313E-09     -0.14592547E-03     -0.42455096E-03
    2092     -0.70602907E-09     -0.71468313E-09     -0.14597311E-03     -0.42455096E-03
    2093     -0.70603147E-09     -0.71468313E-09     -0.14601112E-03     -0.42455096E-03
    2094     -0.70603573E-09     -0.71468313E-09     -0.14607504E-03     -0.42455096E-03
    2095     -0.70604422E-09     -0.71468313E-09     -0.14621734E-03     -0.42455096E-03
    2096     -0.70604866E-09     -0.71468313E-09     -0.14627748E-03     -0.42455096E-03
    2097     -0.70605724E-09     -0.71468313E-09     -0.14642467E-03     -0.42455096E-03
    2098     -0.70606563E-09     -0.71468313E-09     -0.14656990E-03     -0.42455096E-03
    2099     -0.70606972E-09     -0.71468313E-09     -0.14662915E-03     -0.42455096E-03
    2100     -0.70607754E-09     -0.71468313E-09     -0.14675428E-03     -0.42455096E-03
    2101     -0.70608454E-09     -0.71468313E-09     -0.14686714E-03     -0.42455096E-03
    2102     -0.70609270E-09     -0.71468313E-09     -0.14699023E-03     -0.42455096E-03
    2103     -0.70609889E-09     -0.71468313E-09     -0.14708557E-03     -0.42455096E-03
    2104     -0.70610410E-09     -0.71468313E-09     -0.14715667E-03     -0.42455096E-03
    2105     -0.70611235E-09     -0.71468313E-09     -0.14727896E-03     -0.42455096E-03
    2106     -0.70611933E-09     -0.71468313E-09     -0.14738669E-03     -0.42455096E-03
    2107     -0.70612616E-09     -0.71468313E-09     -0.14749962E-03     -0.42455096E-03
    2108     -0.70613189E-09     -0.71468313E-09     -0.14758065E-03     -0.42455096E-03
    2109     -0.70613704E-09     -0.71468313E-09     -0.14765605E-03     -0.42455096E-03
    2110     -0.70614551E-09     -0.71468313E-09     -0.14777087E-03     -0.42455096E-03
    2111     -0.70615072E-09     -0.71468313E-09     -0.14784474E-03     -0.42455096E-03
    2112     -0.70615495E-09     -0.71468313E-09     -0.14790628E-03     -0.42455096E-03
    2113     -0.70616123E-09     -0.71468313E-09     -0.14799069E-03     -0.42455096E-03
    2114     -0.70616537E-09     -0.71468313E-09     -0.14804786E-03     -0.42455096E-03
    2115     -0.70617100E-09     -0.71468313E-09     -0.14812613E-03     -0.42455096E-03
    2116     -0.70617559E-09     -0.71468313E-09     -0.14819312E-03     -0.42455096E-03
    2117     -0.70618022E-09     -0.71468313E-09     -0.14825740E-03     -0.42455096E-03
    2118     -0.70619070E-09     -0.71468313E-09     -0.14837297E-03     -0.42455096E-03
    2119     -0.70619549E-09     -0.71468313E-09     -0.14844208E-03     -0.42455096E-03
    2120     -0.70620455E-09     -0.71468313E-09     -0.14855438E-03     -0.42455096E-03
    2121     -0.70621154E-09     -0.71468313E-09     -0.14863309E-03     -0.42455096E-03
    2122     -0.70621616E-09     -0.71468313E-09     -0.14870170E-03     -0.42455096E-03
    2123     -0.70621924E-09     -0.71468313E-09     -0.14873874E-03     -0.42455096E-03
    2124     -0.70622378E-09     -0.71468313E-09     -0.14881616E-03     -0.42455096E-03
    2125     -0.70622749E-09     -0.71468313E-09     -0.14887153E-03     -0.42455096E-03
    2126     -0.70623089E-09     -0.71468313E-09     -0.14891561E-03     -0.42455096E-03
    2127     -0.70623385E-09     -0.71468313E-09     -0.14896254E-03     -0.42455096E-03
    2128     -0.70623645E-09     -0.71468313E-09     -0.14899375E-03     -0.42455096E-03
    2129     -0.70623871E-09     -0.71468313E-09     -0.14902953E-03     -0.42455096E-03
    2130     -0.70624099E-09     -0.71468313E-09     -0.14905943E-03     -0.42455096E-03
    2131     -0.70624336E-09     -0.71468313E-09     -0.14909087E-03     -0.42455096E-03
    2132     -0.70624536E-09     -0.71468313E-09     -0.14911461E-03     -0.42455096E-03
    2133     -0.70624784E-09     -0.71468313E-09     -0.14914641E-03     -0.42455096E-03
    2134     -0.70625139E-09     -0.71468313E-09     -0.14919483E-03     -0.42455096E-03
    2135     -0.70625392E-09     -0.71468313E-09     -0.14922626E-03     -0.42455096E-03
    2136     -0.70625624E-09     -0.71468313E-09     -0.14925880E-03     -0.42455096E-03
    2137     -0.70625949E-09     -0.71468313E-09     -0.14929389E-03     -0.42455096E-03
    2138     -0.70626230E-09     -0.71468313E-09     -0.14932941E-03     -0.42455096E-03
    2139     -0.70626511E-09     -0.71468313E-09     -0.14936930E-03     -0.42455096E-03
    2140     -0.70626805E-09     -0.71468313E-09     -0.14940631E-03     -0.42455096E-03
    2141     -0.70627067E-09     -0.71468313E-09     -0.14943995E-03     -0.42455096E-03
    2142     -0.70627306E-09     -0.71468313E-09     -0.14947281E-03     -0.42455096E-03
    2143     -0.70627550E-09     -0.71468313E-09     -0.14950945E-03     -0.42455096E-03
    2144     -0.70627811E-09     -0.71468313E-09     -0.14954483E-03     -0.42455096E-03
    2145     -0.70627966E-09     -0.71468313E-09     -0.14956838E-03     -0.42455096E-03
    2146     -0.70628161E-09     -0.71468313E-09     -0.14959100E-03     -0.42455096E-03
    2147     -0.70628378E-09     -0.71468313E-09     -0.14961839E-03     -0.42455096E-03
    2148     -0.70628708E-09     -0.71468313E-09     -0.14966750E-03     -0.42455096E-03
    2149     -0.70628896E-09     -0.71468313E-09     -0.14969314E-03     -0.42455096E-03
    2150     -0.70629153E-09     -0.71468313E-09     -0.14972270E-03     -0.42455096E-03
    2151     -0.70629334E-09     -0.71468313E-09     -0.14974524E-03     -0.42455096E-03
    2152     -0.70629629E-09     -0.71468313E-09     -0.14977970E-03     -0.42455096E-03
    2153     -0.70629863E-09     -0.71468313E-09     -0.14980679E-03     -0.42455096E-03
    2154     -0.70630076E-09     -0.71468313E-09     -0.14983591E-03     -0.42455096E-03
    2155     -0.70630252E-09     -0.71468313E-09     -0.14985955E-03     -0.42455096E-03
    2156     -0.70630541E-09     -0.71468313E-09     -0.14988964E-03     -0.42455096E-03
    2157     -0.70630751E-09     -0.71468313E-09     -0.14991746E-03     -0.42455096E-03
    2158     -0.70631055E-09     -0.71468313E-09     -0.14996152E-03     -0.42455096E-03
    2159     -0.70631274E-09     -0.71468313E-09     -0.14999006E-03     -0.42455096E-03
    2160     -0.70631524E-09     -0.71468313E-09     -0.15002452E-03     -0.42455096E-03
    2161     -0.70631820E-09     -0.71468313E-09     -0.15006735E-03     -0.42455096E-03
    2162     -0.70632086E-09     -0.71468313E-09     -0.15010465E-03     -0.42455096E-03
    2163     -0.70632434E-09     -0.71468313E-09     -0.15015531E-03     -0.42455096E-03
    2164     -0.70632831E-09     -0.71468313E-09     -0.15021290E-03     -0.42455096E-03
    2165     -0.70633156E-09     -0.71468313E-09     -0.15025778E-03     -0.42455096E-03
    2166     -0.70633407E-09     -0.71468313E-09     -0.15029350E-03     -0.42455096E-03
    2167     -0.70633774E-09     -0.71468313E-09     -0.15034763E-03     -0.42455096E-03
    2168     -0.70634227E-09     -0.71468313E-09     -0.15042054E-03     -0.42455096E-03
    2169     -0.70634606E-09     -0.71468313E-09     -0.15046483E-03     -0.42455096E-03
    2170     -0.70635016E-09     -0.71468313E-09     -0.15052113E-03     -0.42455096E-03
    2171     -0.70635408E-09     -0.71468313E-09     -0.15057752E-03     -0.42455096E-03
    2172     -0.70636075E-09     -0.71468313E-09     -0.15066948E-03     -0.42455096E-03
    2173     -0.70636556E-09     -0.71468313E-09     -0.15073610E-03     -0.42455096E-03
    2174     -0.70637001E-09     -0.71468313E-09     -0.15079959E-03     -0.42455096E-03
    2175     -0.70637529E-09     -0.71468313E-09     -0.15087404E-03     -0.42455096E-03
    2176     -0.70637923E-09     -0.71468313E-09     -0.15092397E-03     -0.42455096E-03
    2177     -0.70638449E-09     -0.71468313E-09     -0.15099765E-03     -0.42455096E-03
    2178     -0.70638967E-09     -0.71468313E-09     -0.15107130E-03     -0.42455096E-03
    2179     -0.70639340E-09     -0.71468313E-09     -0.15112306E-03     -0.42455096E-03
    2180     -0.70639865E-09     -0.71468313E-09     -0.15119626E-03     -0.42455096E-03
    2181     -0.70640269E-09     -0.71468313E-09     -0.15126563E-03     -0.42455096E-03
    2182     -0.70640762E-09     -0.71468313E-09     -0.15134291E-03     -0.42455096E-03
    2183     -0.70641261E-09     -0.71468313E-09     -0.15142888E-03     -0.42455096E-03
    2184     -0.70642046E-09     -0.71468313E-09     -0.15153435E-03     -0.42455096E-03
    2185     -0.70642605E-09     -0.71468313E-09     -0.15162331E-03     -0.42455096E-03
    2186     -0.70643317E-09     -0.71468313E-09     -0.15172167E-03     -0.42455096E-03
    2187     -0.70643669E-09     -0.71468313E-09     -0.15178161E-03     -0.42455096E-03
    2188     -0.70644474E-09     -0.71468313E-09     -0.15189991E-03     -0.42455096E-03
    2189     -0.70645061E-09     -0.71468313E-09     -0.15199425E-03     -0.42455096E-03
    2190     -0.70646169E-09     -0.71468313E-09     -0.15211816E-03     -0.42455096E-03
    2191     -0.70646607E-09     -0.71468313E-09     -0.15218974E-03     -0.42455096E-03
    2192     -0.70647076E-09     -0.71468313E-09     -0.15226704E-03     -0.42455096E-03
    2193     -0.70647459E-09     -0.71468313E-09     -0.15232045E-03     -0.42455096E-03
    2194     -0.70647794E-09     -0.71468313E-09     -0.15236936E-03     -0.42455096E-03
    2195     -0.70648000E-09     -0.71468313E-09     -0.15240317E-03     -0.42455096E-03
    2196     -0.70648323E-09     -0.71468313E-09     -0.15244888E-03     -0.42455096E-03
    2197     -0.70648679E-09     -0.71468313E-09     -0.15250128E-03     -0.42455096E-03
    2198     -0.70649014E-09     -0.71468313E-09     -0.15254994E-03     -0.42455096E-03
    2199     -0.70649334E-09     -0.71468313E-09     -0.15259367E-03     -0.42455096E-03
    2200     -0.70649711E-09     -0.71468313E-09     -0.15265758E-03     -0.42455096E-03
    2201     -0.70649958E-09     -0.71468313E-09     -0.15269281E-03     -0.42455096E-03
    2202     -0.70650206E-09     -0.71468313E-09     -0.15273044E-03     -0.42455096E-03
    2203     -0.70650577E-09     -0.71468313E-09     -0.15279492E-03     -0.42455096E-03
    2204     -0.70651088E-09     -0.71468313E-09     -0.15287416E-03     -0.42455096E-03
    2205     -0.70651475E-09     -0.71468313E-09     -0.15292060E-03     -0.42455096E-03
    2206     -0.70651686E-09     -0.71468313E-09     -0.15295238E-03     -0.42455096E-03
    2207     -0.70652090E-09     -0.71468313E-09     -0.15301622E-03     -0.42455096E-03
    2208     -0.70652506E-09     -0.71468313E-09     -0.15307280E-03     -0.42455096E-03
    2209     -0.70652932E-09     -0.71468313E-09     -0.15313678E-03     -0.42455096E-03
    2210     -0.70653220E-09     -0.71468313E-09     -0.15317779E-03     -0.42455096E-03
    2211     -0.70653506E-09     -0.71468313E-09     -0.15322370E-03     -0.42455096E-03
    2212     -0.70653848E-09     -0.71468313E-09     -0.15328232E-03     -0.42455096E-03
    2213     -0.70654178E-09     -0.71468313E-09     -0.15333128E-03     -0.42455096E-03
    2214     -0.70654496E-09     -0.71468313E-09     -0.15338567E-03     -0.42455096E-03
    2215     -0.70654796E-09     -0.71468313E-09     -0.15343850E-03     -0.42455096E-03
    2216     -0.70655106E-09     -0.71468313E-09     -0.15348814E-03     -0.42455096E-03
    2217     -0.70655411E-09     -0.71468313E-09     -0.15353534E-03     -0.42455096E-03
    2218     -0.70656230E-09     -0.71468313E-09     -0.15369440E-03     -0.42455096E-03
    2219     -0.70656644E-09     -0.71468313E-09     -0.15376256E-03     -0.42455096E-03
    2220     -0.70657467E-09     -0.71468313E-09     -0.15391051E-03     -0.42455096E-03
    2221     -0.70657750E-09     -0.71468313E-09     -0.15395447E-03     -0.42455096E-03
    2222     -0.70658167E-09     -0.71468313E-09     -0.15402965E-03     -0.42455096E-03
    2223     -0.70658517E-09     -0.71468313E-09     -0.15409054E-03     -0.42455096E-03
    2224     -0.70658931E-09     -0.71468313E-09     -0.15415969E-03     -0.42455096E-03
    2225     -0.70659374E-09     -0.71468313E-09     -0.15424181E-03     -0.42455096E-03
    2226     -0.70660001E-09     -0.71468313E-09     -0.15435076E-03     -0.42455096E-03
    2227     -0.70660493E-09     -0.71468313E-09     -0.15443771E-03     -0.42455096E-03
    2228     -0.70660903E-09     -0.71468313E-09     -0.15450831E-03     -0.42455096E-03
    2229     -0.70661338E-09     -0.71468313E-09     -0.15457862E-03     -0.42455096E-03
    2230     -0.70661724E-09     -0.71468313E-09     -0.15464217E-03     -0.42455096E-03
    2231     -0.70662130E-09     -0.71468313E-09     -0.15470944E-03     -0.42455096E-03
    2232     -0.70662660E-09     -0.71468313E-09     -0.15479382E-03     -0.42455096E-03
    2233     -0.70663046E-09     -0.71468313E-09     -0.15485437E-03     -0.42455096E-03
    2234     -0.70663348E-09     -0.71468313E-09     -0.15489785E-03     -0.42455096E-03
    2235     -0.70663695E-09     -0.71468313E-09     -0.15494118E-03     -0.42455096E-03
    2236     -0.70664210E-09     -0.71468313E-09     -0.15502608E-03     -0.42455096E-03
    2237     -0.70664848E-09     -0.71468313E-09     -0.15512010E-03     -0.42455096E-03
    2238     -0.70665232E-09     -0.71468313E-09     -0.15517696E-03     -0.42455096E-03
    2239     -0.70665727E-09     -0.71468313E-09     -0.15526217E-03     -0.42455096E-03
    2240     -0.70666212E-09     -0.71468313E-09     -0.15532794E-03     -0.42455096E-03
    2241     -0.70666603E-09     -0.71468313E-09     -0.15537764E-03     -0.42455096E-03
    2242     -0.70667317E-09     -0.71468313E-09     -0.15549194E-03     -0.42455096E-03
    2243     -0.70667706E-09     -0.71468313E-09     -0.15554506E-03     -0.42455096E-03
    2244     -0.70668122E-09     -0.71468313E-09     -0.15560433E-03     -0.42455096E-03
    2245     -0.70668506E-09     -0.71468313E-09     -0.15565816E-03     -0.42455096E-03
    2246     -0.70668841E-09     -0.71468313E-09     -0.15570520E-03     -0.42455096E-03
    2247     -0.70669150E-09     -0.71468313E-09     -0.15574835E-03     -0.42455096E-03
    2248     -0.70669485E-09     -0.71468313E-09     -0.15579018E-03     -0.42455096E-03
    2249     -0.70669826E-09     -0.71468313E-09     -0.15582979E-03     -0.42455096E-03
    2250     -0.70670146E-09     -0.71468313E-09     -0.15586888E-03     -0.42455096E-03
    2251     -0.70670591E-09     -0.71468313E-09     -0.15593070E-03     -0.42455096E-03
    2252     -0.70670889E-09     -0.71468313E-09     -0.15597511E-03     -0.42455096E-03
    2253     -0.70671335E-09     -0.71468313E-09     -0.15605203E-03     -0.42455096E-03
    2254     -0.70671689E-09     -0.71468313E-09     -0.15611093E-03     -0.42455096E-03
    2255     -0.70671971E-09     -0.71468313E-09     -0.15614961E-03     -0.42455096E-03
    2256     -0.70672251E-09     -0.71468313E-09     -0.15619396E-03     -0.42455096E-03
    2257     -0.70672573E-09     -0.71468313E-09     -0.15623937E-03     -0.42455096E-03
    2258     -0.70672951E-09     -0.71468313E-09     -0.15630443E-03     -0.42455096E-03
    2259     -0.70673294E-09     -0.71468313E-09     -0.15635495E-03     -0.42455096E-03
    2260     -0.70673544E-09     -0.71468313E-09     -0.15639228E-03     -0.42455096E-03
    2261     -0.70673839E-09     -0.71468313E-09     -0.15644021E-03     -0.42455096E-03
    2262     -0.70674075E-09     -0.71468313E-09     -0.15647672E-03     -0.42455096E-03
    2263     -0.70674408E-09     -0.71468313E-09     -0.15651634E-03     -0.42455096E-03
    2264     -0.70674592E-09     -0.71468313E-09     -0.15655173E-03     -0.42455096E-03
    2265     -0.70674904E-09     -0.71468313E-09     -0.15660437E-03     -0.42455096E-03
    2266     -0.70675081E-09     -0.71468313E-09     -0.15662496E-03     -0.42455096E-03
    2267     -0.70675326E-09     -0.71468313E-09     -0.15667025E-03     -0.42455096E-03
    2268     -0.70675617E-09     -0.71468313E-09     -0.15670919E-03     -0.42455096E-03
    2269     -0.70675916E-09     -0.71468313E-09     -0.15675111E-03     -0.42455096E-03
    2270     -0.70676211E-09     -0.71468313E-09     -0.15679494E-03     -0.42455096E-03
    2271     -0.70676627E-09     -0.71468313E-09     -0.15685714E-03     -0.42455096E-03
    2272     -0.70677062E-09     -0.71468313E-09     -0.15692659E-03     -0.42455096E-03
    2273     -0.70677373E-09     -0.71468313E-09     -0.15696543E-03     -0.42455096E-03
    2274     -0.70677680E-09     -0.71468313E-09     -0.15701340E-03     -0.42455096E-03
    2275     -0.70678139E-09     -0.71468313E-09     -0.15709298E-03     -0.42455096E-03
    2276     -0.70678779E-09     -0.71468313E-09     -0.15720525E-03     -0.42455096E-03
    2277     -0.70679127E-09     -0.71468313E-09     -0.15726812E-03     -0.42455096E-03
    2278     -0.70679772E-09     -0.71468313E-09     -0.15738784E-03     -0.42455096E-03
    2279     -0.70680286E-09     -0.71468313E-09     -0.15746745E-03     -0.42455096E-03
    2280     -0.70680757E-09     -0.71468313E-09     -0.15753992E-03     -0.42455096E-03
    2281     -0.70681587E-09     -0.71468313E-09     -0.15768984E-03     -0.42455096E-03
    2282     -0.70681938E-09     -0.71468313E-09     -0.15773740E-03     -0.42455096E-03
    2283     -0.70682357E-09     -0.71468313E-09     -0.15780497E-03     -0.42455096E-03
    2284     -0.70682721E-09     -0.71468313E-09     -0.15786407E-03     -0.42455096E-03
    2285     -0.70683049E-09     -0.71468313E-09     -0.15791994E-03     -0.42455096E-03
    2286     -0.70683507E-09     -0.71468313E-09     -0.15799744E-03     -0.42455096E-03
    2287     -0.70683645E-09     -0.71468313E-09     -0.15801800E-03     -0.42455096E-03
    2288     -0.70684295E-09     -0.71468313E-09     -0.15813818E-03     -0.42455096E-03
    2289     -0.70684572E-09     -0.71468313E-09     -0.15817932E-03     -0.42455096E-03
    2290     -0.70684867E-09     -0.71468313E-09     -0.15821985E-03     -0.42455096E-03
    2291     -0.70685583E-09     -0.71468313E-09     -0.15833689E-03     -0.42455096E-03
    2292     -0.70686332E-09     -0.71468313E-09     -0.15846996E-03     -0.42455096E-03
    2293     -0.70686618E-09     -0.71468313E-09     -0.15851306E-03     -0.42455096E-03
    2294     -0.70687114E-09     -0.71468313E-09     -0.15859518E-03     -0.42455096E-03
    2295     -0.70687404E-09     -0.71468313E-09     -0.15864331E-03     -0.42455096E-03
    2296     -0.70687792E-09     -0.71468313E-09     -0.15870477E-03     -0.42455096E-03
    2297     -0.70688068E-09     -0.71468313E-09     -0.15874459E-03     -0.42455096E-03
    2298     -0.70688234E-09     -0.71468313E-09     -0.15877024E-03     -0.42455096E-03
    2299     -0.70688431E-09     -0.71468313E-09     -0.15880173E-03     -0.42455096E-03
    2300     -0.70688778E-09     -0.71468313E-09     -0.15886094E-03     -0.42455096E-03
    2301     -0.70688978E-09     -0.71468313E-09     -0.15889033E-03     -0.42455096E-03
    2302     -0.70689247E-09     -0.71468313E-09     -0.15893473E-03     -0.42455096E-03
    2303     -0.70689623E-09     -0.71468313E-09     -0.15898707E-03     -0.42455096E-03
    2304     -0.70689988E-09     -0.71468313E-09     -0.15904145E-03     -0.42455096E-03
    2305     -0.70690279E-09     -0.71468313E-09     -0.15908931E-03     -0.42455096E-03
    2306     -0.70690647E-09     -0.71468313E-09     -0.15914043E-03     -0.42455096E-03
    2307     -0.70690987E-09     -0.71468313E-09     -0.15919460E-03     -0.42455096E-03
    2308     -0.70691236E-09     -0.71468313E-09     -0.15922723E-03     -0.42455096E-03
    2309     -0.70691452E-09     -0.71468313E-09     -0.15926420E-03     -0.42455096E-03
    2310     -0.70691942E-09     -0.71468313E-09     -0.15932825E-03     -0.42455096E-03
    2311     -0.70692388E-09     -0.71468313E-09     -0.15939119E-03     -0.42455096E-03
    2312     -0.70692796E-09     -0.71468313E-09     -0.15944863E-03     -0.42455096E-03
    2313     -0.70693321E-09     -0.71468313E-09     -0.15951006E-03     -0.42455096E-03
    2314     -0.70693726E-09     -0.71468313E-09     -0.15957205E-03     -0.42455096E-03
    2315     -0.70694024E-09     -0.71468313E-09     -0.15961868E-03     -0.42455096E-03
    2316     -0.70694390E-09     -0.71468313E-09     -0.15967594E-03     -0.42455096E-03
    2317     -0.70695033E-09     -0.71468313E-09     -0.15976260E-03     -0.42455096E-03
    2318     -0.70695721E-09     -0.71468313E-09     -0.15986284E-03     -0.42455096E-03
    2319     -0.70696155E-09     -0.71468313E-09     -0.15993522E-03     -0.42455096E-03
    2320     -0.70696569E-09     -0.71468313E-09     -0.15999861E-03     -0.42455096E-03
    2321     -0.70696885E-09     -0.71468313E-09     -0.16006315E-03     -0.42455096E-03
    2322     -0.70697318E-09     -0.71468313E-09     -0.16013757E-03     -0.42455096E-03
    2323     -0.70697769E-09     -0.71468313E-09     -0.16022493E-03     -0.42455096E-03
    2324     -0.70698276E-09     -0.71468313E-09     -0.16030208E-03     -0.42455096E-03
    2325     -0.70698533E-09     -0.71468313E-09     -0.16033948E-03     -0.42455096E-03
    2326     -0.70698978E-09     -0.71468313E-09     -0.16040479E-03     -0.42455096E-03
    2327     -0.70699352E-09     -0.71468313E-09     -0.16045680E-03     -0.42455096E-03
    2328     -0.70699687E-09     -0.71468313E-09     -0.16050916E-03     -0.42455096E-03
    2329     -0.70699983E-09     -0.71468313E-09     -0.16055573E-03     -0.42455096E-03
    2330     -0.70700297E-09     -0.71468313E-09     -0.16060205E-03     -0.42455096E-03
    2331     -0.70700735E-09     -0.71468313E-09     -0.16067039E-03     -0.42455096E-03
    2332     -0.70701079E-09     -0.71468313E-09     -0.16071978E-03     -0.42455096E-03
    2333     -0.70701390E-09     -0.71468313E-09     -0.16076190E-03     -0.42455096E-03
    2334     -0.70701794E-09     -0.71468313E-09     -0.16082583E-03     -0.42455096E-03
    2335     -0.70702052E-09     -0.71468313E-09     -0.16086659E-03     -0.42455096E-03
    2336     -0.70702408E-09     -0.71468313E-09     -0.16091677E-03     -0.42455096E-03
    2337     -0.70702778E-09     -0.71468313E-09     -0.16096955E-03     -0.42455096E-03
    2338     -0.70703021E-09     -0.71468313E-09     -0.16100341E-03     -0.42455096E-03
    2339     -0.70703282E-09     -0.71468313E-09     -0.16104059E-03     -0.42455096E-03
    2340     -0.70703573E-09     -0.71468313E-09     -0.16108022E-03     -0.42455096E-03
    2341     -0.70703811E-09     -0.71468313E-09     -0.16111478E-03     -0.42455096E-03
    2342     -0.70704154E-09     -0.71468313E-09     -0.16116825E-03     -0.42455096E-03
    2343     -0.70704370E-09     -0.71468313E-09     -0.16120246E-03     -0.42455096E-03
    2344     -0.70704622E-09     -0.71468313E-09     -0.16123568E-03     -0.42455096E-03
    2345     -0.70704799E-09     -0.71468313E-09     -0.16126033E-03     -0.42455096E-03
    2346     -0.70705040E-09     -0.71468313E-09     -0.16129026E-03     -0.42455096E-03
    2347     -0.70705183E-09     -0.71468313E-09     -0.16131121E-03     -0.42455096E-03
    2348     -0.70705425E-09     -0.71468313E-09     -0.16134334E-03     -0.42455096E-03
    2349     -0.70705680E-09     -0.71468313E-09     -0.16137839E-03     -0.42455096E-03
    2350     -0.70705899E-09     -0.71468313E-09     -0.16141072E-03     -0.42455096E-03
    2351     -0.70706119E-09     -0.71468313E-09     -0.16144076E-03     -0.42455096E-03
    2352     -0.70706411E-09     -0.71468313E-09     -0.16147940E-03     -0.42455096E-03
    2353     -0.70706669E-09     -0.71468313E-09     -0.16151627E-03     -0.42455096E-03
    2354     -0.70706963E-09     -0.71468313E-09     -0.16155651E-03     -0.42455096E-03
    2355     -0.70707270E-09     -0.71468313E-09     -0.16160060E-03     -0.42455096E-03
    2356     -0.70707592E-09     -0.71468313E-09     -0.16164163E-03     -0.42455096E-03
    2357     -0.70707913E-09     -0.71468313E-09     -0.16168107E-03     -0.42455096E-03
    2358     -0.70708159E-09     -0.71468313E-09     -0.16171765E-03     -0.42455096E-03
    2359     -0.70708409E-09     -0.71468313E-09     -0.16175506E-03     -0.42455096E-03
    2360     -0.70708712E-09     -0.71468313E-09     -0.16179854E-03     -0.42455096E-03
    2361     -0.70708999E-09     -0.71468313E-09     -0.16184126E-03     -0.42455096E-03
    2362     -0.70709375E-09     -0.71468313E-09     -0.16189240E-03     -0.42455096E-03
    2363     -0.70709536E-09     -0.71468313E-09     -0.16191876E-03     -0.42455096E-03
    2364     -0.70709788E-09     -0.71468313E-09     -0.16195283E-03     -0.42455096E-03
    2365     -0.70710081E-09     -0.71468313E-09     -0.16199530E-03     -0.42455096E-03
    2366     -0.70710350E-09     -0.71468313E-09     -0.16202969E-03     -0.42455096E-03
    2367     -0.70710562E-09     -0.71468313E-09     -0.16205842E-03     -0.42455096E-03
    2368     -0.70710894E-09     -0.71468313E-09     -0.16209706E-03     -0.42455096E-03
    2369     -0.70711213E-09     -0.71468313E-09     -0.16213801E-03     -0.42455096E-03
    2370     -0.70711480E-09     -0.71468313E-09     -0.16216662E-03     -0.42455096E-03
    2371     -0.70711725E-09     -0.71468313E-09     -0.16220675E-03     -0.42455096E-03
    2372     -0.70712049E-09     -0.71468313E-09     -0.16224627E-03     -0.42455096E-03
    2373     -0.70712219E-09     -0.71468313E-09     -0.16226925E-03     -0.42455096E-03
    2374     -0.70712384E-09     -0.71468313E-09     -0.16229625E-03     -0.42455096E-03
    2375     -0.70712588E-09     -0.71468313E-09     -0.16232318E-03     -0.42455096E-03
    2376     -0.70712895E-09     -0.71468313E-09     -0.16236239E-03     -0.42455096E-03
    2377     -0.70713159E-09     -0.71468313E-09     -0.16239588E-03     -0.42455096E-03
    2378     -0.70713414E-09     -0.71468313E-09     -0.16243200E-03     -0.42455096E-03
    2379     -0.70713717E-09     -0.71468313E-09     -0.16247273E-03     -0.42455096E-03
    2380     -0.70714028E-09     -0.71468313E-09     -0.16252233E-03     -0.42455096E-03
    2381     -0.70714343E-09     -0.71468313E-09     -0.16256892E-03     -0.42455096E-03
    2382     -0.70714626E-09     -0.71468313E-09     -0.16260231E-03     -0.42455096E-03
    2383     -0.70714805E-09     -0.71468313E-09     -0.16262567E-03     -0.42455096E-03
    2384     -0.70715082E-09     -0.71468313E-09     -0.16266213E-03     -0.42455096E-03
    2385     -0.70715243E-09     -0.71468313E-09     -0.16268495E-03     -0.42455096E-03
    2386     -0.70715492E-09     -0.71468313E-09     -0.16272581E-03     -0.42455096E-03
    2387     -0.70715732E-09     -0.71468313E-09     -0.16276039E-03     -0.42455096E-03
    2388     -0.70715998E-09     -0.71468313E-09     -0.16279879E-03     -0.42455096E-03
    2389     -0.70716157E-09     -0.71468313E-09     -0.16282220E-03     -0.42455096E-03
    2390     -0.70716428E-09     -0.71468313E-09     -0.16285791E-03     -0.42455096E-03
    2391     -0.70716630E-09     -0.71468313E-09     -0.16289045E-03     -0.42455096E-03
    2392     -0.70716904E-09     -0.71468313E-09     -0.16292922E-03     -0.42455096E-03
    2393     -0.70717199E-09     -0.71468313E-09     -0.16297264E-03     -0.42455096E-03
    2394     -0.70717461E-09     -0.71468313E-09     -0.16300638E-03     -0.42455096E-03
    2395     -0.70717805E-09     -0.71468313E-09     -0.16304974E-03     -0.42455096E-03
    2396     -0.70718121E-09     -0.71468313E-09     -0.16310286E-03     -0.42455096E-03
    2397     -0.70718605E-09     -0.71468313E-09     -0.16317533E-03     -0.42455096E-03
    2398     -0.70718947E-09     -0.71468313E-09     -0.16322649E-03     -0.42455096E-03
    2399     -0.70719358E-09     -0.71468313E-09     -0.16329950E-03     -0.42455096E-03
    2400     -0.70719675E-09     -0.71468313E-09     -0.16334961E-03     -0.42455096E-03
    2401     -0.70720081E-09     -0.71468313E-09     -0.16341701E-03     -0.42455096E-03
    2402     -0.70720430E-09     -0.71468313E-09     -0.16346468E-03     -0.42455096E-03
    2403     -0.70720757E-09     -0.71468313E-09     -0.16351091E-03     -0.42455096E-03
    2404     -0.70720937E-09     -0.71468313E-09     -0.16353648E-03     -0.42455096E-03
    2405     -0.70721203E-09     -0.71468313E-09     -0.16358278E-03     -0.42455096E-03
    2406     -0.70721469E-09     -0.71468313E-09     -0.16361282E-03     -0.42455096E-03
    2407     -0.70721805E-09     -0.71468313E-09     -0.16365799E-03     -0.42455096E-03
    2408     -0.70722133E-09     -0.71468313E-09     -0.16370374E-03     -0.42455096E-03
    2409     -0.70722425E-09     -0.71468313E-09     -0.16374980E-03     -0.42455096E-03
    2410     -0.70722787E-09     -0.71468313E-09     -0.16380843E-03     -0.42455096E-03
    2411     -0.70723065E-09     -0.71468313E-09     -0.16385757E-03     -0.42455096E-03
    2412     -0.70723381E-09     -0.71468313E-09     -0.16389778E-03     -0.42455096E-03
    2413     -0.70723932E-09     -0.71468313E-09     -0.16398850E-03     -0.42455096E-03
    2414     -0.70724139E-09     -0.71468313E-09     -0.16402146E-03     -0.42455096E-03
    2415     -0.70724462E-09     -0.71468313E-09     -0.16406566E-03     -0.42455096E-03
    2416     -0.70724723E-09     -0.71468313E-09     -0.16410749E-03     -0.42455096E-03
    2417     -0.70724942E-09     -0.71468313E-09     -0.16414373E-03     -0.42455096E-03
    2418     -0.70725264E-09     -0.71468313E-09     -0.16419039E-03     -0.42455096E-03
    2419     -0.70725525E-09     -0.71468313E-09     -0.16423676E-03     -0.42455096E-03
    2420     -0.70725770E-09     -0.71468313E-09     -0.16426880E-03     -0.42455096E-03
    2421     -0.70726050E-09     -0.71468313E-09     -0.16431086E-03     -0.42455096E-03
    2422     -0.70726409E-09     -0.71468313E-09     -0.16436098E-03     -0.42455096E-03
    2423     -0.70726700E-09     -0.71468313E-09     -0.16441183E-03     -0.42455096E-03
    2424     -0.70727006E-09     -0.71468313E-09     -0.16444699E-03     -0.42455096E-03
    2425     -0.70727299E-09     -0.71468313E-09     -0.16448913E-03     -0.42455096E-03
    2426     -0.70727838E-09     -0.71468313E-09     -0.16458482E-03     -0.42455096E-03
    2427     -0.70728178E-09     -0.71468313E-09     -0.16462597E-03     -0.42455096E-03
    2428     -0.70728532E-09     -0.71468313E-09     -0.16467651E-03     -0.42455096E-03
    2429     -0.70728847E-09     -0.71468313E-09     -0.16472710E-03     -0.42455096E-03
    2430     -0.70729400E-09     -0.71468313E-09     -0.16480418E-03     -0.42455096E-03
    2431     -0.70729709E-09     -0.71468313E-09     -0.16484737E-03     -0.42455096E-03
    2432     -0.70729958E-09     -0.71468313E-09     -0.16488389E-03     -0.42455096E-03
    2433     -0.70730246E-09     -0.71468313E-09     -0.16492900E-03     -0.42455096E-03
    2434     -0.70730524E-09     -0.71468313E-09     -0.16495677E-03     -0.42455096E-03
    2435     -0.70730804E-09     -0.71468313E-09     -0.16499270E-03     -0.42455096E-03
    2436     -0.70731114E-09     -0.71468313E-09     -0.16503076E-03     -0.42455096E-03
    2437     -0.70731443E-09     -0.71468313E-09     -0.16506993E-03     -0.42455096E-03
    2438     -0.70731743E-09     -0.71468313E-09     -0.16510300E-03     -0.42455096E-03
    2439     -0.70731980E-09     -0.71468313E-09     -0.16513671E-03     -0.42455096E-03
    2440     -0.70732238E-09     -0.71468313E-09     -0.16517399E-03     -0.42455096E-03
    2441     -0.70732650E-09     -0.71468313E-09     -0.16522149E-03     -0.42455096E-03
    2442     -0.70732820E-09     -0.71468313E-09     -0.16524529E-03     -0.42455096E-03
    2443     -0.70733239E-09     -0.71468313E-09     -0.16529176E-03     -0.42455096E-03
    2444     -0.70733601E-09     -0.71468313E-09     -0.16532605E-03     -0.42455096E-03
    2445     -0.70733930E-09     -0.71468313E-09     -0.16536103E-03     -0.42455096E-03
    2446     -0.70734566E-09     -0.71468313E-09     -0.16542241E-03     -0.42455096E-03
    2447     -0.70734998E-09     -0.71468313E-09     -0.16547161E-03     -0.42455096E-03
    2448     -0.70735348E-09     -0.71468313E-09     -0.16551342E-03     -0.42455096E-03
    2449     -0.70735728E-09     -0.71468313E-09     -0.16555288E-03     -0.42455096E-03
    2450     -0.70736142E-09     -0.71468313E-09     -0.16559373E-03     -0.42455096E-03
    2451     -0.70736463E-09     -0.71468313E-09     -0.16563518E-03     -0.42455096E-03
    2452     -0.70737376E-09     -0.71468313E-09     -0.16570927E-03     -0.42455096E-03
    2453     -0.70737840E-09     -0.71468313E-09     -0.16575929E-03     -0.42455096E-03
    2454     -0.70738310E-09     -0.71468313E-09     -0.16581267E-03     -0.42455096E-03
    2455     -0.70738697E-09     -0.71468313E-09     -0.16585378E-03     -0.42455096E-03
    2456     -0.70739170E-09     -0.71468313E-09     -0.16591377E-03     -0.42455096E-03
    2457     -0.70739455E-09     -0.71468313E-09     -0.16595160E-03     -0.42455096E-03
    2458     -0.70739821E-09     -0.71468313E-09     -0.16599502E-03     -0.42455096E-03
    2459     -0.70740075E-09     -0.71468313E-09     -0.16602537E-03     -0.42455096E-03
    2460     -0.70740483E-09     -0.71468313E-09     -0.16607683E-03     -0.42455096E-03
    2461     -0.70740755E-09     -0.71468313E-09     -0.16611186E-03     -0.42455096E-03
    2462     -0.70741148E-09     -0.71468313E-09     -0.16616078E-03     -0.42455096E-03
    2463     -0.70741760E-09     -0.71468313E-09     -0.16621376E-03     -0.42455096E-03
    2464     -0.70742034E-09     -0.71468313E-09     -0.16625230E-03     -0.42455096E-03
    2465     -0.70742419E-09     -0.71468313E-09     -0.16629497E-03     -0.42455096E-03
    2466     -0.70742712E-09     -0.71468313E-09     -0.16633015E-03     -0.42455096E-03
    2467     -0.70743329E-09     -0.71468313E-09     -0.16640012E-03     -0.42455096E-03
    2468     -0.70743652E-09     -0.71468313E-09     -0.16644812E-03     -0.42455096E-03
    2469     -0.70743961E-09     -0.71468313E-09     -0.16648589E-03     -0.42455096E-03
    2470     -0.70744489E-09     -0.71468313E-09     -0.16655007E-03     -0.42455096E-03
    2471     -0.70745468E-09     -0.71468313E-09     -0.16662471E-03     -0.42455096E-03
    2472     -0.70745964E-09     -0.71468313E-09     -0.16667928E-03     -0.42455096E-03
    2473     -0.70746369E-09     -0.71468313E-09     -0.16672539E-03     -0.42455096E-03
    2474     -0.70746936E-09     -0.71468313E-09     -0.16681557E-03     -0.42455096E-03
    2475     -0.70747253E-09     -0.71468313E-09     -0.16685149E-03     -0.42455096E-03
    2476     -0.70747586E-09     -0.71468313E-09     -0.16689285E-03     -0.42455096E-03
    2477     -0.70747895E-09     -0.71468313E-09     -0.16692819E-03     -0.42455096E-03
    2478     -0.70748312E-09     -0.71468313E-09     -0.16698048E-03     -0.42455096E-03
    2479     -0.70748716E-09     -0.71468313E-09     -0.16703538E-03     -0.42455096E-03
    2480     -0.70749337E-09     -0.71468313E-09     -0.16709531E-03     -0.42455096E-03
    2481     -0.70749670E-09     -0.71468313E-09     -0.16714586E-03     -0.42455096E-03
    2482     -0.70750119E-09     -0.71468313E-09     -0.16719098E-03     -0.42455096E-03
    2483     -0.70750507E-09     -0.71468313E-09     -0.16723131E-03     -0.42455096E-03
    2484     -0.70751032E-09     -0.71468313E-09     -0.16728469E-03     -0.42455096E-03
    2485     -0.70751429E-09     -0.71468313E-09     -0.16732955E-03     -0.42455096E-03
    2486     -0.70751812E-09     -0.71468313E-09     -0.16737881E-03     -0.42455096E-03
    2487     -0.70752301E-09     -0.71468313E-09     -0.16743441E-03     -0.42455096E-03
    2488     -0.70752888E-09     -0.71468313E-09     -0.16749112E-03     -0.42455096E-03
    2489     -0.70753911E-09     -0.71468313E-09     -0.16756978E-03     -0.42455096E-03
    2490     -0.70754399E-09     -0.71468313E-09     -0.16761910E-03     -0.42455096E-03
    2491     -0.70755221E-09     -0.71468313E-09     -0.16769221E-03     -0.42455096E-03
    2492     -0.70755697E-09     -0.71468313E-09     -0.16774718E-03     -0.42455096E-03
    2493     -0.70756182E-09     -0.71468313E-09     -0.16780255E-03     -0.42455096E-03
    2494     -0.70756643E-09     -0.71468313E-09     -0.16784938E-03     -0.42455096E-03
    2495     -0.70757131E-09     -0.71468313E-09     -0.16790227E-03     -0.42455096E-03
    2496     -0.70758207E-09     -0.71468313E-09     -0.16797984E-03     -0.42455096E-03
    2497     -0.70758518E-09     -0.71468313E-09     -0.16801929E-03     -0.42455096E-03
    2498     -0.70758983E-09     -0.71468313E-09     -0.16807051E-03     -0.42455096E-03
    2499     -0.70759314E-09     -0.71468313E-09     -0.16811589E-03     -0.42455096E-03
    2500     -0.70759805E-09     -0.71468313E-09     -0.16816212E-03     -0.42455096E-03
    2501     -0.70760414E-09     -0.71468313E-09     -0.16821400E-03     -0.42455096E-03
    2502     -0.70761083E-09     -0.71468313E-09     -0.16827379E-03     -0.42455096E-03
    2503     -0.70762131E-09     -0.71468313E-09     -0.16835442E-03     -0.42455096E-03
    2504     -0.70762658E-09     -0.71468313E-09     -0.16840626E-03     -0.42455096E-03
    2505     -0.70763284E-09     -0.71468313E-09     -0.16845773E-03     -0.42455096E-03
    2506     -0.70764173E-09     -0.71468313E-09     -0.16852337E-03     -0.42455096E-03
    2507     -0.70764728E-09     -0.71468313E-09     -0.16857418E-03     -0.42455096E-03
    2508     -0.70765401E-09     -0.71468313E-09     -0.16864171E-03     -0.42455096E-03
    2509     -0.70765857E-09     -0.71468313E-09     -0.16868736E-03     -0.42455096E-03
    2510     -0.70766380E-09     -0.71468313E-09     -0.16874234E-03     -0.42455096E-03
    2511     -0.70766977E-09     -0.71468313E-09     -0.16879968E-03     -0.42455096E-03
    2512     -0.70767613E-09     -0.71468313E-09     -0.16885747E-03     -0.42455096E-03
    2513     -0.70768205E-09     -0.71468313E-09     -0.16891410E-03     -0.42455096E-03
    2514     -0.70769076E-09     -0.71468313E-09     -0.16898302E-03     -0.42455096E-03
    2515     -0.70769545E-09     -0.71468313E-09     -0.16903004E-03     -0.42455096E-03
    2516     -0.70769924E-09     -0.71468313E-09     -0.16907076E-03     -0.42455096E-03
    2517     -0.70770584E-09     -0.71468313E-09     -0.16913338E-03     -0.42455096E-03
    2518     -0.70771091E-09     -0.71468313E-09     -0.16917855E-03     -0.42455096E-03
    2519     -0.70771634E-09     -0.71468313E-09     -0.16922702E-03     -0.42455096E-03
    2520     -0.70771895E-09     -0.71468313E-09     -0.16925586E-03     -0.42455096E-03
    2521     -0.70772572E-09     -0.71468313E-09     -0.16932676E-03     -0.42455096E-03
    2522     -0.70773169E-09     -0.71468313E-09     -0.16938828E-03     -0.42455096E-03
    2523     -0.70773812E-09     -0.71468313E-09     -0.16944730E-03     -0.42455096E-03
    2524     -0.70774221E-09     -0.71468313E-09     -0.16949243E-03     -0.42455096E-03
    2525     -0.70774677E-09     -0.71468313E-09     -0.16954029E-03     -0.42455096E-03
    2526     -0.70775424E-09     -0.71468313E-09     -0.16959909E-03     -0.42455096E-03
    2527     -0.70776029E-09     -0.71468313E-09     -0.16964669E-03     -0.42455096E-03
    2528     -0.70776516E-09     -0.71468313E-09     -0.16969264E-03     -0.42455096E-03
    2529     -0.70777011E-09     -0.71468313E-09     -0.16974025E-03     -0.42455096E-03
    2530     -0.70778198E-09     -0.71468313E-09     -0.16981588E-03     -0.42455096E-03
    2531     -0.70778788E-09     -0.71468313E-09     -0.16987036E-03     -0.42455096E-03
    2532     -0.70779651E-09     -0.71468313E-09     -0.16993345E-03     -0.42455096E-03
    2533     -0.70780277E-09     -0.71468313E-09     -0.16998577E-03     -0.42455096E-03
    2534     -0.70781154E-09     -0.71468313E-09     -0.17005556E-03     -0.42455096E-03
    2535     -0.70781449E-09     -0.71468313E-09     -0.17009057E-03     -0.42455096E-03
    2536     -0.70781967E-09     -0.71468313E-09     -0.17013800E-03     -0.42455096E-03
    2537     -0.70782363E-09     -0.71468313E-09     -0.17017582E-03     -0.42455096E-03
    2538     -0.70783227E-09     -0.71468313E-09     -0.17024477E-03     -0.42455096E-03
    2539     -0.70784233E-09     -0.71468313E-09     -0.17031789E-03     -0.42455096E-03
    2540     -0.70784584E-09     -0.71468313E-09     -0.17035691E-03     -0.42455096E-03
    2541     -0.70785143E-09     -0.71468313E-09     -0.17040420E-03     -0.42455096E-03
    2542     -0.70785803E-09     -0.71468313E-09     -0.17047819E-03     -0.42455096E-03
    2543     -0.70786251E-09     -0.71468313E-09     -0.17052295E-03     -0.42455096E-03
    2544     -0.70786632E-09     -0.71468313E-09     -0.17056181E-03     -0.42455096E-03
    2545     -0.70787366E-09     -0.71468313E-09     -0.17064105E-03     -0.42455096E-03
    2546     -0.70788171E-09     -0.71468313E-09     -0.17070468E-03     -0.42455096E-03
    2547     -0.70788806E-09     -0.71468313E-09     -0.17076209E-03     -0.42455096E-03
    2548     -0.70789606E-09     -0.71468313E-09     -0.17083148E-03     -0.42455096E-03
    2549     -0.70790403E-09     -0.71468313E-09     -0.17089614E-03     -0.42455096E-03
    2550     -0.70791071E-09     -0.71468313E-09     -0.17095639E-03     -0.42455096E-03
    2551     -0.70791987E-09     -0.71468313E-09     -0.17103540E-03     -0.42455096E-03
    2552     -0.70792815E-09     -0.71468313E-09     -0.17109694E-03     -0.42455096E-03
    2553     -0.70793204E-09     -0.71468313E-09     -0.17113921E-03     -0.42455096E-03
    2554     -0.70793754E-09     -0.71468313E-09     -0.17118640E-03     -0.42455096E-03
    2555     -0.70794576E-09     -0.71468313E-09     -0.17126051E-03     -0.42455096E-03
    2556     -0.70795193E-09     -0.71468313E-09     -0.17131304E-03     -0.42455096E-03
    2557     -0.70795970E-09     -0.71468313E-09     -0.17137903E-03     -0.42455096E-03
    2558     -0.70797164E-09     -0.71468313E-09     -0.17147775E-03     -0.42455096E-03
    2559     -0.70798095E-09     -0.71468313E-09     -0.17156042E-03     -0.42455096E-03
    2560     -0.70799097E-09     -0.71468313E-09     -0.17164740E-03     -0.42455096E-03
    2561     -0.70800127E-09     -0.71468313E-09     -0.17173128E-03     -0.42455096E-03
    2562     -0.70800976E-09     -0.71468313E-09     -0.17181912E-03     -0.42455096E-03
    2563     -0.70802083E-09     -0.71468313E-09     -0.17191671E-03     -0.42455096E-03
    2564     -0.70803170E-09     -0.71468313E-09     -0.17201276E-03     -0.42455096E-03
    2565     -0.70804098E-09     -0.71468313E-09     -0.17208685E-03     -0.42455096E-03
    2566     -0.70804974E-09     -0.71468313E-09     -0.17217225E-03     -0.42455096E-03
    2567     -0.70805743E-09     -0.71468313E-09     -0.17224586E-03     -0.42455096E-03
    2568     -0.70807130E-09     -0.71468313E-09     -0.17234749E-03     -0.42455096E-03
    2569     -0.70807878E-09     -0.71468313E-09     -0.17242226E-03     -0.42455096E-03
    2570     -0.70808649E-09     -0.71468313E-09     -0.17250368E-03     -0.42455096E-03
    2571     -0.70809382E-09     -0.71468313E-09     -0.17257650E-03     -0.42455096E-03
    2572     -0.70810863E-09     -0.71468313E-09     -0.17268068E-03     -0.42455096E-03
    2573     -0.70811686E-09     -0.71468313E-09     -0.17275451E-03     -0.42455096E-03
    2574     -0.70812525E-09     -0.71468313E-09     -0.17283412E-03     -0.42455096E-03
    2575     -0.70812972E-09     -0.71468313E-09     -0.17288798E-03     -0.42455096E-03
    2576     -0.70813594E-09     -0.71468313E-09     -0.17294924E-03     -0.42455096E-03
    2577     -0.70814307E-09     -0.71468313E-09     -0.17301029E-03     -0.42455096E-03
    2578     -0.70814645E-09     -0.71468313E-09     -0.17305252E-03     -0.42455096E-03
    2579     -0.70815000E-09     -0.71468313E-09     -0.17310395E-03     -0.42455096E-03
    2580     -0.70815437E-09     -0.71468313E-09     -0.17316598E-03     -0.42455096E-03
    2581     -0.70815925E-09     -0.71468313E-09     -0.17321711E-03     -0.42455096E-03
    2582     -0.70816465E-09     -0.71468313E-09     -0.17328435E-03     -0.42455096E-03
    2583     -0.70817128E-09     -0.71468313E-09     -0.17334546E-03     -0.42455096E-03
    2584     -0.70818122E-09     -0.71468313E-09     -0.17341507E-03     -0.42455096E-03
    2585     -0.70819242E-09     -0.71468313E-09     -0.17350727E-03     -0.42455096E-03
    2586     -0.70819646E-09     -0.71468313E-09     -0.17357799E-03     -0.42455096E-03
    2587     -0.70820230E-09     -0.71468313E-09     -0.17365736E-03     -0.42455096E-03
    2588     -0.70820784E-09     -0.71468313E-09     -0.17373934E-03     -0.42455096E-03
    2589     -0.70821338E-09     -0.71468313E-09     -0.17382405E-03     -0.42455096E-03
    2590     -0.70822302E-09     -0.71468313E-09     -0.17391184E-03     -0.42455096E-03
    2591     -0.70822865E-09     -0.71468313E-09     -0.17398445E-03     -0.42455096E-03
    2592     -0.70823585E-09     -0.71468313E-09     -0.17406592E-03     -0.42455096E-03
    2593     -0.70824100E-09     -0.71468313E-09     -0.17413026E-03     -0.42455096E-03
    2594     -0.70824717E-09     -0.71468313E-09     -0.17420315E-03     -0.42455096E-03
    2595     -0.70825299E-09     -0.71468313E-09     -0.17430198E-03     -0.42455096E-03
    2596     -0.70825728E-09     -0.71468313E-09     -0.17436286E-03     -0.42455096E-03
    2597     -0.70826255E-09     -0.71468313E-09     -0.17444779E-03     -0.42455096E-03
    2598     -0.70826904E-09     -0.71468313E-09     -0.17452845E-03     -0.42455096E-03
    2599     -0.70827381E-09     -0.71468313E-09     -0.17459259E-03     -0.42455096E-03
    2600     -0.70827815E-09     -0.71468313E-09     -0.17464949E-03     -0.42455096E-03
    2601     -0.70828381E-09     -0.71468313E-09     -0.17471745E-03     -0.42455096E-03
    2602     -0.70828864E-09     -0.71468313E-09     -0.17477968E-03     -0.42455096E-03
    2603     -0.70829659E-09     -0.71468313E-09     -0.17486405E-03     -0.42455096E-03
    2604     -0.70830199E-09     -0.71468313E-09     -0.17492556E-03     -0.42455096E-03
    2605     -0.70830753E-09     -0.71468313E-09     -0.17498789E-03     -0.42455096E-03
    2606     -0.70831259E-09     -0.71468313E-09     -0.17504834E-03     -0.42455096E-03
    2607     -0.70831806E-09     -0.71468313E-09     -0.17511601E-03     -0.42455096E-03
    2608     -0.70832425E-09     -0.71468313E-09     -0.17518261E-03     -0.42455096E-03
    2609     -0.70833014E-09     -0.71468313E-09     -0.17525170E-03     -0.42455096E-03
    2610     -0.70833551E-09     -0.71468313E-09     -0.17530813E-03     -0.42455096E-03
    2611     -0.70833899E-09     -0.71468313E-09     -0.17534748E-03     -0.42455096E-03
    2612     -0.70834517E-09     -0.71468313E-09     -0.17541842E-03     -0.42455096E-03
    2613     -0.70835147E-09     -0.71468313E-09     -0.17550180E-03     -0.42455096E-03
    2614     -0.70835661E-09     -0.71468313E-09     -0.17556905E-03     -0.42455096E-03
    2615     -0.70836325E-09     -0.71468313E-09     -0.17564194E-03     -0.42455096E-03
    2616     -0.70836954E-09     -0.71468313E-09     -0.17570784E-03     -0.42455096E-03
    2617     -0.70837751E-09     -0.71468313E-09     -0.17579444E-03     -0.42455096E-03
    2618     -0.70838365E-09     -0.71468313E-09     -0.17586136E-03     -0.42455096E-03
    2619     -0.70839645E-09     -0.71468313E-09     -0.17597730E-03     -0.42455096E-03
    2620     -0.70840523E-09     -0.71468313E-09     -0.17606143E-03     -0.42455096E-03
    2621     -0.70841679E-09     -0.71468313E-09     -0.17616076E-03     -0.42455096E-03
    2622     -0.70842282E-09     -0.71468313E-09     -0.17622679E-03     -0.42455096E-03
    2623     -0.70843387E-09     -0.71468313E-09     -0.17632146E-03     -0.42455096E-03
    2624     -0.70844791E-09     -0.71468313E-09     -0.17643270E-03     -0.42455096E-03
    2625     -0.70845601E-09     -0.71468313E-09     -0.17650910E-03     -0.42455096E-03
    2626     -0.70846366E-09     -0.71468313E-09     -0.17659616E-03     -0.42455096E-03
    2627     -0.70847303E-09     -0.71468313E-09     -0.17668307E-03     -0.42455096E-03
    2628     -0.70848277E-09     -0.71468313E-09     -0.17677763E-03     -0.42455096E-03
    2629     -0.70849125E-09     -0.71468313E-09     -0.17685493E-03     -0.42455096E-03
    2630     -0.70850003E-09     -0.71468313E-09     -0.17693647E-03     -0.42455096E-03
    2631     -0.70850945E-09     -0.71468313E-09     -0.17702373E-03     -0.42455096E-03
    2632     -0.70851891E-09     -0.71468313E-09     -0.17710931E-03     -0.42455096E-03
    2633     -0.70852572E-09     -0.71468313E-09     -0.17717452E-03     -0.42455096E-03
    2634     -0.70853075E-09     -0.71468313E-09     -0.17723361E-03     -0.42455096E-03
    2635     -0.70853663E-09     -0.71468313E-09     -0.17730303E-03     -0.42455096E-03
    2636     -0.70854194E-09     -0.71468313E-09     -0.17736764E-03     -0.42455096E-03
    2637     -0.70854638E-09     -0.71468313E-09     -0.17741881E-03     -0.42455096E-03
    2638     -0.70855264E-09     -0.71468313E-09     -0.17748856E-03     -0.42455096E-03
    2639     -0.70855845E-09     -0.71468313E-09     -0.17755855E-03     -0.42455096E-03
    2640     -0.70856693E-09     -0.71468313E-09     -0.17765245E-03     -0.42455096E-03
    2641     -0.70857240E-09     -0.71468313E-09     -0.17771921E-03     -0.42455096E-03
    2642     -0.70857857E-09     -0.71468313E-09     -0.17779268E-03     -0.42455096E-03
    2643     -0.70858467E-09     -0.71468313E-09     -0.17786420E-03     -0.42455096E-03
    2644     -0.70859107E-09     -0.71468313E-09     -0.17793516E-03     -0.42455096E-03
    2645     -0.70859776E-09     -0.71468313E-09     -0.17801790E-03     -0.42455096E-03
    2646     -0.70860233E-09     -0.71468313E-09     -0.17807548E-03     -0.42455096E-03
    2647     -0.70860665E-09     -0.71468313E-09     -0.17813040E-03     -0.42455096E-03
    2648     -0.70861208E-09     -0.71468313E-09     -0.17819849E-03     -0.42455096E-03
    2649     -0.70861650E-09     -0.71468313E-09     -0.17825320E-03     -0.42455096E-03
    2650     -0.70862147E-09     -0.71468313E-09     -0.17831879E-03     -0.42455096E-03
    2651     -0.70862613E-09     -0.71468313E-09     -0.17837980E-03     -0.42455096E-03
    2652     -0.70863006E-09     -0.71468313E-09     -0.17842945E-03     -0.42455096E-03
    2653     -0.70863454E-09     -0.71468313E-09     -0.17848618E-03     -0.42455096E-03
    2654     -0.70864241E-09     -0.71468313E-09     -0.17858693E-03     -0.42455096E-03
    2655     -0.70864546E-09     -0.71468313E-09     -0.17863336E-03     -0.42455096E-03
    2656     -0.70865099E-09     -0.71468313E-09     -0.17870032E-03     -0.42455096E-03
    2657     -0.70865535E-09     -0.71468313E-09     -0.17875221E-03     -0.42455096E-03
    2658     -0.70866234E-09     -0.71468313E-09     -0.17881476E-03     -0.42455096E-03
    2659     -0.70866765E-09     -0.71468313E-09     -0.17887049E-03     -0.42455096E-03
    2660     -0.70867297E-09     -0.71468313E-09     -0.17893672E-03     -0.42455096E-03
    2661     -0.70867713E-09     -0.71468313E-09     -0.17899033E-03     -0.42455096E-03
    2662     -0.70868583E-09     -0.71468313E-09     -0.17907522E-03     -0.42455096E-03
    2663     -0.70869045E-09     -0.71468313E-09     -0.17912263E-03     -0.42455096E-03
    2664     -0.70869591E-09     -0.71468313E-09     -0.17917366E-03     -0.42455096E-03
    2665     -0.70870064E-09     -0.71468313E-09     -0.17921937E-03     -0.42455096E-03
    2666     -0.70870523E-09     -0.71468313E-09     -0.17927018E-03     -0.42455096E-03
    2667     -0.70870946E-09     -0.71468313E-09     -0.17932043E-03     -0.42455096E-03
    2668     -0.70871574E-09     -0.71468313E-09     -0.17938529E-03     -0.42455096E-03
    2669     -0.70872376E-09     -0.71468313E-09     -0.17945849E-03     -0.42455096E-03
    2670     -0.70873202E-09     -0.71468313E-09     -0.17953003E-03     -0.42455096E-03
    2671     -0.70874504E-09     -0.71468313E-09     -0.17963388E-03     -0.42455096E-03
    2672     -0.70874983E-09     -0.71468313E-09     -0.17968675E-03     -0.42455096E-03
    2673     -0.70875977E-09     -0.71468313E-09     -0.17977039E-03     -0.42455096E-03
    2674     -0.70876515E-09     -0.71468313E-09     -0.17982132E-03     -0.42455096E-03
    2675     -0.70877401E-09     -0.71468313E-09     -0.17989519E-03     -0.42455096E-03
    2676     -0.70877870E-09     -0.71468313E-09     -0.17994321E-03     -0.42455096E-03
    2677     -0.70879081E-09     -0.71468313E-09     -0.18003586E-03     -0.42455096E-03
    2678     -0.70879477E-09     -0.71468313E-09     -0.18008127E-03     -0.42455096E-03
    2679     -0.70879803E-09     -0.71468313E-09     -0.18012561E-03     -0.42455096E-03
    2680     -0.70880214E-09     -0.71468313E-09     -0.18017401E-03     -0.42455096E-03
    2681     -0.70880568E-09     -0.71468313E-09     -0.18021667E-03     -0.42455096E-03
    2682     -0.70881095E-09     -0.71468313E-09     -0.18028343E-03     -0.42455096E-03
    2683     -0.70881987E-09     -0.71468313E-09     -0.18037308E-03     -0.42455096E-03
    2684     -0.70882833E-09     -0.71468313E-09     -0.18046043E-03     -0.42455096E-03
    2685     -0.70883751E-09     -0.71468313E-09     -0.18055865E-03     -0.42455096E-03
    2686     -0.70884091E-09     -0.71468313E-09     -0.18060509E-03     -0.42455096E-03
    2687     -0.70884380E-09     -0.71468313E-09     -0.18064962E-03     -0.42455096E-03
    2688     -0.70884741E-09     -0.71468313E-09     -0.18070139E-03     -0.42455096E-03
    2689     -0.70885066E-09     -0.71468313E-09     -0.18073999E-03     -0.42455096E-03
    2690     -0.70885468E-09     -0.71468313E-09     -0.18079032E-03     -0.42455096E-03
    2691     -0.70885858E-09     -0.71468313E-09     -0.18084400E-03     -0.42455096E-03
    2692     -0.70886277E-09     -0.71468313E-09     -0.18089791E-03     -0.42455096E-03
    2693     -0.70886794E-09     -0.71468313E-09     -0.18095736E-03     -0.42455096E-03
    2694     -0.70887097E-09     -0.71468313E-09     -0.18100436E-03     -0.42455096E-03
    2695     -0.70887423E-09     -0.71468313E-09     -0.18105571E-03     -0.42455096E-03
    2696     -0.70887682E-09     -0.71468313E-09     -0.18109648E-03     -0.42455096E-03
    2697     -0.70888028E-09     -0.71468313E-09     -0.18114392E-03     -0.42455096E-03
    2698     -0.70888325E-09     -0.71468313E-09     -0.18118736E-03     -0.42455096E-03
    2699     -0.70888780E-09     -0.71468313E-09     -0.18124796E-03     -0.42455096E-03
    2700     -0.70889117E-09     -0.71468313E-09     -0.18129628E-03     -0.42455096E-03
    2701     -0.70889474E-09     -0.71468313E-09     -0.18134342E-03     -0.42455096E-03
    2702     -0.70889791E-09     -0.71468313E-09     -0.18138915E-03     -0.42455096E-03
    2703     -0.70890171E-09     -0.71468313E-09     -0.18144782E-03     -0.42455096E-03
    2704     -0.70890503E-09     -0.71468313E-09     -0.18149883E-03     -0.42455096E-03
    2705     -0.70890883E-09     -0.71468313E-09     -0.18155375E-03     -0.42455096E-03
    2706     -0.70891219E-09     -0.71468313E-09     -0.18160494E-03     -0.42455096E-03
    2707     -0.70891689E-09     -0.71468313E-09     -0.18167291E-03     -0.42455096E-03
    2708     -0.70892011E-09     -0.71468313E-09     -0.18171857E-03     -0.42455096E-03
    2709     -0.70892349E-09     -0.71468313E-09     -0.18176709E-03     -0.42455096E-03
    2710     -0.70892699E-09     -0.71468313E-09     -0.18181473E-03     -0.42455096E-03
    2711     -0.70893254E-09     -0.71468313E-09     -0.18188638E-03     -0.42455096E-03
    2712     -0.70893669E-09     -0.71468313E-09     -0.18194445E-03     -0.42455096E-03
    2713     -0.70894036E-09     -0.71468313E-09     -0.18199174E-03     -0.42455096E-03
    2714     -0.70894471E-09     -0.71468313E-09     -0.18204981E-03     -0.42455096E-03
    2715     -0.70894925E-09     -0.71468313E-09     -0.18210385E-03     -0.42455096E-03
    2716     -0.70895380E-09     -0.71468313E-09     -0.18215964E-03     -0.42455096E-03
    2717     -0.70896139E-09     -0.71468313E-09     -0.18223821E-03     -0.42455096E-03
    2718     -0.70896710E-09     -0.71468313E-09     -0.18229727E-03     -0.42455096E-03
    2719     -0.70897247E-09     -0.71468313E-09     -0.18235583E-03     -0.42455096E-03
    2720     -0.70897520E-09     -0.71468313E-09     -0.18239652E-03     -0.42455096E-03
    2721     -0.70897922E-09     -0.71468313E-09     -0.18245332E-03     -0.42455096E-03
    2722     -0.70898251E-09     -0.71468313E-09     -0.18250196E-03     -0.42455096E-03
    2723     -0.70898476E-09     -0.71468313E-09     -0.18253715E-03     -0.42455096E-03
    2724     -0.70898952E-09     -0.71468313E-09     -0.18259459E-03     -0.42455096E-03
    2725     -0.70899396E-09     -0.71468313E-09     -0.18265220E-03     -0.42455096E-03
    2726     -0.70900067E-09     -0.71468313E-09     -0.18272633E-03     -0.42455096E-03
    2727     -0.70900384E-09     -0.71468313E-09     -0.18277093E-03     -0.42455096E-03
    2728     -0.70900955E-09     -0.71468313E-09     -0.18283326E-03     -0.42455096E-03
    2729     -0.70901222E-09     -0.71468313E-09     -0.18286707E-03     -0.42455096E-03
    2730     -0.70901499E-09     -0.71468313E-09     -0.18291381E-03     -0.42455096E-03
    2731     -0.70902473E-09     -0.71468313E-09     -0.18299358E-03     -0.42455096E-03
    2732     -0.70902719E-09     -0.71468313E-09     -0.18304121E-03     -0.42455096E-03
    2733     -0.70903066E-09     -0.71468313E-09     -0.18309707E-03     -0.42455096E-03
    2734     -0.70903307E-09     -0.71468313E-09     -0.18313828E-03     -0.42455096E-03
    2735     -0.70903569E-09     -0.71468313E-09     -0.18318821E-03     -0.42455096E-03
    2736     -0.70903822E-09     -0.71468313E-09     -0.18323820E-03     -0.42455096E-03
    2737     -0.70904223E-09     -0.71468313E-09     -0.18329392E-03     -0.42455096E-03
    2738     -0.70904555E-09     -0.71468313E-09     -0.18334004E-03     -0.42455096E-03
    2739     -0.70904891E-09     -0.71468313E-09     -0.18340229E-03     -0.42455096E-03
    2740     -0.70905128E-09     -0.71468313E-09     -0.18344661E-03     -0.42455096E-03
    2741     -0.70905576E-09     -0.71468313E-09     -0.18352602E-03     -0.42455096E-03
    2742     -0.70905837E-09     -0.71468313E-09     -0.18357065E-03     -0.42455096E-03
    2743     -0.70906134E-09     -0.71468313E-09     -0.18362441E-03     -0.42455096E-03
    2744     -0.70906381E-09     -0.71468313E-09     -0.18366842E-03     -0.42455096E-03
    2745     -0.70906711E-09     -0.71468313E-09     -0.18372065E-03     -0.42455096E-03
    2746     -0.70907030E-09     -0.71468313E-09     -0.18378042E-03     -0.42455096E-03
    2747     -0.70907346E-09     -0.71468313E-09     -0.18383073E-03     -0.42455096E-03
    2748     -0.70907608E-09     -0.71468313E-09     -0.18386779E-03     -0.42455096E-03
    2749     -0.70907857E-09     -0.71468313E-09     -0.18390906E-03     -0.42455096E-03
    2750     -0.70908092E-09     -0.71468313E-09     -0.18394515E-03     -0.42455096E-03
    2751     -0.70908405E-09     -0.71468313E-09     -0.18399625E-03     -0.42455096E-03
    2752     -0.70908775E-09     -0.71468313E-09     -0.18406752E-03     -0.42455096E-03
    2753     -0.70909130E-09     -0.71468313E-09     -0.18412786E-03     -0.42455096E-03
    2754     -0.70909372E-09     -0.71468313E-09     -0.18416631E-03     -0.42455096E-03
    2755     -0.70909714E-09     -0.71468313E-09     -0.18422386E-03     -0.42455096E-03
    2756     -0.70910040E-09     -0.71468313E-09     -0.18428511E-03     -0.42455096E-03
    2757     -0.70910342E-09     -0.71468313E-09     -0.18434790E-03     -0.42455096E-03
    2758     -0.70910659E-09     -0.71468313E-09     -0.18442507E-03     -0.42455096E-03
    2759     -0.70910954E-09     -0.71468313E-09     -0.18447983E-03     -0.42455096E-03
    2760     -0.70911220E-09     -0.71468313E-09     -0.18453248E-03     -0.42455096E-03
    2761     -0.70911536E-09     -0.71468313E-09     -0.18459397E-03     -0.42455096E-03
    2762     -0.70911765E-09     -0.71468313E-09     -0.18464124E-03     -0.42455096E-03
    2763     -0.70912125E-09     -0.71468313E-09     -0.18472261E-03     -0.42455096E-03
    2764     -0.70912413E-09     -0.71468313E-09     -0.18478662E-03     -0.42455096E-03
    2765     -0.70912722E-09     -0.71468313E-09     -0.18485213E-03     -0.42455096E-03
    2766     -0.70912969E-09     -0.71468313E-09     -0.18489963E-03     -0.42455096E-03
    2767     -0.70913160E-09     -0.71468313E-09     -0.18493587E-03     -0.42455096E-03
    2768     -0.70913372E-09     -0.71468313E-09     -0.18497978E-03     -0.42455096E-03
    2769     -0.70913574E-09     -0.71468313E-09     -0.18502066E-03     -0.42455096E-03
    2770     -0.70913844E-09     -0.71468313E-09     -0.18506826E-03     -0.42455096E-03
    2771     -0.70914065E-09     -0.71468313E-09     -0.18510655E-03     -0.42455096E-03
    2772     -0.70914348E-09     -0.71468313E-09     -0.18515609E-03     -0.42455096E-03
    2773     -0.70914632E-09     -0.71468313E-09     -0.18521003E-03     -0.42455096E-03
    2774     -0.70914845E-09     -0.71468313E-09     -0.18523979E-03     -0.42455096E-03
    2775     -0.70915095E-09     -0.71468313E-09     -0.18527488E-03     -0.42455096E-03
    2776     -0.70915275E-09     -0.71468313E-09     -0.18530740E-03     -0.42455096E-03
    2777     -0.70915529E-09     -0.71468313E-09     -0.18534998E-03     -0.42455096E-03
    2778     -0.70915792E-09     -0.71468313E-09     -0.18540020E-03     -0.42455096E-03
    2779     -0.70915959E-09     -0.71468313E-09     -0.18542811E-03     -0.42455096E-03
    2780     -0.70916161E-09     -0.71468313E-09     -0.18546276E-03     -0.42455096E-03
    2781     -0.70916329E-09     -0.71468313E-09     -0.18549063E-03     -0.42455096E-03
    2782     -0.70916505E-09     -0.71468313E-09     -0.18552285E-03     -0.42455096E-03
    2783     -0.70916752E-09     -0.71468313E-09     -0.18556549E-03     -0.42455096E-03
    2784     -0.70916927E-09     -0.71468313E-09     -0.18559871E-03     -0.42455096E-03
    2785     -0.70917117E-09     -0.71468313E-09     -0.18563420E-03     -0.42455096E-03
    2786     -0.70917365E-09     -0.71468313E-09     -0.18567957E-03     -0.42455096E-03
    2787     -0.70917607E-09     -0.71468313E-09     -0.18571864E-03     -0.42455096E-03
    2788     -0.70917858E-09     -0.71468313E-09     -0.18576046E-03     -0.42455096E-03
    2789     -0.70918111E-09     -0.71468313E-09     -0.18580837E-03     -0.42455096E-03
    2790     -0.70918311E-09     -0.71468313E-09     -0.18584496E-03     -0.42455096E-03
    2791     -0.70918525E-09     -0.71468313E-09     -0.18588717E-03     -0.42455096E-03
    2792     -0.70918797E-09     -0.71468313E-09     -0.18593019E-03     -0.42455096E-03
    2793     -0.70919051E-09     -0.71468313E-09     -0.18597430E-03     -0.42455096E-03
    2794     -0.70919347E-09     -0.71468313E-09     -0.18602392E-03     -0.42455096E-03
    2795     -0.70919588E-09     -0.71468313E-09     -0.18607209E-03     -0.42455096E-03
    2796     -0.70919881E-09     -0.71468313E-09     -0.18611957E-03     -0.42455096E-03
    2797     -0.70920092E-09     -0.71468313E-09     -0.18615863E-03     -0.42455096E-03
    2798     -0.70920305E-09     -0.71468313E-09     -0.18619830E-03     -0.42455096E-03
    2799     -0.70920510E-09     -0.71468313E-09     -0.18623797E-03     -0.42455096E-03
    2800     -0.70920817E-09     -0.71468313E-09     -0.18629155E-03     -0.42455096E-03
    2801     -0.70921104E-09     -0.71468313E-09     -0.18634305E-03     -0.42455096E-03
    2802     -0.70921466E-09     -0.71468313E-09     -0.18641097E-03     -0.42455096E-03
    2803     -0.70921712E-09     -0.71468313E-09     -0.18644993E-03     -0.42455096E-03
    2804     -0.70921890E-09     -0.71468313E-09     -0.18648292E-03     -0.42455096E-03
    2805     -0.70922117E-09     -0.71468313E-09     -0.18652399E-03     -0.42455096E-03
    2806     -0.70922281E-09     -0.71468313E-09     -0.18655323E-03     -0.42455096E-03
    2807     -0.70922494E-09     -0.71468313E-09     -0.18659100E-03     -0.42455096E-03
    2808     -0.70922745E-09     -0.71468313E-09     -0.18663279E-03     -0.42455096E-03
    2809     -0.70923055E-09     -0.71468313E-09     -0.18669046E-03     -0.42455096E-03
    2810     -0.70923340E-09     -0.71468313E-09     -0.18674600E-03     -0.42455096E-03
    2811     -0.70923601E-09     -0.71468313E-09     -0.18679628E-03     -0.42455096E-03
    2812     -0.70924131E-09     -0.71468313E-09     -0.18689001E-03     -0.42455096E-03
    2813     -0.70924368E-09     -0.71468313E-09     -0.18693873E-03     -0.42455096E-03
    2814     -0.70924672E-09     -0.71468313E-09     -0.18699089E-03     -0.42455096E-03
    2815     -0.70924941E-09     -0.71468313E-09     -0.18705105E-03     -0.42455096E-03
    2816     -0.70925199E-09     -0.71468313E-09     -0.18709658E-03     -0.42455096E-03
    2817     -0.70925583E-09     -0.71468313E-09     -0.18715821E-03     -0.42455096E-03
    2818     -0.70925979E-09     -0.71468313E-09     -0.18721612E-03     -0.42455096E-03
    2819     -0.70926212E-09     -0.71468313E-09     -0.18726274E-03     -0.42455096E-03
    2820     -0.70926764E-09     -0.71468313E-09     -0.18734890E-03     -0.42455096E-03
    2821     -0.70927753E-09     -0.71468313E-09     -0.18747404E-03     -0.42455096E-03
    2822     -0.70928194E-09     -0.71468313E-09     -0.18755182E-03     -0.42455096E-03
    2823     -0.70929050E-09     -0.71468313E-09     -0.18766997E-03     -0.42455096E-03
    2824     -0.70929585E-09     -0.71468313E-09     -0.18775380E-03     -0.42455096E-03
    2825     -0.70930214E-09     -0.71468313E-09     -0.18784028E-03     -0.42455096E-03
    2826     -0.70930612E-09     -0.71468313E-09     -0.18789925E-03     -0.42455096E-03
    2827     -0.70930956E-09     -0.71468313E-09     -0.18795474E-03     -0.42455096E-03
    2828     -0.70931300E-09     -0.71468313E-09     -0.18801862E-03     -0.42455096E-03
    2829     -0.70931727E-09     -0.71468313E-09     -0.18810147E-03     -0.42455096E-03
    2830     -0.70931998E-09     -0.71468313E-09     -0.18816027E-03     -0.42455096E-03
    2831     -0.70932314E-09     -0.71468313E-09     -0.18821781E-03     -0.42455096E-03
    2832     -0.70932599E-09     -0.71468313E-09     -0.18828353E-03     -0.42455096E-03
    2833     -0.70932881E-09     -0.71468313E-09     -0.18834221E-03     -0.42455096E-03
    2834     -0.70933228E-09     -0.71468313E-09     -0.18839666E-03     -0.42455096E-03
    2835     -0.70934384E-09     -0.71468313E-09     -0.18853785E-03     -0.42455096E-03
    2836     -0.70934790E-09     -0.71468313E-09     -0.18860408E-03     -0.42455096E-03
    2837     -0.70935120E-09     -0.71468313E-09     -0.18867245E-03     -0.42455096E-03
    2838     -0.70935347E-09     -0.71468313E-09     -0.18872271E-03     -0.42455096E-03
    2839     -0.70935931E-09     -0.71468313E-09     -0.18881388E-03     -0.42455096E-03
    2840     -0.70936838E-09     -0.71468313E-09     -0.18892882E-03     -0.42455096E-03
    2841     -0.70937291E-09     -0.71468313E-09     -0.18899643E-03     -0.42455096E-03
    2842     -0.70937605E-09     -0.71468313E-09     -0.18906803E-03     -0.42455096E-03
    2843     -0.70938314E-09     -0.71468313E-09     -0.18917218E-03     -0.42455096E-03
    2844     -0.70938713E-09     -0.71468313E-09     -0.18922987E-03     -0.42455096E-03
    2845     -0.70939264E-09     -0.71468313E-09     -0.18931249E-03     -0.42455096E-03
    2846     -0.70940016E-09     -0.71468313E-09     -0.18941996E-03     -0.42455096E-03
    2847     -0.70940342E-09     -0.71468313E-09     -0.18948573E-03     -0.42455096E-03
    2848     -0.70940630E-09     -0.71468313E-09     -0.18953497E-03     -0.42455096E-03
    2849     -0.70941023E-09     -0.71468313E-09     -0.18960780E-03     -0.42455096E-03
    2850     -0.70941468E-09     -0.71468313E-09     -0.18966499E-03     -0.42455096E-03
    2851     -0.70941865E-09     -0.71468313E-09     -0.18974262E-03     -0.42455096E-03
    2852     -0.70942119E-09     -0.71468313E-09     -0.18979388E-03     -0.42455096E-03
    2853     -0.70942445E-09     -0.71468313E-09     -0.18986454E-03     -0.42455096E-03
    2854     -0.70942696E-09     -0.71468313E-09     -0.18991300E-03     -0.42455096E-03
    2855     -0.70942992E-09     -0.71468313E-09     -0.18997944E-03     -0.42455096E-03
    2856     -0.70943376E-09     -0.71468313E-09     -0.19006451E-03     -0.42455096E-03
    2857     -0.70943622E-09     -0.71468313E-09     -0.19011623E-03     -0.42455096E-03
    2858     -0.70943995E-09     -0.71468313E-09     -0.19020430E-03     -0.42455096E-03
    2859     -0.70944200E-09     -0.71468313E-09     -0.19025156E-03     -0.42455096E-03
    2860     -0.70944617E-09     -0.71468313E-09     -0.19034484E-03     -0.42455096E-03
    2861     -0.70944921E-09     -0.71468313E-09     -0.19041535E-03     -0.42455096E-03
    2862     -0.70945172E-09     -0.71468313E-09     -0.19046149E-03     -0.42455096E-03
    2863     -0.70945414E-09     -0.71468313E-09     -0.19050494E-03     -0.42455096E-03
    2864     -0.70945616E-09     -0.71468313E-09     -0.19054502E-03     -0.42455096E-03
    2865     -0.70945858E-09     -0.71468313E-09     -0.19058125E-03     -0.42455096E-03
    2866     -0.70946106E-09     -0.71468313E-09     -0.19062412E-03     -0.42455096E-03
    2867     -0.70946320E-09     -0.71468313E-09     -0.19066694E-03     -0.42455096E-03
    2868     -0.70946570E-09     -0.71468313E-09     -0.19071935E-03     -0.42455096E-03
    2869     -0.70946766E-09     -0.71468313E-09     -0.19076146E-03     -0.42455096E-03
    2870     -0.70946983E-09     -0.71468313E-09     -0.19080501E-03     -0.42455096E-03
    2871     -0.70947193E-09     -0.71468313E-09     -0.19084367E-03     -0.42455096E-03
    2872     -0.70947383E-09     -0.71468313E-09     -0.19088455E-03     -0.42455096E-03
    2873     -0.70947588E-09     -0.71468313E-09     -0.19092562E-03     -0.42455096E-03
    2874     -0.70947842E-09     -0.71468313E-09     -0.19097435E-03     -0.42455096E-03
    2875     -0.70948167E-09     -0.71468313E-09     -0.19103688E-03     -0.42455096E-03
    2876     -0.70948473E-09     -0.71468313E-09     -0.19109747E-03     -0.42455096E-03
    2877     -0.70948718E-09     -0.71468313E-09     -0.19114059E-03     -0.42455096E-03
    2878     -0.70948949E-09     -0.71468313E-09     -0.19119605E-03     -0.42455096E-03
    2879     -0.70949165E-09     -0.71468313E-09     -0.19124640E-03     -0.42455096E-03
    2880     -0.70949616E-09     -0.71468313E-09     -0.19132286E-03     -0.42455096E-03
    2881     -0.70950296E-09     -0.71468313E-09     -0.19143158E-03     -0.42455096E-03
    2882     -0.70950587E-09     -0.71468313E-09     -0.19148955E-03     -0.42455096E-03
    2883     -0.70950900E-09     -0.71468313E-09     -0.19155105E-03     -0.42455096E-03
    2884     -0.70951263E-09     -0.71468313E-09     -0.19163197E-03     -0.42455096E-03
    2885     -0.70951640E-09     -0.71468313E-09     -0.19170843E-03     -0.42455096E-03
    2886     -0.70951901E-09     -0.71468313E-09     -0.19176835E-03     -0.42455096E-03
    2887     -0.70952486E-09     -0.71468313E-09     -0.19188038E-03     -0.42455096E-03
    2888     -0.70952867E-09     -0.71468313E-09     -0.19194688E-03     -0.42455096E-03
    2889     -0.70953614E-09     -0.71468313E-09     -0.19208104E-03     -0.42455096E-03
    2890     -0.70954152E-09     -0.71468313E-09     -0.19218005E-03     -0.42455096E-03
    2891     -0.70954579E-09     -0.71468313E-09     -0.19225847E-03     -0.42455096E-03
    2892     -0.70955031E-09     -0.71468313E-09     -0.19234754E-03     -0.42455096E-03
    2893     -0.70955371E-09     -0.71468313E-09     -0.19240695E-03     -0.42455096E-03
    2894     -0.70955684E-09     -0.71468313E-09     -0.19247491E-03     -0.42455096E-03
    2895     -0.70956120E-09     -0.71468313E-09     -0.19257133E-03     -0.42455096E-03
    2896     -0.70956513E-09     -0.71468313E-09     -0.19265432E-03     -0.42455096E-03
    2897     -0.70956853E-09     -0.71468313E-09     -0.19272992E-03     -0.42455096E-03
    2898     -0.70957138E-09     -0.71468313E-09     -0.19278690E-03     -0.42455096E-03
    2899     -0.70957394E-09     -0.71468313E-09     -0.19283936E-03     -0.42455096E-03
    2900     -0.70957755E-09     -0.71468313E-09     -0.19292130E-03     -0.42455096E-03
    2901     -0.70957954E-09     -0.71468313E-09     -0.19296467E-03     -0.42455096E-03
    2902     -0.70958218E-09     -0.71468313E-09     -0.19301401E-03     -0.42455096E-03
    2903     -0.70958537E-09     -0.71468313E-09     -0.19309395E-03     -0.42455096E-03
    2904     -0.70958807E-09     -0.71468313E-09     -0.19315654E-03     -0.42455096E-03
    2905     -0.70959030E-09     -0.71468313E-09     -0.19320006E-03     -0.42455096E-03
    2906     -0.70959268E-09     -0.71468313E-09     -0.19324866E-03     -0.42455096E-03
    2907     -0.70959618E-09     -0.71468313E-09     -0.19331993E-03     -0.42455096E-03
    2908     -0.70959943E-09     -0.71468313E-09     -0.19339431E-03     -0.42455096E-03
    2909     -0.70960275E-09     -0.71468313E-09     -0.19346143E-03     -0.42455096E-03
    2910     -0.70960481E-09     -0.71468313E-09     -0.19350251E-03     -0.42455096E-03
    2911     -0.70960707E-09     -0.71468313E-09     -0.19355391E-03     -0.42455096E-03
    2912     -0.70960942E-09     -0.71468313E-09     -0.19360754E-03     -0.42455096E-03
    2913     -0.70961237E-09     -0.71468313E-09     -0.19367079E-03     -0.42455096E-03
    2914     -0.70961449E-09     -0.71468313E-09     -0.19371688E-03     -0.42455096E-03
    2915     -0.70961660E-09     -0.71468313E-09     -0.19375556E-03     -0.42455096E-03
    2916     -0.70961866E-09     -0.71468313E-09     -0.19379853E-03     -0.42455096E-03
    2917     -0.70962072E-09     -0.71468313E-09     -0.19384150E-03     -0.42455096E-03
    2918     -0.70962257E-09     -0.71468313E-09     -0.19388545E-03     -0.42455096E-03
    2919     -0.70962414E-09     -0.71468313E-09     -0.19392422E-03     -0.42455096E-03
    2920     -0.70962625E-09     -0.71468313E-09     -0.19397269E-03     -0.42455096E-03
    2921     -0.70962799E-09     -0.71468313E-09     -0.19401175E-03     -0.42455096E-03
    2922     -0.70962967E-09     -0.71468313E-09     -0.19404716E-03     -0.42455096E-03
    2923     -0.70963196E-09     -0.71468313E-09     -0.19409821E-03     -0.42455096E-03
    2924     -0.70963402E-09     -0.71468313E-09     -0.19413887E-03     -0.42455096E-03
    2925     -0.70963579E-09     -0.71468313E-09     -0.19417148E-03     -0.42455096E-03
    2926     -0.70963781E-09     -0.71468313E-09     -0.19421881E-03     -0.42455096E-03
    2927     -0.70963969E-09     -0.71468313E-09     -0.19425960E-03     -0.42455096E-03
    2928     -0.70964165E-09     -0.71468313E-09     -0.19430730E-03     -0.42455096E-03
    2929     -0.70964348E-09     -0.71468313E-09     -0.19434940E-03     -0.42455096E-03
    2930     -0.70964490E-09     -0.71468313E-09     -0.19438730E-03     -0.42455096E-03
    2931     -0.70964653E-09     -0.71468313E-09     -0.19443567E-03     -0.42455096E-03
    2932     -0.70964850E-09     -0.71468313E-09     -0.19448284E-03     -0.42455096E-03
    2933     -0.70965052E-09     -0.71468313E-09     -0.19453156E-03     -0.42455096E-03
    2934     -0.70965267E-09     -0.71468313E-09     -0.19458299E-03     -0.42455096E-03
    2935     -0.70965465E-09     -0.71468313E-09     -0.19463418E-03     -0.42455096E-03
    2936     -0.70965641E-09     -0.71468313E-09     -0.19467278E-03     -0.42455096E-03
    2937     -0.70965790E-09     -0.71468313E-09     -0.19471246E-03     -0.42455096E-03
    2938     -0.70965955E-09     -0.71468313E-09     -0.19475873E-03     -0.42455096E-03
    2939     -0.70966201E-09     -0.71468313E-09     -0.19481753E-03     -0.42455096E-03
    2940     -0.70966377E-09     -0.71468313E-09     -0.19485555E-03     -0.42455096E-03
    2941     -0.70966626E-09     -0.71468313E-09     -0.19491671E-03     -0.42455096E-03
    2942     -0.70966857E-09     -0.71468313E-09     -0.19497765E-03     -0.42455096E-03
    2943     -0.70967087E-09     -0.71468313E-09     -0.19503621E-03     -0.42455096E-03
    2944     -0.70967243E-09     -0.71468313E-09     -0.19507608E-03     -0.42455096E-03
    2945     -0.70967449E-09     -0.71468313E-09     -0.19512210E-03     -0.42455096E-03
    2946     -0.70967625E-09     -0.71468313E-09     -0.19517286E-03     -0.42455096E-03
    2947     -0.70967735E-09     -0.71468313E-09     -0.19520133E-03     -0.42455096E-03
    2948     -0.70967871E-09     -0.71468313E-09     -0.19523945E-03     -0.42455096E-03
    2949     -0.70968012E-09     -0.71468313E-09     -0.19527089E-03     -0.42455096E-03
    2950     -0.70968166E-09     -0.71468313E-09     -0.19530457E-03     -0.42455096E-03
    2951     -0.70968390E-09     -0.71468313E-09     -0.19536137E-03     -0.42455096E-03
    2952     -0.70968545E-09     -0.71468313E-09     -0.19540237E-03     -0.42455096E-03
    2953     -0.70968703E-09     -0.71468313E-09     -0.19544333E-03     -0.42455096E-03
    2954     -0.70968870E-09     -0.71468313E-09     -0.19548463E-03     -0.42455096E-03
    2955     -0.70969044E-09     -0.71468313E-09     -0.19552945E-03     -0.42455096E-03
    2956     -0.70969184E-09     -0.71468313E-09     -0.19556555E-03     -0.42455096E-03
    2957     -0.70969347E-09     -0.71468313E-09     -0.19560405E-03     -0.42455096E-03
    2958     -0.70969485E-09     -0.71468313E-09     -0.19564028E-03     -0.42455096E-03
    2959     -0.70969651E-09     -0.71468313E-09     -0.19567774E-03     -0.42455096E-03
    2960     -0.70969806E-09     -0.71468313E-09     -0.19571143E-03     -0.42455096E-03
    2961     -0.70969966E-09     -0.71468313E-09     -0.19575176E-03     -0.42455096E-03
    2962     -0.70970130E-09     -0.71468313E-09     -0.19578878E-03     -0.42455096E-03
    2963     -0.70970298E-09     -0.71468313E-09     -0.19583383E-03     -0.42455096E-03
    2964     -0.70970461E-09     -0.71468313E-09     -0.19586826E-03     -0.42455096E-03
    2965     -0.70970605E-09     -0.71468313E-09     -0.19590558E-03     -0.42455096E-03
    2966     -0.70970776E-09     -0.71468313E-09     -0.19594151E-03     -0.42455096E-03
    2967     -0.70970934E-09     -0.71468313E-09     -0.19598147E-03     -0.42455096E-03
    2968     -0.70971112E-09     -0.71468313E-09     -0.19603023E-03     -0.42455096E-03
    2969     -0.70971266E-09     -0.71468313E-09     -0.19606586E-03     -0.42455096E-03
    2970     -0.70971426E-09     -0.71468313E-09     -0.19610215E-03     -0.42455096E-03
    2971     -0.70971585E-09     -0.71468313E-09     -0.19614227E-03     -0.42455096E-03
    2972     -0.70971764E-09     -0.71468313E-09     -0.19618174E-03     -0.42455096E-03
    2973     -0.70971925E-09     -0.71468313E-09     -0.19621544E-03     -0.42455096E-03
    2974     -0.70972113E-09     -0.71468313E-09     -0.19626644E-03     -0.42455096E-03
    2975     -0.70972297E-09     -0.71468313E-09     -0.19631077E-03     -0.42455096E-03
    2976     -0.70972520E-09     -0.71468313E-09     -0.19636404E-03     -0.42455096E-03
    2977     -0.70972759E-09     -0.71468313E-09     -0.19642163E-03     -0.42455096E-03
    2978     -0.70973041E-09     -0.71468313E-09     -0.19648897E-03     -0.42455096E-03
    2979     -0.70973248E-09     -0.71468313E-09     -0.19653501E-03     -0.42455096E-03
    2980     -0.70973462E-09     -0.71468313E-09     -0.19659468E-03     -0.42455096E-03
    2981     -0.70973678E-09     -0.71468313E-09     -0.19665412E-03     -0.42455096E-03
    2982     -0.70973915E-09     -0.71468313E-09     -0.19672340E-03     -0.42455096E-03
    2983     -0.70974126E-09     -0.71468313E-09     -0.19677267E-03     -0.42455096E-03
    2984     -0.70974331E-09     -0.71468313E-09     -0.19682174E-03     -0.42455096E-03
    2985     -0.70974563E-09     -0.71468313E-09     -0.19689216E-03     -0.42455096E-03
    2986     -0.70974802E-09     -0.71468313E-09     -0.19696188E-03     -0.42455096E-03
    2987     -0.70975036E-09     -0.71468313E-09     -0.19703051E-03     -0.42455096E-03
    2988     -0.70975228E-09     -0.71468313E-09     -0.19708694E-03     -0.42455096E-03
    2989     -0.70975445E-09     -0.71468313E-09     -0.19714924E-03     -0.42455096E-03
    2990     -0.70975716E-09     -0.71468313E-09     -0.19723324E-03     -0.42455096E-03
    2991     -0.70976029E-09     -0.71468313E-09     -0.19732226E-03     -0.42455096E-03
    2992     -0.70976241E-09     -0.71468313E-09     -0.19738605E-03     -0.42455096E-03
    2993     -0.70976463E-09     -0.71468313E-09     -0.19745052E-03     -0.42455096E-03
    2994     -0.70976740E-09     -0.71468313E-09     -0.19752559E-03     -0.42455096E-03
    2995     -0.70976905E-09     -0.71468313E-09     -0.19757028E-03     -0.42455096E-03
    2996     -0.70977117E-09     -0.71468313E-09     -0.19762582E-03     -0.42455096E-03
    2997     -0.70977356E-09     -0.71468313E-09     -0.19768409E-03     -0.42455096E-03
    2998     -0.70977537E-09     -0.71468313E-09     -0.19773034E-03     -0.42455096E-03
    2999     -0.70977765E-09     -0.71468313E-09     -0.19778547E-03     -0.42455096E-03
    3000     -0.70977971E-09     -0.71468313E-09     -0.19784635E-03     -0.42455096E-03
    3001     -0.70978171E-09     -0.71468313E-09     -0.19790758E-03     -0.42455096E-03
    3002     -0.70978347E-09     -0.71468313E-09     -0.19796032E-03     -0.42455096E-03
    3003     -0.70978674E-09     -0.71468313E-09     -0.19803658E-03     -0.42455096E-03
    3004     -0.70978854E-09     -0.71468313E-09     -0.19808627E-03     -0.42455096E-03
    3005     -0.70979032E-09     -0.71468313E-09     -0.19813363E-03     -0.42455096E-03
    3006     -0.70979203E-09     -0.71468313E-09     -0.19817651E-03     -0.42455096E-03
    3007     -0.70979479E-09     -0.71468313E-09     -0.19823733E-03     -0.42455096E-03
    3008     -0.70979629E-09     -0.71468313E-09     -0.19827764E-03     -0.42455096E-03
    3009     -0.70979830E-09     -0.71468313E-09     -0.19833931E-03     -0.42455096E-03
    3010     -0.70980004E-09     -0.71468313E-09     -0.19837982E-03     -0.42455096E-03
    3011     -0.70980265E-09     -0.71468313E-09     -0.19843636E-03     -0.42455096E-03
    3012     -0.70980474E-09     -0.71468313E-09     -0.19848122E-03     -0.42455096E-03
    3013     -0.70980687E-09     -0.71468313E-09     -0.19853771E-03     -0.42455096E-03
    3014     -0.70981270E-09     -0.71468313E-09     -0.19865193E-03     -0.42455096E-03
    3015     -0.70981562E-09     -0.71468313E-09     -0.19871407E-03     -0.42455096E-03
    3016     -0.70981886E-09     -0.71468313E-09     -0.19878509E-03     -0.42455096E-03
    3017     -0.70982092E-09     -0.71468313E-09     -0.19883521E-03     -0.42455096E-03
    3018     -0.70982337E-09     -0.71468313E-09     -0.19889171E-03     -0.42455096E-03
    3019     -0.70983064E-09     -0.71468313E-09     -0.19901798E-03     -0.42455096E-03
    3020     -0.70983296E-09     -0.71468313E-09     -0.19906585E-03     -0.42455096E-03
    3021     -0.70983792E-09     -0.71468313E-09     -0.19915903E-03     -0.42455096E-03
    3022     -0.70984097E-09     -0.71468313E-09     -0.19921997E-03     -0.42455096E-03
    3023     -0.70984316E-09     -0.71468313E-09     -0.19927280E-03     -0.42455096E-03
    3024     -0.70984573E-09     -0.71468313E-09     -0.19932779E-03     -0.42455096E-03
    3025     -0.70984934E-09     -0.71468313E-09     -0.19940173E-03     -0.42455096E-03
    3026     -0.70985169E-09     -0.71468313E-09     -0.19945352E-03     -0.42455096E-03
    3027     -0.70985379E-09     -0.71468313E-09     -0.19950302E-03     -0.42455096E-03
    3028     -0.70985559E-09     -0.71468313E-09     -0.19954338E-03     -0.42455096E-03
    3029     -0.70985809E-09     -0.71468313E-09     -0.19959693E-03     -0.42455096E-03
    3030     -0.70986039E-09     -0.71468313E-09     -0.19965268E-03     -0.42455096E-03
    3031     -0.70986241E-09     -0.71468313E-09     -0.19970724E-03     -0.42455096E-03
    3032     -0.70986423E-09     -0.71468313E-09     -0.19976345E-03     -0.42455096E-03
    3033     -0.70986631E-09     -0.71468313E-09     -0.19981398E-03     -0.42455096E-03
    3034     -0.70986904E-09     -0.71468313E-09     -0.19987898E-03     -0.42455096E-03
    3035     -0.70987175E-09     -0.71468313E-09     -0.19995240E-03     -0.42455096E-03
    3036     -0.70987515E-09     -0.71468313E-09     -0.20002926E-03     -0.42455096E-03
    3037     -0.70987719E-09     -0.71468313E-09     -0.20007792E-03     -0.42455096E-03
    3038     -0.70987922E-09     -0.71468313E-09     -0.20013121E-03     -0.42455096E-03
    3039     -0.70988108E-09     -0.71468313E-09     -0.20017532E-03     -0.42455096E-03
    3040     -0.70988269E-09     -0.71468313E-09     -0.20021538E-03     -0.42455096E-03
    3041     -0.70988496E-09     -0.71468313E-09     -0.20027418E-03     -0.42455096E-03
    3042     -0.70988696E-09     -0.71468313E-09     -0.20032605E-03     -0.42455096E-03
    3043     -0.70988888E-09     -0.71468313E-09     -0.20037518E-03     -0.42455096E-03
    3044     -0.70989104E-09     -0.71468313E-09     -0.20042507E-03     -0.42455096E-03
    3045     -0.70989292E-09     -0.71468313E-09     -0.20047206E-03     -0.42455096E-03
    3046     -0.70989496E-09     -0.71468313E-09     -0.20052257E-03     -0.42455096E-03
    3047     -0.70989665E-09     -0.71468313E-09     -0.20056336E-03     -0.42455096E-03
    3048     -0.70989994E-09     -0.71468313E-09     -0.20063084E-03     -0.42455096E-03
    3049     -0.70990393E-09     -0.71468313E-09     -0.20070329E-03     -0.42455096E-03
    3050     -0.70991110E-09     -0.71468313E-09     -0.20082069E-03     -0.42455096E-03
    3051     -0.70991586E-09     -0.71468313E-09     -0.20090298E-03     -0.42455096E-03
    3052     -0.70991893E-09     -0.71468313E-09     -0.20096709E-03     -0.42455096E-03
    3053     -0.70992408E-09     -0.71468313E-09     -0.20106763E-03     -0.42455096E-03
    3054     -0.70992942E-09     -0.71468313E-09     -0.20116007E-03     -0.42455096E-03
    3055     -0.70993254E-09     -0.71468313E-09     -0.20121967E-03     -0.42455096E-03
    3056     -0.70993641E-09     -0.71468313E-09     -0.20128892E-03     -0.42455096E-03
    3057     -0.70993869E-09     -0.71468313E-09     -0.20133921E-03     -0.42455096E-03
    3058     -0.70994058E-09     -0.71468313E-09     -0.20139006E-03     -0.42455096E-03
    3059     -0.70994220E-09     -0.71468313E-09     -0.20143473E-03     -0.42455096E-03
    3060     -0.70994541E-09     -0.71468313E-09     -0.20149944E-03     -0.42455096E-03
    3061     -0.70994735E-09     -0.71468313E-09     -0.20154534E-03     -0.42455096E-03
    3062     -0.70994961E-09     -0.71468313E-09     -0.20159522E-03     -0.42455096E-03
    3063     -0.70995188E-09     -0.71468313E-09     -0.20164440E-03     -0.42455096E-03
    3064     -0.70995355E-09     -0.71468313E-09     -0.20168262E-03     -0.42455096E-03
    3065     -0.70995525E-09     -0.71468313E-09     -0.20172835E-03     -0.42455096E-03
    3066     -0.70995704E-09     -0.71468313E-09     -0.20177157E-03     -0.42455096E-03
    3067     -0.70995933E-09     -0.71468313E-09     -0.20182495E-03     -0.42455096E-03
    3068     -0.70996086E-09     -0.71468313E-09     -0.20186495E-03     -0.42455096E-03
    3069     -0.70996258E-09     -0.71468313E-09     -0.20190256E-03     -0.42455096E-03
    3070     -0.70996434E-09     -0.71468313E-09     -0.20194453E-03     -0.42455096E-03
    3071     -0.70996632E-09     -0.71468313E-09     -0.20198529E-03     -0.42455096E-03
    3072     -0.70996778E-09     -0.71468313E-09     -0.20202324E-03     -0.42455096E-03
    3073     -0.70996943E-09     -0.71468313E-09     -0.20206268E-03     -0.42455096E-03
    3074     -0.70997082E-09     -0.71468313E-09     -0.20210144E-03     -0.42455096E-03
    3075     -0.70997213E-09     -0.71468313E-09     -0.20213241E-03     -0.42455096E-03
    3076     -0.70997393E-09     -0.71468313E-09     -0.20217270E-03     -0.42455096E-03
    3077     -0.70997605E-09     -0.71468313E-09     -0.20221047E-03     -0.42455096E-03
    3078     -0.70997771E-09     -0.71468313E-09     -0.20224810E-03     -0.42455096E-03
    3079     -0.70997945E-09     -0.71468313E-09     -0.20229228E-03     -0.42455096E-03
    3080     -0.70998107E-09     -0.71468313E-09     -0.20233560E-03     -0.42455096E-03
    3081     -0.70998343E-09     -0.71468313E-09     -0.20240336E-03     -0.42455096E-03
    3082     -0.70998647E-09     -0.71468313E-09     -0.20246546E-03     -0.42455096E-03
    3083     -0.70998879E-09     -0.71468313E-09     -0.20251980E-03     -0.42455096E-03
    3084     -0.70999137E-09     -0.71468313E-09     -0.20257929E-03     -0.42455096E-03
    3085     -0.70999284E-09     -0.71468313E-09     -0.20262102E-03     -0.42455096E-03
    3086     -0.70999530E-09     -0.71468313E-09     -0.20268122E-03     -0.42455096E-03
    3087     -0.70999712E-09     -0.71468313E-09     -0.20273320E-03     -0.42455096E-03
    3088     -0.70999994E-09     -0.71468313E-09     -0.20279667E-03     -0.42455096E-03
    3089     -0.71000179E-09     -0.71468313E-09     -0.20284742E-03     -0.42455096E-03
    3090     -0.71000410E-09     -0.71468313E-09     -0.20291033E-03     -0.42455096E-03
    3091     -0.71000673E-09     -0.71468313E-09     -0.20297601E-03     -0.42455096E-03
    3092     -0.71000977E-09     -0.71468313E-09     -0.20304677E-03     -0.42455096E-03
    3093     -0.71001651E-09     -0.71468313E-09     -0.20318270E-03     -0.42455096E-03
    3094     -0.71001955E-09     -0.71468313E-09     -0.20325686E-03     -0.42455096E-03
    3095     -0.71002302E-09     -0.71468313E-09     -0.20333336E-03     -0.42455096E-03
    3096     -0.71002600E-09     -0.71468313E-09     -0.20340093E-03     -0.42455096E-03
    3097     -0.71002815E-09     -0.71468313E-09     -0.20345901E-03     -0.42455096E-03
    3098     -0.71002995E-09     -0.71468313E-09     -0.20350858E-03     -0.42455096E-03
    3099     -0.71003214E-09     -0.71468313E-09     -0.20356993E-03     -0.42455096E-03
    3100     -0.71003429E-09     -0.71468313E-09     -0.20362409E-03     -0.42455096E-03
    3101     -0.71003663E-09     -0.71468313E-09     -0.20368377E-03     -0.42455096E-03
    3102     -0.71004277E-09     -0.71468313E-09     -0.20381706E-03     -0.42455096E-03
    3103     -0.71004648E-09     -0.71468313E-09     -0.20392031E-03     -0.42455096E-03
    3104     -0.71004837E-09     -0.71468313E-09     -0.20397356E-03     -0.42455096E-03
    3105     -0.71005003E-09     -0.71468313E-09     -0.20401825E-03     -0.42455096E-03
    3106     -0.71005208E-09     -0.71468313E-09     -0.20407911E-03     -0.42455096E-03
    3107     -0.71005443E-09     -0.71468313E-09     -0.20413374E-03     -0.42455096E-03
    3108     -0.71005646E-09     -0.71468313E-09     -0.20418759E-03     -0.42455096E-03
    3109     -0.71005799E-09     -0.71468313E-09     -0.20422932E-03     -0.42455096E-03
    3110     -0.71006030E-09     -0.71468313E-09     -0.20428922E-03     -0.42455096E-03
    3111     -0.71006226E-09     -0.71468313E-09     -0.20433700E-03     -0.42455096E-03
    3112     -0.71006405E-09     -0.71468313E-09     -0.20438794E-03     -0.42455096E-03
    3113     -0.71006566E-09     -0.71468313E-09     -0.20442921E-03     -0.42455096E-03
    3114     -0.71006684E-09     -0.71468313E-09     -0.20446302E-03     -0.42455096E-03
    3115     -0.71006873E-09     -0.71468313E-09     -0.20451469E-03     -0.42455096E-03
    3116     -0.71007055E-09     -0.71468313E-09     -0.20456453E-03     -0.42455096E-03
    3117     -0.71007276E-09     -0.71468313E-09     -0.20461905E-03     -0.42455096E-03
    3118     -0.71007450E-09     -0.71468313E-09     -0.20467000E-03     -0.42455096E-03
    3119     -0.71007615E-09     -0.71468313E-09     -0.20471674E-03     -0.42455096E-03
    3120     -0.71007797E-09     -0.71468313E-09     -0.20476495E-03     -0.42455096E-03
    3121     -0.71007982E-09     -0.71468313E-09     -0.20481600E-03     -0.42455096E-03
    3122     -0.71008135E-09     -0.71468313E-09     -0.20485862E-03     -0.42455096E-03
    3123     -0.71008321E-09     -0.71468313E-09     -0.20491504E-03     -0.42455096E-03
    3124     -0.71008517E-09     -0.71468313E-09     -0.20497729E-03     -0.42455096E-03
    3125     -0.71008714E-09     -0.71468313E-09     -0.20503826E-03     -0.42455096E-03
    3126     -0.71008924E-09     -0.71468313E-09     -0.20509982E-03     -0.42455096E-03
    3127     -0.71009163E-09     -0.71468313E-09     -0.20516908E-03     -0.42455096E-03
    3128     -0.71009344E-09     -0.71468313E-09     -0.20522653E-03     -0.42455096E-03
    3129     -0.71009519E-09     -0.71468313E-09     -0.20526933E-03     -0.42455096E-03
    3130     -0.71009729E-09     -0.71468313E-09     -0.20533734E-03     -0.42455096E-03
    3131     -0.71009928E-09     -0.71468313E-09     -0.20539300E-03     -0.42455096E-03
    3132     -0.71010098E-09     -0.71468313E-09     -0.20543953E-03     -0.42455096E-03
    3133     -0.71010316E-09     -0.71468313E-09     -0.20550552E-03     -0.42455096E-03
    3134     -0.71010526E-09     -0.71468313E-09     -0.20555735E-03     -0.42455096E-03
    3135     -0.71010719E-09     -0.71468313E-09     -0.20560783E-03     -0.42455096E-03
    3136     -0.71010871E-09     -0.71468313E-09     -0.20564676E-03     -0.42455096E-03
    3137     -0.71011048E-09     -0.71468313E-09     -0.20569878E-03     -0.42455096E-03
    3138     -0.71011170E-09     -0.71468313E-09     -0.20572869E-03     -0.42455096E-03
    3139     -0.71011343E-09     -0.71468313E-09     -0.20577991E-03     -0.42455096E-03
    3140     -0.71011496E-09     -0.71468313E-09     -0.20582239E-03     -0.42455096E-03
    3141     -0.71011684E-09     -0.71468313E-09     -0.20587255E-03     -0.42455096E-03
    3142     -0.71011837E-09     -0.71468313E-09     -0.20591850E-03     -0.42455096E-03
    3143     -0.71012000E-09     -0.71468313E-09     -0.20597006E-03     -0.42455096E-03
    3144     -0.71012159E-09     -0.71468313E-09     -0.20600869E-03     -0.42455096E-03
    3145     -0.71012342E-09     -0.71468313E-09     -0.20606843E-03     -0.42455096E-03
    3146     -0.71012508E-09     -0.71468313E-09     -0.20611542E-03     -0.42455096E-03
    3147     -0.71012701E-09     -0.71468313E-09     -0.20617509E-03     -0.42455096E-03
    3148     -0.71012867E-09     -0.71468313E-09     -0.20622210E-03     -0.42455096E-03
    3149     -0.71013103E-09     -0.71468313E-09     -0.20629014E-03     -0.42455096E-03
    3150     -0.71013278E-09     -0.71468313E-09     -0.20634024E-03     -0.42455096E-03
    3151     -0.71013435E-09     -0.71468313E-09     -0.20638737E-03     -0.42455096E-03
    3152     -0.71013638E-09     -0.71468313E-09     -0.20644572E-03     -0.42455096E-03
    3153     -0.71013797E-09     -0.71468313E-09     -0.20649097E-03     -0.42455096E-03
    3154     -0.71014000E-09     -0.71468313E-09     -0.20654982E-03     -0.42455096E-03
    3155     -0.71014189E-09     -0.71468313E-09     -0.20660764E-03     -0.42455096E-03
    3156     -0.71014350E-09     -0.71468313E-09     -0.20666245E-03     -0.42455096E-03
    3157     -0.71014556E-09     -0.71468313E-09     -0.20673567E-03     -0.42455096E-03
    3158     -0.71014733E-09     -0.71468313E-09     -0.20678333E-03     -0.42455096E-03
    3159     -0.71014997E-09     -0.71468313E-09     -0.20687308E-03     -0.42455096E-03
    3160     -0.71015209E-09     -0.71468313E-09     -0.20693843E-03     -0.42455096E-03
    3161     -0.71015480E-09     -0.71468313E-09     -0.20702424E-03     -0.42455096E-03
    3162     -0.71015677E-09     -0.71468313E-09     -0.20708064E-03     -0.42455096E-03
    3163     -0.71015934E-09     -0.71468313E-09     -0.20714469E-03     -0.42455096E-03
    3164     -0.71016190E-09     -0.71468313E-09     -0.20721808E-03     -0.42455096E-03
    3165     -0.71016407E-09     -0.71468313E-09     -0.20727708E-03     -0.42455096E-03
    3166     -0.71016600E-09     -0.71468313E-09     -0.20733508E-03     -0.42455096E-03
    3167     -0.71016805E-09     -0.71468313E-09     -0.20739111E-03     -0.42455096E-03
    3168     -0.71016952E-09     -0.71468313E-09     -0.20743407E-03     -0.42455096E-03
    3169     -0.71017115E-09     -0.71468313E-09     -0.20748594E-03     -0.42455096E-03
    3170     -0.71017303E-09     -0.71468313E-09     -0.20754002E-03     -0.42455096E-03
    3171     -0.71017473E-09     -0.71468313E-09     -0.20759445E-03     -0.42455096E-03
    3172     -0.71017624E-09     -0.71468313E-09     -0.20764325E-03     -0.42455096E-03
    3173     -0.71017762E-09     -0.71468313E-09     -0.20769393E-03     -0.42455096E-03
    3174     -0.71017917E-09     -0.71468313E-09     -0.20774446E-03     -0.42455096E-03
    3175     -0.71018064E-09     -0.71468313E-09     -0.20778942E-03     -0.42455096E-03
    3176     -0.71018228E-09     -0.71468313E-09     -0.20783777E-03     -0.42455096E-03
    3177     -0.71018404E-09     -0.71468313E-09     -0.20789691E-03     -0.42455096E-03
    3178     -0.71018559E-09     -0.71468313E-09     -0.20794273E-03     -0.42455096E-03
    3179     -0.71018736E-09     -0.71468313E-09     -0.20799321E-03     -0.42455096E-03
    3180     -0.71018935E-09     -0.71468313E-09     -0.20805295E-03     -0.42455096E-03
    3181     -0.71019116E-09     -0.71468313E-09     -0.20810939E-03     -0.42455096E-03
    3182     -0.71019301E-09     -0.71468313E-09     -0.20816385E-03     -0.42455096E-03
    3183     -0.71019478E-09     -0.71468313E-09     -0.20821703E-03     -0.42455096E-03
    3184     -0.71019654E-09     -0.71468313E-09     -0.20827611E-03     -0.42455096E-03
    3185     -0.71019815E-09     -0.71468313E-09     -0.20832411E-03     -0.42455096E-03
    3186     -0.71019985E-09     -0.71468313E-09     -0.20837211E-03     -0.42455096E-03
    3187     -0.71020161E-09     -0.71468313E-09     -0.20842469E-03     -0.42455096E-03
    3188     -0.71020409E-09     -0.71468313E-09     -0.20849229E-03     -0.42455096E-03
    3189     -0.71020546E-09     -0.71468313E-09     -0.20853269E-03     -0.42455096E-03
    3190     -0.71020758E-09     -0.71468313E-09     -0.20860213E-03     -0.42455096E-03
    3191     -0.71020954E-09     -0.71468313E-09     -0.20866276E-03     -0.42455096E-03
    3192     -0.71021150E-09     -0.71468313E-09     -0.20872311E-03     -0.42455096E-03
    3193     -0.71021339E-09     -0.71468313E-09     -0.20878261E-03     -0.42455096E-03
    3194     -0.71021506E-09     -0.71468313E-09     -0.20883206E-03     -0.42455096E-03
    3195     -0.71021672E-09     -0.71468313E-09     -0.20887665E-03     -0.42455096E-03
    3196     -0.71021852E-09     -0.71468313E-09     -0.20894100E-03     -0.42455096E-03
    3197     -0.71022018E-09     -0.71468313E-09     -0.20898777E-03     -0.42455096E-03
    3198     -0.71022186E-09     -0.71468313E-09     -0.20903737E-03     -0.42455096E-03
    3199     -0.71022366E-09     -0.71468313E-09     -0.20909834E-03     -0.42455096E-03
    3200     -0.71022552E-09     -0.71468313E-09     -0.20916317E-03     -0.42455096E-03
    3201     -0.71022702E-09     -0.71468313E-09     -0.20920973E-03     -0.42455096E-03
    3202     -0.71022895E-09     -0.71468313E-09     -0.20927807E-03     -0.42455096E-03
    3203     -0.71023050E-09     -0.71468313E-09     -0.20932810E-03     -0.42455096E-03
    3204     -0.71023230E-09     -0.71468313E-09     -0.20938155E-03     -0.42455096E-03
    3205     -0.71023402E-09     -0.71468313E-09     -0.20943315E-03     -0.42455096E-03
    3206     -0.71023573E-09     -0.71468313E-09     -0.20948257E-03     -0.42455096E-03
    3207     -0.71023802E-09     -0.71468313E-09     -0.20955190E-03     -0.42455096E-03
    3208     -0.71023971E-09     -0.71468313E-09     -0.20960381E-03     -0.42455096E-03
    3209     -0.71024169E-09     -0.71468313E-09     -0.20966237E-03     -0.42455096E-03
    3210     -0.71024342E-09     -0.71468313E-09     -0.20971230E-03     -0.42455096E-03
    3211     -0.71024564E-09     -0.71468313E-09     -0.20976985E-03     -0.42455096E-03
    3212     -0.71024781E-09     -0.71468313E-09     -0.20982533E-03     -0.42455096E-03
    3213     -0.71024946E-09     -0.71468313E-09     -0.20987250E-03     -0.42455096E-03
    3214     -0.71025202E-09     -0.71468313E-09     -0.20993561E-03     -0.42455096E-03
    3215     -0.71025359E-09     -0.71468313E-09     -0.20999202E-03     -0.42455096E-03
    3216     -0.71025560E-09     -0.71468313E-09     -0.21005330E-03     -0.42455096E-03
    3217     -0.71025763E-09     -0.71468313E-09     -0.21011257E-03     -0.42455096E-03
    3218     -0.71025949E-09     -0.71468313E-09     -0.21017127E-03     -0.42455096E-03
    3219     -0.71026140E-09     -0.71468313E-09     -0.21022391E-03     -0.42455096E-03
    3220     -0.71026306E-09     -0.71468313E-09     -0.21027144E-03     -0.42455096E-03
    3221     -0.71026485E-09     -0.71468313E-09     -0.21032752E-03     -0.42455096E-03
    3222     -0.71026611E-09     -0.71468313E-09     -0.21036350E-03     -0.42455096E-03
    3223     -0.71026782E-09     -0.71468313E-09     -0.21041751E-03     -0.42455096E-03
    3224     -0.71026958E-09     -0.71468313E-09     -0.21047130E-03     -0.42455096E-03
    3225     -0.71027085E-09     -0.71468313E-09     -0.21050855E-03     -0.42455096E-03
    3226     -0.71027264E-09     -0.71468313E-09     -0.21056763E-03     -0.42455096E-03
    3227     -0.71027478E-09     -0.71468313E-09     -0.21062757E-03     -0.42455096E-03
    3228     -0.71027686E-09     -0.71468313E-09     -0.21069245E-03     -0.42455096E-03
    3229     -0.71027849E-09     -0.71468313E-09     -0.21073999E-03     -0.42455096E-03
    3230     -0.71027982E-09     -0.71468313E-09     -0.21078461E-03     -0.42455096E-03
    3231     -0.71028141E-09     -0.71468313E-09     -0.21083118E-03     -0.42455096E-03
    3232     -0.71028326E-09     -0.71468313E-09     -0.21089048E-03     -0.42455096E-03
    3233     -0.71028486E-09     -0.71468313E-09     -0.21093784E-03     -0.42455096E-03
    3234     -0.71028632E-09     -0.71468313E-09     -0.21098660E-03     -0.42455096E-03
    3235     -0.71028813E-09     -0.71468313E-09     -0.21103363E-03     -0.42455096E-03
    3236     -0.71029133E-09     -0.71468313E-09     -0.21111161E-03     -0.42455096E-03
    3237     -0.71029402E-09     -0.71468313E-09     -0.21117843E-03     -0.42455096E-03
    3238     -0.71029568E-09     -0.71468313E-09     -0.21122354E-03     -0.42455096E-03
    3239     -0.71029728E-09     -0.71468313E-09     -0.21126808E-03     -0.42455096E-03
    3240     -0.71029855E-09     -0.71468313E-09     -0.21131067E-03     -0.42455096E-03
    3241     -0.71030033E-09     -0.71468313E-09     -0.21136078E-03     -0.42455096E-03
    3242     -0.71030199E-09     -0.71468313E-09     -0.21141054E-03     -0.42455096E-03
    3243     -0.71030345E-09     -0.71468313E-09     -0.21144682E-03     -0.42455096E-03
    3244     -0.71030518E-09     -0.71468313E-09     -0.21149982E-03     -0.42455096E-03
    3245     -0.71030661E-09     -0.71468313E-09     -0.21154033E-03     -0.42455096E-03
    3246     -0.71030867E-09     -0.71468313E-09     -0.21159438E-03     -0.42455096E-03
    3247     -0.71031031E-09     -0.71468313E-09     -0.21164506E-03     -0.42455096E-03
    3248     -0.71031185E-09     -0.71468313E-09     -0.21169418E-03     -0.42455096E-03
    3249     -0.71031332E-09     -0.71468313E-09     -0.21173702E-03     -0.42455096E-03
    3250     -0.71031455E-09     -0.71468313E-09     -0.21177752E-03     -0.42455096E-03
    3251     -0.71031656E-09     -0.71468313E-09     -0.21182742E-03     -0.42455096E-03
    3252     -0.71031773E-09     -0.71468313E-09     -0.21186004E-03     -0.42455096E-03
    3253     -0.71031919E-09     -0.71468313E-09     -0.21190709E-03     -0.42455096E-03
    3254     -0.71032052E-09     -0.71468313E-09     -0.21194654E-03     -0.42455096E-03
    3255     -0.71032213E-09     -0.71468313E-09     -0.21199489E-03     -0.42455096E-03
    3256     -0.71032347E-09     -0.71468313E-09     -0.21203450E-03     -0.42455096E-03
    3257     -0.71032515E-09     -0.71468313E-09     -0.21208334E-03     -0.42455096E-03
    3258     -0.71032660E-09     -0.71468313E-09     -0.21213071E-03     -0.42455096E-03
    3259     -0.71032795E-09     -0.71468313E-09     -0.21217494E-03     -0.42455096E-03
    3260     -0.71032918E-09     -0.71468313E-09     -0.21221826E-03     -0.42455096E-03
    3261     -0.71033110E-09     -0.71468313E-09     -0.21228294E-03     -0.42455096E-03
    3262     -0.71033293E-09     -0.71468313E-09     -0.21233841E-03     -0.42455096E-03
    3263     -0.71033473E-09     -0.71468313E-09     -0.21239593E-03     -0.42455096E-03
    3264     -0.71033684E-09     -0.71468313E-09     -0.21245705E-03     -0.42455096E-03
    3265     -0.71033811E-09     -0.71468313E-09     -0.21249623E-03     -0.42455096E-03
    3266     -0.71034032E-09     -0.71468313E-09     -0.21255831E-03     -0.42455096E-03
    3267     -0.71034194E-09     -0.71468313E-09     -0.21261242E-03     -0.42455096E-03
    3268     -0.71034578E-09     -0.71468313E-09     -0.21271372E-03     -0.42455096E-03
    3269     -0.71034783E-09     -0.71468313E-09     -0.21277152E-03     -0.42455096E-03
    3270     -0.71034981E-09     -0.71468313E-09     -0.21283434E-03     -0.42455096E-03
    3271     -0.71035328E-09     -0.71468313E-09     -0.21297193E-03     -0.42455096E-03
    3272     -0.71035543E-09     -0.71468313E-09     -0.21305506E-03     -0.42455096E-03
    3273     -0.71035744E-09     -0.71468313E-09     -0.21312562E-03     -0.42455096E-03
    3274     -0.71035927E-09     -0.71468313E-09     -0.21319418E-03     -0.42455096E-03
    3275     -0.71036187E-09     -0.71468313E-09     -0.21327409E-03     -0.42455096E-03
    3276     -0.71036401E-09     -0.71468313E-09     -0.21334617E-03     -0.42455096E-03
    3277     -0.71036683E-09     -0.71468313E-09     -0.21341621E-03     -0.42455096E-03
    3278     -0.71036922E-09     -0.71468313E-09     -0.21349705E-03     -0.42455096E-03
    3279     -0.71037100E-09     -0.71468313E-09     -0.21355112E-03     -0.42455096E-03
    3280     -0.71037340E-09     -0.71468313E-09     -0.21364018E-03     -0.42455096E-03
    3281     -0.71037628E-09     -0.71468313E-09     -0.21373774E-03     -0.42455096E-03
    3282     -0.71037850E-09     -0.71468313E-09     -0.21382170E-03     -0.42455096E-03
    3283     -0.71038058E-09     -0.71468313E-09     -0.21388285E-03     -0.42455096E-03
    3284     -0.71038363E-09     -0.71468313E-09     -0.21400150E-03     -0.42455096E-03
    3285     -0.71038519E-09     -0.71468313E-09     -0.21404466E-03     -0.42455096E-03
    3286     -0.71038695E-09     -0.71468313E-09     -0.21410125E-03     -0.42455096E-03
    3287     -0.71038922E-09     -0.71468313E-09     -0.21418159E-03     -0.42455096E-03
    3288     -0.71039133E-09     -0.71468313E-09     -0.21424333E-03     -0.42455096E-03
    3289     -0.71039320E-09     -0.71468313E-09     -0.21430015E-03     -0.42455096E-03
    3290     -0.71039500E-09     -0.71468313E-09     -0.21435451E-03     -0.42455096E-03
    3291     -0.71039657E-09     -0.71468313E-09     -0.21440657E-03     -0.42455096E-03
    3292     -0.71039831E-09     -0.71468313E-09     -0.21446266E-03     -0.42455096E-03
    3293     -0.71040071E-09     -0.71468313E-09     -0.21452200E-03     -0.42455096E-03
    3294     -0.71040233E-09     -0.71468313E-09     -0.21457399E-03     -0.42455096E-03
    3295     -0.71040394E-09     -0.71468313E-09     -0.21461954E-03     -0.42455096E-03
    3296     -0.71040554E-09     -0.71468313E-09     -0.21467627E-03     -0.42455096E-03
    3297     -0.71040734E-09     -0.71468313E-09     -0.21472438E-03     -0.42455096E-03
    3298     -0.71040890E-09     -0.71468313E-09     -0.21476641E-03     -0.42455096E-03
    3299     -0.71040988E-09     -0.71468313E-09     -0.21480001E-03     -0.42455096E-03
    3300     -0.71041111E-09     -0.71468313E-09     -0.21484262E-03     -0.42455096E-03
    3301     -0.71041270E-09     -0.71468313E-09     -0.21488571E-03     -0.42455096E-03
    3302     -0.71041418E-09     -0.71468313E-09     -0.21493384E-03     -0.42455096E-03
    3303     -0.71041548E-09     -0.71468313E-09     -0.21497738E-03     -0.42455096E-03
    3304     -0.71041670E-09     -0.71468313E-09     -0.21501683E-03     -0.42455096E-03
    3305     -0.71041845E-09     -0.71468313E-09     -0.21506785E-03     -0.42455096E-03
    3306     -0.71041963E-09     -0.71468313E-09     -0.21510580E-03     -0.42455096E-03
    3307     -0.71042126E-09     -0.71468313E-09     -0.21515688E-03     -0.42455096E-03
    3308     -0.71042264E-09     -0.71468313E-09     -0.21519698E-03     -0.42455096E-03
    3309     -0.71042389E-09     -0.71468313E-09     -0.21523907E-03     -0.42455096E-03
    3310     -0.71042508E-09     -0.71468313E-09     -0.21527712E-03     -0.42455096E-03
    3311     -0.71042629E-09     -0.71468313E-09     -0.21531532E-03     -0.42455096E-03
    3312     -0.71042762E-09     -0.71468313E-09     -0.21535698E-03     -0.42455096E-03
    3313     -0.71042891E-09     -0.71468313E-09     -0.21539029E-03     -0.42455096E-03
    3314     -0.71043070E-09     -0.71468313E-09     -0.21543332E-03     -0.42455096E-03
    3315     -0.71043214E-09     -0.71468313E-09     -0.21547150E-03     -0.42455096E-03
    3316     -0.71043348E-09     -0.71468313E-09     -0.21551087E-03     -0.42455096E-03
    3317     -0.71043459E-09     -0.71468313E-09     -0.21554323E-03     -0.42455096E-03
    3318     -0.71043596E-09     -0.71468313E-09     -0.21558957E-03     -0.42455096E-03
    3319     -0.71043726E-09     -0.71468313E-09     -0.21562790E-03     -0.42455096E-03
    3320     -0.71043824E-09     -0.71468313E-09     -0.21566110E-03     -0.42455096E-03
    3321     -0.71043927E-09     -0.71468313E-09     -0.21569345E-03     -0.42455096E-03
    3322     -0.71044074E-09     -0.71468313E-09     -0.21573406E-03     -0.42455096E-03
    3323     -0.71044232E-09     -0.71468313E-09     -0.21577919E-03     -0.42455096E-03
    3324     -0.71044357E-09     -0.71468313E-09     -0.21581782E-03     -0.42455096E-03
    3325     -0.71044525E-09     -0.71468313E-09     -0.21586711E-03     -0.42455096E-03
    3326     -0.71044660E-09     -0.71468313E-09     -0.21590689E-03     -0.42455096E-03
    3327     -0.71044805E-09     -0.71468313E-09     -0.21594239E-03     -0.42455096E-03
    3328     -0.71044950E-09     -0.71468313E-09     -0.21598376E-03     -0.42455096E-03
    3329     -0.71045077E-09     -0.71468313E-09     -0.21602040E-03     -0.42455096E-03
    3330     -0.71045199E-09     -0.71468313E-09     -0.21605699E-03     -0.42455096E-03
    3331     -0.71045301E-09     -0.71468313E-09     -0.21608911E-03     -0.42455096E-03
    3332     -0.71045403E-09     -0.71468313E-09     -0.21612473E-03     -0.42455096E-03
    3333     -0.71045500E-09     -0.71468313E-09     -0.21615430E-03     -0.42455096E-03
    3334     -0.71045580E-09     -0.71468313E-09     -0.21618443E-03     -0.42455096E-03
    3335     -0.71045722E-09     -0.71468313E-09     -0.21623002E-03     -0.42455096E-03
    3336     -0.71045837E-09     -0.71468313E-09     -0.21626673E-03     -0.42455096E-03
    3337     -0.71045951E-09     -0.71468313E-09     -0.21630487E-03     -0.42455096E-03
    3338     -0.71046057E-09     -0.71468313E-09     -0.21633955E-03     -0.42455096E-03
    3339     -0.71046149E-09     -0.71468313E-09     -0.21636893E-03     -0.42455096E-03
    3340     -0.71046236E-09     -0.71468313E-09     -0.21639615E-03     -0.42455096E-03
    3341     -0.71046347E-09     -0.71468313E-09     -0.21644091E-03     -0.42455096E-03
    3342     -0.71046477E-09     -0.71468313E-09     -0.21647920E-03     -0.42455096E-03
    3343     -0.71046641E-09     -0.71468313E-09     -0.21652979E-03     -0.42455096E-03
    3344     -0.71046761E-09     -0.71468313E-09     -0.21656834E-03     -0.42455096E-03
    3345     -0.71046881E-09     -0.71468313E-09     -0.21660312E-03     -0.42455096E-03
    3346     -0.71047005E-09     -0.71468313E-09     -0.21664359E-03     -0.42455096E-03
    3347     -0.71047139E-09     -0.71468313E-09     -0.21668780E-03     -0.42455096E-03
    3348     -0.71047271E-09     -0.71468313E-09     -0.21673329E-03     -0.42455096E-03
    3349     -0.71047391E-09     -0.71468313E-09     -0.21677683E-03     -0.42455096E-03
    3350     -0.71047514E-09     -0.71468313E-09     -0.21681916E-03     -0.42455096E-03
    3351     -0.71047629E-09     -0.71468313E-09     -0.21685688E-03     -0.42455096E-03
    3352     -0.71047773E-09     -0.71468313E-09     -0.21690054E-03     -0.42455096E-03
    3353     -0.71047949E-09     -0.71468313E-09     -0.21696119E-03     -0.42455096E-03
    3354     -0.71048085E-09     -0.71468313E-09     -0.21700505E-03     -0.42455096E-03
    3355     -0.71048181E-09     -0.71468313E-09     -0.21703924E-03     -0.42455096E-03
    3356     -0.71048322E-09     -0.71468313E-09     -0.21708625E-03     -0.42455096E-03
    3357     -0.71048473E-09     -0.71468313E-09     -0.21713880E-03     -0.42455096E-03
    3358     -0.71048646E-09     -0.71468313E-09     -0.21719778E-03     -0.42455096E-03
    3359     -0.71048753E-09     -0.71468313E-09     -0.21723146E-03     -0.42455096E-03
    3360     -0.71048853E-09     -0.71468313E-09     -0.21726092E-03     -0.42455096E-03
    3361     -0.71048986E-09     -0.71468313E-09     -0.21729921E-03     -0.42455096E-03
    3362     -0.71049161E-09     -0.71468313E-09     -0.21735477E-03     -0.42455096E-03
    3363     -0.71049271E-09     -0.71468313E-09     -0.21738496E-03     -0.42455096E-03
    3364     -0.71049407E-09     -0.71468313E-09     -0.21743078E-03     -0.42455096E-03
    3365     -0.71049569E-09     -0.71468313E-09     -0.21748239E-03     -0.42455096E-03
    3366     -0.71049684E-09     -0.71468313E-09     -0.21752027E-03     -0.42455096E-03
    3367     -0.71049785E-09     -0.71468313E-09     -0.21755302E-03     -0.42455096E-03
    3368     -0.71049906E-09     -0.71468313E-09     -0.21759231E-03     -0.42455096E-03
    3369     -0.71050048E-09     -0.71468313E-09     -0.21764321E-03     -0.42455096E-03
    3370     -0.71050179E-09     -0.71468313E-09     -0.21768702E-03     -0.42455096E-03
    3371     -0.71050312E-09     -0.71468313E-09     -0.21772834E-03     -0.42455096E-03
    3372     -0.71050452E-09     -0.71468313E-09     -0.21777619E-03     -0.42455096E-03
    3373     -0.71050572E-09     -0.71468313E-09     -0.21781772E-03     -0.42455096E-03
    3374     -0.71050707E-09     -0.71468313E-09     -0.21786395E-03     -0.42455096E-03
    3375     -0.71050837E-09     -0.71468313E-09     -0.21790815E-03     -0.42455096E-03
    3376     -0.71050964E-09     -0.71468313E-09     -0.21795108E-03     -0.42455096E-03
    3377     -0.71051108E-09     -0.71468313E-09     -0.21800112E-03     -0.42455096E-03
    3378     -0.71051218E-09     -0.71468313E-09     -0.21804120E-03     -0.42455096E-03
    3379     -0.71051347E-09     -0.71468313E-09     -0.21809154E-03     -0.42455096E-03
    3380     -0.71051512E-09     -0.71468313E-09     -0.21814420E-03     -0.42455096E-03
    3381     -0.71051669E-09     -0.71468313E-09     -0.21819647E-03     -0.42455096E-03
    3382     -0.71051823E-09     -0.71468313E-09     -0.21824645E-03     -0.42455096E-03
    3383     -0.71051974E-09     -0.71468313E-09     -0.21829539E-03     -0.42455096E-03
    3384     -0.71052121E-09     -0.71468313E-09     -0.21834356E-03     -0.42455096E-03
    3385     -0.71052283E-09     -0.71468313E-09     -0.21839227E-03     -0.42455096E-03
    3386     -0.71052402E-09     -0.71468313E-09     -0.21842956E-03     -0.42455096E-03
    3387     -0.71052529E-09     -0.71468313E-09     -0.21847001E-03     -0.42455096E-03
    3388     -0.71052646E-09     -0.71468313E-09     -0.21850575E-03     -0.42455096E-03
    3389     -0.71052782E-09     -0.71468313E-09     -0.21854968E-03     -0.42455096E-03
    3390     -0.71052918E-09     -0.71468313E-09     -0.21858969E-03     -0.42455096E-03
    3391     -0.71053012E-09     -0.71468313E-09     -0.21861999E-03     -0.42455096E-03
    3392     -0.71053137E-09     -0.71468313E-09     -0.21865761E-03     -0.42455096E-03
    3393     -0.71053277E-09     -0.71468313E-09     -0.21869632E-03     -0.42455096E-03
    3394     -0.71053396E-09     -0.71468313E-09     -0.21873693E-03     -0.42455096E-03
    3395     -0.71053539E-09     -0.71468313E-09     -0.21878057E-03     -0.42455096E-03
    3396     -0.71053666E-09     -0.71468313E-09     -0.21882124E-03     -0.42455096E-03
    3397     -0.71053813E-09     -0.71468313E-09     -0.21886898E-03     -0.42455096E-03
    3398     -0.71053943E-09     -0.71468313E-09     -0.21890876E-03     -0.42455096E-03
    3399     -0.71054088E-09     -0.71468313E-09     -0.21894990E-03     -0.42455096E-03
    3400     -0.71054270E-09     -0.71468313E-09     -0.21901007E-03     -0.42455096E-03
    3401     -0.71054387E-09     -0.71468313E-09     -0.21904958E-03     -0.42455096E-03
    3402     -0.71054522E-09     -0.71468313E-09     -0.21909829E-03     -0.42455096E-03
    3403     -0.71054655E-09     -0.71468313E-09     -0.21913993E-03     -0.42455096E-03
    3404     -0.71054815E-09     -0.71468313E-09     -0.21918422E-03     -0.42455096E-03
    3405     -0.71054957E-09     -0.71468313E-09     -0.21922570E-03     -0.42455096E-03
    3406     -0.71055086E-09     -0.71468313E-09     -0.21926378E-03     -0.42455096E-03
    3407     -0.71055201E-09     -0.71468313E-09     -0.21930063E-03     -0.42455096E-03
    3408     -0.71055315E-09     -0.71468313E-09     -0.21933681E-03     -0.42455096E-03
    3409     -0.71055431E-09     -0.71468313E-09     -0.21937462E-03     -0.42455096E-03
    3410     -0.71055545E-09     -0.71468313E-09     -0.21940953E-03     -0.42455096E-03
    3411     -0.71055633E-09     -0.71468313E-09     -0.21944371E-03     -0.42455096E-03
    3412     -0.71055765E-09     -0.71468313E-09     -0.21948592E-03     -0.42455096E-03
    3413     -0.71055889E-09     -0.71468313E-09     -0.21952845E-03     -0.42455096E-03
    3414     -0.71056020E-09     -0.71468313E-09     -0.21956715E-03     -0.42455096E-03
    3415     -0.71056125E-09     -0.71468313E-09     -0.21960203E-03     -0.42455096E-03
    3416     -0.71056233E-09     -0.71468313E-09     -0.21963687E-03     -0.42455096E-03
    3417     -0.71056323E-09     -0.71468313E-09     -0.21967071E-03     -0.42455096E-03
    3418     -0.71056448E-09     -0.71468313E-09     -0.21971198E-03     -0.42455096E-03
    3419     -0.71056575E-09     -0.71468313E-09     -0.21975614E-03     -0.42455096E-03
    3420     -0.71056703E-09     -0.71468313E-09     -0.21979532E-03     -0.42455096E-03
    3421     -0.71056847E-09     -0.71468313E-09     -0.21983587E-03     -0.42455096E-03
    3422     -0.71056991E-09     -0.71468313E-09     -0.21987704E-03     -0.42455096E-03
    3423     -0.71057099E-09     -0.71468313E-09     -0.21991145E-03     -0.42455096E-03
    3424     -0.71057226E-09     -0.71468313E-09     -0.21994945E-03     -0.42455096E-03
    3425     -0.71057367E-09     -0.71468313E-09     -0.21998866E-03     -0.42455096E-03
    3426     -0.71057472E-09     -0.71468313E-09     -0.22002513E-03     -0.42455096E-03
    3427     -0.71057624E-09     -0.71468313E-09     -0.22007846E-03     -0.42455096E-03
    3428     -0.71057762E-09     -0.71468313E-09     -0.22012373E-03     -0.42455096E-03
    3429     -0.71057889E-09     -0.71468313E-09     -0.22016172E-03     -0.42455096E-03
    3430     -0.71058031E-09     -0.71468313E-09     -0.22020465E-03     -0.42455096E-03
    3431     -0.71058165E-09     -0.71468313E-09     -0.22024799E-03     -0.42455096E-03
    3432     -0.71058288E-09     -0.71468313E-09     -0.22028848E-03     -0.42455096E-03
    3433     -0.71058399E-09     -0.71468313E-09     -0.22032916E-03     -0.42455096E-03
    3434     -0.71058553E-09     -0.71468313E-09     -0.22038214E-03     -0.42455096E-03
    3435     -0.71058702E-09     -0.71468313E-09     -0.22042914E-03     -0.42455096E-03
    3436     -0.71058874E-09     -0.71468313E-09     -0.22047967E-03     -0.42455096E-03
    3437     -0.71059009E-09     -0.71468313E-09     -0.22052221E-03     -0.42455096E-03
    3438     -0.71059186E-09     -0.71468313E-09     -0.22058012E-03     -0.42455096E-03
    3439     -0.71059374E-09     -0.71468313E-09     -0.22063846E-03     -0.42455096E-03
    3440     -0.71059529E-09     -0.71468313E-09     -0.22069232E-03     -0.42455096E-03
    3441     -0.71059643E-09     -0.71468313E-09     -0.22073452E-03     -0.42455096E-03
    3442     -0.71059770E-09     -0.71468313E-09     -0.22077286E-03     -0.42455096E-03
    3443     -0.71059913E-09     -0.71468313E-09     -0.22082100E-03     -0.42455096E-03
    3444     -0.71060089E-09     -0.71468313E-09     -0.22087459E-03     -0.42455096E-03
    3445     -0.71060247E-09     -0.71468313E-09     -0.22093472E-03     -0.42455096E-03
    3446     -0.71060414E-09     -0.71468313E-09     -0.22098129E-03     -0.42455096E-03
    3447     -0.71060536E-09     -0.71468313E-09     -0.22102554E-03     -0.42455096E-03
    3448     -0.71060724E-09     -0.71468313E-09     -0.22108217E-03     -0.42455096E-03
    3449     -0.71060868E-09     -0.71468313E-09     -0.22113223E-03     -0.42455096E-03
    3450     -0.71060995E-09     -0.71468313E-09     -0.22117478E-03     -0.42455096E-03
    3451     -0.71061129E-09     -0.71468313E-09     -0.22121859E-03     -0.42455096E-03
    3452     -0.71061280E-09     -0.71468313E-09     -0.22126649E-03     -0.42455096E-03
    3453     -0.71061417E-09     -0.71468313E-09     -0.22131342E-03     -0.42455096E-03
    3454     -0.71061577E-09     -0.71468313E-09     -0.22136561E-03     -0.42455096E-03
    3455     -0.71061708E-09     -0.71468313E-09     -0.22141124E-03     -0.42455096E-03
    3456     -0.71061862E-09     -0.71468313E-09     -0.22146120E-03     -0.42455096E-03
    3457     -0.71061992E-09     -0.71468313E-09     -0.22150789E-03     -0.42455096E-03
    3458     -0.71062119E-09     -0.71468313E-09     -0.22155674E-03     -0.42455096E-03
    3459     -0.71062236E-09     -0.71468313E-09     -0.22159677E-03     -0.42455096E-03
    3460     -0.71062364E-09     -0.71468313E-09     -0.22164340E-03     -0.42455096E-03
    3461     -0.71062494E-09     -0.71468313E-09     -0.22168496E-03     -0.42455096E-03
    3462     -0.71062639E-09     -0.71468313E-09     -0.22173537E-03     -0.42455096E-03
    3463     -0.71062822E-09     -0.71468313E-09     -0.22179684E-03     -0.42455096E-03
    3464     -0.71062963E-09     -0.71468313E-09     -0.22184940E-03     -0.42455096E-03
    3465     -0.71063088E-09     -0.71468313E-09     -0.22189450E-03     -0.42455096E-03
    3466     -0.71063240E-09     -0.71468313E-09     -0.22194616E-03     -0.42455096E-03
    3467     -0.71063362E-09     -0.71468313E-09     -0.22198764E-03     -0.42455096E-03
    3468     -0.71063530E-09     -0.71468313E-09     -0.22202744E-03     -0.42455096E-03
    3469     -0.71063683E-09     -0.71468313E-09     -0.22208292E-03     -0.42455096E-03
    3470     -0.71063857E-09     -0.71468313E-09     -0.22213449E-03     -0.42455096E-03
    3471     -0.71064002E-09     -0.71468313E-09     -0.22217822E-03     -0.42455096E-03
    3472     -0.71064193E-09     -0.71468313E-09     -0.22223720E-03     -0.42455096E-03
    3473     -0.71064349E-09     -0.71468313E-09     -0.22228635E-03     -0.42455096E-03
    3474     -0.71064489E-09     -0.71468313E-09     -0.22233409E-03     -0.42455096E-03
    3475     -0.71064691E-09     -0.71468313E-09     -0.22239825E-03     -0.42455096E-03
    3476     -0.71064844E-09     -0.71468313E-09     -0.22245101E-03     -0.42455096E-03
    3477     -0.71065007E-09     -0.71468313E-09     -0.22250750E-03     -0.42455096E-03
    3478     -0.71065232E-09     -0.71468313E-09     -0.22257817E-03     -0.42455096E-03
    3479     -0.71065396E-09     -0.71468313E-09     -0.22263849E-03     -0.42455096E-03
    3480     -0.71065552E-09     -0.71468313E-09     -0.22269369E-03     -0.42455096E-03
    3481     -0.71065696E-09     -0.71468313E-09     -0.22274201E-03     -0.42455096E-03
    3482     -0.71065852E-09     -0.71468313E-09     -0.22280235E-03     -0.42455096E-03
    3483     -0.71065980E-09     -0.71468313E-09     -0.22284550E-03     -0.42455096E-03
    3484     -0.71066125E-09     -0.71468313E-09     -0.22290333E-03     -0.42455096E-03
    3485     -0.71066280E-09     -0.71468313E-09     -0.22296169E-03     -0.42455096E-03
    3486     -0.71066394E-09     -0.71468313E-09     -0.22299759E-03     -0.42455096E-03
    3487     -0.71066522E-09     -0.71468313E-09     -0.22303766E-03     -0.42455096E-03
    3488     -0.71066653E-09     -0.71468313E-09     -0.22308485E-03     -0.42455096E-03
    3489     -0.71066758E-09     -0.71468313E-09     -0.22312107E-03     -0.42455096E-03
    3490     -0.71066874E-09     -0.71468313E-09     -0.22315947E-03     -0.42455096E-03
    3491     -0.71066990E-09     -0.71468313E-09     -0.22320197E-03     -0.42455096E-03
    3492     -0.71067102E-09     -0.71468313E-09     -0.22324322E-03     -0.42455096E-03
    3493     -0.71067233E-09     -0.71468313E-09     -0.22328632E-03     -0.42455096E-03
    3494     -0.71067351E-09     -0.71468313E-09     -0.22332896E-03     -0.42455096E-03
    3495     -0.71067473E-09     -0.71468313E-09     -0.22337533E-03     -0.42455096E-03
    3496     -0.71067580E-09     -0.71468313E-09     -0.22341597E-03     -0.42455096E-03
    3497     -0.71067733E-09     -0.71468313E-09     -0.22346559E-03     -0.42455096E-03
    3498     -0.71067860E-09     -0.71468313E-09     -0.22350891E-03     -0.42455096E-03
    3499     -0.71067993E-09     -0.71468313E-09     -0.22355033E-03     -0.42455096E-03
    3500     -0.71068128E-09     -0.71468313E-09     -0.22359677E-03     -0.42455096E-03
    3501     -0.71068280E-09     -0.71468313E-09     -0.22365248E-03     -0.42455096E-03
    3502     -0.71068466E-09     -0.71468313E-09     -0.22370920E-03     -0.42455096E-03
    3503     -0.71068587E-09     -0.71468313E-09     -0.22375392E-03     -0.42455096E-03
    3504     -0.71068728E-09     -0.71468313E-09     -0.22380063E-03     -0.42455096E-03
    3505     -0.71068856E-09     -0.71468313E-09     -0.22385436E-03     -0.42455096E-03
    3506     -0.71069011E-09     -0.71468313E-09     -0.22390464E-03     -0.42455096E-03
    3507     -0.71069165E-09     -0.71468313E-09     -0.22396304E-03     -0.42455096E-03
    3508     -0.71069295E-09     -0.71468313E-09     -0.22400835E-03     -0.42455096E-03
    3509     -0.71069443E-09     -0.71468313E-09     -0.22405607E-03     -0.42455096E-03
    3510     -0.71069579E-09     -0.71468313E-09     -0.22410347E-03     -0.42455096E-03
    3511     -0.71069750E-09     -0.71468313E-09     -0.22415914E-03     -0.42455096E-03
    3512     -0.71069874E-09     -0.71468313E-09     -0.22420873E-03     -0.42455096E-03
    3513     -0.71070050E-09     -0.71468313E-09     -0.22427604E-03     -0.42455096E-03
    3514     -0.71070195E-09     -0.71468313E-09     -0.22432501E-03     -0.42455096E-03
    3515     -0.71070349E-09     -0.71468313E-09     -0.22438233E-03     -0.42455096E-03
    3516     -0.71070485E-09     -0.71468313E-09     -0.22443174E-03     -0.42455096E-03
    3517     -0.71070629E-09     -0.71468313E-09     -0.22447940E-03     -0.42455096E-03
    3518     -0.71070792E-09     -0.71468313E-09     -0.22453965E-03     -0.42455096E-03
    3519     -0.71070923E-09     -0.71468313E-09     -0.22458672E-03     -0.42455096E-03
    3520     -0.71071028E-09     -0.71468313E-09     -0.22462918E-03     -0.42455096E-03
    3521     -0.71071148E-09     -0.71468313E-09     -0.22467502E-03     -0.42455096E-03
    3522     -0.71071294E-09     -0.71468313E-09     -0.22473315E-03     -0.42455096E-03
    3523     -0.71071434E-09     -0.71468313E-09     -0.22478832E-03     -0.42455096E-03
    3524     -0.71071550E-09     -0.71468313E-09     -0.22483291E-03     -0.42455096E-03
    3525     -0.71071707E-09     -0.71468313E-09     -0.22488713E-03     -0.42455096E-03
    3526     -0.71071873E-09     -0.71468313E-09     -0.22494416E-03     -0.42455096E-03
    3527     -0.71072033E-09     -0.71468313E-09     -0.22499501E-03     -0.42455096E-03
    3528     -0.71072184E-09     -0.71468313E-09     -0.22505144E-03     -0.42455096E-03
    3529     -0.71072361E-09     -0.71468313E-09     -0.22511296E-03     -0.42455096E-03
    3530     -0.71072495E-09     -0.71468313E-09     -0.22516631E-03     -0.42455096E-03
    3531     -0.71072638E-09     -0.71468313E-09     -0.22521520E-03     -0.42455096E-03
    3532     -0.71072798E-09     -0.71468313E-09     -0.22527618E-03     -0.42455096E-03
    3533     -0.71072964E-09     -0.71468313E-09     -0.22533595E-03     -0.42455096E-03
    3534     -0.71073087E-09     -0.71468313E-09     -0.22537593E-03     -0.42455096E-03
    3535     -0.71073276E-09     -0.71468313E-09     -0.22544138E-03     -0.42455096E-03
    3536     -0.71073422E-09     -0.71468313E-09     -0.22549080E-03     -0.42455096E-03
    3537     -0.71073546E-09     -0.71468313E-09     -0.22553896E-03     -0.42455096E-03
    3538     -0.71073759E-09     -0.71468313E-09     -0.22560656E-03     -0.42455096E-03
    3539     -0.71073918E-09     -0.71468313E-09     -0.22566430E-03     -0.42455096E-03
    3540     -0.71074051E-09     -0.71468313E-09     -0.22571445E-03     -0.42455096E-03
    3541     -0.71074208E-09     -0.71468313E-09     -0.22578365E-03     -0.42455096E-03
    3542     -0.71074343E-09     -0.71468313E-09     -0.22584637E-03     -0.42455096E-03
    3543     -0.71074478E-09     -0.71468313E-09     -0.22589718E-03     -0.42455096E-03
    3544     -0.71074696E-09     -0.71468313E-09     -0.22598766E-03     -0.42455096E-03
    3545     -0.71074827E-09     -0.71468313E-09     -0.22603266E-03     -0.42455096E-03
    3546     -0.71074959E-09     -0.71468313E-09     -0.22608359E-03     -0.42455096E-03
    3547     -0.71075143E-09     -0.71468313E-09     -0.22615090E-03     -0.42455096E-03
    3548     -0.71075260E-09     -0.71468313E-09     -0.22619275E-03     -0.42455096E-03
    3549     -0.71075388E-09     -0.71468313E-09     -0.22623805E-03     -0.42455096E-03
    3550     -0.71075501E-09     -0.71468313E-09     -0.22628345E-03     -0.42455096E-03
    3551     -0.71075598E-09     -0.71468313E-09     -0.22631825E-03     -0.42455096E-03
    3552     -0.71075711E-09     -0.71468313E-09     -0.22635820E-03     -0.42455096E-03
    3553     -0.71075835E-09     -0.71468313E-09     -0.22640474E-03     -0.42455096E-03
    3554     -0.71075972E-09     -0.71468313E-09     -0.22645494E-03     -0.42455096E-03
    3555     -0.71076076E-09     -0.71468313E-09     -0.22650082E-03     -0.42455096E-03
    3556     -0.71076178E-09     -0.71468313E-09     -0.22653819E-03     -0.42455096E-03
    3557     -0.71076303E-09     -0.71468313E-09     -0.22658640E-03     -0.42455096E-03
    3558     -0.71076406E-09     -0.71468313E-09     -0.22662358E-03     -0.42455096E-03
    3559     -0.71076524E-09     -0.71468313E-09     -0.22666578E-03     -0.42455096E-03
    3560     -0.71076640E-09     -0.71468313E-09     -0.22670575E-03     -0.42455096E-03
    3561     -0.71076747E-09     -0.71468313E-09     -0.22674404E-03     -0.42455096E-03
    3562     -0.71076850E-09     -0.71468313E-09     -0.22678093E-03     -0.42455096E-03
    3563     -0.71076952E-09     -0.71468313E-09     -0.22681865E-03     -0.42455096E-03
    3564     -0.71077050E-09     -0.71468313E-09     -0.22685962E-03     -0.42455096E-03
    3565     -0.71077177E-09     -0.71468313E-09     -0.22690314E-03     -0.42455096E-03
    3566     -0.71077276E-09     -0.71468313E-09     -0.22694025E-03     -0.42455096E-03
    3567     -0.71077356E-09     -0.71468313E-09     -0.22697389E-03     -0.42455096E-03
    3568     -0.71077467E-09     -0.71468313E-09     -0.22701656E-03     -0.42455096E-03
    3569     -0.71077575E-09     -0.71468313E-09     -0.22705596E-03     -0.42455096E-03
    3570     -0.71077670E-09     -0.71468313E-09     -0.22709382E-03     -0.42455096E-03
    3571     -0.71077767E-09     -0.71468313E-09     -0.22713036E-03     -0.42455096E-03
    3572     -0.71077874E-09     -0.71468313E-09     -0.22716724E-03     -0.42455096E-03
    3573     -0.71077971E-09     -0.71468313E-09     -0.22720799E-03     -0.42455096E-03
    3574     -0.71078107E-09     -0.71468313E-09     -0.22726829E-03     -0.42455096E-03
    3575     -0.71078230E-09     -0.71468313E-09     -0.22732038E-03     -0.42455096E-03
    3576     -0.71078341E-09     -0.71468313E-09     -0.22736898E-03     -0.42455096E-03
    3577     -0.71078444E-09     -0.71468313E-09     -0.22741280E-03     -0.42455096E-03
    3578     -0.71078563E-09     -0.71468313E-09     -0.22746123E-03     -0.42455096E-03
    3579     -0.71078692E-09     -0.71468313E-09     -0.22750388E-03     -0.42455096E-03
    3580     -0.71078823E-09     -0.71468313E-09     -0.22755128E-03     -0.42455096E-03
    3581     -0.71078949E-09     -0.71468313E-09     -0.22760242E-03     -0.42455096E-03
    3582     -0.71079039E-09     -0.71468313E-09     -0.22763835E-03     -0.42455096E-03
    3583     -0.71079156E-09     -0.71468313E-09     -0.22769656E-03     -0.42455096E-03
    3584     -0.71079289E-09     -0.71468313E-09     -0.22774748E-03     -0.42455096E-03
    3585     -0.71079385E-09     -0.71468313E-09     -0.22778079E-03     -0.42455096E-03
    3586     -0.71079510E-09     -0.71468313E-09     -0.22782943E-03     -0.42455096E-03
    3587     -0.71079633E-09     -0.71468313E-09     -0.22788039E-03     -0.42455096E-03
    3588     -0.71079741E-09     -0.71468313E-09     -0.22792366E-03     -0.42455096E-03
    3589     -0.71079832E-09     -0.71468313E-09     -0.22796258E-03     -0.42455096E-03
    3590     -0.71079959E-09     -0.71468313E-09     -0.22801271E-03     -0.42455096E-03
    3591     -0.71080076E-09     -0.71468313E-09     -0.22805403E-03     -0.42455096E-03
    3592     -0.71080185E-09     -0.71468313E-09     -0.22810007E-03     -0.42455096E-03
    3593     -0.71080314E-09     -0.71468313E-09     -0.22815123E-03     -0.42455096E-03
    3594     -0.71080449E-09     -0.71468313E-09     -0.22820256E-03     -0.42455096E-03
    3595     -0.71080530E-09     -0.71468313E-09     -0.22823760E-03     -0.42455096E-03
    3596     -0.71080621E-09     -0.71468313E-09     -0.22827606E-03     -0.42455096E-03
    3597     -0.71080716E-09     -0.71468313E-09     -0.22831179E-03     -0.42455096E-03
    3598     -0.71080811E-09     -0.71468313E-09     -0.22835244E-03     -0.42455096E-03
    3599     -0.71080931E-09     -0.71468313E-09     -0.22839429E-03     -0.42455096E-03
    3600     -0.71081048E-09     -0.71468313E-09     -0.22843591E-03     -0.42455096E-03
    3601     -0.71081139E-09     -0.71468313E-09     -0.22846915E-03     -0.42455096E-03
    3602     -0.71081233E-09     -0.71468313E-09     -0.22850801E-03     -0.42455096E-03
    3603     -0.71081324E-09     -0.71468313E-09     -0.22854464E-03     -0.42455096E-03
    3604     -0.71081437E-09     -0.71468313E-09     -0.22859593E-03     -0.42455096E-03
    3605     -0.71081559E-09     -0.71468313E-09     -0.22864119E-03     -0.42455096E-03
    3606     -0.71081665E-09     -0.71468313E-09     -0.22868303E-03     -0.42455096E-03
    3607     -0.71081779E-09     -0.71468313E-09     -0.22873172E-03     -0.42455096E-03
    3608     -0.71081890E-09     -0.71468313E-09     -0.22877254E-03     -0.42455096E-03
    3609     -0.71082003E-09     -0.71468313E-09     -0.22881622E-03     -0.42455096E-03
    3610     -0.71082115E-09     -0.71468313E-09     -0.22885619E-03     -0.42455096E-03
    3611     -0.71082241E-09     -0.71468313E-09     -0.22890760E-03     -0.42455096E-03
    3612     -0.71082344E-09     -0.71468313E-09     -0.22894830E-03     -0.42455096E-03
    3613     -0.71082441E-09     -0.71468313E-09     -0.22898228E-03     -0.42455096E-03
    3614     -0.71082559E-09     -0.71468313E-09     -0.22902650E-03     -0.42455096E-03
    3615     -0.71082686E-09     -0.71468313E-09     -0.22906574E-03     -0.42455096E-03
    3616     -0.71082793E-09     -0.71468313E-09     -0.22910368E-03     -0.42455096E-03
    3617     -0.71082912E-09     -0.71468313E-09     -0.22914533E-03     -0.42455096E-03
    3618     -0.71083025E-09     -0.71468313E-09     -0.22918709E-03     -0.42455096E-03
    3619     -0.71083142E-09     -0.71468313E-09     -0.22923576E-03     -0.42455096E-03
    3620     -0.71083286E-09     -0.71468313E-09     -0.22929742E-03     -0.42455096E-03
    3621     -0.71083396E-09     -0.71468313E-09     -0.22934437E-03     -0.42455096E-03
    3622     -0.71083496E-09     -0.71468313E-09     -0.22938077E-03     -0.42455096E-03
    3623     -0.71083581E-09     -0.71468313E-09     -0.22941432E-03     -0.42455096E-03
    3624     -0.71083700E-09     -0.71468313E-09     -0.22947124E-03     -0.42455096E-03
    3625     -0.71083828E-09     -0.71468313E-09     -0.22952580E-03     -0.42455096E-03
    3626     -0.71083938E-09     -0.71468313E-09     -0.22956812E-03     -0.42455096E-03
    3627     -0.71084058E-09     -0.71468313E-09     -0.22961895E-03     -0.42455096E-03
    3628     -0.71084169E-09     -0.71468313E-09     -0.22966664E-03     -0.42455096E-03
    3629     -0.71084243E-09     -0.71468313E-09     -0.22969810E-03     -0.42455096E-03
    3630     -0.71084343E-09     -0.71468313E-09     -0.22973940E-03     -0.42455096E-03
    3631     -0.71084458E-09     -0.71468313E-09     -0.22978386E-03     -0.42455096E-03
    3632     -0.71084566E-09     -0.71468313E-09     -0.22983152E-03     -0.42455096E-03
    3633     -0.71084674E-09     -0.71468313E-09     -0.22988065E-03     -0.42455096E-03
    3634     -0.71084784E-09     -0.71468313E-09     -0.22992733E-03     -0.42455096E-03
    3635     -0.71084863E-09     -0.71468313E-09     -0.22995940E-03     -0.42455096E-03
    3636     -0.71084959E-09     -0.71468313E-09     -0.23001083E-03     -0.42455096E-03
    3637     -0.71085115E-09     -0.71468313E-09     -0.23007932E-03     -0.42455096E-03
    3638     -0.71085260E-09     -0.71468313E-09     -0.23015026E-03     -0.42455096E-03
    3639     -0.71085415E-09     -0.71468313E-09     -0.23022824E-03     -0.42455096E-03
    3640     -0.71085531E-09     -0.71468313E-09     -0.23028458E-03     -0.42455096E-03
    3641     -0.71085623E-09     -0.71468313E-09     -0.23032972E-03     -0.42455096E-03
    3642     -0.71085733E-09     -0.71468313E-09     -0.23037227E-03     -0.42455096E-03
    3643     -0.71085842E-09     -0.71468313E-09     -0.23042577E-03     -0.42455096E-03
    3644     -0.71085941E-09     -0.71468313E-09     -0.23046759E-03     -0.42455096E-03
    3645     -0.71086053E-09     -0.71468313E-09     -0.23051057E-03     -0.42455096E-03
    3646     -0.71086177E-09     -0.71468313E-09     -0.23056389E-03     -0.42455096E-03
    3647     -0.71086266E-09     -0.71468313E-09     -0.23059990E-03     -0.42455096E-03
    3648     -0.71086361E-09     -0.71468313E-09     -0.23064313E-03     -0.42455096E-03
    3649     -0.71086446E-09     -0.71468313E-09     -0.23067910E-03     -0.42455096E-03
    3650     -0.71086544E-09     -0.71468313E-09     -0.23072201E-03     -0.42455096E-03
    3651     -0.71086660E-09     -0.71468313E-09     -0.23077186E-03     -0.42455096E-03
    3652     -0.71086748E-09     -0.71468313E-09     -0.23080844E-03     -0.42455096E-03
    3653     -0.71086826E-09     -0.71468313E-09     -0.23083944E-03     -0.42455096E-03
    3654     -0.71086916E-09     -0.71468313E-09     -0.23088093E-03     -0.42455096E-03
    3655     -0.71087020E-09     -0.71468313E-09     -0.23092002E-03     -0.42455096E-03
    3656     -0.71087098E-09     -0.71468313E-09     -0.23095363E-03     -0.42455096E-03
    3657     -0.71087192E-09     -0.71468313E-09     -0.23099301E-03     -0.42455096E-03
    3658     -0.71087271E-09     -0.71468313E-09     -0.23102873E-03     -0.42455096E-03
    3659     -0.71087359E-09     -0.71468313E-09     -0.23106405E-03     -0.42455096E-03
    3660     -0.71087460E-09     -0.71468313E-09     -0.23110557E-03     -0.42455096E-03
    3661     -0.71087578E-09     -0.71468313E-09     -0.23115290E-03     -0.42455096E-03
    3662     -0.71087667E-09     -0.71468313E-09     -0.23119695E-03     -0.42455096E-03
    3663     -0.71087773E-09     -0.71468313E-09     -0.23124494E-03     -0.42455096E-03
    3664     -0.71087864E-09     -0.71468313E-09     -0.23129055E-03     -0.42455096E-03
    3665     -0.71087967E-09     -0.71468313E-09     -0.23133607E-03     -0.42455096E-03
    3666     -0.71088064E-09     -0.71468313E-09     -0.23138658E-03     -0.42455096E-03
    3667     -0.71088159E-09     -0.71468313E-09     -0.23142874E-03     -0.42455096E-03
    3668     -0.71088249E-09     -0.71468313E-09     -0.23147085E-03     -0.42455096E-03
    3669     -0.71088328E-09     -0.71468313E-09     -0.23150667E-03     -0.42455096E-03
    3670     -0.71088411E-09     -0.71468313E-09     -0.23154739E-03     -0.42455096E-03
    3671     -0.71088502E-09     -0.71468313E-09     -0.23158896E-03     -0.42455096E-03
    3672     -0.71088597E-09     -0.71468313E-09     -0.23163116E-03     -0.42455096E-03
    3673     -0.71088694E-09     -0.71468313E-09     -0.23166875E-03     -0.42455096E-03
    3674     -0.71088778E-09     -0.71468313E-09     -0.23170483E-03     -0.42455096E-03
    3675     -0.71088865E-09     -0.71468313E-09     -0.23174285E-03     -0.42455096E-03
    3676     -0.71088936E-09     -0.71468313E-09     -0.23177606E-03     -0.42455096E-03
    3677     -0.71089013E-09     -0.71468313E-09     -0.23180632E-03     -0.42455096E-03
    3678     -0.71089096E-09     -0.71468313E-09     -0.23184683E-03     -0.42455096E-03
    3679     -0.71089185E-09     -0.71468313E-09     -0.23188419E-03     -0.42455096E-03
    3680     -0.71089267E-09     -0.71468313E-09     -0.23191751E-03     -0.42455096E-03
    3681     -0.71089356E-09     -0.71468313E-09     -0.23195545E-03     -0.42455096E-03
    3682     -0.71089437E-09     -0.71468313E-09     -0.23198565E-03     -0.42455096E-03
    3683     -0.71089500E-09     -0.71468313E-09     -0.23201710E-03     -0.42455096E-03
    3684     -0.71089577E-09     -0.71468313E-09     -0.23205213E-03     -0.42455096E-03
    3685     -0.71089649E-09     -0.71468313E-09     -0.23208442E-03     -0.42455096E-03
    3686     -0.71089716E-09     -0.71468313E-09     -0.23211891E-03     -0.42455096E-03
    3687     -0.71089829E-09     -0.71468313E-09     -0.23218271E-03     -0.42455096E-03
    3688     -0.71089895E-09     -0.71468313E-09     -0.23221645E-03     -0.42455096E-03
    3689     -0.71089967E-09     -0.71468313E-09     -0.23225048E-03     -0.42455096E-03
    3690     -0.71090034E-09     -0.71468313E-09     -0.23228648E-03     -0.42455096E-03
    3691     -0.71090118E-09     -0.71468313E-09     -0.23232652E-03     -0.42455096E-03
    3692     -0.71090248E-09     -0.71468313E-09     -0.23239199E-03     -0.42455096E-03
    3693     -0.71090348E-09     -0.71468313E-09     -0.23243320E-03     -0.42455096E-03
    3694     -0.71090470E-09     -0.71468313E-09     -0.23249782E-03     -0.42455096E-03
    3695     -0.71090554E-09     -0.71468313E-09     -0.23254101E-03     -0.42455096E-03
    3696     -0.71090621E-09     -0.71468313E-09     -0.23258451E-03     -0.42455096E-03
    3697     -0.71090726E-09     -0.71468313E-09     -0.23264055E-03     -0.42455096E-03
    3698     -0.71090789E-09     -0.71468313E-09     -0.23267935E-03     -0.42455096E-03
    3699     -0.71090885E-09     -0.71468313E-09     -0.23272841E-03     -0.42455096E-03
    3700     -0.71090953E-09     -0.71468313E-09     -0.23277063E-03     -0.42455096E-03
    3701     -0.71091044E-09     -0.71468313E-09     -0.23281280E-03     -0.42455096E-03
    3702     -0.71091122E-09     -0.71468313E-09     -0.23285632E-03     -0.42455096E-03
    3703     -0.71091209E-09     -0.71468313E-09     -0.23289744E-03     -0.42455096E-03
    3704     -0.71091297E-09     -0.71468313E-09     -0.23294470E-03     -0.42455096E-03
    3705     -0.71091401E-09     -0.71468313E-09     -0.23298797E-03     -0.42455096E-03
    3706     -0.71091469E-09     -0.71468313E-09     -0.23302364E-03     -0.42455096E-03
    3707     -0.71091559E-09     -0.71468313E-09     -0.23307200E-03     -0.42455096E-03
    3708     -0.71091634E-09     -0.71468313E-09     -0.23311317E-03     -0.42455096E-03
    3709     -0.71091721E-09     -0.71468313E-09     -0.23315096E-03     -0.42455096E-03
    3710     -0.71091818E-09     -0.71468313E-09     -0.23320270E-03     -0.42455096E-03
    3711     -0.71091921E-09     -0.71468313E-09     -0.23324377E-03     -0.42455096E-03
    3712     -0.71092005E-09     -0.71468313E-09     -0.23328484E-03     -0.42455096E-03
    3713     -0.71092069E-09     -0.71468313E-09     -0.23332320E-03     -0.42455096E-03
    3714     -0.71092146E-09     -0.71468313E-09     -0.23335662E-03     -0.42455096E-03
    3715     -0.71092235E-09     -0.71468313E-09     -0.23339265E-03     -0.42455096E-03
    3716     -0.71092309E-09     -0.71468313E-09     -0.23342333E-03     -0.42455096E-03
    3717     -0.71092379E-09     -0.71468313E-09     -0.23345769E-03     -0.42455096E-03
    3718     -0.71092473E-09     -0.71468313E-09     -0.23350073E-03     -0.42455096E-03
    3719     -0.71092564E-09     -0.71468313E-09     -0.23354037E-03     -0.42455096E-03
    3720     -0.71092641E-09     -0.71468313E-09     -0.23357347E-03     -0.42455096E-03
    3721     -0.71092734E-09     -0.71468313E-09     -0.23361734E-03     -0.42455096E-03
    3722     -0.71092806E-09     -0.71468313E-09     -0.23364935E-03     -0.42455096E-03
    3723     -0.71092902E-09     -0.71468313E-09     -0.23368896E-03     -0.42455096E-03
    3724     -0.71092990E-09     -0.71468313E-09     -0.23372516E-03     -0.42455096E-03
    3725     -0.71093086E-09     -0.71468313E-09     -0.23376983E-03     -0.42455096E-03
    3726     -0.71093169E-09     -0.71468313E-09     -0.23380317E-03     -0.42455096E-03
    3727     -0.71093271E-09     -0.71468313E-09     -0.23384791E-03     -0.42455096E-03
    3728     -0.71093376E-09     -0.71468313E-09     -0.23388826E-03     -0.42455096E-03
    3729     -0.71093466E-09     -0.71468313E-09     -0.23392388E-03     -0.42455096E-03
    3730     -0.71093557E-09     -0.71468313E-09     -0.23396312E-03     -0.42455096E-03
    3731     -0.71093635E-09     -0.71468313E-09     -0.23399606E-03     -0.42455096E-03
    3732     -0.71093728E-09     -0.71468313E-09     -0.23403229E-03     -0.42455096E-03
    3733     -0.71093822E-09     -0.71468313E-09     -0.23406904E-03     -0.42455096E-03
    3734     -0.71093939E-09     -0.71468313E-09     -0.23412199E-03     -0.42455096E-03
    3735     -0.71094067E-09     -0.71468313E-09     -0.23417268E-03     -0.42455096E-03
    3736     -0.71094146E-09     -0.71468313E-09     -0.23421020E-03     -0.42455096E-03
    3737     -0.71094240E-09     -0.71468313E-09     -0.23425077E-03     -0.42455096E-03
    3738     -0.71094320E-09     -0.71468313E-09     -0.23428377E-03     -0.42455096E-03
    3739     -0.71094393E-09     -0.71468313E-09     -0.23431598E-03     -0.42455096E-03
    3740     -0.71094475E-09     -0.71468313E-09     -0.23435264E-03     -0.42455096E-03
    3741     -0.71094555E-09     -0.71468313E-09     -0.23438616E-03     -0.42455096E-03
    3742     -0.71094664E-09     -0.71468313E-09     -0.23443406E-03     -0.42455096E-03
    3743     -0.71094733E-09     -0.71468313E-09     -0.23446567E-03     -0.42455096E-03
    3744     -0.71094812E-09     -0.71468313E-09     -0.23450247E-03     -0.42455096E-03
    3745     -0.71094894E-09     -0.71468313E-09     -0.23453686E-03     -0.42455096E-03
    3746     -0.71095013E-09     -0.71468313E-09     -0.23458890E-03     -0.42455096E-03
    3747     -0.71095097E-09     -0.71468313E-09     -0.23462312E-03     -0.42455096E-03
    3748     -0.71095183E-09     -0.71468313E-09     -0.23466014E-03     -0.42455096E-03
    3749     -0.71095285E-09     -0.71468313E-09     -0.23470447E-03     -0.42455096E-03
    3750     -0.71095393E-09     -0.71468313E-09     -0.23475039E-03     -0.42455096E-03
    3751     -0.71095483E-09     -0.71468313E-09     -0.23479010E-03     -0.42455096E-03
    3752     -0.71095604E-09     -0.71468313E-09     -0.23485221E-03     -0.42455096E-03
    3753     -0.71095708E-09     -0.71468313E-09     -0.23489567E-03     -0.42455096E-03
    3754     -0.71095796E-09     -0.71468313E-09     -0.23493802E-03     -0.42455096E-03
    3755     -0.71095891E-09     -0.71468313E-09     -0.23497666E-03     -0.42455096E-03
    3756     -0.71095993E-09     -0.71468313E-09     -0.23501842E-03     -0.42455096E-03
    3757     -0.71096100E-09     -0.71468313E-09     -0.23506313E-03     -0.42455096E-03
    3758     -0.71096195E-09     -0.71468313E-09     -0.23510661E-03     -0.42455096E-03
    3759     -0.71096296E-09     -0.71468313E-09     -0.23515036E-03     -0.42455096E-03
    3760     -0.71096389E-09     -0.71468313E-09     -0.23518545E-03     -0.42455096E-03
    3761     -0.71096483E-09     -0.71468313E-09     -0.23522698E-03     -0.42455096E-03
    3762     -0.71096575E-09     -0.71468313E-09     -0.23527234E-03     -0.42455096E-03
    3763     -0.71096684E-09     -0.71468313E-09     -0.23532274E-03     -0.42455096E-03
    3764     -0.71096766E-09     -0.71468313E-09     -0.23535682E-03     -0.42455096E-03
    3765     -0.71096863E-09     -0.71468313E-09     -0.23540394E-03     -0.42455096E-03
    3766     -0.71096940E-09     -0.71468313E-09     -0.23543923E-03     -0.42455096E-03
    3767     -0.71097053E-09     -0.71468313E-09     -0.23549047E-03     -0.42455096E-03
    3768     -0.71097159E-09     -0.71468313E-09     -0.23554001E-03     -0.42455096E-03
    3769     -0.71097258E-09     -0.71468313E-09     -0.23558616E-03     -0.42455096E-03
    3770     -0.71097327E-09     -0.71468313E-09     -0.23562063E-03     -0.42455096E-03
    3771     -0.71097412E-09     -0.71468313E-09     -0.23566309E-03     -0.42455096E-03
    3772     -0.71097499E-09     -0.71468313E-09     -0.23570460E-03     -0.42455096E-03
    3773     -0.71097620E-09     -0.71468313E-09     -0.23576790E-03     -0.42455096E-03
    3774     -0.71097721E-09     -0.71468313E-09     -0.23581494E-03     -0.42455096E-03
    3775     -0.71097834E-09     -0.71468313E-09     -0.23587401E-03     -0.42455096E-03
    3776     -0.71097929E-09     -0.71468313E-09     -0.23592511E-03     -0.42455096E-03
    3777     -0.71098018E-09     -0.71468313E-09     -0.23596886E-03     -0.42455096E-03
    3778     -0.71098127E-09     -0.71468313E-09     -0.23602040E-03     -0.42455096E-03
    3779     -0.71098230E-09     -0.71468313E-09     -0.23606664E-03     -0.42455096E-03
    3780     -0.71098318E-09     -0.71468313E-09     -0.23611047E-03     -0.42455096E-03
    3781     -0.71098416E-09     -0.71468313E-09     -0.23615683E-03     -0.42455096E-03
    3782     -0.71098486E-09     -0.71468313E-09     -0.23619579E-03     -0.42455096E-03
    3783     -0.71098582E-09     -0.71468313E-09     -0.23624635E-03     -0.42455096E-03
    3784     -0.71098669E-09     -0.71468313E-09     -0.23628421E-03     -0.42455096E-03
    3785     -0.71098753E-09     -0.71468313E-09     -0.23634441E-03     -0.42455096E-03
    3786     -0.71098853E-09     -0.71468313E-09     -0.23640516E-03     -0.42455096E-03
    3787     -0.71098953E-09     -0.71468313E-09     -0.23644832E-03     -0.42455096E-03
    3788     -0.71099043E-09     -0.71468313E-09     -0.23649062E-03     -0.42455096E-03
    3789     -0.71099129E-09     -0.71468313E-09     -0.23653079E-03     -0.42455096E-03
    3790     -0.71099211E-09     -0.71468313E-09     -0.23657529E-03     -0.42455096E-03
    3791     -0.71099318E-09     -0.71468313E-09     -0.23663523E-03     -0.42455096E-03
    3792     -0.71099411E-09     -0.71468313E-09     -0.23669290E-03     -0.42455096E-03
    3793     -0.71099509E-09     -0.71468313E-09     -0.23673676E-03     -0.42455096E-03
    3794     -0.71099631E-09     -0.71468313E-09     -0.23678950E-03     -0.42455096E-03
    3795     -0.71099757E-09     -0.71468313E-09     -0.23684220E-03     -0.42455096E-03
    3796     -0.71099863E-09     -0.71468313E-09     -0.23688549E-03     -0.42455096E-03
    3797     -0.71099940E-09     -0.71468313E-09     -0.23691958E-03     -0.42455096E-03
    3798     -0.71100042E-09     -0.71468313E-09     -0.23696113E-03     -0.42455096E-03
    3799     -0.71100146E-09     -0.71468313E-09     -0.23700749E-03     -0.42455096E-03
    3800     -0.71100240E-09     -0.71468313E-09     -0.23705008E-03     -0.42455096E-03
    3801     -0.71100344E-09     -0.71468313E-09     -0.23709584E-03     -0.42455096E-03
    3802     -0.71100435E-09     -0.71468313E-09     -0.23713463E-03     -0.42455096E-03
    3803     -0.71100520E-09     -0.71468313E-09     -0.23717893E-03     -0.42455096E-03
    3804     -0.71100615E-09     -0.71468313E-09     -0.23722136E-03     -0.42455096E-03
    3805     -0.71100698E-09     -0.71468313E-09     -0.23726429E-03     -0.42455096E-03
    3806     -0.71100775E-09     -0.71468313E-09     -0.23729838E-03     -0.42455096E-03
    3807     -0.71100851E-09     -0.71468313E-09     -0.23733393E-03     -0.42455096E-03
    3808     -0.71100941E-09     -0.71468313E-09     -0.23738052E-03     -0.42455096E-03
    3809     -0.71101024E-09     -0.71468313E-09     -0.23742786E-03     -0.42455096E-03
    3810     -0.71101110E-09     -0.71468313E-09     -0.23746654E-03     -0.42455096E-03
    3811     -0.71101190E-09     -0.71468313E-09     -0.23750715E-03     -0.42455096E-03
    3812     -0.71101287E-09     -0.71468313E-09     -0.23755315E-03     -0.42455096E-03
    3813     -0.71101375E-09     -0.71468313E-09     -0.23759706E-03     -0.42455096E-03
    3814     -0.71101456E-09     -0.71468313E-09     -0.23764720E-03     -0.42455096E-03
    3815     -0.71101536E-09     -0.71468313E-09     -0.23769304E-03     -0.42455096E-03
    3816     -0.71101645E-09     -0.71468313E-09     -0.23773815E-03     -0.42455096E-03
    3817     -0.71101731E-09     -0.71468313E-09     -0.23778710E-03     -0.42455096E-03
    3818     -0.71101830E-09     -0.71468313E-09     -0.23783300E-03     -0.42455096E-03
    3819     -0.71101918E-09     -0.71468313E-09     -0.23787384E-03     -0.42455096E-03
    3820     -0.71102026E-09     -0.71468313E-09     -0.23792759E-03     -0.42455096E-03
    3821     -0.71102122E-09     -0.71468313E-09     -0.23797423E-03     -0.42455096E-03
    3822     -0.71102224E-09     -0.71468313E-09     -0.23802637E-03     -0.42455096E-03
    3823     -0.71102335E-09     -0.71468313E-09     -0.23808483E-03     -0.42455096E-03
    3824     -0.71102430E-09     -0.71468313E-09     -0.23812622E-03     -0.42455096E-03
    3825     -0.71102527E-09     -0.71468313E-09     -0.23817187E-03     -0.42455096E-03
    3826     -0.71102606E-09     -0.71468313E-09     -0.23820829E-03     -0.42455096E-03
    3827     -0.71102679E-09     -0.71468313E-09     -0.23824324E-03     -0.42455096E-03
    3828     -0.71102763E-09     -0.71468313E-09     -0.23828757E-03     -0.42455096E-03
    3829     -0.71102858E-09     -0.71468313E-09     -0.23833466E-03     -0.42455096E-03
    3830     -0.71102944E-09     -0.71468313E-09     -0.23837174E-03     -0.42455096E-03
    3831     -0.71103025E-09     -0.71468313E-09     -0.23841343E-03     -0.42455096E-03
    3832     -0.71103131E-09     -0.71468313E-09     -0.23846099E-03     -0.42455096E-03
    3833     -0.71103215E-09     -0.71468313E-09     -0.23849691E-03     -0.42455096E-03
    3834     -0.71103309E-09     -0.71468313E-09     -0.23854056E-03     -0.42455096E-03
    3835     -0.71103405E-09     -0.71468313E-09     -0.23858448E-03     -0.42455096E-03
    3836     -0.71103486E-09     -0.71468313E-09     -0.23861805E-03     -0.42455096E-03
    3837     -0.71103568E-09     -0.71468313E-09     -0.23865477E-03     -0.42455096E-03
    3838     -0.71103653E-09     -0.71468313E-09     -0.23869529E-03     -0.42455096E-03
    3839     -0.71103753E-09     -0.71468313E-09     -0.23873782E-03     -0.42455096E-03
    3840     -0.71103832E-09     -0.71468313E-09     -0.23877966E-03     -0.42455096E-03
    3841     -0.71103916E-09     -0.71468313E-09     -0.23881713E-03     -0.42455096E-03
    3842     -0.71103990E-09     -0.71468313E-09     -0.23885461E-03     -0.42455096E-03
    3843     -0.71104067E-09     -0.71468313E-09     -0.23889203E-03     -0.42455096E-03
    3844     -0.71104151E-09     -0.71468313E-09     -0.23893440E-03     -0.42455096E-03
    3845     -0.71104228E-09     -0.71468313E-09     -0.23897034E-03     -0.42455096E-03
    3846     -0.71104324E-09     -0.71468313E-09     -0.23901477E-03     -0.42455096E-03
    3847     -0.71104419E-09     -0.71468313E-09     -0.23905911E-03     -0.42455096E-03
    3848     -0.71104500E-09     -0.71468313E-09     -0.23909688E-03     -0.42455096E-03
    3849     -0.71104584E-09     -0.71468313E-09     -0.23913103E-03     -0.42455096E-03
    3850     -0.71104653E-09     -0.71468313E-09     -0.23916235E-03     -0.42455096E-03
    3851     -0.71104735E-09     -0.71468313E-09     -0.23919850E-03     -0.42455096E-03
    3852     -0.71104819E-09     -0.71468313E-09     -0.23923669E-03     -0.42455096E-03
    3853     -0.71104926E-09     -0.71468313E-09     -0.23928925E-03     -0.42455096E-03
    3854     -0.71105006E-09     -0.71468313E-09     -0.23933005E-03     -0.42455096E-03
    3855     -0.71105096E-09     -0.71468313E-09     -0.23936925E-03     -0.42455096E-03
    3856     -0.71105203E-09     -0.71468313E-09     -0.23942355E-03     -0.42455096E-03
    3857     -0.71105298E-09     -0.71468313E-09     -0.23946356E-03     -0.42455096E-03
    3858     -0.71105394E-09     -0.71468313E-09     -0.23951311E-03     -0.42455096E-03
    3859     -0.71105502E-09     -0.71468313E-09     -0.23956104E-03     -0.42455096E-03
    3860     -0.71105595E-09     -0.71468313E-09     -0.23960710E-03     -0.42455096E-03
    3861     -0.71105692E-09     -0.71468313E-09     -0.23965062E-03     -0.42455096E-03
    3862     -0.71105773E-09     -0.71468313E-09     -0.23968924E-03     -0.42455096E-03
    3863     -0.71105867E-09     -0.71468313E-09     -0.23973815E-03     -0.42455096E-03
    3864     -0.71105958E-09     -0.71468313E-09     -0.23977901E-03     -0.42455096E-03
    3865     -0.71106058E-09     -0.71468313E-09     -0.23982836E-03     -0.42455096E-03
    3866     -0.71106154E-09     -0.71468313E-09     -0.23988126E-03     -0.42455096E-03
    3867     -0.71106230E-09     -0.71468313E-09     -0.23992313E-03     -0.42455096E-03
    3868     -0.71106335E-09     -0.71468313E-09     -0.23997697E-03     -0.42455096E-03
    3869     -0.71106440E-09     -0.71468313E-09     -0.24002732E-03     -0.42455096E-03
    3870     -0.71106534E-09     -0.71468313E-09     -0.24007007E-03     -0.42455096E-03
    3871     -0.71106636E-09     -0.71468313E-09     -0.24011211E-03     -0.42455096E-03
    3872     -0.71106719E-09     -0.71468313E-09     -0.24015758E-03     -0.42455096E-03
    3873     -0.71106824E-09     -0.71468313E-09     -0.24020534E-03     -0.42455096E-03
    3874     -0.71106914E-09     -0.71468313E-09     -0.24024606E-03     -0.42455096E-03
    3875     -0.71107019E-09     -0.71468313E-09     -0.24030703E-03     -0.42455096E-03
    3876     -0.71107120E-09     -0.71468313E-09     -0.24036411E-03     -0.42455096E-03
    3877     -0.71107198E-09     -0.71468313E-09     -0.24040306E-03     -0.42455096E-03
    3878     -0.71107278E-09     -0.71468313E-09     -0.24044965E-03     -0.42455096E-03
    3879     -0.71107380E-09     -0.71468313E-09     -0.24049393E-03     -0.42455096E-03
    3880     -0.71107458E-09     -0.71468313E-09     -0.24053466E-03     -0.42455096E-03
    3881     -0.71107553E-09     -0.71468313E-09     -0.24058021E-03     -0.42455096E-03
    3882     -0.71107628E-09     -0.71468313E-09     -0.24061564E-03     -0.42455096E-03
    3883     -0.71107721E-09     -0.71468313E-09     -0.24065600E-03     -0.42455096E-03
    3884     -0.71107805E-09     -0.71468313E-09     -0.24069662E-03     -0.42455096E-03
    3885     -0.71107891E-09     -0.71468313E-09     -0.24074121E-03     -0.42455096E-03
    3886     -0.71107987E-09     -0.71468313E-09     -0.24079336E-03     -0.42455096E-03
    3887     -0.71108083E-09     -0.71468313E-09     -0.24084470E-03     -0.42455096E-03
    3888     -0.71108176E-09     -0.71468313E-09     -0.24089370E-03     -0.42455096E-03
    3889     -0.71108269E-09     -0.71468313E-09     -0.24094103E-03     -0.42455096E-03
    3890     -0.71108361E-09     -0.71468313E-09     -0.24098515E-03     -0.42455096E-03
    3891     -0.71108431E-09     -0.71468313E-09     -0.24101815E-03     -0.42455096E-03
    3892     -0.71108536E-09     -0.71468313E-09     -0.24107456E-03     -0.42455096E-03
    3893     -0.71108637E-09     -0.71468313E-09     -0.24113604E-03     -0.42455096E-03
    3894     -0.71108702E-09     -0.71468313E-09     -0.24116988E-03     -0.42455096E-03
    3895     -0.71108798E-09     -0.71468313E-09     -0.24121833E-03     -0.42455096E-03
    3896     -0.71108912E-09     -0.71468313E-09     -0.24128432E-03     -0.42455096E-03
    3897     -0.71109020E-09     -0.71468313E-09     -0.24134124E-03     -0.42455096E-03
    3898     -0.71109114E-09     -0.71468313E-09     -0.24139645E-03     -0.42455096E-03
    3899     -0.71109188E-09     -0.71468313E-09     -0.24143675E-03     -0.42455096E-03
    3900     -0.71109256E-09     -0.71468313E-09     -0.24147928E-03     -0.42455096E-03
    3901     -0.71109357E-09     -0.71468313E-09     -0.24152698E-03     -0.42455096E-03
    3902     -0.71109436E-09     -0.71468313E-09     -0.24156340E-03     -0.42455096E-03
    3903     -0.71109526E-09     -0.71468313E-09     -0.24161276E-03     -0.42455096E-03
    3904     -0.71109598E-09     -0.71468313E-09     -0.24164837E-03     -0.42455096E-03
    3905     -0.71109690E-09     -0.71468313E-09     -0.24169835E-03     -0.42455096E-03
    3906     -0.71109777E-09     -0.71468313E-09     -0.24174168E-03     -0.42455096E-03
    3907     -0.71109862E-09     -0.71468313E-09     -0.24178735E-03     -0.42455096E-03
    3908     -0.71109937E-09     -0.71468313E-09     -0.24182669E-03     -0.42455096E-03
    3909     -0.71110034E-09     -0.71468313E-09     -0.24187850E-03     -0.42455096E-03
    3910     -0.71110139E-09     -0.71468313E-09     -0.24192661E-03     -0.42455096E-03
    3911     -0.71110213E-09     -0.71468313E-09     -0.24195939E-03     -0.42455096E-03
    3912     -0.71110300E-09     -0.71468313E-09     -0.24200412E-03     -0.42455096E-03
    3913     -0.71110377E-09     -0.71468313E-09     -0.24203724E-03     -0.42455096E-03
    3914     -0.71110464E-09     -0.71468313E-09     -0.24207570E-03     -0.42455096E-03
    3915     -0.71110556E-09     -0.71468313E-09     -0.24212539E-03     -0.42455096E-03
    3916     -0.71110660E-09     -0.71468313E-09     -0.24217773E-03     -0.42455096E-03
    3917     -0.71110727E-09     -0.71468313E-09     -0.24220779E-03     -0.42455096E-03
    3918     -0.71110812E-09     -0.71468313E-09     -0.24225668E-03     -0.42455096E-03
    3919     -0.71110899E-09     -0.71468313E-09     -0.24230370E-03     -0.42455096E-03
    3920     -0.71110979E-09     -0.71468313E-09     -0.24234290E-03     -0.42455096E-03
    3921     -0.71111059E-09     -0.71468313E-09     -0.24238190E-03     -0.42455096E-03
    3922     -0.71111142E-09     -0.71468313E-09     -0.24241771E-03     -0.42455096E-03
    3923     -0.71111235E-09     -0.71468313E-09     -0.24246729E-03     -0.42455096E-03
    3924     -0.71111332E-09     -0.71468313E-09     -0.24251716E-03     -0.42455096E-03
    3925     -0.71111426E-09     -0.71468313E-09     -0.24256671E-03     -0.42455096E-03
    3926     -0.71111508E-09     -0.71468313E-09     -0.24260592E-03     -0.42455096E-03
    3927     -0.71111581E-09     -0.71468313E-09     -0.24264502E-03     -0.42455096E-03
    3928     -0.71111673E-09     -0.71468313E-09     -0.24268805E-03     -0.42455096E-03
    3929     -0.71111763E-09     -0.71468313E-09     -0.24272973E-03     -0.42455096E-03
    3930     -0.71111852E-09     -0.71468313E-09     -0.24277709E-03     -0.42455096E-03
    3931     -0.71111948E-09     -0.71468313E-09     -0.24282463E-03     -0.42455096E-03
    3932     -0.71112023E-09     -0.71468313E-09     -0.24286517E-03     -0.42455096E-03
    3933     -0.71112100E-09     -0.71468313E-09     -0.24290646E-03     -0.42455096E-03
    3934     -0.71112185E-09     -0.71468313E-09     -0.24294767E-03     -0.42455096E-03
    3935     -0.71112260E-09     -0.71468313E-09     -0.24298297E-03     -0.42455096E-03
    3936     -0.71112349E-09     -0.71468313E-09     -0.24303114E-03     -0.42455096E-03
    3937     -0.71112455E-09     -0.71468313E-09     -0.24309395E-03     -0.42455096E-03
    3938     -0.71112541E-09     -0.71468313E-09     -0.24313905E-03     -0.42455096E-03
    3939     -0.71112640E-09     -0.71468313E-09     -0.24318485E-03     -0.42455096E-03
    3940     -0.71112743E-09     -0.71468313E-09     -0.24323812E-03     -0.42455096E-03
    3941     -0.71112833E-09     -0.71468313E-09     -0.24328648E-03     -0.42455096E-03
    3942     -0.71112920E-09     -0.71468313E-09     -0.24333395E-03     -0.42455096E-03
    3943     -0.71113005E-09     -0.71468313E-09     -0.24337430E-03     -0.42455096E-03
    3944     -0.71113098E-09     -0.71468313E-09     -0.24342217E-03     -0.42455096E-03
    3945     -0.71113189E-09     -0.71468313E-09     -0.24346538E-03     -0.42455096E-03
    3946     -0.71113279E-09     -0.71468313E-09     -0.24351303E-03     -0.42455096E-03
    3947     -0.71113377E-09     -0.71468313E-09     -0.24357686E-03     -0.42455096E-03
    3948     -0.71113488E-09     -0.71468313E-09     -0.24362442E-03     -0.42455096E-03
    3949     -0.71113577E-09     -0.71468313E-09     -0.24366251E-03     -0.42455096E-03
    3950     -0.71113660E-09     -0.71468313E-09     -0.24369924E-03     -0.42455096E-03
    3951     -0.71113728E-09     -0.71468313E-09     -0.24373161E-03     -0.42455096E-03
    3952     -0.71113828E-09     -0.71468313E-09     -0.24377932E-03     -0.42455096E-03
    3953     -0.71113921E-09     -0.71468313E-09     -0.24382900E-03     -0.42455096E-03
    3954     -0.71114042E-09     -0.71468313E-09     -0.24389275E-03     -0.42455096E-03
    3955     -0.71114134E-09     -0.71468313E-09     -0.24393685E-03     -0.42455096E-03
    3956     -0.71114206E-09     -0.71468313E-09     -0.24397141E-03     -0.42455096E-03
    3957     -0.71114313E-09     -0.71468313E-09     -0.24403091E-03     -0.42455096E-03
    3958     -0.71114430E-09     -0.71468313E-09     -0.24409692E-03     -0.42455096E-03
    3959     -0.71114540E-09     -0.71468313E-09     -0.24414400E-03     -0.42455096E-03
    3960     -0.71114667E-09     -0.71468313E-09     -0.24420338E-03     -0.42455096E-03
    3961     -0.71114763E-09     -0.71468313E-09     -0.24425562E-03     -0.42455096E-03
    3962     -0.71114869E-09     -0.71468313E-09     -0.24430713E-03     -0.42455096E-03
    3963     -0.71114968E-09     -0.71468313E-09     -0.24434656E-03     -0.42455096E-03
    3964     -0.71115102E-09     -0.71468313E-09     -0.24440491E-03     -0.42455096E-03
    3965     -0.71115167E-09     -0.71468313E-09     -0.24443689E-03     -0.42455096E-03
    3966     -0.71115328E-09     -0.71468313E-09     -0.24450916E-03     -0.42455096E-03
    3967     -0.71115416E-09     -0.71468313E-09     -0.24454855E-03     -0.42455096E-03
    3968     -0.71115489E-09     -0.71468313E-09     -0.24458761E-03     -0.42455096E-03
    3969     -0.71115564E-09     -0.71468313E-09     -0.24462987E-03     -0.42455096E-03
    3970     -0.71115637E-09     -0.71468313E-09     -0.24466770E-03     -0.42455096E-03
    3971     -0.71115727E-09     -0.71468313E-09     -0.24471731E-03     -0.42455096E-03
    3972     -0.71115827E-09     -0.71468313E-09     -0.24476915E-03     -0.42455096E-03
    3973     -0.71115903E-09     -0.71468313E-09     -0.24480979E-03     -0.42455096E-03
    3974     -0.71115997E-09     -0.71468313E-09     -0.24486235E-03     -0.42455096E-03
    3975     -0.71116071E-09     -0.71468313E-09     -0.24490294E-03     -0.42455096E-03
    3976     -0.71116152E-09     -0.71468313E-09     -0.24494117E-03     -0.42455096E-03
    3977     -0.71116235E-09     -0.71468313E-09     -0.24498787E-03     -0.42455096E-03
    3978     -0.71116339E-09     -0.71468313E-09     -0.24504405E-03     -0.42455096E-03
    3979     -0.71116404E-09     -0.71468313E-09     -0.24508203E-03     -0.42455096E-03
    3980     -0.71116494E-09     -0.71468313E-09     -0.24513841E-03     -0.42455096E-03
    3981     -0.71116571E-09     -0.71468313E-09     -0.24517268E-03     -0.42455096E-03
    3982     -0.71116665E-09     -0.71468313E-09     -0.24521840E-03     -0.42455096E-03
    3983     -0.71116756E-09     -0.71468313E-09     -0.24526596E-03     -0.42455096E-03
    3984     -0.71116849E-09     -0.71468313E-09     -0.24531575E-03     -0.42455096E-03
    3985     -0.71116933E-09     -0.71468313E-09     -0.24535947E-03     -0.42455096E-03
    3986     -0.71117014E-09     -0.71468313E-09     -0.24539742E-03     -0.42455096E-03
    3987     -0.71117112E-09     -0.71468313E-09     -0.24544630E-03     -0.42455096E-03
    3988     -0.71117213E-09     -0.71468313E-09     -0.24550313E-03     -0.42455096E-03
    3989     -0.71117295E-09     -0.71468313E-09     -0.24554957E-03     -0.42455096E-03
    3990     -0.71117389E-09     -0.71468313E-09     -0.24560296E-03     -0.42455096E-03
    3991     -0.71117490E-09     -0.71468313E-09     -0.24565518E-03     -0.42455096E-03
    3992     -0.71117580E-09     -0.71468313E-09     -0.24570055E-03     -0.42455096E-03
    3993     -0.71117666E-09     -0.71468313E-09     -0.24573997E-03     -0.42455096E-03
    3994     -0.71117719E-09     -0.71468313E-09     -0.24576966E-03     -0.42455096E-03
    3995     -0.71117779E-09     -0.71468313E-09     -0.24580273E-03     -0.42455096E-03
    3996     -0.71117843E-09     -0.71468313E-09     -0.24583759E-03     -0.42455096E-03
    3997     -0.71117950E-09     -0.71468313E-09     -0.24591091E-03     -0.42455096E-03
    3998     -0.71118046E-09     -0.71468313E-09     -0.24595495E-03     -0.42455096E-03
    3999     -0.71118157E-09     -0.71468313E-09     -0.24600621E-03     -0.42455096E-03
    4000     -0.71118261E-09     -0.71468313E-09     -0.24605514E-03     -0.42455096E-03
    4001     -0.71118361E-09     -0.71468313E-09     -0.24610666E-03     -0.42455096E-03
    4002     -0.71118464E-09     -0.71468313E-09     -0.24616006E-03     -0.42455096E-03
    4003     -0.71118562E-09     -0.71468313E-09     -0.24621467E-03     -0.42455096E-03
    4004     -0.71118667E-09     -0.71468313E-09     -0.24627085E-03     -0.42455096E-03
    4005     -0.71118778E-09     -0.71468313E-09     -0.24632587E-03     -0.42455096E-03
    4006     -0.71118872E-09     -0.71468313E-09     -0.24637693E-03     -0.42455096E-03
    4007     -0.71118956E-09     -0.71468313E-09     -0.24642499E-03     -0.42455096E-03
    4008     -0.71119066E-09     -0.71468313E-09     -0.24648349E-03     -0.42455096E-03
    4009     -0.71119146E-09     -0.71468313E-09     -0.24652614E-03     -0.42455096E-03
    4010     -0.71119252E-09     -0.71468313E-09     -0.24658552E-03     -0.42455096E-03
    4011     -0.71119340E-09     -0.71468313E-09     -0.24663443E-03     -0.42455096E-03
    4012     -0.71119430E-09     -0.71468313E-09     -0.24667938E-03     -0.42455096E-03
    4013     -0.71119515E-09     -0.71468313E-09     -0.24672477E-03     -0.42455096E-03
    4014     -0.71119598E-09     -0.71468313E-09     -0.24676689E-03     -0.42455096E-03
    4015     -0.71119693E-09     -0.71468313E-09     -0.24682085E-03     -0.42455096E-03
    4016     -0.71119798E-09     -0.71468313E-09     -0.24687388E-03     -0.42455096E-03
    4017     -0.71119886E-09     -0.71468313E-09     -0.24692056E-03     -0.42455096E-03
    4018     -0.71119992E-09     -0.71468313E-09     -0.24697925E-03     -0.42455096E-03
    4019     -0.71120082E-09     -0.71468313E-09     -0.24703431E-03     -0.42455096E-03
    4020     -0.71120163E-09     -0.71468313E-09     -0.24707624E-03     -0.42455096E-03
    4021     -0.71120277E-09     -0.71468313E-09     -0.24714425E-03     -0.42455096E-03
    4022     -0.71120378E-09     -0.71468313E-09     -0.24719808E-03     -0.42455096E-03
    4023     -0.71120457E-09     -0.71468313E-09     -0.24723926E-03     -0.42455096E-03
    4024     -0.71120562E-09     -0.71468313E-09     -0.24730385E-03     -0.42455096E-03
    4025     -0.71120644E-09     -0.71468313E-09     -0.24734873E-03     -0.42455096E-03
    4026     -0.71120742E-09     -0.71468313E-09     -0.24740350E-03     -0.42455096E-03
    4027     -0.71120853E-09     -0.71468313E-09     -0.24747303E-03     -0.42455096E-03
    4028     -0.71120954E-09     -0.71468313E-09     -0.24753120E-03     -0.42455096E-03
    4029     -0.71121046E-09     -0.71468313E-09     -0.24757803E-03     -0.42455096E-03
    4030     -0.71121140E-09     -0.71468313E-09     -0.24763430E-03     -0.42455096E-03
    4031     -0.71121224E-09     -0.71468313E-09     -0.24768333E-03     -0.42455096E-03
    4032     -0.71121321E-09     -0.71468313E-09     -0.24773010E-03     -0.42455096E-03
    4033     -0.71121482E-09     -0.71468313E-09     -0.24783214E-03     -0.42455096E-03
    4034     -0.71121584E-09     -0.71468313E-09     -0.24788552E-03     -0.42455096E-03
    4035     -0.71121727E-09     -0.71468313E-09     -0.24797497E-03     -0.42455096E-03
    4036     -0.71121820E-09     -0.71468313E-09     -0.24803286E-03     -0.42455096E-03
    4037     -0.71121938E-09     -0.71468313E-09     -0.24810011E-03     -0.42455096E-03
    4038     -0.71122122E-09     -0.71468313E-09     -0.24823123E-03     -0.42455096E-03
    4039     -0.71122238E-09     -0.71468313E-09     -0.24829740E-03     -0.42455096E-03
    4040     -0.71122373E-09     -0.71468313E-09     -0.24836943E-03     -0.42455096E-03
    4041     -0.71122474E-09     -0.71468313E-09     -0.24843044E-03     -0.42455096E-03
    4042     -0.71122616E-09     -0.71468313E-09     -0.24852465E-03     -0.42455096E-03
    4043     -0.71122709E-09     -0.71468313E-09     -0.24857177E-03     -0.42455096E-03
    4044     -0.71122812E-09     -0.71468313E-09     -0.24863412E-03     -0.42455096E-03
    4045     -0.71122898E-09     -0.71468313E-09     -0.24868736E-03     -0.42455096E-03
    4046     -0.71122974E-09     -0.71468313E-09     -0.24872781E-03     -0.42455096E-03
    4047     -0.71123100E-09     -0.71468313E-09     -0.24881078E-03     -0.42455096E-03
    4048     -0.71123235E-09     -0.71468313E-09     -0.24890682E-03     -0.42455096E-03
    4049     -0.71123319E-09     -0.71468313E-09     -0.24895265E-03     -0.42455096E-03
    4050     -0.71123409E-09     -0.71468313E-09     -0.24900053E-03     -0.42455096E-03
    4051     -0.71123495E-09     -0.71468313E-09     -0.24904973E-03     -0.42455096E-03
    4052     -0.71123582E-09     -0.71468313E-09     -0.24910452E-03     -0.42455096E-03
    4053     -0.71123810E-09     -0.71468313E-09     -0.24926735E-03     -0.42455096E-03
    4054     -0.71123905E-09     -0.71468313E-09     -0.24931849E-03     -0.42455096E-03
    4055     -0.71124026E-09     -0.71468313E-09     -0.24939930E-03     -0.42455096E-03
    4056     -0.71124104E-09     -0.71468313E-09     -0.24944671E-03     -0.42455096E-03
    4057     -0.71124196E-09     -0.71468313E-09     -0.24949335E-03     -0.42455096E-03
    4058     -0.71124324E-09     -0.71468313E-09     -0.24956966E-03     -0.42455096E-03
    4059     -0.71124444E-09     -0.71468313E-09     -0.24963549E-03     -0.42455096E-03
    4060     -0.71124542E-09     -0.71468313E-09     -0.24969540E-03     -0.42455096E-03
    4061     -0.71124660E-09     -0.71468313E-09     -0.24977213E-03     -0.42455096E-03
    4062     -0.71124758E-09     -0.71468313E-09     -0.24982566E-03     -0.42455096E-03
    4063     -0.71124875E-09     -0.71468313E-09     -0.24989121E-03     -0.42455096E-03
    4064     -0.71124990E-09     -0.71468313E-09     -0.24994923E-03     -0.42455096E-03
    4065     -0.71125106E-09     -0.71468313E-09     -0.25001947E-03     -0.42455096E-03
    4066     -0.71125201E-09     -0.71468313E-09     -0.25007413E-03     -0.42455096E-03
    4067     -0.71125289E-09     -0.71468313E-09     -0.25012627E-03     -0.42455096E-03
    4068     -0.71125379E-09     -0.71468313E-09     -0.25018233E-03     -0.42455096E-03
    4069     -0.71125490E-09     -0.71468313E-09     -0.25024626E-03     -0.42455096E-03
    4070     -0.71125560E-09     -0.71468313E-09     -0.25028121E-03     -0.42455096E-03
    4071     -0.71125632E-09     -0.71468313E-09     -0.25032253E-03     -0.42455096E-03
    4072     -0.71125720E-09     -0.71468313E-09     -0.25037659E-03     -0.42455096E-03
    4073     -0.71125818E-09     -0.71468313E-09     -0.25043151E-03     -0.42455096E-03
    4074     -0.71125898E-09     -0.71468313E-09     -0.25046942E-03     -0.42455096E-03
    4075     -0.71125984E-09     -0.71468313E-09     -0.25051521E-03     -0.42455096E-03
    4076     -0.71126059E-09     -0.71468313E-09     -0.25055821E-03     -0.42455096E-03
    4077     -0.71126160E-09     -0.71468313E-09     -0.25060925E-03     -0.42455096E-03
    4078     -0.71126223E-09     -0.71468313E-09     -0.25064478E-03     -0.42455096E-03
    4079     -0.71126307E-09     -0.71468313E-09     -0.25069321E-03     -0.42455096E-03
    4080     -0.71126396E-09     -0.71468313E-09     -0.25073810E-03     -0.42455096E-03
    4081     -0.71126472E-09     -0.71468313E-09     -0.25077704E-03     -0.42455096E-03
    4082     -0.71126565E-09     -0.71468313E-09     -0.25082491E-03     -0.42455096E-03
    4083     -0.71126628E-09     -0.71468313E-09     -0.25085513E-03     -0.42455096E-03
    4084     -0.71126700E-09     -0.71468313E-09     -0.25089347E-03     -0.42455096E-03
    4085     -0.71126786E-09     -0.71468313E-09     -0.25094209E-03     -0.42455096E-03
    4086     -0.71126872E-09     -0.71468313E-09     -0.25098542E-03     -0.42455096E-03
    4087     -0.71126962E-09     -0.71468313E-09     -0.25102867E-03     -0.42455096E-03
    4088     -0.71127062E-09     -0.71468313E-09     -0.25109309E-03     -0.42455096E-03
    4089     -0.71127140E-09     -0.71468313E-09     -0.25113175E-03     -0.42455096E-03
    4090     -0.71127213E-09     -0.71468313E-09     -0.25116933E-03     -0.42455096E-03
    4091     -0.71127275E-09     -0.71468313E-09     -0.25120305E-03     -0.42455096E-03
    4092     -0.71127355E-09     -0.71468313E-09     -0.25124557E-03     -0.42455096E-03
    4093     -0.71127423E-09     -0.71468313E-09     -0.25128790E-03     -0.42455096E-03

# q=  0.00000000E+00  0.00000000E+00  0.50000000E+00  (qpt 2)
#ncbands         Re chi(0,0)              extrap   Re chi(Gmax,Gmax)              extrap
       1     -0.23256387E-04     -0.15931804E-03     -0.45411035E-06     -0.44288699E-03
       2     -0.50834663E-04     -0.15931804E-03     -0.99598807E-06     -0.44288699E-03
       3     -0.68637049E-04     -0.15931804E-03     -0.15153146E-05     -0.44288699E-03
       4     -0.77822162E-04     -0.15931804E-03     -0.20386336E-05     -0.44288699E-03
       5     -0.86048809E-04     -0.15931804E-03     -0.25723486E-05     -0.44288699E-03
       6     -0.93124668E-04     -0.15931804E-03     -0.31226525E-05     -0.44288699E-03
       7     -0.98663763E-04     -0.15931804E-03     -0.36623599E-05     -0.44288699E-03
       8     -0.10182310E-03     -0.15931804E-03     -0.41909883E-05     -0.44288699E-03
       9     -0.10334323E-03     -0.15931804E-03     -0.47093251E-05     -0.44288699E-03
      10     -0.10563960E-03     -0.15931804E-03     -0.52358658E-05     -0.44288699E-03
      11     -0.10836358E-03     -0.15931804E-03     -0.57323990E-05     -0.44288699E-03
      12     -0.11016271E-03     -0.15931804E-03     -0.60541440E-05     -0.44288699E-03
      13     -0.11223034E-03     -0.15931804E-03     -0.63842345E-05     -0.44288699E-03
      14     -0.11481041E-03     -0.15931804E-03     -0.67565911E-05     -0.44288699E-03
      15     -0.11708359E-03     -0.15931804E-03     -0.71107358E-05     -0.44288699E-03
      16     -0.11852822E-03     -0.15931804E-03     -0.76029181E-05     -0.44288699E-03
      17     -0.11983478E-03     -0.15931804E-03     -0.80800272E-05     -0.44288699E-03
      18     -0.12116371E-03     -0.15931804E-03     -0.85247685E-05     -0.44288699E-03
      19     -0.12199255E-03     -0.15931804E-03     -0.90033326E-05     -0.44288699E-03
      20     -0.12348132E-03     -0.15931804E-03     -0.94132817E-05     -0.44288699E-03
      21     -0.12507511E-03     -0.15931804E-03     -0.98435137E-05     -0.44288699E-03
      22     -0.12664510E-03     -0.15931804E-03     -0.10314054E-04     -0.44288699E-03
      23     -0.12785926E-03     -0.15931804E-03     -0.10696337E-04     -0.44288699E-03
      24     -0.12894409E-03     -0.15931804E-03     -0.11092548E-04     -0.44288699E-03
      25     -0.13002143E-03     -0.15931804E-03     -0.11504388E-04     -0.44288699E-03
      26     -0.13079903E-03     -0.15931804E-03     -0.11954398E-04     -0.44288699E-03
      27     -0.13165371E-03     -0.15931804E-03     -0.12409994E-04     -0.44288699E-03
      28     -0.13217661E-03     -0.15931804E-03     -0.12876188E-04     -0.44288699E-03
      29     -0.13299159E-03     -0.15931804E-03     -0.13370507E-04     -0.44288699E-03
      30     -0.13356057E-03     -0.15931804E-03     -0.13843425E-04     -0.44288699E-03
      31     -0.13413622E-03     -0.15931804E-03     -0.14335036E-04     -0.44288699E-03
      32     -0.13499543E-03     -0.15931804E-03     -0.14747551E-04     -0.44288699E-03
      33     -0.13538627E-03     -0.15931804E-03     -0.15250068E-04     -0.44288699E-03
      34     -0.13551064E-03     -0.15931804E-03     -0.15754221E-04     -0.44288699E-03
      35     -0.13583663E-03     -0.15931804E-03     -0.16297958E-04     -0.44288699E-03
      36     -0.13605098E-03     -0.15931804E-03     -0.16851513E-04     -0.44288699E-03
      37     -0.13648622E-03     -0.15931804E-03     -0.17321827E-04     -0.44288699E-03
      38     -0.13686543E-03     -0.15931804E-03     -0.17789615E-04     -0.44288699E-03
      39     -0.13689053E-03     -0.15931804E-03     -0.18270451E-04     -0.44288699E-03
      40     -0.13693250E-03     -0.15931804E-03     -0.18747991E-04     -0.44288699E-03
      41     -0.13743149E-03     -0.15931804E-03     -0.19198598E-04     -0.44288699E-03
      42     -0.13791820E-03     -0.15931804E-03     -0.19662052E-04     -0.44288699E-03
      43     -0.13816045E-03     -0.15931804E-03     -0.20128325E-04     -0.44288699E-03
      44     -0.13839997E-03     -0.15931804E-03     -0.20556827E-04     -0.44288699E-03
      45     -0.13877522E-03     -0.15931804E-03     -0.20989710E-04     -0.44288699E-03
      46     -0.13906205E-03     -0.15931804E-03     -0.21460345E-04     -0.44288699E-03
      47     -0.13917638E-03     -0.15931804E-03     -0.21963629E-04     -0.44288699E-03
      48     -0.13920769E-03     -0.15931804E-03     -0.22458736E-04     -0.44288699E-03
      49     -0.13922691E-03     -0.15931804E-03     -0.22945051E-04     -0.44288699E-03
      50     -0.13947735E-03     -0.15931804E-03     -0.23368789E-04     -0.44288699E-03
      51     -0.13969412E-03     -0.15931804E-03     -0.23749823E-04     -0.44288699E-03
      52     -0.13982980E-03     -0.15931804E-03     -0.24159456E-04     -0.44288699E-03
      53     -0.14007541E-03     -0.15931804E-03     -0.24562967E-04     -0.44288699E-03
      54     -0.14043383E-03     -0.15931804E-03     -0.25039542E-04     -0.44288699E-03
      55     -0.14073881E-03     -0.15931804E-03     -0.25502007E-04     -0.44288699E-03
      56     -0.14104717E-03     -0.15931804E-03     -0.25984748E-04     -0.44288699E-03
      57     -0.14132027E-03     -0.15931804E-03     -0.26449556E-04     -0.44288699E-03
      58     -0.14157257E-03     -0.15931804E-03     -0.26853851E-04     -0.44288699E-03
      59     -0.14175639E-03     -0.15931804E-03     -0.27276377E-04     -0.44288699E-03
      60     -0.14193727E-03     -0.15931804E-03     -0.27695583E-04     -0.44288699E-03
      61     -0.14208178E-03     -0.15931804E-03     -0.28055563E-04     -0.44288699E-03
      62     -0.14218118E-03     -0.15931804E-03     -0.28458740E-04     -0.44288699E-03
      63     -0.14231919E-03     -0.15931804E-03     -0.28910420E-04     -0.44288699E-03
      64     -0.14245521E-03     -0.15931804E-03     -0.29393647E-04     -0.44288699E-03
      65     -0.14259422E-03     -0.15931804E-03     -0.29886344E-04     -0.44288699E-03
      66     -0.14274497E-03     -0.15931804E-03     -0.30376876E-04     -0.44288699E-03
      67     -0.14287089E-03     -0.15931804E-03     -0.30799838E-04     -0.44288699E-03
      68     -0.14295640E-03     -0.15931804E-03     -0.31206271E-04     -0.44288699E-03
      69     -0.14302568E-03     -0.15931804E-03     -0.31610820E-04     -0.44288699E-03
      70     -0.14309029E-03     -0.15931804E-03     -0.32038086E-04     -0.44288699E-03
      71     -0.14314515E-03     -0.15931804E-03     -0.32478443E-04     -0.44288699E-03
      72     -0.14320800E-03     -0.15931804E-03     -0.32964376E-04     -0.44288699E-03
      73     -0.14328535E-03     -0.15931804E-03     -0.33479908E-04     -0.44288699E-03
      74     -0.14335694E-03     -0.15931804E-03     -0.33955348E-04     -0.44288699E-03
      75     -0.14340122E-03     -0.15931804E-03     -0.34362007E-04     -0.44288699E-03
      76     -0.14340540E-03     -0.15931804E-03     -0.34430763E-04     -0.44288699E-03
      77     -0.14342807E-03     -0.15931804E-03     -0.34769754E-04     -0.44288699E-03
      78     -0.14342996E-03     -0.15931804E-03     -0.34797157E-04     -0.44288699E-03
      79     -0.14344553E-03     -0.15931804E-03     -0.35059487E-04     -0.44288699E-03
      80     -0.14348950E-03     -0.15931804E-03     -0.35501386E-04     -0.44288699E-03
      81     -0.14353911E-03     -0.15931804E-03     -0.35937296E-04     -0.44288699E-03
      82     -0.14356827E-03     -0.15931804E-03     -0.36419289E-04     -0.44288699E-03
      83     -0.14359211E-03     -0.15931804E-03     -0.36889960E-04     -0.44288699E-03
      84     -0.14361998E-03     -0.15931804E-03     -0.37318204E-04     -0.44288699E-03
      85     -0.14364010E-03     -0.15931804E-03     -0.37535595E-04     -0.44288699E-03
      86     -0.14365677E-03     -0.15931804E-03     -0.37778506E-04     -0.44288699E-03
      87     -0.14367372E-03     -0.15931804E-03     -0.37991373E-04     -0.44288699E-03
      88     -0.14367821E-03     -0.15931804E-03     -0.38222993E-04     -0.44288699E-03
      89     -0.14370113E-03     -0.15931804E-03     -0.38671439E-04     -0.44288699E-03
      90     -0.14372703E-03     -0.15931804E-03     -0.39128167E-04     -0.44288699E-03
      91     -0.14374598E-03     -0.15931804E-03     -0.39574893E-04     -0.44288699E-03
      92     -0.14376051E-03     -0.15931804E-03     -0.40035782E-04     -0.44288699E-03
      93     -0.14378011E-03     -0.15931804E-03     -0.40487796E-04     -0.44288699E-03
      94     -0.14378988E-03     -0.15931804E-03     -0.40930752E-04     -0.44288699E-03
      95     -0.14379743E-03     -0.15931804E-03     -0.41190320E-04     -0.44288699E-03
      96     -0.14381720E-03     -0.15931804E-03     -0.41417940E-04     -0.44288699E-03
      97     -0.14383883E-03     -0.15931804E-03     -0.41795739E-04     -0.44288699E-03
      98     -0.14385250E-03     -0.15931804E-03     -0.42206366E-04     -0.44288699E-03
      99     -0.14386505E-03     -0.15931804E-03     -0.42586787E-04     -0.44288699E-03
     100     -0.14387850E-03     -0.15931804E-03     -0.43013386E-04     -0.44288699E-03
     101     -0.14389838E-03     -0.15931804E-03     -0.43468770E-04     -0.44288699E-03
     102     -0.14390376E-03     -0.15931804E-03     -0.43663240E-04     -0.44288699E-03
     103     -0.14391388E-03     -0.15931804E-03     -0.43882442E-04     -0.44288699E-03
     104     -0.14392366E-03     -0.15931804E-03     -0.44114314E-04     -0.44288699E-03
     105     -0.14393421E-03     -0.15931804E-03     -0.44528085E-04     -0.44288699E-03
     106     -0.14394400E-03     -0.15931804E-03     -0.44948436E-04     -0.44288699E-03
     107     -0.14395129E-03     -0.15931804E-03     -0.45173191E-04     -0.44288699E-03
     108     -0.14395523E-03     -0.15931804E-03     -0.45354508E-04     -0.44288699E-03
     109     -0.14396158E-03     -0.15931804E-03     -0.45524643E-04     -0.44288699E-03
     110     -0.14397324E-03     -0.15931804E-03     -0.45732627E-04     -0.44288699E-03
     111     -0.14398430E-03     -0.15931804E-03     -0.45948739E-04     -0.44288699E-03
     112     -0.14399322E-03     -0.15931804E-03     -0.46200532E-04     -0.44288699E-03
     113     -0.14400342E-03     -0.15931804E-03     -0.46459232E-04     -0.44288699E-03
     114     -0.14401589E-03     -0.15931804E-03     -0.46721351E-04     -0.44288699E-03
     115     -0.14402902E-03     -0.15931804E-03     -0.46969262E-04     -0.44288699E-03
     116     -0.14402948E-03     -0.15931804E-03     -0.46983410E-04     -0.44288699E-03
     117     -0.14403458E-03     -0.15931804E-03     -0.47178295E-04     -0.44288699E-03
     118     -0.14403659E-03     -0.15931804E-03     -0.47350902E-04     -0.44288699E-03
     119     -0.14403701E-03     -0.15931804E-03     -0.47381961E-04     -0.44288699E-03
     120     -0.14405387E-03     -0.15931804E-03     -0.47634580E-04     -0.44288699E-03
     121     -0.14407019E-03     -0.15931804E-03     -0.47862706E-04     -0.44288699E-03
     122     -0.14407042E-03     -0.15931804E-03     -0.47874342E-04     -0.44288699E-03
     123     -0.14407127E-03     -0.15931804E-03     -0.47886891E-04     -0.44288699E-03
     124     -0.14407157E-03     -0.15931804E-03     -0.47903292E-04     -0.44288699E-03
     125     -0.14407293E-03     -0.15931804E-03     -0.47922097E-04     -0.44288699E-03
     126     -0.14407532E-03     -0.15931804E-03     -0.47981685E-04     -0.44288699E-03
     127     -0.14408325E-03     -0.15931804E-03     -0.48152081E-04     -0.44288699E-03
     128     -0.14409468E-03     -0.15931804E-03     -0.48383833E-04     -0.44288699E-03
     129     -0.14409645E-03     -0.15931804E-03     -0.48425908E-04     -0.44288699E-03
     130     -0.14410425E-03     -0.15931804E-03     -0.48675508E-04     -0.44288699E-03
     131     -0.14411700E-03     -0.15931804E-03     -0.49070471E-04     -0.44288699E-03
     132     -0.14411751E-03     -0.15931804E-03     -0.49085872E-04     -0.44288699E-03
     133     -0.14412769E-03     -0.15931804E-03     -0.49278921E-04     -0.44288699E-03
     134     -0.14412942E-03     -0.15931804E-03     -0.49319278E-04     -0.44288699E-03
     135     -0.14413495E-03     -0.15931804E-03     -0.49550494E-04     -0.44288699E-03
     136     -0.14414069E-03     -0.15931804E-03     -0.49804555E-04     -0.44288699E-03
     137     -0.14414805E-03     -0.15931804E-03     -0.50063730E-04     -0.44288699E-03
     138     -0.14415530E-03     -0.15931804E-03     -0.50314146E-04     -0.44288699E-03
     139     -0.14415719E-03     -0.15931804E-03     -0.50329687E-04     -0.44288699E-03
     140     -0.14415776E-03     -0.15931804E-03     -0.50342491E-04     -0.44288699E-03
     141     -0.14417285E-03     -0.15931804E-03     -0.50579961E-04     -0.44288699E-03
     142     -0.14417334E-03     -0.15931804E-03     -0.50588666E-04     -0.44288699E-03
     143     -0.14418753E-03     -0.15931804E-03     -0.50802540E-04     -0.44288699E-03
     144     -0.14418960E-03     -0.15931804E-03     -0.50874174E-04     -0.44288699E-03
     145     -0.14419284E-03     -0.15931804E-03     -0.50992593E-04     -0.44288699E-03
     146     -0.14419481E-03     -0.15931804E-03     -0.51038208E-04     -0.44288699E-03
     147     -0.14419797E-03     -0.15931804E-03     -0.51240640E-04     -0.44288699E-03
     148     -0.14419921E-03     -0.15931804E-03     -0.51256428E-04     -0.44288699E-03
     149     -0.14420178E-03     -0.15931804E-03     -0.51445817E-04     -0.44288699E-03
     150     -0.14420223E-03     -0.15931804E-03     -0.51462504E-04     -0.44288699E-03
     151     -0.14420265E-03     -0.15931804E-03     -0.51477350E-04     -0.44288699E-03
     152     -0.14420431E-03     -0.15931804E-03     -0.51530694E-04     -0.44288699E-03
     153     -0.14421336E-03     -0.15931804E-03     -0.51742069E-04     -0.44288699E-03
     154     -0.14421352E-03     -0.15931804E-03     -0.51750452E-04     -0.44288699E-03
     155     -0.14421451E-03     -0.15931804E-03     -0.51772559E-04     -0.44288699E-03
     156     -0.14421648E-03     -0.15931804E-03     -0.51781999E-04     -0.44288699E-03
     157     -0.14422280E-03     -0.15931804E-03     -0.51976922E-04     -0.44288699E-03
     158     -0.14422985E-03     -0.15931804E-03     -0.52191184E-04     -0.44288699E-03
     159     -0.14423503E-03     -0.15931804E-03     -0.52426077E-04     -0.44288699E-03
     160     -0.14423994E-03     -0.15931804E-03     -0.52547356E-04     -0.44288699E-03
     161     -0.14424704E-03     -0.15931804E-03     -0.52858899E-04     -0.44288699E-03
     162     -0.14424722E-03     -0.15931804E-03     -0.52867452E-04     -0.44288699E-03
     163     -0.14424970E-03     -0.15931804E-03     -0.52973255E-04     -0.44288699E-03
     164     -0.14425309E-03     -0.15931804E-03     -0.53103576E-04     -0.44288699E-03
     165     -0.14425556E-03     -0.15931804E-03     -0.53147889E-04     -0.44288699E-03
     166     -0.14425909E-03     -0.15931804E-03     -0.53315087E-04     -0.44288699E-03
     167     -0.14426204E-03     -0.15931804E-03     -0.53455016E-04     -0.44288699E-03
     168     -0.14426637E-03     -0.15931804E-03     -0.53681355E-04     -0.44288699E-03
     169     -0.14426678E-03     -0.15931804E-03     -0.53693616E-04     -0.44288699E-03
     170     -0.14426685E-03     -0.15931804E-03     -0.53695247E-04     -0.44288699E-03
     171     -0.14426744E-03     -0.15931804E-03     -0.53714003E-04     -0.44288699E-03
     172     -0.14426840E-03     -0.15931804E-03     -0.53751630E-04     -0.44288699E-03
     173     -0.14427042E-03     -0.15931804E-03     -0.53829512E-04     -0.44288699E-03
     174     -0.14427310E-03     -0.15931804E-03     -0.53880993E-04     -0.44288699E-03
     175     -0.14427506E-03     -0.15931804E-03     -0.53963215E-04     -0.44288699E-03
     176     -0.14428852E-03     -0.15931804E-03     -0.54189412E-04     -0.44288699E-03
     177     -0.14429206E-03     -0.15931804E-03     -0.54256113E-04     -0.44288699E-03
     178     -0.14429229E-03     -0.15931804E-03     -0.54268547E-04     -0.44288699E-03
     179     -0.14429277E-03     -0.15931804E-03     -0.54279867E-04     -0.44288699E-03
     180     -0.14430121E-03     -0.15931804E-03     -0.54426449E-04     -0.44288699E-03
     181     -0.14430257E-03     -0.15931804E-03     -0.54479718E-04     -0.44288699E-03
     182     -0.14430484E-03     -0.15931804E-03     -0.54566479E-04     -0.44288699E-03
     183     -0.14430641E-03     -0.15931804E-03     -0.54667291E-04     -0.44288699E-03
     184     -0.14430718E-03     -0.15931804E-03     -0.54705222E-04     -0.44288699E-03
     185     -0.14430798E-03     -0.15931804E-03     -0.54732835E-04     -0.44288699E-03
     186     -0.14431155E-03     -0.15931804E-03     -0.54874079E-04     -0.44288699E-03
     187     -0.14431293E-03     -0.15931804E-03     -0.54905209E-04     -0.44288699E-03
     188     -0.14431787E-03     -0.15931804E-03     -0.55017978E-04     -0.44288699E-03
     189     -0.14432114E-03     -0.15931804E-03     -0.55087828E-04     -0.44288699E-03
     190     -0.14432236E-03     -0.15931804E-03     -0.55112152E-04     -0.44288699E-03
     191     -0.14432621E-03     -0.15931804E-03     -0.55185618E-04     -0.44288699E-03
     192     -0.14432814E-03     -0.15931804E-03     -0.55229125E-04     -0.44288699E-03
     193     -0.14433432E-03     -0.15931804E-03     -0.55440360E-04     -0.44288699E-03
     194     -0.14433770E-03     -0.15931804E-03     -0.55641613E-04     -0.44288699E-03
     195     -0.14433885E-03     -0.15931804E-03     -0.55685620E-04     -0.44288699E-03
     196     -0.14434052E-03     -0.15931804E-03     -0.55774284E-04     -0.44288699E-03
     197     -0.14434204E-03     -0.15931804E-03     -0.55818053E-04     -0.44288699E-03
     198     -0.14434943E-03     -0.15931804E-03     -0.56104970E-04     -0.44288699E-03
     199     -0.14434992E-03     -0.15931804E-03     -0.56116644E-04     -0.44288699E-03
     200     -0.14435906E-03     -0.15931804E-03     -0.56417291E-04     -0.44288699E-03
     201     -0.14436346E-03     -0.15931804E-03     -0.56611420E-04     -0.44288699E-03
     202     -0.14436533E-03     -0.15931804E-03     -0.56700490E-04     -0.44288699E-03
     203     -0.14436773E-03     -0.15931804E-03     -0.56822227E-04     -0.44288699E-03
     204     -0.14437074E-03     -0.15931804E-03     -0.57083747E-04     -0.44288699E-03
     205     -0.14437259E-03     -0.15931804E-03     -0.57271843E-04     -0.44288699E-03
     206     -0.14437316E-03     -0.15931804E-03     -0.57292889E-04     -0.44288699E-03
     207     -0.14437329E-03     -0.15931804E-03     -0.57297889E-04     -0.44288699E-03
     208     -0.14437474E-03     -0.15931804E-03     -0.57335575E-04     -0.44288699E-03
     209     -0.14437603E-03     -0.15931804E-03     -0.57364398E-04     -0.44288699E-03
     210     -0.14437633E-03     -0.15931804E-03     -0.57375956E-04     -0.44288699E-03
     211     -0.14437675E-03     -0.15931804E-03     -0.57391863E-04     -0.44288699E-03
     212     -0.14437784E-03     -0.15931804E-03     -0.57416472E-04     -0.44288699E-03
     213     -0.14438100E-03     -0.15931804E-03     -0.57570739E-04     -0.44288699E-03
     214     -0.14438193E-03     -0.15931804E-03     -0.57594873E-04     -0.44288699E-03
     215     -0.14439282E-03     -0.15931804E-03     -0.57829175E-04     -0.44288699E-03
     216     -0.14440421E-03     -0.15931804E-03     -0.58043584E-04     -0.44288699E-03
     217     -0.14440546E-03     -0.15931804E-03     -0.58081242E-04     -0.44288699E-03
     218     -0.14440894E-03     -0.15931804E-03     -0.58185475E-04     -0.44288699E-03
     219     -0.14440989E-03     -0.15931804E-03     -0.58211456E-04     -0.44288699E-03
     220     -0.14441443E-03     -0.15931804E-03     -0.58311177E-04     -0.44288699E-03
     221     -0.14442666E-03     -0.15931804E-03     -0.58524836E-04     -0.44288699E-03
     222     -0.14442742E-03     -0.15931804E-03     -0.58544571E-04     -0.44288699E-03
     223     -0.14442870E-03     -0.15931804E-03     -0.58583007E-04     -0.44288699E-03
     224     -0.14442987E-03     -0.15931804E-03     -0.58614702E-04     -0.44288699E-03
     225     -0.14443012E-03     -0.15931804E-03     -0.58624208E-04     -0.44288699E-03
     226     -0.14443258E-03     -0.15931804E-03     -0.58714778E-04     -0.44288699E-03
     227     -0.14443474E-03     -0.15931804E-03     -0.58848080E-04     -0.44288699E-03
     228     -0.14443998E-03     -0.15931804E-03     -0.59067735E-04     -0.44288699E-03
     229     -0.14444161E-03     -0.15931804E-03     -0.59168455E-04     -0.44288699E-03
     230     -0.14444619E-03     -0.15931804E-03     -0.59330024E-04     -0.44288699E-03
     231     -0.14444683E-03     -0.15931804E-03     -0.59350093E-04     -0.44288699E-03
     232     -0.14444945E-03     -0.15931804E-03     -0.59457533E-04     -0.44288699E-03
     233     -0.14445134E-03     -0.15931804E-03     -0.59546389E-04     -0.44288699E-03
     234     -0.14445276E-03     -0.15931804E-03     -0.59595022E-04     -0.44288699E-03
     235     -0.14445376E-03     -0.15931804E-03     -0.59610382E-04     -0.44288699E-03
     236     -0.14445450E-03     -0.15931804E-03     -0.59620992E-04     -0.44288699E-03
     237     -0.14445610E-03     -0.15931804E-03     -0.59669387E-04     -0.44288699E-03
     238     -0.14445692E-03     -0.15931804E-03     -0.59694379E-04     -0.44288699E-03
     239     -0.14446061E-03     -0.15931804E-03     -0.59798982E-04     -0.44288699E-03
     240     -0.14446252E-03     -0.15931804E-03     -0.59846197E-04     -0.44288699E-03
     241     -0.14446990E-03     -0.15931804E-03     -0.60084444E-04     -0.44288699E-03
     242     -0.14447434E-03     -0.15931804E-03     -0.60222848E-04     -0.44288699E-03
     243     -0.14447849E-03     -0.15931804E-03     -0.60362820E-04     -0.44288699E-03
     244     -0.14448574E-03     -0.15931804E-03     -0.60638505E-04     -0.44288699E-03
     245     -0.14449087E-03     -0.15931804E-03     -0.60878069E-04     -0.44288699E-03
     246     -0.14449513E-03     -0.15931804E-03     -0.61062736E-04     -0.44288699E-03
     247     -0.14449932E-03     -0.15931804E-03     -0.61217207E-04     -0.44288699E-03
     248     -0.14450094E-03     -0.15931804E-03     -0.61257960E-04     -0.44288699E-03
     249     -0.14450189E-03     -0.15931804E-03     -0.61281860E-04     -0.44288699E-03
     250     -0.14450298E-03     -0.15931804E-03     -0.61309104E-04     -0.44288699E-03
     251     -0.14450443E-03     -0.15931804E-03     -0.61367874E-04     -0.44288699E-03
     252     -0.14450912E-03     -0.15931804E-03     -0.61537032E-04     -0.44288699E-03
     253     -0.14451167E-03     -0.15931804E-03     -0.61678805E-04     -0.44288699E-03
     254     -0.14451365E-03     -0.15931804E-03     -0.61748424E-04     -0.44288699E-03
     255     -0.14451449E-03     -0.15931804E-03     -0.61777354E-04     -0.44288699E-03
     256     -0.14451655E-03     -0.15931804E-03     -0.61827307E-04     -0.44288699E-03
     257     -0.14452389E-03     -0.15931804E-03     -0.62012589E-04     -0.44288699E-03
     258     -0.14452623E-03     -0.15931804E-03     -0.62059471E-04     -0.44288699E-03
     259     -0.14453075E-03     -0.15931804E-03     -0.62158860E-04     -0.44288699E-03
     260     -0.14454457E-03     -0.15931804E-03     -0.62368144E-04     -0.44288699E-03
     261     -0.14454812E-03     -0.15931804E-03     -0.62444705E-04     -0.44288699E-03
     262     -0.14455350E-03     -0.15931804E-03     -0.62560877E-04     -0.44288699E-03
     263     -0.14456790E-03     -0.15931804E-03     -0.62804879E-04     -0.44288699E-03
     264     -0.14457144E-03     -0.15931804E-03     -0.62861691E-04     -0.44288699E-03
     265     -0.14457894E-03     -0.15931804E-03     -0.62996218E-04     -0.44288699E-03
     266     -0.14458722E-03     -0.15931804E-03     -0.63148128E-04     -0.44288699E-03
     267     -0.14459126E-03     -0.15931804E-03     -0.63228670E-04     -0.44288699E-03
     268     -0.14459564E-03     -0.15931804E-03     -0.63305807E-04     -0.44288699E-03
     269     -0.14459873E-03     -0.15931804E-03     -0.63404205E-04     -0.44288699E-03
     270     -0.14460351E-03     -0.15931804E-03     -0.63482728E-04     -0.44288699E-03
     271     -0.14460964E-03     -0.15931804E-03     -0.63628208E-04     -0.44288699E-03
     272     -0.14461412E-03     -0.15931804E-03     -0.63711592E-04     -0.44288699E-03
     273     -0.14462312E-03     -0.15931804E-03     -0.63915918E-04     -0.44288699E-03
     274     -0.14463693E-03     -0.15931804E-03     -0.64176052E-04     -0.44288699E-03
     275     -0.14464672E-03     -0.15931804E-03     -0.64335638E-04     -0.44288699E-03
     276     -0.14465395E-03     -0.15931804E-03     -0.64443111E-04     -0.44288699E-03
     277     -0.14466614E-03     -0.15931804E-03     -0.64687887E-04     -0.44288699E-03
     278     -0.14467913E-03     -0.15931804E-03     -0.64928194E-04     -0.44288699E-03
     279     -0.14468280E-03     -0.15931804E-03     -0.64988207E-04     -0.44288699E-03
     280     -0.14468473E-03     -0.15931804E-03     -0.65018105E-04     -0.44288699E-03
     281     -0.14468807E-03     -0.15931804E-03     -0.65077150E-04     -0.44288699E-03
     282     -0.14469019E-03     -0.15931804E-03     -0.65110977E-04     -0.44288699E-03
     283     -0.14469421E-03     -0.15931804E-03     -0.65175636E-04     -0.44288699E-03
     284     -0.14469563E-03     -0.15931804E-03     -0.65199781E-04     -0.44288699E-03
     285     -0.14469744E-03     -0.15931804E-03     -0.65249469E-04     -0.44288699E-03
     286     -0.14469889E-03     -0.15931804E-03     -0.65278144E-04     -0.44288699E-03
     287     -0.14469938E-03     -0.15931804E-03     -0.65290720E-04     -0.44288699E-03
     288     -0.14470121E-03     -0.15931804E-03     -0.65331740E-04     -0.44288699E-03
     289     -0.14470236E-03     -0.15931804E-03     -0.65356818E-04     -0.44288699E-03
     290     -0.14471244E-03     -0.15931804E-03     -0.65558060E-04     -0.44288699E-03
     291     -0.14472230E-03     -0.15931804E-03     -0.65748997E-04     -0.44288699E-03
     292     -0.14473651E-03     -0.15931804E-03     -0.66019533E-04     -0.44288699E-03
     293     -0.14473962E-03     -0.15931804E-03     -0.66075514E-04     -0.44288699E-03
     294     -0.14475521E-03     -0.15931804E-03     -0.66380915E-04     -0.44288699E-03
     295     -0.14475969E-03     -0.15931804E-03     -0.66457753E-04     -0.44288699E-03
     296     -0.14476050E-03     -0.15931804E-03     -0.66476478E-04     -0.44288699E-03
     297     -0.14476212E-03     -0.15931804E-03     -0.66490040E-04     -0.44288699E-03
     298     -0.14476245E-03     -0.15931804E-03     -0.66497814E-04     -0.44288699E-03
     299     -0.14476308E-03     -0.15931804E-03     -0.66510686E-04     -0.44288699E-03
     300     -0.14476602E-03     -0.15931804E-03     -0.66699666E-04     -0.44288699E-03
     301     -0.14476819E-03     -0.15931804E-03     -0.66856570E-04     -0.44288699E-03
     302     -0.14476941E-03     -0.15931804E-03     -0.66903026E-04     -0.44288699E-03
     303     -0.14477020E-03     -0.15931804E-03     -0.66930070E-04     -0.44288699E-03
     304     -0.14477063E-03     -0.15931804E-03     -0.66939204E-04     -0.44288699E-03
     305     -0.14477140E-03     -0.15931804E-03     -0.66955698E-04     -0.44288699E-03
     306     -0.14477223E-03     -0.15931804E-03     -0.66968888E-04     -0.44288699E-03
     307     -0.14477353E-03     -0.15931804E-03     -0.67035933E-04     -0.44288699E-03
     308     -0.14477371E-03     -0.15931804E-03     -0.67038857E-04     -0.44288699E-03
     309     -0.14477416E-03     -0.15931804E-03     -0.67045385E-04     -0.44288699E-03
     310     -0.14477826E-03     -0.15931804E-03     -0.67144291E-04     -0.44288699E-03
     311     -0.14478025E-03     -0.15931804E-03     -0.67194320E-04     -0.44288699E-03
     312     -0.14478738E-03     -0.15931804E-03     -0.67358307E-04     -0.44288699E-03
     313     -0.14478840E-03     -0.15931804E-03     -0.67377830E-04     -0.44288699E-03
     314     -0.14479142E-03     -0.15931804E-03     -0.67443892E-04     -0.44288699E-03
     315     -0.14479408E-03     -0.15931804E-03     -0.67503467E-04     -0.44288699E-03
     316     -0.14479616E-03     -0.15931804E-03     -0.67540442E-04     -0.44288699E-03
     317     -0.14479655E-03     -0.15931804E-03     -0.67548120E-04     -0.44288699E-03
     318     -0.14479751E-03     -0.15931804E-03     -0.67565814E-04     -0.44288699E-03
     319     -0.14479830E-03     -0.15931804E-03     -0.67577597E-04     -0.44288699E-03
     320     -0.14480930E-03     -0.15931804E-03     -0.67732528E-04     -0.44288699E-03
     321     -0.14482143E-03     -0.15931804E-03     -0.67912626E-04     -0.44288699E-03
     322     -0.14482802E-03     -0.15931804E-03     -0.68003799E-04     -0.44288699E-03
     323     -0.14483414E-03     -0.15931804E-03     -0.68094817E-04     -0.44288699E-03
     324     -0.14483906E-03     -0.15931804E-03     -0.68165575E-04     -0.44288699E-03
     325     -0.14484155E-03     -0.15931804E-03     -0.68200792E-04     -0.44288699E-03
     326     -0.14484956E-03     -0.15931804E-03     -0.68310552E-04     -0.44288699E-03
     327     -0.14485247E-03     -0.15931804E-03     -0.68353349E-04     -0.44288699E-03
     328     -0.14485339E-03     -0.15931804E-03     -0.68370458E-04     -0.44288699E-03
     329     -0.14485398E-03     -0.15931804E-03     -0.68385518E-04     -0.44288699E-03
     330     -0.14485697E-03     -0.15931804E-03     -0.68439174E-04     -0.44288699E-03
     331     -0.14485808E-03     -0.15931804E-03     -0.68457042E-04     -0.44288699E-03
     332     -0.14485973E-03     -0.15931804E-03     -0.68490737E-04     -0.44288699E-03
     333     -0.14486041E-03     -0.15931804E-03     -0.68500051E-04     -0.44288699E-03
     334     -0.14486264E-03     -0.15931804E-03     -0.68554175E-04     -0.44288699E-03
     335     -0.14486363E-03     -0.15931804E-03     -0.68570070E-04     -0.44288699E-03
     336     -0.14486419E-03     -0.15931804E-03     -0.68580549E-04     -0.44288699E-03
     337     -0.14486549E-03     -0.15931804E-03     -0.68603550E-04     -0.44288699E-03
     338     -0.14486694E-03     -0.15931804E-03     -0.68632759E-04     -0.44288699E-03
     339     -0.14486827E-03     -0.15931804E-03     -0.68651838E-04     -0.44288699E-03
     340     -0.14487179E-03     -0.15931804E-03     -0.68718443E-04     -0.44288699E-03
     341     -0.14487921E-03     -0.15931804E-03     -0.68924134E-04     -0.44288699E-03
     342     -0.14488103E-03     -0.15931804E-03     -0.68945608E-04     -0.44288699E-03
     343     -0.14488540E-03     -0.15931804E-03     -0.69015761E-04     -0.44288699E-03
     344     -0.14488961E-03     -0.15931804E-03     -0.69066360E-04     -0.44288699E-03
     345     -0.14489341E-03     -0.15931804E-03     -0.69111342E-04     -0.44288699E-03
     346     -0.14490541E-03     -0.15931804E-03     -0.69266037E-04     -0.44288699E-03
     347     -0.14491616E-03     -0.15931804E-03     -0.69402185E-04     -0.44288699E-03
     348     -0.14491964E-03     -0.15931804E-03     -0.69567803E-04     -0.44288699E-03
     349     -0.14492270E-03     -0.15931804E-03     -0.69719403E-04     -0.44288699E-03
     350     -0.14492381E-03     -0.15931804E-03     -0.69738733E-04     -0.44288699E-03
     351     -0.14492733E-03     -0.15931804E-03     -0.69845559E-04     -0.44288699E-03
     352     -0.14493008E-03     -0.15931804E-03     -0.69934402E-04     -0.44288699E-03
     353     -0.14493442E-03     -0.15931804E-03     -0.70015454E-04     -0.44288699E-03
     354     -0.14493828E-03     -0.15931804E-03     -0.70067178E-04     -0.44288699E-03
     355     -0.14494137E-03     -0.15931804E-03     -0.70111303E-04     -0.44288699E-03
     356     -0.14494631E-03     -0.15931804E-03     -0.70251115E-04     -0.44288699E-03
     357     -0.14495442E-03     -0.15931804E-03     -0.70463365E-04     -0.44288699E-03
     358     -0.14495653E-03     -0.15931804E-03     -0.70487669E-04     -0.44288699E-03
     359     -0.14496012E-03     -0.15931804E-03     -0.70564087E-04     -0.44288699E-03
     360     -0.14496293E-03     -0.15931804E-03     -0.70591832E-04     -0.44288699E-03
     361     -0.14496521E-03     -0.15931804E-03     -0.70621094E-04     -0.44288699E-03
     362     -0.14497145E-03     -0.15931804E-03     -0.70699157E-04     -0.44288699E-03
     363     -0.14497391E-03     -0.15931804E-03     -0.70733609E-04     -0.44288699E-03
     364     -0.14497535E-03     -0.15931804E-03     -0.70761820E-04     -0.44288699E-03
     365     -0.14497578E-03     -0.15931804E-03     -0.70779211E-04     -0.44288699E-03
     366     -0.14497692E-03     -0.15931804E-03     -0.70798525E-04     -0.44288699E-03
     367     -0.14497809E-03     -0.15931804E-03     -0.70818584E-04     -0.44288699E-03
     368     -0.14498057E-03     -0.15931804E-03     -0.70857763E-04     -0.44288699E-03
     369     -0.14498228E-03     -0.15931804E-03     -0.70886864E-04     -0.44288699E-03
     370     -0.14498352E-03     -0.15931804E-03     -0.70906822E-04     -0.44288699E-03
     371     -0.14498551E-03     -0.15931804E-03     -0.70941520E-04     -0.44288699E-03
     372     -0.14498704E-03     -0.15931804E-03     -0.70962051E-04     -0.44288699E-03
     373     -0.14498817E-03     -0.15931804E-03     -0.70982986E-04     -0.44288699E-03
     374     -0.14498865E-03     -0.15931804E-03     -0.70991307E-04     -0.44288699E-03
     375     -0.14499303E-03     -0.15931804E-03     -0.71050763E-04     -0.44288699E-03
     376     -0.14500701E-03     -0.15931804E-03     -0.71217520E-04     -0.44288699E-03
     377     -0.14502266E-03     -0.15931804E-03     -0.71405843E-04     -0.44288699E-03
     378     -0.14503545E-03     -0.15931804E-03     -0.71537815E-04     -0.44288699E-03
     379     -0.14503811E-03     -0.15931804E-03     -0.71580573E-04     -0.44288699E-03
     380     -0.14504219E-03     -0.15931804E-03     -0.71625695E-04     -0.44288699E-03
     381     -0.14504973E-03     -0.15931804E-03     -0.71700207E-04     -0.44288699E-03
     382     -0.14508305E-03     -0.15931804E-03     -0.71996229E-04     -0.44288699E-03
     383     -0.14509275E-03     -0.15931804E-03     -0.72087905E-04     -0.44288699E-03
     384     -0.14510083E-03     -0.15931804E-03     -0.72271644E-04     -0.44288699E-03
     385     -0.14510439E-03     -0.15931804E-03     -0.72368489E-04     -0.44288699E-03
     386     -0.14510803E-03     -0.15931804E-03     -0.72439290E-04     -0.44288699E-03
     387     -0.14511011E-03     -0.15931804E-03     -0.72539083E-04     -0.44288699E-03
     388     -0.14511459E-03     -0.15931804E-03     -0.72605239E-04     -0.44288699E-03
     389     -0.14512318E-03     -0.15931804E-03     -0.72787651E-04     -0.44288699E-03
     390     -0.14512573E-03     -0.15931804E-03     -0.72833048E-04     -0.44288699E-03
     391     -0.14512897E-03     -0.15931804E-03     -0.72912404E-04     -0.44288699E-03
     392     -0.14513314E-03     -0.15931804E-03     -0.72980147E-04     -0.44288699E-03
     393     -0.14513578E-03     -0.15931804E-03     -0.73088922E-04     -0.44288699E-03
     394     -0.14513679E-03     -0.15931804E-03     -0.73109572E-04     -0.44288699E-03
     395     -0.14513804E-03     -0.15931804E-03     -0.73131594E-04     -0.44288699E-03
     396     -0.14513909E-03     -0.15931804E-03     -0.73179515E-04     -0.44288699E-03
     397     -0.14514986E-03     -0.15931804E-03     -0.73362623E-04     -0.44288699E-03
     398     -0.14516860E-03     -0.15931804E-03     -0.73598211E-04     -0.44288699E-03
     399     -0.14517970E-03     -0.15931804E-03     -0.73760841E-04     -0.44288699E-03
     400     -0.14518881E-03     -0.15931804E-03     -0.73895244E-04     -0.44288699E-03
     401     -0.14519362E-03     -0.15931804E-03     -0.74001776E-04     -0.44288699E-03
     402     -0.14519960E-03     -0.15931804E-03     -0.74144125E-04     -0.44288699E-03
     403     -0.14520240E-03     -0.15931804E-03     -0.74186391E-04     -0.44288699E-03
     404     -0.14520306E-03     -0.15931804E-03     -0.74199165E-04     -0.44288699E-03
     405     -0.14520605E-03     -0.15931804E-03     -0.74282240E-04     -0.44288699E-03
     406     -0.14521131E-03     -0.15931804E-03     -0.74410102E-04     -0.44288699E-03
     407     -0.14522039E-03     -0.15931804E-03     -0.74555890E-04     -0.44288699E-03
     408     -0.14522974E-03     -0.15931804E-03     -0.74715575E-04     -0.44288699E-03
     409     -0.14523232E-03     -0.15931804E-03     -0.74762026E-04     -0.44288699E-03
     410     -0.14523350E-03     -0.15931804E-03     -0.74786892E-04     -0.44288699E-03
     411     -0.14523487E-03     -0.15931804E-03     -0.74813562E-04     -0.44288699E-03
     412     -0.14523641E-03     -0.15931804E-03     -0.74848050E-04     -0.44288699E-03
     413     -0.14525502E-03     -0.15931804E-03     -0.75165479E-04     -0.44288699E-03
     414     -0.14526524E-03     -0.15931804E-03     -0.75349752E-04     -0.44288699E-03
     415     -0.14527783E-03     -0.15931804E-03     -0.75546133E-04     -0.44288699E-03
     416     -0.14528551E-03     -0.15931804E-03     -0.75783648E-04     -0.44288699E-03
     417     -0.14530105E-03     -0.15931804E-03     -0.76037597E-04     -0.44288699E-03
     418     -0.14530752E-03     -0.15931804E-03     -0.76283670E-04     -0.44288699E-03
     419     -0.14531708E-03     -0.15931804E-03     -0.76451040E-04     -0.44288699E-03
     420     -0.14532081E-03     -0.15931804E-03     -0.76544300E-04     -0.44288699E-03
     421     -0.14534068E-03     -0.15931804E-03     -0.76892881E-04     -0.44288699E-03
     422     -0.14535288E-03     -0.15931804E-03     -0.77085312E-04     -0.44288699E-03
     423     -0.14535719E-03     -0.15931804E-03     -0.77138903E-04     -0.44288699E-03
     424     -0.14538557E-03     -0.15931804E-03     -0.77466088E-04     -0.44288699E-03
     425     -0.14539374E-03     -0.15931804E-03     -0.77541841E-04     -0.44288699E-03
     426     -0.14539612E-03     -0.15931804E-03     -0.77598017E-04     -0.44288699E-03
     427     -0.14540412E-03     -0.15931804E-03     -0.77754285E-04     -0.44288699E-03
     428     -0.14542418E-03     -0.15931804E-03     -0.78087375E-04     -0.44288699E-03
     429     -0.14543225E-03     -0.15931804E-03     -0.78435773E-04     -0.44288699E-03
     430     -0.14545647E-03     -0.15931804E-03     -0.78688078E-04     -0.44288699E-03
     431     -0.14547625E-03     -0.15931804E-03     -0.78939147E-04     -0.44288699E-03
     432     -0.14548674E-03     -0.15931804E-03     -0.79140138E-04     -0.44288699E-03
     433     -0.14550159E-03     -0.15931804E-03     -0.79320463E-04     -0.44288699E-03
     434     -0.14551941E-03     -0.15931804E-03     -0.79555711E-04     -0.44288699E-03
     435     -0.14553197E-03     -0.15931804E-03     -0.79737213E-04     -0.44288699E-03
     436     -0.14554137E-03     -0.15931804E-03     -0.79864549E-04     -0.44288699E-03
     437     -0.14555622E-03     -0.15931804E-03     -0.80012266E-04     -0.44288699E-03
     438     -0.14558302E-03     -0.15931804E-03     -0.80253331E-04     -0.44288699E-03
     439     -0.14561116E-03     -0.15931804E-03     -0.80467081E-04     -0.44288699E-03
     440     -0.14563199E-03     -0.15931804E-03     -0.80628569E-04     -0.44288699E-03
     441     -0.14564852E-03     -0.15931804E-03     -0.80786243E-04     -0.44288699E-03
     442     -0.14566770E-03     -0.15931804E-03     -0.80959726E-04     -0.44288699E-03
     443     -0.14568111E-03     -0.15931804E-03     -0.81068787E-04     -0.44288699E-03
     444     -0.14568440E-03     -0.15931804E-03     -0.81100502E-04     -0.44288699E-03
     445     -0.14571063E-03     -0.15931804E-03     -0.81311962E-04     -0.44288699E-03
     446     -0.14572640E-03     -0.15931804E-03     -0.81431155E-04     -0.44288699E-03
     447     -0.14573307E-03     -0.15931804E-03     -0.81486717E-04     -0.44288699E-03
     448     -0.14574521E-03     -0.15931804E-03     -0.81585065E-04     -0.44288699E-03
     449     -0.14576108E-03     -0.15931804E-03     -0.81708156E-04     -0.44288699E-03
     450     -0.14576280E-03     -0.15931804E-03     -0.81725412E-04     -0.44288699E-03
     451     -0.14576498E-03     -0.15931804E-03     -0.81747044E-04     -0.44288699E-03
     452     -0.14578162E-03     -0.15931804E-03     -0.81889049E-04     -0.44288699E-03
     453     -0.14580357E-03     -0.15931804E-03     -0.82100308E-04     -0.44288699E-03
     454     -0.14580943E-03     -0.15931804E-03     -0.82169266E-04     -0.44288699E-03
     455     -0.14584165E-03     -0.15931804E-03     -0.82453840E-04     -0.44288699E-03
     456     -0.14586428E-03     -0.15931804E-03     -0.82632595E-04     -0.44288699E-03
     457     -0.14586923E-03     -0.15931804E-03     -0.82680814E-04     -0.44288699E-03
     458     -0.14587564E-03     -0.15931804E-03     -0.82738923E-04     -0.44288699E-03
     459     -0.14587850E-03     -0.15931804E-03     -0.82772599E-04     -0.44288699E-03
     460     -0.14588630E-03     -0.15931804E-03     -0.82841971E-04     -0.44288699E-03
     461     -0.14588803E-03     -0.15931804E-03     -0.82864614E-04     -0.44288699E-03
     462     -0.14589366E-03     -0.15931804E-03     -0.82915717E-04     -0.44288699E-03
     463     -0.14589644E-03     -0.15931804E-03     -0.82943745E-04     -0.44288699E-03
     464     -0.14590030E-03     -0.15931804E-03     -0.82985767E-04     -0.44288699E-03
     465     -0.14590086E-03     -0.15931804E-03     -0.82995541E-04     -0.44288699E-03
     466     -0.14590224E-03     -0.15931804E-03     -0.83010151E-04     -0.44288699E-03
     467     -0.14590361E-03     -0.15931804E-03     -0.83023575E-04     -0.44288699E-03
     468     -0.14590439E-03     -0.15931804E-03     -0.83037877E-04     -0.44288699E-03
     469     -0.14590506E-03     -0.15931804E-03     -0.83056332E-04     -0.44288699E-03
     470     -0.14590609E-03     -0.15931804E-03     -0.83073542E-04     -0.44288699E-03
     471     -0.14590674E-03     -0.15931804E-03     -0.83089133E-04     -0.44288699E-03
     472     -0.14590745E-03     -0.15931804E-03     -0.83101885E-04     -0.44288699E-03
     473     -0.14590868E-03     -0.15931804E-03     -0.83119457E-04     -0.44288699E-03
     474     -0.14590947E-03     -0.15931804E-03     -0.83131430E-04     -0.44288699E-03
     475     -0.14591068E-03     -0.15931804E-03     -0.83148199E-04     -0.44288699E-03
     476     -0.14591147E-03     -0.15931804E-03     -0.83158980E-04     -0.44288699E-03
     477     -0.14591216E-03     -0.15931804E-03     -0.83169260E-04     -0.44288699E-03
     478     -0.14591321E-03     -0.15931804E-03     -0.83183970E-04     -0.44288699E-03
     479     -0.14591489E-03     -0.15931804E-03     -0.83197863E-04     -0.44288699E-03
     480     -0.14591583E-03     -0.15931804E-03     -0.83208898E-04     -0.44288699E-03
     481     -0.14591642E-03     -0.15931804E-03     -0.83223558E-04     -0.44288699E-03
     482     -0.14591741E-03     -0.15931804E-03     -0.83238812E-04     -0.44288699E-03
     483     -0.14591832E-03     -0.15931804E-03     -0.83253743E-04     -0.44288699E-03
     484     -0.14591896E-03     -0.15931804E-03     -0.83264073E-04     -0.44288699E-03
     485     -0.14591996E-03     -0.15931804E-03     -0.83277550E-04     -0.44288699E-03
     486     -0.14592089E-03     -0.15931804E-03     -0.83289362E-04     -0.44288699E-03
     487     -0.14592144E-03     -0.15931804E-03     -0.83299347E-04     -0.44288699E-03
     488     -0.14592202E-03     -0.15931804E-03     -0.83309527E-04     -0.44288699E-03
     489     -0.14592317E-03     -0.15931804E-03     -0.83322407E-04     -0.44288699E-03
     490     -0.14592372E-03     -0.15931804E-03     -0.83337521E-04     -0.44288699E-03
     491     -0.14592425E-03     -0.15931804E-03     -0.83347548E-04     -0.44288699E-03
     492     -0.14592456E-03     -0.15931804E-03     -0.83353136E-04     -0.44288699E-03
     493     -0.14592494E-03     -0.15931804E-03     -0.83363165E-04     -0.44288699E-03
     494     -0.14592536E-03     -0.15931804E-03     -0.83370547E-04     -0.44288699E-03
     495     -0.14592566E-03     -0.15931804E-03     -0.83376224E-04     -0.44288699E-03
     496     -0.14592628E-03     -0.15931804E-03     -0.83380634E-04     -0.44288699E-03
     497     -0.14592650E-03     -0.15931804E-03     -0.83383218E-04     -0.44288699E-03
     498     -0.14592756E-03     -0.15931804E-03     -0.83395729E-04     -0.44288699E-03
     499     -0.14592824E-03     -0.15931804E-03     -0.83410641E-04     -0.44288699E-03
     500     -0.14592905E-03     -0.15931804E-03     -0.83421415E-04     -0.44288699E-03
     501     -0.14593034E-03     -0.15931804E-03     -0.83433223E-04     -0.44288699E-03
     502     -0.14593081E-03     -0.15931804E-03     -0.83439836E-04     -0.44288699E-03
     503     -0.14593225E-03     -0.15931804E-03     -0.83452710E-04     -0.44288699E-03
     504     -0.14593295E-03     -0.15931804E-03     -0.83461820E-04     -0.44288699E-03
     505     -0.14593329E-03     -0.15931804E-03     -0.83470420E-04     -0.44288699E-03
     506     -0.14593660E-03     -0.15931804E-03     -0.83491275E-04     -0.44288699E-03
     507     -0.14593847E-03     -0.15931804E-03     -0.83506153E-04     -0.44288699E-03
     508     -0.14594009E-03     -0.15931804E-03     -0.83521789E-04     -0.44288699E-03
     509     -0.14594069E-03     -0.15931804E-03     -0.83536290E-04     -0.44288699E-03
     510     -0.14594397E-03     -0.15931804E-03     -0.83553644E-04     -0.44288699E-03
     511     -0.14594472E-03     -0.15931804E-03     -0.83561259E-04     -0.44288699E-03
     512     -0.14594629E-03     -0.15931804E-03     -0.83572364E-04     -0.44288699E-03
     513     -0.14594826E-03     -0.15931804E-03     -0.83589851E-04     -0.44288699E-03
     514     -0.14594910E-03     -0.15931804E-03     -0.83604077E-04     -0.44288699E-03
     515     -0.14595207E-03     -0.15931804E-03     -0.83624738E-04     -0.44288699E-03
     516     -0.14595353E-03     -0.15931804E-03     -0.83640355E-04     -0.44288699E-03
     517     -0.14595938E-03     -0.15931804E-03     -0.83664955E-04     -0.44288699E-03
     518     -0.14596132E-03     -0.15931804E-03     -0.83679312E-04     -0.44288699E-03
     519     -0.14596435E-03     -0.15931804E-03     -0.83699392E-04     -0.44288699E-03
     520     -0.14596749E-03     -0.15931804E-03     -0.83714905E-04     -0.44288699E-03
     521     -0.14596839E-03     -0.15931804E-03     -0.83722931E-04     -0.44288699E-03
     522     -0.14596932E-03     -0.15931804E-03     -0.83734373E-04     -0.44288699E-03
     523     -0.14597152E-03     -0.15931804E-03     -0.83749994E-04     -0.44288699E-03
     524     -0.14597317E-03     -0.15931804E-03     -0.83767816E-04     -0.44288699E-03
     525     -0.14597822E-03     -0.15931804E-03     -0.83801572E-04     -0.44288699E-03
     526     -0.14597968E-03     -0.15931804E-03     -0.83817598E-04     -0.44288699E-03
     527     -0.14598791E-03     -0.15931804E-03     -0.83849867E-04     -0.44288699E-03
     528     -0.14599706E-03     -0.15931804E-03     -0.83890921E-04     -0.44288699E-03
     529     -0.14601023E-03     -0.15931804E-03     -0.83932657E-04     -0.44288699E-03
     530     -0.14601329E-03     -0.15931804E-03     -0.83947503E-04     -0.44288699E-03
     531     -0.14601949E-03     -0.15931804E-03     -0.83969095E-04     -0.44288699E-03
     532     -0.14603318E-03     -0.15931804E-03     -0.84012661E-04     -0.44288699E-03
     533     -0.14603981E-03     -0.15931804E-03     -0.84040595E-04     -0.44288699E-03
     534     -0.14604565E-03     -0.15931804E-03     -0.84063437E-04     -0.44288699E-03
     535     -0.14605114E-03     -0.15931804E-03     -0.84089995E-04     -0.44288699E-03
     536     -0.14605638E-03     -0.15931804E-03     -0.84115694E-04     -0.44288699E-03
     537     -0.14606277E-03     -0.15931804E-03     -0.84144023E-04     -0.44288699E-03
     538     -0.14606654E-03     -0.15931804E-03     -0.84160833E-04     -0.44288699E-03
     539     -0.14607090E-03     -0.15931804E-03     -0.84176530E-04     -0.44288699E-03
     540     -0.14609187E-03     -0.15931804E-03     -0.84236554E-04     -0.44288699E-03
     541     -0.14611314E-03     -0.15931804E-03     -0.84295496E-04     -0.44288699E-03
     542     -0.14611853E-03     -0.15931804E-03     -0.84322677E-04     -0.44288699E-03
     543     -0.14617104E-03     -0.15931804E-03     -0.84491113E-04     -0.44288699E-03
     544     -0.14617852E-03     -0.15931804E-03     -0.84519474E-04     -0.44288699E-03
     545     -0.14618504E-03     -0.15931804E-03     -0.84545757E-04     -0.44288699E-03
     546     -0.14621173E-03     -0.15931804E-03     -0.84629227E-04     -0.44288699E-03
     547     -0.14622325E-03     -0.15931804E-03     -0.84666466E-04     -0.44288699E-03
     548     -0.14624022E-03     -0.15931804E-03     -0.84723904E-04     -0.44288699E-03
     549     -0.14627379E-03     -0.15931804E-03     -0.84827094E-04     -0.44288699E-03
     550     -0.14627754E-03     -0.15931804E-03     -0.84849552E-04     -0.44288699E-03
     551     -0.14627855E-03     -0.15931804E-03     -0.84864555E-04     -0.44288699E-03
     552     -0.14628374E-03     -0.15931804E-03     -0.84890147E-04     -0.44288699E-03
     553     -0.14628900E-03     -0.15931804E-03     -0.84915663E-04     -0.44288699E-03
     554     -0.14629907E-03     -0.15931804E-03     -0.84954835E-04     -0.44288699E-03
     555     -0.14631619E-03     -0.15931804E-03     -0.85020849E-04     -0.44288699E-03
     556     -0.14633152E-03     -0.15931804E-03     -0.85076202E-04     -0.44288699E-03
     557     -0.14633373E-03     -0.15931804E-03     -0.85097674E-04     -0.44288699E-03
     558     -0.14636329E-03     -0.15931804E-03     -0.85184435E-04     -0.44288699E-03
     559     -0.14636970E-03     -0.15931804E-03     -0.85212383E-04     -0.44288699E-03
     560     -0.14637235E-03     -0.15931804E-03     -0.85229516E-04     -0.44288699E-03
     561     -0.14637538E-03     -0.15931804E-03     -0.85249502E-04     -0.44288699E-03
     562     -0.14638968E-03     -0.15931804E-03     -0.85301055E-04     -0.44288699E-03
     563     -0.14639901E-03     -0.15931804E-03     -0.85337093E-04     -0.44288699E-03
     564     -0.14640704E-03     -0.15931804E-03     -0.85368912E-04     -0.44288699E-03
     565     -0.14642087E-03     -0.15931804E-03     -0.85427983E-04     -0.44288699E-03
     566     -0.14643359E-03     -0.15931804E-03     -0.85483962E-04     -0.44288699E-03
     567     -0.14644305E-03     -0.15931804E-03     -0.85518002E-04     -0.44288699E-03
     568     -0.14644660E-03     -0.15931804E-03     -0.85538432E-04     -0.44288699E-03
     569     -0.14645403E-03     -0.15931804E-03     -0.85570214E-04     -0.44288699E-03
     570     -0.14648446E-03     -0.15931804E-03     -0.85672207E-04     -0.44288699E-03
     571     -0.14649478E-03     -0.15931804E-03     -0.85714347E-04     -0.44288699E-03
     572     -0.14650756E-03     -0.15931804E-03     -0.85772957E-04     -0.44288699E-03
     573     -0.14654287E-03     -0.15931804E-03     -0.85880919E-04     -0.44288699E-03
     574     -0.14654695E-03     -0.15931804E-03     -0.85899593E-04     -0.44288699E-03
     575     -0.14655474E-03     -0.15931804E-03     -0.85934695E-04     -0.44288699E-03
     576     -0.14656572E-03     -0.15931804E-03     -0.85984488E-04     -0.44288699E-03
     577     -0.14657331E-03     -0.15931804E-03     -0.86021367E-04     -0.44288699E-03
     578     -0.14658270E-03     -0.15931804E-03     -0.86060198E-04     -0.44288699E-03
     579     -0.14658846E-03     -0.15931804E-03     -0.86092897E-04     -0.44288699E-03
     580     -0.14659432E-03     -0.15931804E-03     -0.86122678E-04     -0.44288699E-03
     581     -0.14660228E-03     -0.15931804E-03     -0.86160822E-04     -0.44288699E-03
     582     -0.14660861E-03     -0.15931804E-03     -0.86191146E-04     -0.44288699E-03
     583     -0.14662915E-03     -0.15931804E-03     -0.86261030E-04     -0.44288699E-03
     584     -0.14664094E-03     -0.15931804E-03     -0.86306510E-04     -0.44288699E-03
     585     -0.14664860E-03     -0.15931804E-03     -0.86339364E-04     -0.44288699E-03
     586     -0.14665177E-03     -0.15931804E-03     -0.86357802E-04     -0.44288699E-03
     587     -0.14665812E-03     -0.15931804E-03     -0.86388454E-04     -0.44288699E-03
     588     -0.14668069E-03     -0.15931804E-03     -0.86479098E-04     -0.44288699E-03
     589     -0.14669184E-03     -0.15931804E-03     -0.86534005E-04     -0.44288699E-03
     590     -0.14670389E-03     -0.15931804E-03     -0.86581856E-04     -0.44288699E-03
     591     -0.14671017E-03     -0.15931804E-03     -0.86614868E-04     -0.44288699E-03
     592     -0.14672005E-03     -0.15931804E-03     -0.86654172E-04     -0.44288699E-03
     593     -0.14673830E-03     -0.15931804E-03     -0.86726512E-04     -0.44288699E-03
     594     -0.14675053E-03     -0.15931804E-03     -0.86775151E-04     -0.44288699E-03
     595     -0.14676788E-03     -0.15931804E-03     -0.86843635E-04     -0.44288699E-03
     596     -0.14678244E-03     -0.15931804E-03     -0.86899105E-04     -0.44288699E-03
     597     -0.14680004E-03     -0.15931804E-03     -0.86970829E-04     -0.44288699E-03
     598     -0.14680860E-03     -0.15931804E-03     -0.87010121E-04     -0.44288699E-03
     599     -0.14681448E-03     -0.15931804E-03     -0.87038645E-04     -0.44288699E-03
     600     -0.14683380E-03     -0.15931804E-03     -0.87108338E-04     -0.44288699E-03
     601     -0.14685024E-03     -0.15931804E-03     -0.87174801E-04     -0.44288699E-03
     602     -0.14687765E-03     -0.15931804E-03     -0.87270364E-04     -0.44288699E-03
     603     -0.14689026E-03     -0.15931804E-03     -0.87311506E-04     -0.44288699E-03
     604     -0.14690581E-03     -0.15931804E-03     -0.87363104E-04     -0.44288699E-03
     605     -0.14691205E-03     -0.15931804E-03     -0.87386696E-04     -0.44288699E-03
     606     -0.14691614E-03     -0.15931804E-03     -0.87403964E-04     -0.44288699E-03
     607     -0.14694513E-03     -0.15931804E-03     -0.87488013E-04     -0.44288699E-03
     608     -0.14695165E-03     -0.15931804E-03     -0.87520037E-04     -0.44288699E-03
     609     -0.14695521E-03     -0.15931804E-03     -0.87543042E-04     -0.44288699E-03
     610     -0.14696797E-03     -0.15931804E-03     -0.87590211E-04     -0.44288699E-03
     611     -0.14697453E-03     -0.15931804E-03     -0.87622405E-04     -0.44288699E-03
     612     -0.14699116E-03     -0.15931804E-03     -0.87680447E-04     -0.44288699E-03
     613     -0.14699856E-03     -0.15931804E-03     -0.87710210E-04     -0.44288699E-03
     614     -0.14700561E-03     -0.15931804E-03     -0.87745323E-04     -0.44288699E-03
     615     -0.14701538E-03     -0.15931804E-03     -0.87781176E-04     -0.44288699E-03
     616     -0.14701911E-03     -0.15931804E-03     -0.87799441E-04     -0.44288699E-03
     617     -0.14702281E-03     -0.15931804E-03     -0.87815886E-04     -0.44288699E-03
     618     -0.14703090E-03     -0.15931804E-03     -0.87847861E-04     -0.44288699E-03
     619     -0.14706447E-03     -0.15931804E-03     -0.87952695E-04     -0.44288699E-03
     620     -0.14707467E-03     -0.15931804E-03     -0.87997468E-04     -0.44288699E-03
     621     -0.14708681E-03     -0.15931804E-03     -0.88046119E-04     -0.44288699E-03
     622     -0.14710524E-03     -0.15931804E-03     -0.88106755E-04     -0.44288699E-03
     623     -0.14712142E-03     -0.15931804E-03     -0.88159741E-04     -0.44288699E-03
     624     -0.14716388E-03     -0.15931804E-03     -0.88306566E-04     -0.44288699E-03
     625     -0.14718419E-03     -0.15931804E-03     -0.88371216E-04     -0.44288699E-03
     626     -0.14721143E-03     -0.15931804E-03     -0.88449567E-04     -0.44288699E-03
     627     -0.14722084E-03     -0.15931804E-03     -0.88486639E-04     -0.44288699E-03
     628     -0.14722290E-03     -0.15931804E-03     -0.88501741E-04     -0.44288699E-03
     629     -0.14723150E-03     -0.15931804E-03     -0.88540145E-04     -0.44288699E-03
     630     -0.14724087E-03     -0.15931804E-03     -0.88583439E-04     -0.44288699E-03
     631     -0.14724997E-03     -0.15931804E-03     -0.88623666E-04     -0.44288699E-03
     632     -0.14726970E-03     -0.15931804E-03     -0.88685210E-04     -0.44288699E-03
     633     -0.14728640E-03     -0.15931804E-03     -0.88746291E-04     -0.44288699E-03
     634     -0.14731363E-03     -0.15931804E-03     -0.88843599E-04     -0.44288699E-03
     635     -0.14732685E-03     -0.15931804E-03     -0.88894692E-04     -0.44288699E-03
     636     -0.14733237E-03     -0.15931804E-03     -0.88923387E-04     -0.44288699E-03
     637     -0.14734319E-03     -0.15931804E-03     -0.88964733E-04     -0.44288699E-03
     638     -0.14735469E-03     -0.15931804E-03     -0.89010007E-04     -0.44288699E-03
     639     -0.14736538E-03     -0.15931804E-03     -0.89057839E-04     -0.44288699E-03
     640     -0.14737724E-03     -0.15931804E-03     -0.89114610E-04     -0.44288699E-03
     641     -0.14738660E-03     -0.15931804E-03     -0.89157611E-04     -0.44288699E-03
     642     -0.14739907E-03     -0.15931804E-03     -0.89213870E-04     -0.44288699E-03
     643     -0.14741012E-03     -0.15931804E-03     -0.89266879E-04     -0.44288699E-03
     644     -0.14742177E-03     -0.15931804E-03     -0.89313182E-04     -0.44288699E-03
     645     -0.14743621E-03     -0.15931804E-03     -0.89367943E-04     -0.44288699E-03
     646     -0.14745110E-03     -0.15931804E-03     -0.89424425E-04     -0.44288699E-03
     647     -0.14746358E-03     -0.15931804E-03     -0.89478912E-04     -0.44288699E-03
     648     -0.14747215E-03     -0.15931804E-03     -0.89519373E-04     -0.44288699E-03
     649     -0.14748479E-03     -0.15931804E-03     -0.89571034E-04     -0.44288699E-03
     650     -0.14749468E-03     -0.15931804E-03     -0.89614247E-04     -0.44288699E-03
     651     -0.14750721E-03     -0.15931804E-03     -0.89671718E-04     -0.44288699E-03
     652     -0.14751890E-03     -0.15931804E-03     -0.89728596E-04     -0.44288699E-03
     653     -0.14752607E-03     -0.15931804E-03     -0.89772217E-04     -0.44288699E-03
     654     -0.14754476E-03     -0.15931804E-03     -0.89849787E-04     -0.44288699E-03
     655     -0.14756019E-03     -0.15931804E-03     -0.89926100E-04     -0.44288699E-03
     656     -0.14757007E-03     -0.15931804E-03     -0.89971136E-04     -0.44288699E-03
     657     -0.14758598E-03     -0.15931804E-03     -0.90043360E-04     -0.44288699E-03
     658     -0.14759987E-03     -0.15931804E-03     -0.90101965E-04     -0.44288699E-03
     659     -0.14761235E-03     -0.15931804E-03     -0.90164133E-04     -0.44288699E-03
     660     -0.14762141E-03     -0.15931804E-03     -0.90199984E-04     -0.44288699E-03
     661     -0.14763216E-03     -0.15931804E-03     -0.90240668E-04     -0.44288699E-03
     662     -0.14764225E-03     -0.15931804E-03     -0.90285177E-04     -0.44288699E-03
     663     -0.14765685E-03     -0.15931804E-03     -0.90367047E-04     -0.44288699E-03
     664     -0.14766937E-03     -0.15931804E-03     -0.90431286E-04     -0.44288699E-03
     665     -0.14768993E-03     -0.15931804E-03     -0.90503042E-04     -0.44288699E-03
     666     -0.14770580E-03     -0.15931804E-03     -0.90572416E-04     -0.44288699E-03
     667     -0.14772823E-03     -0.15931804E-03     -0.90647753E-04     -0.44288699E-03
     668     -0.14775482E-03     -0.15931804E-03     -0.90748326E-04     -0.44288699E-03
     669     -0.14777928E-03     -0.15931804E-03     -0.90832695E-04     -0.44288699E-03
     670     -0.14778526E-03     -0.15931804E-03     -0.90875282E-04     -0.44288699E-03
     671     -0.14779592E-03     -0.15931804E-03     -0.90937803E-04     -0.44288699E-03
     672     -0.14782050E-03     -0.15931804E-03     -0.91024971E-04     -0.44288699E-03
     673     -0.14782665E-03     -0.15931804E-03     -0.91059282E-04     -0.44288699E-03
     674     -0.14783432E-03     -0.15931804E-03     -0.91103810E-04     -0.44288699E-03
     675     -0.14784182E-03     -0.15931804E-03     -0.91144654E-04     -0.44288699E-03
     676     -0.14785303E-03     -0.15931804E-03     -0.91192226E-04     -0.44288699E-03
     677     -0.14785895E-03     -0.15931804E-03     -0.91225669E-04     -0.44288699E-03
     678     -0.14786458E-03     -0.15931804E-03     -0.91256965E-04     -0.44288699E-03
     679     -0.14787579E-03     -0.15931804E-03     -0.91301898E-04     -0.44288699E-03
     680     -0.14789322E-03     -0.15931804E-03     -0.91371317E-04     -0.44288699E-03
     681     -0.14790473E-03     -0.15931804E-03     -0.91423420E-04     -0.44288699E-03
     682     -0.14791083E-03     -0.15931804E-03     -0.91456139E-04     -0.44288699E-03
     683     -0.14792924E-03     -0.15931804E-03     -0.91529654E-04     -0.44288699E-03
     684     -0.14794224E-03     -0.15931804E-03     -0.91585706E-04     -0.44288699E-03
     685     -0.14794827E-03     -0.15931804E-03     -0.91617330E-04     -0.44288699E-03
     686     -0.14796646E-03     -0.15931804E-03     -0.91682414E-04     -0.44288699E-03
     687     -0.14798648E-03     -0.15931804E-03     -0.91747699E-04     -0.44288699E-03
     688     -0.14799419E-03     -0.15931804E-03     -0.91782827E-04     -0.44288699E-03
     689     -0.14800731E-03     -0.15931804E-03     -0.91847213E-04     -0.44288699E-03
     690     -0.14801222E-03     -0.15931804E-03     -0.91874886E-04     -0.44288699E-03
     691     -0.14801914E-03     -0.15931804E-03     -0.91914839E-04     -0.44288699E-03
     692     -0.14802718E-03     -0.15931804E-03     -0.91955531E-04     -0.44288699E-03
     693     -0.14803176E-03     -0.15931804E-03     -0.91987221E-04     -0.44288699E-03
     694     -0.14803633E-03     -0.15931804E-03     -0.92021887E-04     -0.44288699E-03
     695     -0.14804642E-03     -0.15931804E-03     -0.92070487E-04     -0.44288699E-03
     696     -0.14805473E-03     -0.15931804E-03     -0.92106278E-04     -0.44288699E-03
     697     -0.14806023E-03     -0.15931804E-03     -0.92136151E-04     -0.44288699E-03
     698     -0.14806549E-03     -0.15931804E-03     -0.92161048E-04     -0.44288699E-03
     699     -0.14807076E-03     -0.15931804E-03     -0.92190910E-04     -0.44288699E-03
     700     -0.14808229E-03     -0.15931804E-03     -0.92238917E-04     -0.44288699E-03
     701     -0.14808816E-03     -0.15931804E-03     -0.92278510E-04     -0.44288699E-03
     702     -0.14809558E-03     -0.15931804E-03     -0.92315644E-04     -0.44288699E-03
     703     -0.14810509E-03     -0.15931804E-03     -0.92369646E-04     -0.44288699E-03
     704     -0.14811385E-03     -0.15931804E-03     -0.92426217E-04     -0.44288699E-03
     705     -0.14812657E-03     -0.15931804E-03     -0.92475759E-04     -0.44288699E-03
     706     -0.14813583E-03     -0.15931804E-03     -0.92520412E-04     -0.44288699E-03
     707     -0.14815457E-03     -0.15931804E-03     -0.92599590E-04     -0.44288699E-03
     708     -0.14816487E-03     -0.15931804E-03     -0.92659182E-04     -0.44288699E-03
     709     -0.14817250E-03     -0.15931804E-03     -0.92695049E-04     -0.44288699E-03
     710     -0.14818310E-03     -0.15931804E-03     -0.92741089E-04     -0.44288699E-03
     711     -0.14818847E-03     -0.15931804E-03     -0.92773346E-04     -0.44288699E-03
     712     -0.14819694E-03     -0.15931804E-03     -0.92809035E-04     -0.44288699E-03
     713     -0.14820486E-03     -0.15931804E-03     -0.92846406E-04     -0.44288699E-03
     714     -0.14821070E-03     -0.15931804E-03     -0.92881319E-04     -0.44288699E-03
     715     -0.14822671E-03     -0.15931804E-03     -0.92951344E-04     -0.44288699E-03
     716     -0.14825045E-03     -0.15931804E-03     -0.93058977E-04     -0.44288699E-03
     717     -0.14826398E-03     -0.15931804E-03     -0.93129551E-04     -0.44288699E-03
     718     -0.14828033E-03     -0.15931804E-03     -0.93227866E-04     -0.44288699E-03
     719     -0.14829236E-03     -0.15931804E-03     -0.93292805E-04     -0.44288699E-03
     720     -0.14830544E-03     -0.15931804E-03     -0.93360850E-04     -0.44288699E-03
     721     -0.14832257E-03     -0.15931804E-03     -0.93443826E-04     -0.44288699E-03
     722     -0.14833687E-03     -0.15931804E-03     -0.93535193E-04     -0.44288699E-03
     723     -0.14834594E-03     -0.15931804E-03     -0.93588713E-04     -0.44288699E-03
     724     -0.14836273E-03     -0.15931804E-03     -0.93655896E-04     -0.44288699E-03
     725     -0.14836539E-03     -0.15931804E-03     -0.93675392E-04     -0.44288699E-03
     726     -0.14837367E-03     -0.15931804E-03     -0.93725614E-04     -0.44288699E-03
     727     -0.14839187E-03     -0.15931804E-03     -0.93813597E-04     -0.44288699E-03
     728     -0.14840183E-03     -0.15931804E-03     -0.93878810E-04     -0.44288699E-03
     729     -0.14840673E-03     -0.15931804E-03     -0.93906820E-04     -0.44288699E-03
     730     -0.14841906E-03     -0.15931804E-03     -0.93986495E-04     -0.44288699E-03
     731     -0.14843460E-03     -0.15931804E-03     -0.94048825E-04     -0.44288699E-03
     732     -0.14844800E-03     -0.15931804E-03     -0.94111013E-04     -0.44288699E-03
     733     -0.14846916E-03     -0.15931804E-03     -0.94207172E-04     -0.44288699E-03
     734     -0.14848882E-03     -0.15931804E-03     -0.94287879E-04     -0.44288699E-03
     735     -0.14850778E-03     -0.15931804E-03     -0.94360847E-04     -0.44288699E-03
     736     -0.14851947E-03     -0.15931804E-03     -0.94414629E-04     -0.44288699E-03
     737     -0.14853401E-03     -0.15931804E-03     -0.94496646E-04     -0.44288699E-03
     738     -0.14854628E-03     -0.15931804E-03     -0.94563836E-04     -0.44288699E-03
     739     -0.14855650E-03     -0.15931804E-03     -0.94644952E-04     -0.44288699E-03
     740     -0.14856445E-03     -0.15931804E-03     -0.94696333E-04     -0.44288699E-03
     741     -0.14857040E-03     -0.15931804E-03     -0.94731590E-04     -0.44288699E-03
     742     -0.14858410E-03     -0.15931804E-03     -0.94791259E-04     -0.44288699E-03
     743     -0.14859216E-03     -0.15931804E-03     -0.94832257E-04     -0.44288699E-03
     744     -0.14860034E-03     -0.15931804E-03     -0.94873428E-04     -0.44288699E-03
     745     -0.14861025E-03     -0.15931804E-03     -0.94923660E-04     -0.44288699E-03
     746     -0.14862104E-03     -0.15931804E-03     -0.94973875E-04     -0.44288699E-03
     747     -0.14863331E-03     -0.15931804E-03     -0.95029848E-04     -0.44288699E-03
     748     -0.14864852E-03     -0.15931804E-03     -0.95102030E-04     -0.44288699E-03
     749     -0.14866708E-03     -0.15931804E-03     -0.95199982E-04     -0.44288699E-03
     750     -0.14867145E-03     -0.15931804E-03     -0.95229569E-04     -0.44288699E-03
     751     -0.14868064E-03     -0.15931804E-03     -0.95290529E-04     -0.44288699E-03
     752     -0.14869209E-03     -0.15931804E-03     -0.95363717E-04     -0.44288699E-03
     753     -0.14871029E-03     -0.15931804E-03     -0.95444522E-04     -0.44288699E-03
     754     -0.14872505E-03     -0.15931804E-03     -0.95518928E-04     -0.44288699E-03
     755     -0.14876667E-03     -0.15931804E-03     -0.95662460E-04     -0.44288699E-03
     756     -0.14877933E-03     -0.15931804E-03     -0.95717276E-04     -0.44288699E-03
     757     -0.14886252E-03     -0.15931804E-03     -0.95984409E-04     -0.44288699E-03
     758     -0.14892147E-03     -0.15931804E-03     -0.96177918E-04     -0.44288699E-03
     759     -0.14896237E-03     -0.15931804E-03     -0.96318629E-04     -0.44288699E-03
     760     -0.14902242E-03     -0.15931804E-03     -0.96517950E-04     -0.44288699E-03
     761     -0.14908125E-03     -0.15931804E-03     -0.96720010E-04     -0.44288699E-03
     762     -0.14910773E-03     -0.15931804E-03     -0.96820767E-04     -0.44288699E-03
     763     -0.14912562E-03     -0.15931804E-03     -0.96894749E-04     -0.44288699E-03
     764     -0.14913629E-03     -0.15931804E-03     -0.96945781E-04     -0.44288699E-03
     765     -0.14915528E-03     -0.15931804E-03     -0.97028193E-04     -0.44288699E-03
     766     -0.14916394E-03     -0.15931804E-03     -0.97074115E-04     -0.44288699E-03
     767     -0.14917558E-03     -0.15931804E-03     -0.97129520E-04     -0.44288699E-03
     768     -0.14918743E-03     -0.15931804E-03     -0.97187150E-04     -0.44288699E-03
     769     -0.14919902E-03     -0.15931804E-03     -0.97247337E-04     -0.44288699E-03
     770     -0.14921571E-03     -0.15931804E-03     -0.97318680E-04     -0.44288699E-03
     771     -0.14923212E-03     -0.15931804E-03     -0.97386882E-04     -0.44288699E-03
     772     -0.14924876E-03     -0.15931804E-03     -0.97460424E-04     -0.44288699E-03
     773     -0.14927015E-03     -0.15931804E-03     -0.97555180E-04     -0.44288699E-03
     774     -0.14928789E-03     -0.15931804E-03     -0.97629701E-04     -0.44288699E-03
     775     -0.14930650E-03     -0.15931804E-03     -0.97719318E-04     -0.44288699E-03
     776     -0.14933709E-03     -0.15931804E-03     -0.97842364E-04     -0.44288699E-03
     777     -0.14935297E-03     -0.15931804E-03     -0.97912690E-04     -0.44288699E-03
     778     -0.14936241E-03     -0.15931804E-03     -0.97957927E-04     -0.44288699E-03
     779     -0.14937568E-03     -0.15931804E-03     -0.98016023E-04     -0.44288699E-03
     780     -0.14940331E-03     -0.15931804E-03     -0.98126432E-04     -0.44288699E-03
     781     -0.14941208E-03     -0.15931804E-03     -0.98165462E-04     -0.44288699E-03
     782     -0.14942307E-03     -0.15931804E-03     -0.98214932E-04     -0.44288699E-03
     783     -0.14943255E-03     -0.15931804E-03     -0.98260704E-04     -0.44288699E-03
     784     -0.14944147E-03     -0.15931804E-03     -0.98303232E-04     -0.44288699E-03
     785     -0.14945008E-03     -0.15931804E-03     -0.98343761E-04     -0.44288699E-03
     786     -0.14948066E-03     -0.15931804E-03     -0.98471497E-04     -0.44288699E-03
     787     -0.14949215E-03     -0.15931804E-03     -0.98530344E-04     -0.44288699E-03
     788     -0.14949673E-03     -0.15931804E-03     -0.98557592E-04     -0.44288699E-03
     789     -0.14950221E-03     -0.15931804E-03     -0.98586593E-04     -0.44288699E-03
     790     -0.14951136E-03     -0.15931804E-03     -0.98637308E-04     -0.44288699E-03
     791     -0.14952870E-03     -0.15931804E-03     -0.98727258E-04     -0.44288699E-03
     792     -0.14953976E-03     -0.15931804E-03     -0.98782844E-04     -0.44288699E-03
     793     -0.14956179E-03     -0.15931804E-03     -0.98880612E-04     -0.44288699E-03
     794     -0.14958925E-03     -0.15931804E-03     -0.98991113E-04     -0.44288699E-03
     795     -0.14960157E-03     -0.15931804E-03     -0.99048044E-04     -0.44288699E-03
     796     -0.14960750E-03     -0.15931804E-03     -0.99076838E-04     -0.44288699E-03
     797     -0.14965332E-03     -0.15931804E-03     -0.99234239E-04     -0.44288699E-03
     798     -0.14966319E-03     -0.15931804E-03     -0.99277614E-04     -0.44288699E-03
     799     -0.14968935E-03     -0.15931804E-03     -0.99407002E-04     -0.44288699E-03
     800     -0.14970334E-03     -0.15931804E-03     -0.99484943E-04     -0.44288699E-03
     801     -0.14973815E-03     -0.15931804E-03     -0.99647476E-04     -0.44288699E-03
     802     -0.14976833E-03     -0.15931804E-03     -0.99777279E-04     -0.44288699E-03
     803     -0.14980916E-03     -0.15931804E-03     -0.99974498E-04     -0.44288699E-03
     804     -0.14983043E-03     -0.15931804E-03     -0.10006564E-03     -0.44288699E-03
     805     -0.14984238E-03     -0.15931804E-03     -0.10012803E-03     -0.44288699E-03
     806     -0.14985731E-03     -0.15931804E-03     -0.10020434E-03     -0.44288699E-03
     807     -0.14986589E-03     -0.15931804E-03     -0.10024909E-03     -0.44288699E-03
     808     -0.14987526E-03     -0.15931804E-03     -0.10029557E-03     -0.44288699E-03
     809     -0.14987967E-03     -0.15931804E-03     -0.10032301E-03     -0.44288699E-03
     810     -0.14988327E-03     -0.15931804E-03     -0.10035245E-03     -0.44288699E-03
     811     -0.14989925E-03     -0.15931804E-03     -0.10042329E-03     -0.44288699E-03
     812     -0.14990352E-03     -0.15931804E-03     -0.10045281E-03     -0.44288699E-03
     813     -0.14990796E-03     -0.15931804E-03     -0.10047836E-03     -0.44288699E-03
     814     -0.14991882E-03     -0.15931804E-03     -0.10054395E-03     -0.44288699E-03
     815     -0.14992624E-03     -0.15931804E-03     -0.10059529E-03     -0.44288699E-03
     816     -0.14993379E-03     -0.15931804E-03     -0.10063426E-03     -0.44288699E-03
     817     -0.14994803E-03     -0.15931804E-03     -0.10074133E-03     -0.44288699E-03
     818     -0.14996715E-03     -0.15931804E-03     -0.10082850E-03     -0.44288699E-03
     819     -0.14997862E-03     -0.15931804E-03     -0.10089067E-03     -0.44288699E-03
     820     -0.15001165E-03     -0.15931804E-03     -0.10104674E-03     -0.44288699E-03
     821     -0.15002002E-03     -0.15931804E-03     -0.10109496E-03     -0.44288699E-03
     822     -0.15004159E-03     -0.15931804E-03     -0.10122286E-03     -0.44288699E-03
     823     -0.15006871E-03     -0.15931804E-03     -0.10137556E-03     -0.44288699E-03
     824     -0.15008774E-03     -0.15931804E-03     -0.10147426E-03     -0.44288699E-03
     825     -0.15009898E-03     -0.15931804E-03     -0.10152522E-03     -0.44288699E-03
     826     -0.15010645E-03     -0.15931804E-03     -0.10156031E-03     -0.44288699E-03
     827     -0.15012592E-03     -0.15931804E-03     -0.10164635E-03     -0.44288699E-03
     828     -0.15013693E-03     -0.15931804E-03     -0.10169805E-03     -0.44288699E-03
     829     -0.15014467E-03     -0.15931804E-03     -0.10174130E-03     -0.44288699E-03
     830     -0.15017421E-03     -0.15931804E-03     -0.10185562E-03     -0.44288699E-03
     831     -0.15020413E-03     -0.15931804E-03     -0.10200562E-03     -0.44288699E-03
     832     -0.15020959E-03     -0.15931804E-03     -0.10204743E-03     -0.44288699E-03
     833     -0.15022922E-03     -0.15931804E-03     -0.10213678E-03     -0.44288699E-03
     834     -0.15025183E-03     -0.15931804E-03     -0.10224871E-03     -0.44288699E-03
     835     -0.15026424E-03     -0.15931804E-03     -0.10230860E-03     -0.44288699E-03
     836     -0.15027529E-03     -0.15931804E-03     -0.10238777E-03     -0.44288699E-03
     837     -0.15029540E-03     -0.15931804E-03     -0.10248036E-03     -0.44288699E-03
     838     -0.15031055E-03     -0.15931804E-03     -0.10254723E-03     -0.44288699E-03
     839     -0.15034039E-03     -0.15931804E-03     -0.10266235E-03     -0.44288699E-03
     840     -0.15034486E-03     -0.15931804E-03     -0.10269225E-03     -0.44288699E-03
     841     -0.15034710E-03     -0.15931804E-03     -0.10271031E-03     -0.44288699E-03
     842     -0.15035188E-03     -0.15931804E-03     -0.10274364E-03     -0.44288699E-03
     843     -0.15035661E-03     -0.15931804E-03     -0.10277634E-03     -0.44288699E-03
     844     -0.15036654E-03     -0.15931804E-03     -0.10283938E-03     -0.44288699E-03
     845     -0.15037355E-03     -0.15931804E-03     -0.10289174E-03     -0.44288699E-03
     846     -0.15037681E-03     -0.15931804E-03     -0.10291698E-03     -0.44288699E-03
     847     -0.15037971E-03     -0.15931804E-03     -0.10294013E-03     -0.44288699E-03
     848     -0.15038266E-03     -0.15931804E-03     -0.10296737E-03     -0.44288699E-03
     849     -0.15038664E-03     -0.15931804E-03     -0.10299909E-03     -0.44288699E-03
     850     -0.15038845E-03     -0.15931804E-03     -0.10302028E-03     -0.44288699E-03
     851     -0.15039474E-03     -0.15931804E-03     -0.10306559E-03     -0.44288699E-03
     852     -0.15039871E-03     -0.15931804E-03     -0.10309851E-03     -0.44288699E-03
     853     -0.15040387E-03     -0.15931804E-03     -0.10313795E-03     -0.44288699E-03
     854     -0.15040932E-03     -0.15931804E-03     -0.10317414E-03     -0.44288699E-03
     855     -0.15041703E-03     -0.15931804E-03     -0.10322883E-03     -0.44288699E-03
     856     -0.15042389E-03     -0.15931804E-03     -0.10327258E-03     -0.44288699E-03
     857     -0.15043024E-03     -0.15931804E-03     -0.10331463E-03     -0.44288699E-03
     858     -0.15043632E-03     -0.15931804E-03     -0.10335265E-03     -0.44288699E-03
     859     -0.15044723E-03     -0.15931804E-03     -0.10341320E-03     -0.44288699E-03
     860     -0.15045598E-03     -0.15931804E-03     -0.10345557E-03     -0.44288699E-03
     861     -0.15046724E-03     -0.15931804E-03     -0.10351986E-03     -0.44288699E-03
     862     -0.15047510E-03     -0.15931804E-03     -0.10356851E-03     -0.44288699E-03
     863     -0.15047823E-03     -0.15931804E-03     -0.10359513E-03     -0.44288699E-03
     864     -0.15049296E-03     -0.15931804E-03     -0.10367201E-03     -0.44288699E-03
     865     -0.15050279E-03     -0.15931804E-03     -0.10373037E-03     -0.44288699E-03
     866     -0.15051808E-03     -0.15931804E-03     -0.10380473E-03     -0.44288699E-03
     867     -0.15053523E-03     -0.15931804E-03     -0.10389610E-03     -0.44288699E-03
     868     -0.15055027E-03     -0.15931804E-03     -0.10397989E-03     -0.44288699E-03
     869     -0.15056531E-03     -0.15931804E-03     -0.10406419E-03     -0.44288699E-03
     870     -0.15057668E-03     -0.15931804E-03     -0.10413688E-03     -0.44288699E-03
     871     -0.15059091E-03     -0.15931804E-03     -0.10423152E-03     -0.44288699E-03
     872     -0.15059739E-03     -0.15931804E-03     -0.10427605E-03     -0.44288699E-03
     873     -0.15060415E-03     -0.15931804E-03     -0.10432104E-03     -0.44288699E-03
     874     -0.15061067E-03     -0.15931804E-03     -0.10437291E-03     -0.44288699E-03
     875     -0.15061694E-03     -0.15931804E-03     -0.10442130E-03     -0.44288699E-03
     876     -0.15062879E-03     -0.15931804E-03     -0.10449172E-03     -0.44288699E-03
     877     -0.15064146E-03     -0.15931804E-03     -0.10456793E-03     -0.44288699E-03
     878     -0.15064992E-03     -0.15931804E-03     -0.10461896E-03     -0.44288699E-03
     879     -0.15065562E-03     -0.15931804E-03     -0.10465642E-03     -0.44288699E-03
     880     -0.15065935E-03     -0.15931804E-03     -0.10468438E-03     -0.44288699E-03
     881     -0.15066634E-03     -0.15931804E-03     -0.10473630E-03     -0.44288699E-03
     882     -0.15067605E-03     -0.15931804E-03     -0.10479435E-03     -0.44288699E-03
     883     -0.15068363E-03     -0.15931804E-03     -0.10483769E-03     -0.44288699E-03
     884     -0.15069309E-03     -0.15931804E-03     -0.10489180E-03     -0.44288699E-03
     885     -0.15070058E-03     -0.15931804E-03     -0.10494603E-03     -0.44288699E-03
     886     -0.15071166E-03     -0.15931804E-03     -0.10502591E-03     -0.44288699E-03
     887     -0.15072555E-03     -0.15931804E-03     -0.10509914E-03     -0.44288699E-03
     888     -0.15074020E-03     -0.15931804E-03     -0.10518562E-03     -0.44288699E-03
     889     -0.15075426E-03     -0.15931804E-03     -0.10527548E-03     -0.44288699E-03
     890     -0.15076767E-03     -0.15931804E-03     -0.10536535E-03     -0.44288699E-03
     891     -0.15077751E-03     -0.15931804E-03     -0.10543100E-03     -0.44288699E-03
     892     -0.15078942E-03     -0.15931804E-03     -0.10551065E-03     -0.44288699E-03
     893     -0.15080443E-03     -0.15931804E-03     -0.10560807E-03     -0.44288699E-03
     894     -0.15081238E-03     -0.15931804E-03     -0.10566898E-03     -0.44288699E-03
     895     -0.15081754E-03     -0.15931804E-03     -0.10570079E-03     -0.44288699E-03
     896     -0.15083323E-03     -0.15931804E-03     -0.10580649E-03     -0.44288699E-03
     897     -0.15084363E-03     -0.15931804E-03     -0.10586654E-03     -0.44288699E-03
     898     -0.15085558E-03     -0.15931804E-03     -0.10593465E-03     -0.44288699E-03
     899     -0.15086348E-03     -0.15931804E-03     -0.10598544E-03     -0.44288699E-03
     900     -0.15087551E-03     -0.15931804E-03     -0.10605829E-03     -0.44288699E-03
     901     -0.15087905E-03     -0.15931804E-03     -0.10608375E-03     -0.44288699E-03
     902     -0.15088569E-03     -0.15931804E-03     -0.10612907E-03     -0.44288699E-03
     903     -0.15089388E-03     -0.15931804E-03     -0.10618341E-03     -0.44288699E-03
     904     -0.15089804E-03     -0.15931804E-03     -0.10621009E-03     -0.44288699E-03
     905     -0.15090444E-03     -0.15931804E-03     -0.10624880E-03     -0.44288699E-03
     906     -0.15090893E-03     -0.15931804E-03     -0.10628506E-03     -0.44288699E-03
     907     -0.15091631E-03     -0.15931804E-03     -0.10633712E-03     -0.44288699E-03
     908     -0.15092526E-03     -0.15931804E-03     -0.10640429E-03     -0.44288699E-03
     909     -0.15094229E-03     -0.15931804E-03     -0.10650503E-03     -0.44288699E-03
     910     -0.15094995E-03     -0.15931804E-03     -0.10656126E-03     -0.44288699E-03
     911     -0.15095647E-03     -0.15931804E-03     -0.10660827E-03     -0.44288699E-03
     912     -0.15097074E-03     -0.15931804E-03     -0.10671264E-03     -0.44288699E-03
     913     -0.15099690E-03     -0.15931804E-03     -0.10685080E-03     -0.44288699E-03
     914     -0.15101963E-03     -0.15931804E-03     -0.10699473E-03     -0.44288699E-03
     915     -0.15104327E-03     -0.15931804E-03     -0.10713519E-03     -0.44288699E-03
     916     -0.15105690E-03     -0.15931804E-03     -0.10722502E-03     -0.44288699E-03
     917     -0.15106413E-03     -0.15931804E-03     -0.10727432E-03     -0.44288699E-03
     918     -0.15107792E-03     -0.15931804E-03     -0.10735951E-03     -0.44288699E-03
     919     -0.15109303E-03     -0.15931804E-03     -0.10745422E-03     -0.44288699E-03
     920     -0.15110845E-03     -0.15931804E-03     -0.10755273E-03     -0.44288699E-03
     921     -0.15112467E-03     -0.15931804E-03     -0.10765699E-03     -0.44288699E-03
     922     -0.15113799E-03     -0.15931804E-03     -0.10774772E-03     -0.44288699E-03
     923     -0.15115148E-03     -0.15931804E-03     -0.10783317E-03     -0.44288699E-03
     924     -0.15116616E-03     -0.15931804E-03     -0.10791012E-03     -0.44288699E-03
     925     -0.15117339E-03     -0.15931804E-03     -0.10795025E-03     -0.44288699E-03
     926     -0.15118604E-03     -0.15931804E-03     -0.10801340E-03     -0.44288699E-03
     927     -0.15119549E-03     -0.15931804E-03     -0.10807149E-03     -0.44288699E-03
     928     -0.15121002E-03     -0.15931804E-03     -0.10816173E-03     -0.44288699E-03
     929     -0.15121992E-03     -0.15931804E-03     -0.10823089E-03     -0.44288699E-03
     930     -0.15123252E-03     -0.15931804E-03     -0.10829736E-03     -0.44288699E-03
     931     -0.15124394E-03     -0.15931804E-03     -0.10836260E-03     -0.44288699E-03
     932     -0.15125481E-03     -0.15931804E-03     -0.10842695E-03     -0.44288699E-03
     933     -0.15126382E-03     -0.15931804E-03     -0.10848035E-03     -0.44288699E-03
     934     -0.15127414E-03     -0.15931804E-03     -0.10854803E-03     -0.44288699E-03
     935     -0.15128588E-03     -0.15931804E-03     -0.10863669E-03     -0.44288699E-03
     936     -0.15129316E-03     -0.15931804E-03     -0.10869212E-03     -0.44288699E-03
     937     -0.15130507E-03     -0.15931804E-03     -0.10877259E-03     -0.44288699E-03
     938     -0.15131971E-03     -0.15931804E-03     -0.10888837E-03     -0.44288699E-03
     939     -0.15134526E-03     -0.15931804E-03     -0.10905393E-03     -0.44288699E-03
     940     -0.15137884E-03     -0.15931804E-03     -0.10925342E-03     -0.44288699E-03
     941     -0.15141218E-03     -0.15931804E-03     -0.10946123E-03     -0.44288699E-03
     942     -0.15143068E-03     -0.15931804E-03     -0.10957135E-03     -0.44288699E-03
     943     -0.15146809E-03     -0.15931804E-03     -0.10978175E-03     -0.44288699E-03
     944     -0.15148657E-03     -0.15931804E-03     -0.10988921E-03     -0.44288699E-03
     945     -0.15150185E-03     -0.15931804E-03     -0.10999125E-03     -0.44288699E-03
     946     -0.15152730E-03     -0.15931804E-03     -0.11014489E-03     -0.44288699E-03
     947     -0.15153856E-03     -0.15931804E-03     -0.11023485E-03     -0.44288699E-03
     948     -0.15156380E-03     -0.15931804E-03     -0.11038878E-03     -0.44288699E-03
     949     -0.15157253E-03     -0.15931804E-03     -0.11046598E-03     -0.44288699E-03
     950     -0.15158883E-03     -0.15931804E-03     -0.11058429E-03     -0.44288699E-03
     951     -0.15159741E-03     -0.15931804E-03     -0.11065855E-03     -0.44288699E-03
     952     -0.15161244E-03     -0.15931804E-03     -0.11075989E-03     -0.44288699E-03
     953     -0.15163371E-03     -0.15931804E-03     -0.11090339E-03     -0.44288699E-03
     954     -0.15165377E-03     -0.15931804E-03     -0.11104415E-03     -0.44288699E-03
     955     -0.15167332E-03     -0.15931804E-03     -0.11117483E-03     -0.44288699E-03
     956     -0.15170552E-03     -0.15931804E-03     -0.11136539E-03     -0.44288699E-03
     957     -0.15173622E-03     -0.15931804E-03     -0.11154966E-03     -0.44288699E-03
     958     -0.15175637E-03     -0.15931804E-03     -0.11167677E-03     -0.44288699E-03
     959     -0.15176740E-03     -0.15931804E-03     -0.11174641E-03     -0.44288699E-03
     960     -0.15177771E-03     -0.15931804E-03     -0.11181868E-03     -0.44288699E-03
     961     -0.15178727E-03     -0.15931804E-03     -0.11189142E-03     -0.44288699E-03
     962     -0.15180538E-03     -0.15931804E-03     -0.11201883E-03     -0.44288699E-03
     963     -0.15182513E-03     -0.15931804E-03     -0.11215031E-03     -0.44288699E-03
     964     -0.15183971E-03     -0.15931804E-03     -0.11227112E-03     -0.44288699E-03
     965     -0.15185179E-03     -0.15931804E-03     -0.11235426E-03     -0.44288699E-03
     966     -0.15186900E-03     -0.15931804E-03     -0.11246713E-03     -0.44288699E-03
     967     -0.15189273E-03     -0.15931804E-03     -0.11262370E-03     -0.44288699E-03
     968     -0.15191601E-03     -0.15931804E-03     -0.11277269E-03     -0.44288699E-03
     969     -0.15194308E-03     -0.15931804E-03     -0.11294601E-03     -0.44288699E-03
     970     -0.15195568E-03     -0.15931804E-03     -0.11303593E-03     -0.44288699E-03
     971     -0.15196236E-03     -0.15931804E-03     -0.11308571E-03     -0.44288699E-03
     972     -0.15198010E-03     -0.15931804E-03     -0.11319497E-03     -0.44288699E-03
     973     -0.15199635E-03     -0.15931804E-03     -0.11329897E-03     -0.44288699E-03
     974     -0.15200540E-03     -0.15931804E-03     -0.11337444E-03     -0.44288699E-03
     975     -0.15201200E-03     -0.15931804E-03     -0.11343494E-03     -0.44288699E-03
     976     -0.15202180E-03     -0.15931804E-03     -0.11350176E-03     -0.44288699E-03
     977     -0.15203485E-03     -0.15931804E-03     -0.11359458E-03     -0.44288699E-03
     978     -0.15206250E-03     -0.15931804E-03     -0.11375604E-03     -0.44288699E-03
     979     -0.15207130E-03     -0.15931804E-03     -0.11382121E-03     -0.44288699E-03
     980     -0.15208792E-03     -0.15931804E-03     -0.11394194E-03     -0.44288699E-03
     981     -0.15210689E-03     -0.15931804E-03     -0.11407277E-03     -0.44288699E-03
     982     -0.15212776E-03     -0.15931804E-03     -0.11420474E-03     -0.44288699E-03
     983     -0.15215748E-03     -0.15931804E-03     -0.11440383E-03     -0.44288699E-03
     984     -0.15218527E-03     -0.15931804E-03     -0.11458970E-03     -0.44288699E-03
     985     -0.15220525E-03     -0.15931804E-03     -0.11470317E-03     -0.44288699E-03
     986     -0.15222103E-03     -0.15931804E-03     -0.11481969E-03     -0.44288699E-03
     987     -0.15223199E-03     -0.15931804E-03     -0.11490224E-03     -0.44288699E-03
     988     -0.15224559E-03     -0.15931804E-03     -0.11498019E-03     -0.44288699E-03
     989     -0.15225081E-03     -0.15931804E-03     -0.11501646E-03     -0.44288699E-03
     990     -0.15226867E-03     -0.15931804E-03     -0.11510414E-03     -0.44288699E-03
     991     -0.15227970E-03     -0.15931804E-03     -0.11516811E-03     -0.44288699E-03
     992     -0.15228280E-03     -0.15931804E-03     -0.11519714E-03     -0.44288699E-03
     993     -0.15228780E-03     -0.15931804E-03     -0.11523535E-03     -0.44288699E-03
     994     -0.15229871E-03     -0.15931804E-03     -0.11530544E-03     -0.44288699E-03
     995     -0.15230815E-03     -0.15931804E-03     -0.11536722E-03     -0.44288699E-03
     996     -0.15231816E-03     -0.15931804E-03     -0.11542602E-03     -0.44288699E-03
     997     -0.15232486E-03     -0.15931804E-03     -0.11547239E-03     -0.44288699E-03
     998     -0.15233441E-03     -0.15931804E-03     -0.11553147E-03     -0.44288699E-03
     999     -0.15234375E-03     -0.15931804E-03     -0.11558851E-03     -0.44288699E-03
    1000     -0.15235494E-03     -0.15931804E-03     -0.11566531E-03     -0.44288699E-03
    1001     -0.15236769E-03     -0.15931804E-03     -0.11575324E-03     -0.44288699E-03
    1002     -0.15237903E-03     -0.15931804E-03     -0.11583447E-03     -0.44288699E-03
    1003     -0.15238955E-03     -0.15931804E-03     -0.11592571E-03     -0.44288699E-03
    1004     -0.15239905E-03     -0.15931804E-03     -0.11599064E-03     -0.44288699E-03
    1005     -0.15241084E-03     -0.15931804E-03     -0.11606827E-03     -0.44288699E-03
    1006     -0.15242831E-03     -0.15931804E-03     -0.11617617E-03     -0.44288699E-03
    1007     -0.15243843E-03     -0.15931804E-03     -0.11624955E-03     -0.44288699E-03
    1008     -0.15245031E-03     -0.15931804E-03     -0.11633246E-03     -0.44288699E-03
    1009     -0.15246965E-03     -0.15931804E-03     -0.11644896E-03     -0.44288699E-03
    1010     -0.15250032E-03     -0.15931804E-03     -0.11663558E-03     -0.44288699E-03
    1011     -0.15251147E-03     -0.15931804E-03     -0.11670617E-03     -0.44288699E-03
    1012     -0.15252406E-03     -0.15931804E-03     -0.11677808E-03     -0.44288699E-03
    1013     -0.15254668E-03     -0.15931804E-03     -0.11689621E-03     -0.44288699E-03
    1014     -0.15256352E-03     -0.15931804E-03     -0.11698610E-03     -0.44288699E-03
    1015     -0.15257869E-03     -0.15931804E-03     -0.11706934E-03     -0.44288699E-03
    1016     -0.15260037E-03     -0.15931804E-03     -0.11719379E-03     -0.44288699E-03
    1017     -0.15262099E-03     -0.15931804E-03     -0.11731599E-03     -0.44288699E-03
    1018     -0.15263169E-03     -0.15931804E-03     -0.11740584E-03     -0.44288699E-03
    1019     -0.15264990E-03     -0.15931804E-03     -0.11750733E-03     -0.44288699E-03
    1020     -0.15266595E-03     -0.15931804E-03     -0.11761011E-03     -0.44288699E-03
    1021     -0.15268483E-03     -0.15931804E-03     -0.11773178E-03     -0.44288699E-03
    1022     -0.15270515E-03     -0.15931804E-03     -0.11786323E-03     -0.44288699E-03
    1023     -0.15271790E-03     -0.15931804E-03     -0.11794168E-03     -0.44288699E-03
    1024     -0.15273856E-03     -0.15931804E-03     -0.11805710E-03     -0.44288699E-03
    1025     -0.15274578E-03     -0.15931804E-03     -0.11812611E-03     -0.44288699E-03
    1026     -0.15275597E-03     -0.15931804E-03     -0.11821303E-03     -0.44288699E-03
    1027     -0.15277559E-03     -0.15931804E-03     -0.11832298E-03     -0.44288699E-03
    1028     -0.15278915E-03     -0.15931804E-03     -0.11841058E-03     -0.44288699E-03
    1029     -0.15280026E-03     -0.15931804E-03     -0.11848784E-03     -0.44288699E-03
    1030     -0.15281371E-03     -0.15931804E-03     -0.11857487E-03     -0.44288699E-03
    1031     -0.15283186E-03     -0.15931804E-03     -0.11868737E-03     -0.44288699E-03
    1032     -0.15283904E-03     -0.15931804E-03     -0.11873826E-03     -0.44288699E-03
    1033     -0.15284968E-03     -0.15931804E-03     -0.11881226E-03     -0.44288699E-03
    1034     -0.15285977E-03     -0.15931804E-03     -0.11885662E-03     -0.44288699E-03
    1035     -0.15287018E-03     -0.15931804E-03     -0.11891878E-03     -0.44288699E-03
    1036     -0.15287840E-03     -0.15931804E-03     -0.11897246E-03     -0.44288699E-03
    1037     -0.15288313E-03     -0.15931804E-03     -0.11900851E-03     -0.44288699E-03
    1038     -0.15288711E-03     -0.15931804E-03     -0.11904188E-03     -0.44288699E-03
    1039     -0.15289337E-03     -0.15931804E-03     -0.11908344E-03     -0.44288699E-03
    1040     -0.15290460E-03     -0.15931804E-03     -0.11916354E-03     -0.44288699E-03
    1041     -0.15291098E-03     -0.15931804E-03     -0.11920949E-03     -0.44288699E-03
    1042     -0.15291751E-03     -0.15931804E-03     -0.11925447E-03     -0.44288699E-03
    1043     -0.15292378E-03     -0.15931804E-03     -0.11931703E-03     -0.44288699E-03
    1044     -0.15293210E-03     -0.15931804E-03     -0.11938517E-03     -0.44288699E-03
    1045     -0.15294610E-03     -0.15931804E-03     -0.11949756E-03     -0.44288699E-03
    1046     -0.15295451E-03     -0.15931804E-03     -0.11956143E-03     -0.44288699E-03
    1047     -0.15296021E-03     -0.15931804E-03     -0.11961321E-03     -0.44288699E-03
    1048     -0.15296735E-03     -0.15931804E-03     -0.11966950E-03     -0.44288699E-03
    1049     -0.15297959E-03     -0.15931804E-03     -0.11975961E-03     -0.44288699E-03
    1050     -0.15299244E-03     -0.15931804E-03     -0.11986458E-03     -0.44288699E-03
    1051     -0.15300018E-03     -0.15931804E-03     -0.11992851E-03     -0.44288699E-03
    1052     -0.15301107E-03     -0.15931804E-03     -0.12000910E-03     -0.44288699E-03
    1053     -0.15302756E-03     -0.15931804E-03     -0.12012477E-03     -0.44288699E-03
    1054     -0.15303204E-03     -0.15931804E-03     -0.12016671E-03     -0.44288699E-03
    1055     -0.15304861E-03     -0.15931804E-03     -0.12028396E-03     -0.44288699E-03
    1056     -0.15305378E-03     -0.15931804E-03     -0.12033521E-03     -0.44288699E-03
    1057     -0.15306296E-03     -0.15931804E-03     -0.12040918E-03     -0.44288699E-03
    1058     -0.15307045E-03     -0.15931804E-03     -0.12046579E-03     -0.44288699E-03
    1059     -0.15308112E-03     -0.15931804E-03     -0.12054647E-03     -0.44288699E-03
    1060     -0.15308536E-03     -0.15931804E-03     -0.12058106E-03     -0.44288699E-03
    1061     -0.15309376E-03     -0.15931804E-03     -0.12064415E-03     -0.44288699E-03
    1062     -0.15309725E-03     -0.15931804E-03     -0.12067562E-03     -0.44288699E-03
    1063     -0.15310258E-03     -0.15931804E-03     -0.12072867E-03     -0.44288699E-03
    1064     -0.15311019E-03     -0.15931804E-03     -0.12077488E-03     -0.44288699E-03
    1065     -0.15312131E-03     -0.15931804E-03     -0.12087041E-03     -0.44288699E-03
    1066     -0.15312437E-03     -0.15931804E-03     -0.12089862E-03     -0.44288699E-03
    1067     -0.15313011E-03     -0.15931804E-03     -0.12096069E-03     -0.44288699E-03
    1068     -0.15313584E-03     -0.15931804E-03     -0.12101379E-03     -0.44288699E-03
    1069     -0.15314040E-03     -0.15931804E-03     -0.12106875E-03     -0.44288699E-03
    1070     -0.15315280E-03     -0.15931804E-03     -0.12115423E-03     -0.44288699E-03
    1071     -0.15316020E-03     -0.15931804E-03     -0.12120893E-03     -0.44288699E-03
    1072     -0.15316896E-03     -0.15931804E-03     -0.12129189E-03     -0.44288699E-03
    1073     -0.15317790E-03     -0.15931804E-03     -0.12135698E-03     -0.44288699E-03
    1074     -0.15318719E-03     -0.15931804E-03     -0.12142460E-03     -0.44288699E-03
    1075     -0.15319431E-03     -0.15931804E-03     -0.12148612E-03     -0.44288699E-03
    1076     -0.15320863E-03     -0.15931804E-03     -0.12157323E-03     -0.44288699E-03
    1077     -0.15321182E-03     -0.15931804E-03     -0.12160927E-03     -0.44288699E-03
    1078     -0.15321730E-03     -0.15931804E-03     -0.12165005E-03     -0.44288699E-03
    1079     -0.15322121E-03     -0.15931804E-03     -0.12169043E-03     -0.44288699E-03
    1080     -0.15322811E-03     -0.15931804E-03     -0.12174608E-03     -0.44288699E-03
    1081     -0.15323917E-03     -0.15931804E-03     -0.12181932E-03     -0.44288699E-03
    1082     -0.15324576E-03     -0.15931804E-03     -0.12186824E-03     -0.44288699E-03
    1083     -0.15325101E-03     -0.15931804E-03     -0.12190832E-03     -0.44288699E-03
    1084     -0.15325561E-03     -0.15931804E-03     -0.12195296E-03     -0.44288699E-03
    1085     -0.15326433E-03     -0.15931804E-03     -0.12201599E-03     -0.44288699E-03
    1086     -0.15326962E-03     -0.15931804E-03     -0.12205797E-03     -0.44288699E-03
    1087     -0.15327769E-03     -0.15931804E-03     -0.12210901E-03     -0.44288699E-03
    1088     -0.15328778E-03     -0.15931804E-03     -0.12217761E-03     -0.44288699E-03
    1089     -0.15329363E-03     -0.15931804E-03     -0.12221902E-03     -0.44288699E-03
    1090     -0.15331923E-03     -0.15931804E-03     -0.12237344E-03     -0.44288699E-03
    1091     -0.15333059E-03     -0.15931804E-03     -0.12244485E-03     -0.44288699E-03
    1092     -0.15333861E-03     -0.15931804E-03     -0.12250873E-03     -0.44288699E-03
    1093     -0.15335347E-03     -0.15931804E-03     -0.12262409E-03     -0.44288699E-03
    1094     -0.15336416E-03     -0.15931804E-03     -0.12269685E-03     -0.44288699E-03
    1095     -0.15337009E-03     -0.15931804E-03     -0.12274658E-03     -0.44288699E-03
    1096     -0.15338343E-03     -0.15931804E-03     -0.12284776E-03     -0.44288699E-03
    1097     -0.15340691E-03     -0.15931804E-03     -0.12302451E-03     -0.44288699E-03
    1098     -0.15342067E-03     -0.15931804E-03     -0.12312032E-03     -0.44288699E-03
    1099     -0.15343485E-03     -0.15931804E-03     -0.12321304E-03     -0.44288699E-03
    1100     -0.15344868E-03     -0.15931804E-03     -0.12332841E-03     -0.44288699E-03
    1101     -0.15345912E-03     -0.15931804E-03     -0.12341717E-03     -0.44288699E-03
    1102     -0.15346945E-03     -0.15931804E-03     -0.12350429E-03     -0.44288699E-03
    1103     -0.15347464E-03     -0.15931804E-03     -0.12354325E-03     -0.44288699E-03
    1104     -0.15348340E-03     -0.15931804E-03     -0.12361678E-03     -0.44288699E-03
    1105     -0.15348680E-03     -0.15931804E-03     -0.12365883E-03     -0.44288699E-03
    1106     -0.15349395E-03     -0.15931804E-03     -0.12373707E-03     -0.44288699E-03
    1107     -0.15350326E-03     -0.15931804E-03     -0.12383298E-03     -0.44288699E-03
    1108     -0.15350983E-03     -0.15931804E-03     -0.12390419E-03     -0.44288699E-03
    1109     -0.15351605E-03     -0.15931804E-03     -0.12397669E-03     -0.44288699E-03
    1110     -0.15352568E-03     -0.15931804E-03     -0.12408385E-03     -0.44288699E-03
    1111     -0.15353634E-03     -0.15931804E-03     -0.12417567E-03     -0.44288699E-03
    1112     -0.15354466E-03     -0.15931804E-03     -0.12425845E-03     -0.44288699E-03
    1113     -0.15355207E-03     -0.15931804E-03     -0.12434567E-03     -0.44288699E-03
    1114     -0.15356003E-03     -0.15931804E-03     -0.12439522E-03     -0.44288699E-03
    1115     -0.15357124E-03     -0.15931804E-03     -0.12450352E-03     -0.44288699E-03
    1116     -0.15357797E-03     -0.15931804E-03     -0.12456835E-03     -0.44288699E-03
    1117     -0.15358307E-03     -0.15931804E-03     -0.12461665E-03     -0.44288699E-03
    1118     -0.15359661E-03     -0.15931804E-03     -0.12473916E-03     -0.44288699E-03
    1119     -0.15360671E-03     -0.15931804E-03     -0.12483612E-03     -0.44288699E-03
    1120     -0.15361590E-03     -0.15931804E-03     -0.12492846E-03     -0.44288699E-03
    1121     -0.15362412E-03     -0.15931804E-03     -0.12501008E-03     -0.44288699E-03
    1122     -0.15363026E-03     -0.15931804E-03     -0.12506916E-03     -0.44288699E-03
    1123     -0.15363819E-03     -0.15931804E-03     -0.12514833E-03     -0.44288699E-03
    1124     -0.15364428E-03     -0.15931804E-03     -0.12521163E-03     -0.44288699E-03
    1125     -0.15365175E-03     -0.15931804E-03     -0.12528639E-03     -0.44288699E-03
    1126     -0.15365995E-03     -0.15931804E-03     -0.12537833E-03     -0.44288699E-03
    1127     -0.15367095E-03     -0.15931804E-03     -0.12549523E-03     -0.44288699E-03
    1128     -0.15367589E-03     -0.15931804E-03     -0.12554755E-03     -0.44288699E-03
    1129     -0.15368623E-03     -0.15931804E-03     -0.12565906E-03     -0.44288699E-03
    1130     -0.15370328E-03     -0.15931804E-03     -0.12581454E-03     -0.44288699E-03
    1131     -0.15370502E-03     -0.15931804E-03     -0.12584311E-03     -0.44288699E-03
    1132     -0.15370815E-03     -0.15931804E-03     -0.12586793E-03     -0.44288699E-03
    1133     -0.15371236E-03     -0.15931804E-03     -0.12590766E-03     -0.44288699E-03
    1134     -0.15371599E-03     -0.15931804E-03     -0.12594665E-03     -0.44288699E-03
    1135     -0.15372048E-03     -0.15931804E-03     -0.12598248E-03     -0.44288699E-03
    1136     -0.15372546E-03     -0.15931804E-03     -0.12603379E-03     -0.44288699E-03
    1137     -0.15373136E-03     -0.15931804E-03     -0.12609651E-03     -0.44288699E-03
    1138     -0.15373453E-03     -0.15931804E-03     -0.12613195E-03     -0.44288699E-03
    1139     -0.15373770E-03     -0.15931804E-03     -0.12616606E-03     -0.44288699E-03
    1140     -0.15374079E-03     -0.15931804E-03     -0.12620737E-03     -0.44288699E-03
    1141     -0.15374436E-03     -0.15931804E-03     -0.12624850E-03     -0.44288699E-03
    1142     -0.15374748E-03     -0.15931804E-03     -0.12627685E-03     -0.44288699E-03
    1143     -0.15375068E-03     -0.15931804E-03     -0.12631421E-03     -0.44288699E-03
    1144     -0.15375379E-03     -0.15931804E-03     -0.12634834E-03     -0.44288699E-03
    1145     -0.15375556E-03     -0.15931804E-03     -0.12637201E-03     -0.44288699E-03
    1146     -0.15375848E-03     -0.15931804E-03     -0.12640430E-03     -0.44288699E-03
    1147     -0.15376543E-03     -0.15931804E-03     -0.12647511E-03     -0.44288699E-03
    1148     -0.15376985E-03     -0.15931804E-03     -0.12652682E-03     -0.44288699E-03
    1149     -0.15377526E-03     -0.15931804E-03     -0.12658696E-03     -0.44288699E-03
    1150     -0.15378489E-03     -0.15931804E-03     -0.12667282E-03     -0.44288699E-03
    1151     -0.15379134E-03     -0.15931804E-03     -0.12675431E-03     -0.44288699E-03
    1152     -0.15379658E-03     -0.15931804E-03     -0.12681619E-03     -0.44288699E-03
    1153     -0.15380713E-03     -0.15931804E-03     -0.12690624E-03     -0.44288699E-03
    1154     -0.15381582E-03     -0.15931804E-03     -0.12698035E-03     -0.44288699E-03
    1155     -0.15382203E-03     -0.15931804E-03     -0.12704296E-03     -0.44288699E-03
    1156     -0.15382857E-03     -0.15931804E-03     -0.12712888E-03     -0.44288699E-03
    1157     -0.15383770E-03     -0.15931804E-03     -0.12722994E-03     -0.44288699E-03
    1158     -0.15384786E-03     -0.15931804E-03     -0.12733284E-03     -0.44288699E-03
    1159     -0.15385140E-03     -0.15931804E-03     -0.12736905E-03     -0.44288699E-03
    1160     -0.15385693E-03     -0.15931804E-03     -0.12742480E-03     -0.44288699E-03
    1161     -0.15385958E-03     -0.15931804E-03     -0.12745612E-03     -0.44288699E-03
    1162     -0.15386901E-03     -0.15931804E-03     -0.12754191E-03     -0.44288699E-03
    1163     -0.15387157E-03     -0.15931804E-03     -0.12756732E-03     -0.44288699E-03
    1164     -0.15387938E-03     -0.15931804E-03     -0.12763698E-03     -0.44288699E-03
    1165     -0.15388416E-03     -0.15931804E-03     -0.12768507E-03     -0.44288699E-03
    1166     -0.15389746E-03     -0.15931804E-03     -0.12780491E-03     -0.44288699E-03
    1167     -0.15390855E-03     -0.15931804E-03     -0.12789033E-03     -0.44288699E-03
    1168     -0.15391778E-03     -0.15931804E-03     -0.12796238E-03     -0.44288699E-03
    1169     -0.15392729E-03     -0.15931804E-03     -0.12804916E-03     -0.44288699E-03
    1170     -0.15393717E-03     -0.15931804E-03     -0.12812936E-03     -0.44288699E-03
    1171     -0.15394783E-03     -0.15931804E-03     -0.12822069E-03     -0.44288699E-03
    1172     -0.15395862E-03     -0.15931804E-03     -0.12830383E-03     -0.44288699E-03
    1173     -0.15396894E-03     -0.15931804E-03     -0.12839376E-03     -0.44288699E-03
    1174     -0.15398465E-03     -0.15931804E-03     -0.12851349E-03     -0.44288699E-03
    1175     -0.15400676E-03     -0.15931804E-03     -0.12863565E-03     -0.44288699E-03
    1176     -0.15401979E-03     -0.15931804E-03     -0.12873319E-03     -0.44288699E-03
    1177     -0.15403005E-03     -0.15931804E-03     -0.12882818E-03     -0.44288699E-03
    1178     -0.15404267E-03     -0.15931804E-03     -0.12891664E-03     -0.44288699E-03
    1179     -0.15405844E-03     -0.15931804E-03     -0.12903211E-03     -0.44288699E-03
    1180     -0.15407069E-03     -0.15931804E-03     -0.12913487E-03     -0.44288699E-03
    1181     -0.15408849E-03     -0.15931804E-03     -0.12925906E-03     -0.44288699E-03
    1182     -0.15409668E-03     -0.15931804E-03     -0.12933944E-03     -0.44288699E-03
    1183     -0.15410971E-03     -0.15931804E-03     -0.12944379E-03     -0.44288699E-03
    1184     -0.15411508E-03     -0.15931804E-03     -0.12950618E-03     -0.44288699E-03
    1185     -0.15412250E-03     -0.15931804E-03     -0.12958610E-03     -0.44288699E-03
    1186     -0.15413025E-03     -0.15931804E-03     -0.12966420E-03     -0.44288699E-03
    1187     -0.15413780E-03     -0.15931804E-03     -0.12974966E-03     -0.44288699E-03
    1188     -0.15414388E-03     -0.15931804E-03     -0.12981639E-03     -0.44288699E-03
    1189     -0.15415193E-03     -0.15931804E-03     -0.12989158E-03     -0.44288699E-03
    1190     -0.15416118E-03     -0.15931804E-03     -0.13000069E-03     -0.44288699E-03
    1191     -0.15419037E-03     -0.15931804E-03     -0.13016873E-03     -0.44288699E-03
    1192     -0.15420444E-03     -0.15931804E-03     -0.13026416E-03     -0.44288699E-03
    1193     -0.15422307E-03     -0.15931804E-03     -0.13037844E-03     -0.44288699E-03
    1194     -0.15423838E-03     -0.15931804E-03     -0.13049185E-03     -0.44288699E-03
    1195     -0.15424461E-03     -0.15931804E-03     -0.13055628E-03     -0.44288699E-03
    1196     -0.15425447E-03     -0.15931804E-03     -0.13062560E-03     -0.44288699E-03
    1197     -0.15426012E-03     -0.15931804E-03     -0.13067325E-03     -0.44288699E-03
    1198     -0.15428433E-03     -0.15931804E-03     -0.13080125E-03     -0.44288699E-03
    1199     -0.15429014E-03     -0.15931804E-03     -0.13087313E-03     -0.44288699E-03
    1200     -0.15429365E-03     -0.15931804E-03     -0.13090566E-03     -0.44288699E-03
    1201     -0.15429895E-03     -0.15931804E-03     -0.13095136E-03     -0.44288699E-03
    1202     -0.15430251E-03     -0.15931804E-03     -0.13099725E-03     -0.44288699E-03
    1203     -0.15430551E-03     -0.15931804E-03     -0.13102944E-03     -0.44288699E-03
    1204     -0.15431287E-03     -0.15931804E-03     -0.13109543E-03     -0.44288699E-03
    1205     -0.15431816E-03     -0.15931804E-03     -0.13114712E-03     -0.44288699E-03
    1206     -0.15432179E-03     -0.15931804E-03     -0.13119283E-03     -0.44288699E-03
    1207     -0.15432574E-03     -0.15931804E-03     -0.13122637E-03     -0.44288699E-03
    1208     -0.15433218E-03     -0.15931804E-03     -0.13128416E-03     -0.44288699E-03
    1209     -0.15433732E-03     -0.15931804E-03     -0.13133059E-03     -0.44288699E-03
    1210     -0.15434723E-03     -0.15931804E-03     -0.13139703E-03     -0.44288699E-03
    1211     -0.15437168E-03     -0.15931804E-03     -0.13152796E-03     -0.44288699E-03
    1212     -0.15438584E-03     -0.15931804E-03     -0.13161852E-03     -0.44288699E-03
    1213     -0.15440152E-03     -0.15931804E-03     -0.13171982E-03     -0.44288699E-03
    1214     -0.15441316E-03     -0.15931804E-03     -0.13179924E-03     -0.44288699E-03
    1215     -0.15442749E-03     -0.15931804E-03     -0.13188417E-03     -0.44288699E-03
    1216     -0.15443281E-03     -0.15931804E-03     -0.13194221E-03     -0.44288699E-03
    1217     -0.15444011E-03     -0.15931804E-03     -0.13202331E-03     -0.44288699E-03
    1218     -0.15445882E-03     -0.15931804E-03     -0.13215357E-03     -0.44288699E-03
    1219     -0.15446525E-03     -0.15931804E-03     -0.13221298E-03     -0.44288699E-03
    1220     -0.15446963E-03     -0.15931804E-03     -0.13225902E-03     -0.44288699E-03
    1221     -0.15447443E-03     -0.15931804E-03     -0.13231973E-03     -0.44288699E-03
    1222     -0.15448078E-03     -0.15931804E-03     -0.13237418E-03     -0.44288699E-03
    1223     -0.15448618E-03     -0.15931804E-03     -0.13242646E-03     -0.44288699E-03
    1224     -0.15449760E-03     -0.15931804E-03     -0.13251084E-03     -0.44288699E-03
    1225     -0.15450157E-03     -0.15931804E-03     -0.13255105E-03     -0.44288699E-03
    1226     -0.15450449E-03     -0.15931804E-03     -0.13258302E-03     -0.44288699E-03
    1227     -0.15450893E-03     -0.15931804E-03     -0.13263209E-03     -0.44288699E-03
    1228     -0.15451598E-03     -0.15931804E-03     -0.13271079E-03     -0.44288699E-03
    1229     -0.15452354E-03     -0.15931804E-03     -0.13279375E-03     -0.44288699E-03
    1230     -0.15452815E-03     -0.15931804E-03     -0.13285093E-03     -0.44288699E-03
    1231     -0.15453292E-03     -0.15931804E-03     -0.13289378E-03     -0.44288699E-03
    1232     -0.15454159E-03     -0.15931804E-03     -0.13296211E-03     -0.44288699E-03
    1233     -0.15454711E-03     -0.15931804E-03     -0.13301239E-03     -0.44288699E-03
    1234     -0.15455590E-03     -0.15931804E-03     -0.13308156E-03     -0.44288699E-03
    1235     -0.15456089E-03     -0.15931804E-03     -0.13312601E-03     -0.44288699E-03
    1236     -0.15456399E-03     -0.15931804E-03     -0.13315542E-03     -0.44288699E-03
    1237     -0.15456702E-03     -0.15931804E-03     -0.13318663E-03     -0.44288699E-03
    1238     -0.15457174E-03     -0.15931804E-03     -0.13322827E-03     -0.44288699E-03
    1239     -0.15457477E-03     -0.15931804E-03     -0.13325650E-03     -0.44288699E-03
    1240     -0.15459370E-03     -0.15931804E-03     -0.13338002E-03     -0.44288699E-03
    1241     -0.15461069E-03     -0.15931804E-03     -0.13349360E-03     -0.44288699E-03
    1242     -0.15461669E-03     -0.15931804E-03     -0.13354035E-03     -0.44288699E-03
    1243     -0.15462758E-03     -0.15931804E-03     -0.13361993E-03     -0.44288699E-03
    1244     -0.15463710E-03     -0.15931804E-03     -0.13368811E-03     -0.44288699E-03
    1245     -0.15464379E-03     -0.15931804E-03     -0.13375006E-03     -0.44288699E-03
    1246     -0.15464617E-03     -0.15931804E-03     -0.13377638E-03     -0.44288699E-03
    1247     -0.15465307E-03     -0.15931804E-03     -0.13383344E-03     -0.44288699E-03
    1248     -0.15465640E-03     -0.15931804E-03     -0.13386278E-03     -0.44288699E-03
    1249     -0.15467021E-03     -0.15931804E-03     -0.13396193E-03     -0.44288699E-03
    1250     -0.15468781E-03     -0.15931804E-03     -0.13408572E-03     -0.44288699E-03
    1251     -0.15471190E-03     -0.15931804E-03     -0.13424297E-03     -0.44288699E-03
    1252     -0.15471736E-03     -0.15931804E-03     -0.13430499E-03     -0.44288699E-03
    1253     -0.15472369E-03     -0.15931804E-03     -0.13435751E-03     -0.44288699E-03
    1254     -0.15473103E-03     -0.15931804E-03     -0.13441873E-03     -0.44288699E-03
    1255     -0.15474817E-03     -0.15931804E-03     -0.13452793E-03     -0.44288699E-03
    1256     -0.15475396E-03     -0.15931804E-03     -0.13458112E-03     -0.44288699E-03
    1257     -0.15477698E-03     -0.15931804E-03     -0.13470386E-03     -0.44288699E-03
    1258     -0.15478333E-03     -0.15931804E-03     -0.13475354E-03     -0.44288699E-03
    1259     -0.15478937E-03     -0.15931804E-03     -0.13481840E-03     -0.44288699E-03
    1260     -0.15480470E-03     -0.15931804E-03     -0.13491961E-03     -0.44288699E-03
    1261     -0.15481032E-03     -0.15931804E-03     -0.13497255E-03     -0.44288699E-03
    1262     -0.15481688E-03     -0.15931804E-03     -0.13501858E-03     -0.44288699E-03
    1263     -0.15482320E-03     -0.15931804E-03     -0.13506644E-03     -0.44288699E-03
    1264     -0.15482750E-03     -0.15931804E-03     -0.13512366E-03     -0.44288699E-03
    1265     -0.15483468E-03     -0.15931804E-03     -0.13518876E-03     -0.44288699E-03
    1266     -0.15484107E-03     -0.15931804E-03     -0.13524342E-03     -0.44288699E-03
    1267     -0.15489111E-03     -0.15931804E-03     -0.13547917E-03     -0.44288699E-03
    1268     -0.15489670E-03     -0.15931804E-03     -0.13553458E-03     -0.44288699E-03
    1269     -0.15489961E-03     -0.15931804E-03     -0.13556830E-03     -0.44288699E-03
    1270     -0.15490281E-03     -0.15931804E-03     -0.13559832E-03     -0.44288699E-03
    1271     -0.15490552E-03     -0.15931804E-03     -0.13563283E-03     -0.44288699E-03
    1272     -0.15490977E-03     -0.15931804E-03     -0.13568517E-03     -0.44288699E-03
    1273     -0.15491446E-03     -0.15931804E-03     -0.13573239E-03     -0.44288699E-03
    1274     -0.15492082E-03     -0.15931804E-03     -0.13578536E-03     -0.44288699E-03
    1275     -0.15493856E-03     -0.15931804E-03     -0.13591294E-03     -0.44288699E-03
    1276     -0.15494293E-03     -0.15931804E-03     -0.13598207E-03     -0.44288699E-03
    1277     -0.15494563E-03     -0.15931804E-03     -0.13602567E-03     -0.44288699E-03
    1278     -0.15495244E-03     -0.15931804E-03     -0.13610345E-03     -0.44288699E-03
    1279     -0.15496231E-03     -0.15931804E-03     -0.13618121E-03     -0.44288699E-03
    1280     -0.15496567E-03     -0.15931804E-03     -0.13622529E-03     -0.44288699E-03
    1281     -0.15497058E-03     -0.15931804E-03     -0.13629209E-03     -0.44288699E-03
    1282     -0.15497654E-03     -0.15931804E-03     -0.13634401E-03     -0.44288699E-03
    1283     -0.15498046E-03     -0.15931804E-03     -0.13639985E-03     -0.44288699E-03
    1284     -0.15498405E-03     -0.15931804E-03     -0.13643145E-03     -0.44288699E-03
    1285     -0.15498758E-03     -0.15931804E-03     -0.13647554E-03     -0.44288699E-03
    1286     -0.15501494E-03     -0.15931804E-03     -0.13668278E-03     -0.44288699E-03
    1287     -0.15501753E-03     -0.15931804E-03     -0.13671576E-03     -0.44288699E-03
    1288     -0.15502130E-03     -0.15931804E-03     -0.13675441E-03     -0.44288699E-03
    1289     -0.15502838E-03     -0.15931804E-03     -0.13682599E-03     -0.44288699E-03
    1290     -0.15503060E-03     -0.15931804E-03     -0.13684971E-03     -0.44288699E-03
    1291     -0.15503382E-03     -0.15931804E-03     -0.13688690E-03     -0.44288699E-03
    1292     -0.15504265E-03     -0.15931804E-03     -0.13697710E-03     -0.44288699E-03
    1293     -0.15504594E-03     -0.15931804E-03     -0.13701319E-03     -0.44288699E-03
    1294     -0.15504991E-03     -0.15931804E-03     -0.13706126E-03     -0.44288699E-03
    1295     -0.15505311E-03     -0.15931804E-03     -0.13709710E-03     -0.44288699E-03
    1296     -0.15505725E-03     -0.15931804E-03     -0.13715100E-03     -0.44288699E-03
    1297     -0.15506576E-03     -0.15931804E-03     -0.13725064E-03     -0.44288699E-03
    1298     -0.15507601E-03     -0.15931804E-03     -0.13737401E-03     -0.44288699E-03
    1299     -0.15508241E-03     -0.15931804E-03     -0.13745895E-03     -0.44288699E-03
    1300     -0.15508404E-03     -0.15931804E-03     -0.13748407E-03     -0.44288699E-03
    1301     -0.15509865E-03     -0.15931804E-03     -0.13766447E-03     -0.44288699E-03
    1302     -0.15511074E-03     -0.15931804E-03     -0.13778939E-03     -0.44288699E-03
    1303     -0.15511919E-03     -0.15931804E-03     -0.13792862E-03     -0.44288699E-03
    1304     -0.15512137E-03     -0.15931804E-03     -0.13796658E-03     -0.44288699E-03
    1305     -0.15512706E-03     -0.15931804E-03     -0.13805605E-03     -0.44288699E-03
    1306     -0.15515118E-03     -0.15931804E-03     -0.13831837E-03     -0.44288699E-03
    1307     -0.15515424E-03     -0.15931804E-03     -0.13835686E-03     -0.44288699E-03
    1308     -0.15517718E-03     -0.15931804E-03     -0.13855205E-03     -0.44288699E-03
    1309     -0.15518312E-03     -0.15931804E-03     -0.13862109E-03     -0.44288699E-03
    1310     -0.15520187E-03     -0.15931804E-03     -0.13880445E-03     -0.44288699E-03
    1311     -0.15521525E-03     -0.15931804E-03     -0.13893188E-03     -0.44288699E-03
    1312     -0.15526179E-03     -0.15931804E-03     -0.13919258E-03     -0.44288699E-03
    1313     -0.15527108E-03     -0.15931804E-03     -0.13928432E-03     -0.44288699E-03
    1314     -0.15527696E-03     -0.15931804E-03     -0.13934188E-03     -0.44288699E-03
    1315     -0.15528732E-03     -0.15931804E-03     -0.13943099E-03     -0.44288699E-03
    1316     -0.15529013E-03     -0.15931804E-03     -0.13946933E-03     -0.44288699E-03
    1317     -0.15529629E-03     -0.15931804E-03     -0.13953402E-03     -0.44288699E-03
    1318     -0.15530550E-03     -0.15931804E-03     -0.13962564E-03     -0.44288699E-03
    1319     -0.15530749E-03     -0.15931804E-03     -0.13965259E-03     -0.44288699E-03
    1320     -0.15531428E-03     -0.15931804E-03     -0.13972545E-03     -0.44288699E-03
    1321     -0.15531714E-03     -0.15931804E-03     -0.13976400E-03     -0.44288699E-03
    1322     -0.15531959E-03     -0.15931804E-03     -0.13979274E-03     -0.44288699E-03
    1323     -0.15532970E-03     -0.15931804E-03     -0.13990950E-03     -0.44288699E-03
    1324     -0.15533421E-03     -0.15931804E-03     -0.13997001E-03     -0.44288699E-03
    1325     -0.15533825E-03     -0.15931804E-03     -0.14002165E-03     -0.44288699E-03
    1326     -0.15534533E-03     -0.15931804E-03     -0.14010368E-03     -0.44288699E-03
    1327     -0.15535337E-03     -0.15931804E-03     -0.14019905E-03     -0.44288699E-03
    1328     -0.15535756E-03     -0.15931804E-03     -0.14025685E-03     -0.44288699E-03
    1329     -0.15536299E-03     -0.15931804E-03     -0.14032800E-03     -0.44288699E-03
    1330     -0.15536610E-03     -0.15931804E-03     -0.14037316E-03     -0.44288699E-03
    1331     -0.15537026E-03     -0.15931804E-03     -0.14043075E-03     -0.44288699E-03
    1332     -0.15537622E-03     -0.15931804E-03     -0.14050379E-03     -0.44288699E-03
    1333     -0.15538233E-03     -0.15931804E-03     -0.14059004E-03     -0.44288699E-03
    1334     -0.15538756E-03     -0.15931804E-03     -0.14066771E-03     -0.44288699E-03
    1335     -0.15539066E-03     -0.15931804E-03     -0.14071814E-03     -0.44288699E-03
    1336     -0.15539661E-03     -0.15931804E-03     -0.14080312E-03     -0.44288699E-03
    1337     -0.15539929E-03     -0.15931804E-03     -0.14084165E-03     -0.44288699E-03
    1338     -0.15540277E-03     -0.15931804E-03     -0.14088828E-03     -0.44288699E-03
    1339     -0.15540517E-03     -0.15931804E-03     -0.14092110E-03     -0.44288699E-03
    1340     -0.15540792E-03     -0.15931804E-03     -0.14096246E-03     -0.44288699E-03
    1341     -0.15541212E-03     -0.15931804E-03     -0.14101196E-03     -0.44288699E-03
    1342     -0.15541428E-03     -0.15931804E-03     -0.14104332E-03     -0.44288699E-03
    1343     -0.15541690E-03     -0.15931804E-03     -0.14108372E-03     -0.44288699E-03
    1344     -0.15541998E-03     -0.15931804E-03     -0.14112821E-03     -0.44288699E-03
    1345     -0.15542286E-03     -0.15931804E-03     -0.14116900E-03     -0.44288699E-03
    1346     -0.15542502E-03     -0.15931804E-03     -0.14119768E-03     -0.44288699E-03
    1347     -0.15542823E-03     -0.15931804E-03     -0.14123709E-03     -0.44288699E-03
    1348     -0.15542993E-03     -0.15931804E-03     -0.14126287E-03     -0.44288699E-03
    1349     -0.15543239E-03     -0.15931804E-03     -0.14129797E-03     -0.44288699E-03
    1350     -0.15543420E-03     -0.15931804E-03     -0.14132820E-03     -0.44288699E-03
    1351     -0.15543595E-03     -0.15931804E-03     -0.14135322E-03     -0.44288699E-03
    1352     -0.15543757E-03     -0.15931804E-03     -0.14137872E-03     -0.44288699E-03
    1353     -0.15544360E-03     -0.15931804E-03     -0.14145962E-03     -0.44288699E-03
    1354     -0.15544708E-03     -0.15931804E-03     -0.14151096E-03     -0.44288699E-03
    1355     -0.15546223E-03     -0.15931804E-03     -0.14166256E-03     -0.44288699E-03
    1356     -0.15546478E-03     -0.15931804E-03     -0.14169387E-03     -0.44288699E-03
    1357     -0.15546800E-03     -0.15931804E-03     -0.14173952E-03     -0.44288699E-03
    1358     -0.15547304E-03     -0.15931804E-03     -0.14179809E-03     -0.44288699E-03
    1359     -0.15547655E-03     -0.15931804E-03     -0.14185519E-03     -0.44288699E-03
    1360     -0.15547920E-03     -0.15931804E-03     -0.14189487E-03     -0.44288699E-03
    1361     -0.15549003E-03     -0.15931804E-03     -0.14200940E-03     -0.44288699E-03
    1362     -0.15549362E-03     -0.15931804E-03     -0.14206230E-03     -0.44288699E-03
    1363     -0.15550415E-03     -0.15931804E-03     -0.14217810E-03     -0.44288699E-03
    1364     -0.15551156E-03     -0.15931804E-03     -0.14226065E-03     -0.44288699E-03
    1365     -0.15551806E-03     -0.15931804E-03     -0.14233061E-03     -0.44288699E-03
    1366     -0.15552516E-03     -0.15931804E-03     -0.14242345E-03     -0.44288699E-03
    1367     -0.15553102E-03     -0.15931804E-03     -0.14248004E-03     -0.44288699E-03
    1368     -0.15553992E-03     -0.15931804E-03     -0.14257777E-03     -0.44288699E-03
    1369     -0.15554492E-03     -0.15931804E-03     -0.14263582E-03     -0.44288699E-03
    1370     -0.15554879E-03     -0.15931804E-03     -0.14268540E-03     -0.44288699E-03
    1371     -0.15555051E-03     -0.15931804E-03     -0.14271677E-03     -0.44288699E-03
    1372     -0.15555444E-03     -0.15931804E-03     -0.14275640E-03     -0.44288699E-03
    1373     -0.15555915E-03     -0.15931804E-03     -0.14280381E-03     -0.44288699E-03
    1374     -0.15556339E-03     -0.15931804E-03     -0.14284604E-03     -0.44288699E-03
    1375     -0.15556610E-03     -0.15931804E-03     -0.14288435E-03     -0.44288699E-03
    1376     -0.15556857E-03     -0.15931804E-03     -0.14291908E-03     -0.44288699E-03
    1377     -0.15559594E-03     -0.15931804E-03     -0.14311790E-03     -0.44288699E-03
    1378     -0.15559854E-03     -0.15931804E-03     -0.14315338E-03     -0.44288699E-03
    1379     -0.15560113E-03     -0.15931804E-03     -0.14318982E-03     -0.44288699E-03
    1380     -0.15560314E-03     -0.15931804E-03     -0.14321982E-03     -0.44288699E-03
    1381     -0.15560990E-03     -0.15931804E-03     -0.14328870E-03     -0.44288699E-03
    1382     -0.15561232E-03     -0.15931804E-03     -0.14332139E-03     -0.44288699E-03
    1383     -0.15561406E-03     -0.15931804E-03     -0.14335073E-03     -0.44288699E-03
    1384     -0.15561802E-03     -0.15931804E-03     -0.14341022E-03     -0.44288699E-03
    1385     -0.15562059E-03     -0.15931804E-03     -0.14344944E-03     -0.44288699E-03
    1386     -0.15562277E-03     -0.15931804E-03     -0.14348370E-03     -0.44288699E-03
    1387     -0.15562633E-03     -0.15931804E-03     -0.14353856E-03     -0.44288699E-03
    1388     -0.15563134E-03     -0.15931804E-03     -0.14360909E-03     -0.44288699E-03
    1389     -0.15563428E-03     -0.15931804E-03     -0.14365303E-03     -0.44288699E-03
    1390     -0.15563749E-03     -0.15931804E-03     -0.14369739E-03     -0.44288699E-03
    1391     -0.15564398E-03     -0.15931804E-03     -0.14377766E-03     -0.44288699E-03
    1392     -0.15565845E-03     -0.15931804E-03     -0.14396066E-03     -0.44288699E-03
    1393     -0.15566148E-03     -0.15931804E-03     -0.14400596E-03     -0.44288699E-03
    1394     -0.15566904E-03     -0.15931804E-03     -0.14409246E-03     -0.44288699E-03
    1395     -0.15567349E-03     -0.15931804E-03     -0.14415493E-03     -0.44288699E-03
    1396     -0.15567724E-03     -0.15931804E-03     -0.14420662E-03     -0.44288699E-03
    1397     -0.15567974E-03     -0.15931804E-03     -0.14424127E-03     -0.44288699E-03
    1398     -0.15568238E-03     -0.15931804E-03     -0.14427014E-03     -0.44288699E-03
    1399     -0.15568680E-03     -0.15931804E-03     -0.14432242E-03     -0.44288699E-03
    1400     -0.15568999E-03     -0.15931804E-03     -0.14437189E-03     -0.44288699E-03
    1401     -0.15569267E-03     -0.15931804E-03     -0.14440745E-03     -0.44288699E-03
    1402     -0.15570084E-03     -0.15931804E-03     -0.14448282E-03     -0.44288699E-03
    1403     -0.15571178E-03     -0.15931804E-03     -0.14462219E-03     -0.44288699E-03
    1404     -0.15571479E-03     -0.15931804E-03     -0.14467777E-03     -0.44288699E-03
    1405     -0.15572422E-03     -0.15931804E-03     -0.14478660E-03     -0.44288699E-03
    1406     -0.15572734E-03     -0.15931804E-03     -0.14484818E-03     -0.44288699E-03
    1407     -0.15573231E-03     -0.15931804E-03     -0.14492510E-03     -0.44288699E-03
    1408     -0.15575091E-03     -0.15931804E-03     -0.14512807E-03     -0.44288699E-03
    1409     -0.15575310E-03     -0.15931804E-03     -0.14517044E-03     -0.44288699E-03
    1410     -0.15575774E-03     -0.15931804E-03     -0.14524102E-03     -0.44288699E-03
    1411     -0.15575985E-03     -0.15931804E-03     -0.14527276E-03     -0.44288699E-03
    1412     -0.15576226E-03     -0.15931804E-03     -0.14531121E-03     -0.44288699E-03
    1413     -0.15576425E-03     -0.15931804E-03     -0.14533945E-03     -0.44288699E-03
    1414     -0.15576597E-03     -0.15931804E-03     -0.14536945E-03     -0.44288699E-03
    1415     -0.15576934E-03     -0.15931804E-03     -0.14541824E-03     -0.44288699E-03
    1416     -0.15577069E-03     -0.15931804E-03     -0.14544325E-03     -0.44288699E-03
    1417     -0.15577544E-03     -0.15931804E-03     -0.14551182E-03     -0.44288699E-03
    1418     -0.15577834E-03     -0.15931804E-03     -0.14555456E-03     -0.44288699E-03
    1419     -0.15578457E-03     -0.15931804E-03     -0.14564751E-03     -0.44288699E-03
    1420     -0.15578720E-03     -0.15931804E-03     -0.14569046E-03     -0.44288699E-03
    1421     -0.15578874E-03     -0.15931804E-03     -0.14571550E-03     -0.44288699E-03
    1422     -0.15579340E-03     -0.15931804E-03     -0.14578799E-03     -0.44288699E-03
    1423     -0.15580242E-03     -0.15931804E-03     -0.14592742E-03     -0.44288699E-03
    1424     -0.15580396E-03     -0.15931804E-03     -0.14595312E-03     -0.44288699E-03
    1425     -0.15580568E-03     -0.15931804E-03     -0.14598509E-03     -0.44288699E-03
    1426     -0.15580714E-03     -0.15931804E-03     -0.14600960E-03     -0.44288699E-03
    1427     -0.15580930E-03     -0.15931804E-03     -0.14604297E-03     -0.44288699E-03
    1428     -0.15581040E-03     -0.15931804E-03     -0.14606283E-03     -0.44288699E-03
    1429     -0.15581155E-03     -0.15931804E-03     -0.14608607E-03     -0.44288699E-03
    1430     -0.15581513E-03     -0.15931804E-03     -0.14613426E-03     -0.44288699E-03
    1431     -0.15581745E-03     -0.15931804E-03     -0.14616975E-03     -0.44288699E-03
    1432     -0.15581889E-03     -0.15931804E-03     -0.14619046E-03     -0.44288699E-03
    1433     -0.15582346E-03     -0.15931804E-03     -0.14624834E-03     -0.44288699E-03
    1434     -0.15582740E-03     -0.15931804E-03     -0.14630372E-03     -0.44288699E-03
    1435     -0.15582821E-03     -0.15931804E-03     -0.14632805E-03     -0.44288699E-03
    1436     -0.15583050E-03     -0.15931804E-03     -0.14636762E-03     -0.44288699E-03
    1437     -0.15583519E-03     -0.15931804E-03     -0.14643345E-03     -0.44288699E-03
    1438     -0.15583752E-03     -0.15931804E-03     -0.14646884E-03     -0.44288699E-03
    1439     -0.15584544E-03     -0.15931804E-03     -0.14657302E-03     -0.44288699E-03
    1440     -0.15585284E-03     -0.15931804E-03     -0.14667981E-03     -0.44288699E-03
    1441     -0.15585669E-03     -0.15931804E-03     -0.14673328E-03     -0.44288699E-03
    1442     -0.15585934E-03     -0.15931804E-03     -0.14677937E-03     -0.44288699E-03
    1443     -0.15586334E-03     -0.15931804E-03     -0.14683695E-03     -0.44288699E-03
    1444     -0.15586804E-03     -0.15931804E-03     -0.14690096E-03     -0.44288699E-03
    1445     -0.15587043E-03     -0.15931804E-03     -0.14694607E-03     -0.44288699E-03
    1446     -0.15587601E-03     -0.15931804E-03     -0.14703280E-03     -0.44288699E-03
    1447     -0.15587851E-03     -0.15931804E-03     -0.14707329E-03     -0.44288699E-03
    1448     -0.15588320E-03     -0.15931804E-03     -0.14714251E-03     -0.44288699E-03
    1449     -0.15588448E-03     -0.15931804E-03     -0.14716840E-03     -0.44288699E-03
    1450     -0.15589788E-03     -0.15931804E-03     -0.14731663E-03     -0.44288699E-03
    1451     -0.15590293E-03     -0.15931804E-03     -0.14739117E-03     -0.44288699E-03
    1452     -0.15590674E-03     -0.15931804E-03     -0.14745005E-03     -0.44288699E-03
    1453     -0.15591076E-03     -0.15931804E-03     -0.14750420E-03     -0.44288699E-03
    1454     -0.15591511E-03     -0.15931804E-03     -0.14758308E-03     -0.44288699E-03
    1455     -0.15592085E-03     -0.15931804E-03     -0.14766519E-03     -0.44288699E-03
    1456     -0.15592575E-03     -0.15931804E-03     -0.14773095E-03     -0.44288699E-03
    1457     -0.15592925E-03     -0.15931804E-03     -0.14778820E-03     -0.44288699E-03
    1458     -0.15593731E-03     -0.15931804E-03     -0.14792350E-03     -0.44288699E-03
    1459     -0.15593969E-03     -0.15931804E-03     -0.14796561E-03     -0.44288699E-03
    1460     -0.15594591E-03     -0.15931804E-03     -0.14806779E-03     -0.44288699E-03
    1461     -0.15594923E-03     -0.15931804E-03     -0.14812703E-03     -0.44288699E-03
    1462     -0.15595391E-03     -0.15931804E-03     -0.14820307E-03     -0.44288699E-03
    1463     -0.15595595E-03     -0.15931804E-03     -0.14824419E-03     -0.44288699E-03
    1464     -0.15596699E-03     -0.15931804E-03     -0.14841816E-03     -0.44288699E-03
    1465     -0.15596979E-03     -0.15931804E-03     -0.14847208E-03     -0.44288699E-03
    1466     -0.15597144E-03     -0.15931804E-03     -0.14850828E-03     -0.44288699E-03
    1467     -0.15597399E-03     -0.15931804E-03     -0.14855444E-03     -0.44288699E-03
    1468     -0.15597576E-03     -0.15931804E-03     -0.14858971E-03     -0.44288699E-03
    1469     -0.15598338E-03     -0.15931804E-03     -0.14871546E-03     -0.44288699E-03
    1470     -0.15598496E-03     -0.15931804E-03     -0.14874132E-03     -0.44288699E-03
    1471     -0.15598832E-03     -0.15931804E-03     -0.14880132E-03     -0.44288699E-03
    1472     -0.15599032E-03     -0.15931804E-03     -0.14884500E-03     -0.44288699E-03
    1473     -0.15599460E-03     -0.15931804E-03     -0.14891435E-03     -0.44288699E-03
    1474     -0.15599696E-03     -0.15931804E-03     -0.14895979E-03     -0.44288699E-03
    1475     -0.15600465E-03     -0.15931804E-03     -0.14906808E-03     -0.44288699E-03
    1476     -0.15600828E-03     -0.15931804E-03     -0.14912647E-03     -0.44288699E-03
    1477     -0.15601004E-03     -0.15931804E-03     -0.14916600E-03     -0.44288699E-03
    1478     -0.15601701E-03     -0.15931804E-03     -0.14930381E-03     -0.44288699E-03
    1479     -0.15602473E-03     -0.15931804E-03     -0.14943988E-03     -0.44288699E-03
    1480     -0.15602979E-03     -0.15931804E-03     -0.14954035E-03     -0.44288699E-03
    1481     -0.15603394E-03     -0.15931804E-03     -0.14962374E-03     -0.44288699E-03
    1482     -0.15603959E-03     -0.15931804E-03     -0.14973286E-03     -0.44288699E-03
    1483     -0.15604200E-03     -0.15931804E-03     -0.14978070E-03     -0.44288699E-03
    1484     -0.15604423E-03     -0.15931804E-03     -0.14982634E-03     -0.44288699E-03
    1485     -0.15604756E-03     -0.15931804E-03     -0.14989521E-03     -0.44288699E-03
    1486     -0.15604917E-03     -0.15931804E-03     -0.14993089E-03     -0.44288699E-03
    1487     -0.15605089E-03     -0.15931804E-03     -0.14997041E-03     -0.44288699E-03
    1488     -0.15605198E-03     -0.15931804E-03     -0.14999823E-03     -0.44288699E-03
    1489     -0.15605443E-03     -0.15931804E-03     -0.15005215E-03     -0.44288699E-03
    1490     -0.15605613E-03     -0.15931804E-03     -0.15008977E-03     -0.44288699E-03
    1491     -0.15605728E-03     -0.15931804E-03     -0.15011577E-03     -0.44288699E-03
    1492     -0.15605970E-03     -0.15931804E-03     -0.15016292E-03     -0.44288699E-03
    1493     -0.15606327E-03     -0.15931804E-03     -0.15023978E-03     -0.44288699E-03
    1494     -0.15606622E-03     -0.15931804E-03     -0.15029902E-03     -0.44288699E-03
    1495     -0.15606980E-03     -0.15931804E-03     -0.15036994E-03     -0.44288699E-03
    1496     -0.15607194E-03     -0.15931804E-03     -0.15040758E-03     -0.44288699E-03
    1497     -0.15607903E-03     -0.15931804E-03     -0.15054597E-03     -0.44288699E-03
    1498     -0.15608273E-03     -0.15931804E-03     -0.15061728E-03     -0.44288699E-03
    1499     -0.15608910E-03     -0.15931804E-03     -0.15073894E-03     -0.44288699E-03
    1500     -0.15609417E-03     -0.15931804E-03     -0.15083374E-03     -0.44288699E-03
    1501     -0.15609781E-03     -0.15931804E-03     -0.15090418E-03     -0.44288699E-03
    1502     -0.15610573E-03     -0.15931804E-03     -0.15106499E-03     -0.44288699E-03
    1503     -0.15610906E-03     -0.15931804E-03     -0.15113336E-03     -0.44288699E-03
    1504     -0.15611246E-03     -0.15931804E-03     -0.15119978E-03     -0.44288699E-03
    1505     -0.15611480E-03     -0.15931804E-03     -0.15124925E-03     -0.44288699E-03
    1506     -0.15612262E-03     -0.15931804E-03     -0.15138564E-03     -0.44288699E-03
    1507     -0.15612843E-03     -0.15931804E-03     -0.15149235E-03     -0.44288699E-03
    1508     -0.15613047E-03     -0.15931804E-03     -0.15153112E-03     -0.44288699E-03
    1509     -0.15613466E-03     -0.15931804E-03     -0.15161032E-03     -0.44288699E-03
    1510     -0.15613651E-03     -0.15931804E-03     -0.15165039E-03     -0.44288699E-03
    1511     -0.15613902E-03     -0.15931804E-03     -0.15170327E-03     -0.44288699E-03
    1512     -0.15614399E-03     -0.15931804E-03     -0.15180250E-03     -0.44288699E-03
    1513     -0.15615106E-03     -0.15931804E-03     -0.15192452E-03     -0.44288699E-03
    1514     -0.15615637E-03     -0.15931804E-03     -0.15202356E-03     -0.44288699E-03
    1515     -0.15615806E-03     -0.15931804E-03     -0.15206013E-03     -0.44288699E-03
    1516     -0.15616098E-03     -0.15931804E-03     -0.15211635E-03     -0.44288699E-03
    1517     -0.15616405E-03     -0.15931804E-03     -0.15218171E-03     -0.44288699E-03
    1518     -0.15616514E-03     -0.15931804E-03     -0.15220728E-03     -0.44288699E-03
    1519     -0.15616792E-03     -0.15931804E-03     -0.15226444E-03     -0.44288699E-03
    1520     -0.15616959E-03     -0.15931804E-03     -0.15230144E-03     -0.44288699E-03
    1521     -0.15617104E-03     -0.15931804E-03     -0.15233751E-03     -0.44288699E-03
    1522     -0.15617388E-03     -0.15931804E-03     -0.15238877E-03     -0.44288699E-03
    1523     -0.15617570E-03     -0.15931804E-03     -0.15242502E-03     -0.44288699E-03
    1524     -0.15617714E-03     -0.15931804E-03     -0.15245889E-03     -0.44288699E-03
    1525     -0.15617852E-03     -0.15931804E-03     -0.15249152E-03     -0.44288699E-03
    1526     -0.15618039E-03     -0.15931804E-03     -0.15252796E-03     -0.44288699E-03
    1527     -0.15618313E-03     -0.15931804E-03     -0.15258683E-03     -0.44288699E-03
    1528     -0.15618819E-03     -0.15931804E-03     -0.15269901E-03     -0.44288699E-03
    1529     -0.15619337E-03     -0.15931804E-03     -0.15278349E-03     -0.44288699E-03
    1530     -0.15619612E-03     -0.15931804E-03     -0.15282962E-03     -0.44288699E-03
    1531     -0.15619766E-03     -0.15931804E-03     -0.15286378E-03     -0.44288699E-03
    1532     -0.15620229E-03     -0.15931804E-03     -0.15294587E-03     -0.44288699E-03
    1533     -0.15620467E-03     -0.15931804E-03     -0.15299182E-03     -0.44288699E-03
    1534     -0.15620760E-03     -0.15931804E-03     -0.15304951E-03     -0.44288699E-03
    1535     -0.15620904E-03     -0.15931804E-03     -0.15308157E-03     -0.44288699E-03
    1536     -0.15621251E-03     -0.15931804E-03     -0.15314834E-03     -0.44288699E-03
    1537     -0.15621821E-03     -0.15931804E-03     -0.15323948E-03     -0.44288699E-03
    1538     -0.15622560E-03     -0.15931804E-03     -0.15335059E-03     -0.44288699E-03
    1539     -0.15623935E-03     -0.15931804E-03     -0.15353237E-03     -0.44288699E-03
    1540     -0.15625215E-03     -0.15931804E-03     -0.15371150E-03     -0.44288699E-03
    1541     -0.15625718E-03     -0.15931804E-03     -0.15379741E-03     -0.44288699E-03
    1542     -0.15626441E-03     -0.15931804E-03     -0.15391559E-03     -0.44288699E-03
    1543     -0.15627061E-03     -0.15931804E-03     -0.15402489E-03     -0.44288699E-03
    1544     -0.15627179E-03     -0.15931804E-03     -0.15404941E-03     -0.44288699E-03
    1545     -0.15627597E-03     -0.15931804E-03     -0.15412422E-03     -0.44288699E-03
    1546     -0.15628064E-03     -0.15931804E-03     -0.15420595E-03     -0.44288699E-03
    1547     -0.15628233E-03     -0.15931804E-03     -0.15424161E-03     -0.44288699E-03
    1548     -0.15628651E-03     -0.15931804E-03     -0.15431684E-03     -0.44288699E-03
    1549     -0.15628781E-03     -0.15931804E-03     -0.15434565E-03     -0.44288699E-03
    1550     -0.15628962E-03     -0.15931804E-03     -0.15437943E-03     -0.44288699E-03
    1551     -0.15629174E-03     -0.15931804E-03     -0.15442308E-03     -0.44288699E-03
    1552     -0.15629334E-03     -0.15931804E-03     -0.15446022E-03     -0.44288699E-03
    1553     -0.15629452E-03     -0.15931804E-03     -0.15448526E-03     -0.44288699E-03
    1554     -0.15629620E-03     -0.15931804E-03     -0.15452449E-03     -0.44288699E-03
    1555     -0.15629789E-03     -0.15931804E-03     -0.15456230E-03     -0.44288699E-03
    1556     -0.15629913E-03     -0.15931804E-03     -0.15459121E-03     -0.44288699E-03
    1557     -0.15630008E-03     -0.15931804E-03     -0.15461733E-03     -0.44288699E-03
    1558     -0.15630211E-03     -0.15931804E-03     -0.15466011E-03     -0.44288699E-03
    1559     -0.15630387E-03     -0.15931804E-03     -0.15470294E-03     -0.44288699E-03
    1560     -0.15630793E-03     -0.15931804E-03     -0.15479080E-03     -0.44288699E-03
    1561     -0.15631013E-03     -0.15931804E-03     -0.15483968E-03     -0.44288699E-03
    1562     -0.15631292E-03     -0.15931804E-03     -0.15490081E-03     -0.44288699E-03
    1563     -0.15631511E-03     -0.15931804E-03     -0.15494911E-03     -0.44288699E-03
    1564     -0.15631694E-03     -0.15931804E-03     -0.15499360E-03     -0.44288699E-03
    1565     -0.15631763E-03     -0.15931804E-03     -0.15501221E-03     -0.44288699E-03
    1566     -0.15631960E-03     -0.15931804E-03     -0.15505255E-03     -0.44288699E-03
    1567     -0.15632166E-03     -0.15931804E-03     -0.15509741E-03     -0.44288699E-03
    1568     -0.15632307E-03     -0.15931804E-03     -0.15513101E-03     -0.44288699E-03
    1569     -0.15632578E-03     -0.15931804E-03     -0.15518914E-03     -0.44288699E-03
    1570     -0.15632726E-03     -0.15931804E-03     -0.15521860E-03     -0.44288699E-03
    1571     -0.15632848E-03     -0.15931804E-03     -0.15524438E-03     -0.44288699E-03
    1572     -0.15633258E-03     -0.15931804E-03     -0.15534074E-03     -0.44288699E-03
    1573     -0.15633407E-03     -0.15931804E-03     -0.15537082E-03     -0.44288699E-03
    1574     -0.15633993E-03     -0.15931804E-03     -0.15550260E-03     -0.44288699E-03
    1575     -0.15634226E-03     -0.15931804E-03     -0.15556607E-03     -0.44288699E-03
    1576     -0.15634343E-03     -0.15931804E-03     -0.15560165E-03     -0.44288699E-03
    1577     -0.15634667E-03     -0.15931804E-03     -0.15567657E-03     -0.44288699E-03
    1578     -0.15634884E-03     -0.15931804E-03     -0.15572975E-03     -0.44288699E-03
    1579     -0.15635251E-03     -0.15931804E-03     -0.15581074E-03     -0.44288699E-03
    1580     -0.15635366E-03     -0.15931804E-03     -0.15585338E-03     -0.44288699E-03
    1581     -0.15635624E-03     -0.15931804E-03     -0.15591873E-03     -0.44288699E-03
    1582     -0.15635803E-03     -0.15931804E-03     -0.15595850E-03     -0.44288699E-03
    1583     -0.15635997E-03     -0.15931804E-03     -0.15600631E-03     -0.44288699E-03
    1584     -0.15636342E-03     -0.15931804E-03     -0.15608757E-03     -0.44288699E-03
    1585     -0.15636491E-03     -0.15931804E-03     -0.15612887E-03     -0.44288699E-03
    1586     -0.15636705E-03     -0.15931804E-03     -0.15617777E-03     -0.44288699E-03
    1587     -0.15636867E-03     -0.15931804E-03     -0.15621606E-03     -0.44288699E-03
    1588     -0.15636990E-03     -0.15931804E-03     -0.15624585E-03     -0.44288699E-03
    1589     -0.15637150E-03     -0.15931804E-03     -0.15628101E-03     -0.44288699E-03
    1590     -0.15637242E-03     -0.15931804E-03     -0.15630576E-03     -0.44288699E-03
    1591     -0.15637346E-03     -0.15931804E-03     -0.15632971E-03     -0.44288699E-03
    1592     -0.15637411E-03     -0.15931804E-03     -0.15635479E-03     -0.44288699E-03
    1593     -0.15637497E-03     -0.15931804E-03     -0.15638056E-03     -0.44288699E-03
    1594     -0.15637551E-03     -0.15931804E-03     -0.15639911E-03     -0.44288699E-03
    1595     -0.15637651E-03     -0.15931804E-03     -0.15643394E-03     -0.44288699E-03
    1596     -0.15637810E-03     -0.15931804E-03     -0.15647918E-03     -0.44288699E-03
    1597     -0.15637919E-03     -0.15931804E-03     -0.15651287E-03     -0.44288699E-03
    1598     -0.15638252E-03     -0.15931804E-03     -0.15658035E-03     -0.44288699E-03
    1599     -0.15638409E-03     -0.15931804E-03     -0.15662353E-03     -0.44288699E-03
    1600     -0.15639063E-03     -0.15931804E-03     -0.15674752E-03     -0.44288699E-03
    1601     -0.15639412E-03     -0.15931804E-03     -0.15682490E-03     -0.44288699E-03
    1602     -0.15639917E-03     -0.15931804E-03     -0.15698259E-03     -0.44288699E-03
    1603     -0.15640217E-03     -0.15931804E-03     -0.15706175E-03     -0.44288699E-03
    1604     -0.15640534E-03     -0.15931804E-03     -0.15719377E-03     -0.44288699E-03
    1605     -0.15640973E-03     -0.15931804E-03     -0.15736561E-03     -0.44288699E-03
    1606     -0.15641397E-03     -0.15931804E-03     -0.15760617E-03     -0.44288699E-03
    1607     -0.15641652E-03     -0.15931804E-03     -0.15768406E-03     -0.44288699E-03
    1608     -0.15641788E-03     -0.15931804E-03     -0.15772546E-03     -0.44288699E-03
    1609     -0.15642571E-03     -0.15931804E-03     -0.15795984E-03     -0.44288699E-03
    1610     -0.15642710E-03     -0.15931804E-03     -0.15800665E-03     -0.44288699E-03
    1611     -0.15643320E-03     -0.15931804E-03     -0.15818142E-03     -0.44288699E-03
    1612     -0.15643492E-03     -0.15931804E-03     -0.15823210E-03     -0.44288699E-03
    1613     -0.15643713E-03     -0.15931804E-03     -0.15831391E-03     -0.44288699E-03
    1614     -0.15643882E-03     -0.15931804E-03     -0.15836186E-03     -0.44288699E-03
    1615     -0.15644041E-03     -0.15931804E-03     -0.15844050E-03     -0.44288699E-03
    1616     -0.15644654E-03     -0.15931804E-03     -0.15861656E-03     -0.44288699E-03
    1617     -0.15644738E-03     -0.15931804E-03     -0.15864433E-03     -0.44288699E-03
    1618     -0.15644840E-03     -0.15931804E-03     -0.15869077E-03     -0.44288699E-03
    1619     -0.15645238E-03     -0.15931804E-03     -0.15886817E-03     -0.44288699E-03
    1620     -0.15645371E-03     -0.15931804E-03     -0.15896801E-03     -0.44288699E-03
    1621     -0.15645500E-03     -0.15931804E-03     -0.15901580E-03     -0.44288699E-03
    1622     -0.15645625E-03     -0.15931804E-03     -0.15912030E-03     -0.44288699E-03
    1623     -0.15645713E-03     -0.15931804E-03     -0.15917419E-03     -0.44288699E-03
    1624     -0.15645822E-03     -0.15931804E-03     -0.15922649E-03     -0.44288699E-03
    1625     -0.15646012E-03     -0.15931804E-03     -0.15942937E-03     -0.44288699E-03
    1626     -0.15646143E-03     -0.15931804E-03     -0.15949284E-03     -0.44288699E-03
    1627     -0.15646288E-03     -0.15931804E-03     -0.15954584E-03     -0.44288699E-03
    1628     -0.15646487E-03     -0.15931804E-03     -0.15964555E-03     -0.44288699E-03
    1629     -0.15646673E-03     -0.15931804E-03     -0.15971677E-03     -0.44288699E-03
    1630     -0.15646842E-03     -0.15931804E-03     -0.15980022E-03     -0.44288699E-03
    1631     -0.15646970E-03     -0.15931804E-03     -0.15984927E-03     -0.44288699E-03
    1632     -0.15647068E-03     -0.15931804E-03     -0.15988202E-03     -0.44288699E-03
    1633     -0.15647192E-03     -0.15931804E-03     -0.15992457E-03     -0.44288699E-03
    1634     -0.15647307E-03     -0.15931804E-03     -0.15997136E-03     -0.44288699E-03
    1635     -0.15647406E-03     -0.15931804E-03     -0.16000928E-03     -0.44288699E-03
    1636     -0.15647607E-03     -0.15931804E-03     -0.16009641E-03     -0.44288699E-03
    1637     -0.15647717E-03     -0.15931804E-03     -0.16014790E-03     -0.44288699E-03
    1638     -0.15647819E-03     -0.15931804E-03     -0.16018847E-03     -0.44288699E-03
    1639     -0.15648005E-03     -0.15931804E-03     -0.16027774E-03     -0.44288699E-03
    1640     -0.15648147E-03     -0.15931804E-03     -0.16031190E-03     -0.44288699E-03
    1641     -0.15648340E-03     -0.15931804E-03     -0.16038009E-03     -0.44288699E-03
    1642     -0.15648520E-03     -0.15931804E-03     -0.16042741E-03     -0.44288699E-03
    1643     -0.15648623E-03     -0.15931804E-03     -0.16045821E-03     -0.44288699E-03
    1644     -0.15648837E-03     -0.15931804E-03     -0.16051905E-03     -0.44288699E-03
    1645     -0.15648936E-03     -0.15931804E-03     -0.16055301E-03     -0.44288699E-03
    1646     -0.15649048E-03     -0.15931804E-03     -0.16059179E-03     -0.44288699E-03
    1647     -0.15649158E-03     -0.15931804E-03     -0.16062531E-03     -0.44288699E-03
    1648     -0.15649262E-03     -0.15931804E-03     -0.16065815E-03     -0.44288699E-03
    1649     -0.15649392E-03     -0.15931804E-03     -0.16070062E-03     -0.44288699E-03
    1650     -0.15649449E-03     -0.15931804E-03     -0.16072280E-03     -0.44288699E-03
    1651     -0.15649562E-03     -0.15931804E-03     -0.16076438E-03     -0.44288699E-03
    1652     -0.15649794E-03     -0.15931804E-03     -0.16082610E-03     -0.44288699E-03
    1653     -0.15649922E-03     -0.15931804E-03     -0.16088250E-03     -0.44288699E-03
    1654     -0.15650069E-03     -0.15931804E-03     -0.16094406E-03     -0.44288699E-03
    1655     -0.15650296E-03     -0.15931804E-03     -0.16101598E-03     -0.44288699E-03
    1656     -0.15650407E-03     -0.15931804E-03     -0.16105649E-03     -0.44288699E-03
    1657     -0.15650529E-03     -0.15931804E-03     -0.16113462E-03     -0.44288699E-03
    1658     -0.15650724E-03     -0.15931804E-03     -0.16119451E-03     -0.44288699E-03
    1659     -0.15650988E-03     -0.15931804E-03     -0.16125562E-03     -0.44288699E-03
    1660     -0.15651214E-03     -0.15931804E-03     -0.16131842E-03     -0.44288699E-03
    1661     -0.15651503E-03     -0.15931804E-03     -0.16140088E-03     -0.44288699E-03
    1662     -0.15651663E-03     -0.15931804E-03     -0.16144644E-03     -0.44288699E-03
    1663     -0.15651776E-03     -0.15931804E-03     -0.16148144E-03     -0.44288699E-03
    1664     -0.15652054E-03     -0.15931804E-03     -0.16154915E-03     -0.44288699E-03
    1665     -0.15652282E-03     -0.15931804E-03     -0.16160618E-03     -0.44288699E-03
    1666     -0.15652617E-03     -0.15931804E-03     -0.16169114E-03     -0.44288699E-03
    1667     -0.15652785E-03     -0.15931804E-03     -0.16172902E-03     -0.44288699E-03
    1668     -0.15653105E-03     -0.15931804E-03     -0.16181981E-03     -0.44288699E-03
    1669     -0.15653334E-03     -0.15931804E-03     -0.16187328E-03     -0.44288699E-03
    1670     -0.15653668E-03     -0.15931804E-03     -0.16195818E-03     -0.44288699E-03
    1671     -0.15654114E-03     -0.15931804E-03     -0.16207206E-03     -0.44288699E-03
    1672     -0.15654299E-03     -0.15931804E-03     -0.16212036E-03     -0.44288699E-03
    1673     -0.15654428E-03     -0.15931804E-03     -0.16215995E-03     -0.44288699E-03
    1674     -0.15654575E-03     -0.15931804E-03     -0.16222451E-03     -0.44288699E-03
    1675     -0.15654729E-03     -0.15931804E-03     -0.16227188E-03     -0.44288699E-03
    1676     -0.15654822E-03     -0.15931804E-03     -0.16230399E-03     -0.44288699E-03
    1677     -0.15655110E-03     -0.15931804E-03     -0.16240712E-03     -0.44288699E-03
    1678     -0.15655264E-03     -0.15931804E-03     -0.16244643E-03     -0.44288699E-03
    1679     -0.15655348E-03     -0.15931804E-03     -0.16246916E-03     -0.44288699E-03
    1680     -0.15655516E-03     -0.15931804E-03     -0.16251312E-03     -0.44288699E-03
    1681     -0.15655639E-03     -0.15931804E-03     -0.16254350E-03     -0.44288699E-03
    1682     -0.15655797E-03     -0.15931804E-03     -0.16258539E-03     -0.44288699E-03
    1683     -0.15655934E-03     -0.15931804E-03     -0.16261689E-03     -0.44288699E-03
    1684     -0.15656053E-03     -0.15931804E-03     -0.16265096E-03     -0.44288699E-03
    1685     -0.15656157E-03     -0.15931804E-03     -0.16267973E-03     -0.44288699E-03
    1686     -0.15656287E-03     -0.15931804E-03     -0.16272118E-03     -0.44288699E-03
    1687     -0.15656710E-03     -0.15931804E-03     -0.16290835E-03     -0.44288699E-03
    1688     -0.15656877E-03     -0.15931804E-03     -0.16294376E-03     -0.44288699E-03
    1689     -0.15657129E-03     -0.15931804E-03     -0.16301056E-03     -0.44288699E-03
    1690     -0.15657263E-03     -0.15931804E-03     -0.16305111E-03     -0.44288699E-03
    1691     -0.15657390E-03     -0.15931804E-03     -0.16308867E-03     -0.44288699E-03
    1692     -0.15657609E-03     -0.15931804E-03     -0.16314734E-03     -0.44288699E-03
    1693     -0.15657718E-03     -0.15931804E-03     -0.16318275E-03     -0.44288699E-03
    1694     -0.15657862E-03     -0.15931804E-03     -0.16322299E-03     -0.44288699E-03
    1695     -0.15657940E-03     -0.15931804E-03     -0.16324447E-03     -0.44288699E-03
    1696     -0.15658066E-03     -0.15931804E-03     -0.16328090E-03     -0.44288699E-03
    1697     -0.15658202E-03     -0.15931804E-03     -0.16331492E-03     -0.44288699E-03
    1698     -0.15658537E-03     -0.15931804E-03     -0.16341118E-03     -0.44288699E-03
    1699     -0.15658672E-03     -0.15931804E-03     -0.16345164E-03     -0.44288699E-03
    1700     -0.15658868E-03     -0.15931804E-03     -0.16350641E-03     -0.44288699E-03
    1701     -0.15659046E-03     -0.15931804E-03     -0.16355591E-03     -0.44288699E-03
    1702     -0.15659346E-03     -0.15931804E-03     -0.16363222E-03     -0.44288699E-03
    1703     -0.15659459E-03     -0.15931804E-03     -0.16366469E-03     -0.44288699E-03
    1704     -0.15659662E-03     -0.15931804E-03     -0.16371865E-03     -0.44288699E-03
    1705     -0.15659823E-03     -0.15931804E-03     -0.16377135E-03     -0.44288699E-03
    1706     -0.15659908E-03     -0.15931804E-03     -0.16379819E-03     -0.44288699E-03
    1707     -0.15660122E-03     -0.15931804E-03     -0.16387343E-03     -0.44288699E-03
    1708     -0.15660219E-03     -0.15931804E-03     -0.16391395E-03     -0.44288699E-03
    1709     -0.15660295E-03     -0.15931804E-03     -0.16394110E-03     -0.44288699E-03
    1710     -0.15660378E-03     -0.15931804E-03     -0.16398643E-03     -0.44288699E-03
    1711     -0.15660512E-03     -0.15931804E-03     -0.16404475E-03     -0.44288699E-03
    1712     -0.15660638E-03     -0.15931804E-03     -0.16409292E-03     -0.44288699E-03
    1713     -0.15660775E-03     -0.15931804E-03     -0.16415825E-03     -0.44288699E-03
    1714     -0.15660910E-03     -0.15931804E-03     -0.16420089E-03     -0.44288699E-03
    1715     -0.15660990E-03     -0.15931804E-03     -0.16423113E-03     -0.44288699E-03
    1716     -0.15661132E-03     -0.15931804E-03     -0.16426815E-03     -0.44288699E-03
    1717     -0.15661253E-03     -0.15931804E-03     -0.16430264E-03     -0.44288699E-03
    1718     -0.15661347E-03     -0.15931804E-03     -0.16434183E-03     -0.44288699E-03
    1719     -0.15661481E-03     -0.15931804E-03     -0.16438529E-03     -0.44288699E-03
    1720     -0.15661604E-03     -0.15931804E-03     -0.16442282E-03     -0.44288699E-03
    1721     -0.15661756E-03     -0.15931804E-03     -0.16448916E-03     -0.44288699E-03
    1722     -0.15661962E-03     -0.15931804E-03     -0.16453932E-03     -0.44288699E-03
    1723     -0.15662080E-03     -0.15931804E-03     -0.16457860E-03     -0.44288699E-03
    1724     -0.15662229E-03     -0.15931804E-03     -0.16462190E-03     -0.44288699E-03
    1725     -0.15662326E-03     -0.15931804E-03     -0.16465473E-03     -0.44288699E-03
    1726     -0.15662424E-03     -0.15931804E-03     -0.16468880E-03     -0.44288699E-03
    1727     -0.15662520E-03     -0.15931804E-03     -0.16472154E-03     -0.44288699E-03
    1728     -0.15662839E-03     -0.15931804E-03     -0.16478973E-03     -0.44288699E-03
    1729     -0.15662993E-03     -0.15931804E-03     -0.16483315E-03     -0.44288699E-03
    1730     -0.15663114E-03     -0.15931804E-03     -0.16486660E-03     -0.44288699E-03
    1731     -0.15663272E-03     -0.15931804E-03     -0.16490777E-03     -0.44288699E-03
    1732     -0.15663423E-03     -0.15931804E-03     -0.16494798E-03     -0.44288699E-03
    1733     -0.15663571E-03     -0.15931804E-03     -0.16498903E-03     -0.44288699E-03
    1734     -0.15663872E-03     -0.15931804E-03     -0.16505614E-03     -0.44288699E-03
    1735     -0.15664029E-03     -0.15931804E-03     -0.16509703E-03     -0.44288699E-03
    1736     -0.15664493E-03     -0.15931804E-03     -0.16518656E-03     -0.44288699E-03
    1737     -0.15665069E-03     -0.15931804E-03     -0.16529096E-03     -0.44288699E-03
    1738     -0.15665460E-03     -0.15931804E-03     -0.16537671E-03     -0.44288699E-03
    1739     -0.15665811E-03     -0.15931804E-03     -0.16545001E-03     -0.44288699E-03
    1740     -0.15666091E-03     -0.15931804E-03     -0.16550983E-03     -0.44288699E-03
    1741     -0.15666569E-03     -0.15931804E-03     -0.16561090E-03     -0.44288699E-03
    1742     -0.15666878E-03     -0.15931804E-03     -0.16568297E-03     -0.44288699E-03
    1743     -0.15667282E-03     -0.15931804E-03     -0.16579124E-03     -0.44288699E-03
    1744     -0.15667736E-03     -0.15931804E-03     -0.16591210E-03     -0.44288699E-03
    1745     -0.15668091E-03     -0.15931804E-03     -0.16600155E-03     -0.44288699E-03
    1746     -0.15668222E-03     -0.15931804E-03     -0.16604540E-03     -0.44288699E-03
    1747     -0.15668465E-03     -0.15931804E-03     -0.16613485E-03     -0.44288699E-03
    1748     -0.15668764E-03     -0.15931804E-03     -0.16621287E-03     -0.44288699E-03
    1749     -0.15668982E-03     -0.15931804E-03     -0.16629905E-03     -0.44288699E-03
    1750     -0.15669169E-03     -0.15931804E-03     -0.16637566E-03     -0.44288699E-03
    1751     -0.15669306E-03     -0.15931804E-03     -0.16642293E-03     -0.44288699E-03
    1752     -0.15669436E-03     -0.15931804E-03     -0.16646994E-03     -0.44288699E-03
    1753     -0.15669589E-03     -0.15931804E-03     -0.16653452E-03     -0.44288699E-03
    1754     -0.15669883E-03     -0.15931804E-03     -0.16662500E-03     -0.44288699E-03
    1755     -0.15669980E-03     -0.15931804E-03     -0.16666583E-03     -0.44288699E-03
    1756     -0.15670111E-03     -0.15931804E-03     -0.16671877E-03     -0.44288699E-03
    1757     -0.15670293E-03     -0.15931804E-03     -0.16677084E-03     -0.44288699E-03
    1758     -0.15670446E-03     -0.15931804E-03     -0.16683170E-03     -0.44288699E-03
    1759     -0.15670834E-03     -0.15931804E-03     -0.16694588E-03     -0.44288699E-03
    1760     -0.15671115E-03     -0.15931804E-03     -0.16702334E-03     -0.44288699E-03
    1761     -0.15671466E-03     -0.15931804E-03     -0.16712154E-03     -0.44288699E-03
    1762     -0.15671716E-03     -0.15931804E-03     -0.16718712E-03     -0.44288699E-03
    1763     -0.15671882E-03     -0.15931804E-03     -0.16723303E-03     -0.44288699E-03
    1764     -0.15671960E-03     -0.15931804E-03     -0.16726106E-03     -0.44288699E-03
    1765     -0.15672038E-03     -0.15931804E-03     -0.16728574E-03     -0.44288699E-03
    1766     -0.15672169E-03     -0.15931804E-03     -0.16732680E-03     -0.44288699E-03
    1767     -0.15672304E-03     -0.15931804E-03     -0.16736963E-03     -0.44288699E-03
    1768     -0.15672425E-03     -0.15931804E-03     -0.16740415E-03     -0.44288699E-03
    1769     -0.15672568E-03     -0.15931804E-03     -0.16745105E-03     -0.44288699E-03
    1770     -0.15672741E-03     -0.15931804E-03     -0.16750401E-03     -0.44288699E-03
    1771     -0.15672840E-03     -0.15931804E-03     -0.16753712E-03     -0.44288699E-03
    1772     -0.15672921E-03     -0.15931804E-03     -0.16756614E-03     -0.44288699E-03
    1773     -0.15673028E-03     -0.15931804E-03     -0.16760804E-03     -0.44288699E-03
    1774     -0.15673165E-03     -0.15931804E-03     -0.16765033E-03     -0.44288699E-03
    1775     -0.15673387E-03     -0.15931804E-03     -0.16772231E-03     -0.44288699E-03
    1776     -0.15673459E-03     -0.15931804E-03     -0.16775206E-03     -0.44288699E-03
    1777     -0.15673614E-03     -0.15931804E-03     -0.16779993E-03     -0.44288699E-03
    1778     -0.15673793E-03     -0.15931804E-03     -0.16786376E-03     -0.44288699E-03
    1779     -0.15673922E-03     -0.15931804E-03     -0.16790481E-03     -0.44288699E-03
    1780     -0.15674058E-03     -0.15931804E-03     -0.16795982E-03     -0.44288699E-03
    1781     -0.15674201E-03     -0.15931804E-03     -0.16805034E-03     -0.44288699E-03
    1782     -0.15674305E-03     -0.15931804E-03     -0.16808827E-03     -0.44288699E-03
    1783     -0.15674393E-03     -0.15931804E-03     -0.16813589E-03     -0.44288699E-03
    1784     -0.15674608E-03     -0.15931804E-03     -0.16820652E-03     -0.44288699E-03
    1785     -0.15674786E-03     -0.15931804E-03     -0.16828375E-03     -0.44288699E-03
    1786     -0.15675075E-03     -0.15931804E-03     -0.16840481E-03     -0.44288699E-03
    1787     -0.15675271E-03     -0.15931804E-03     -0.16849357E-03     -0.44288699E-03
    1788     -0.15675529E-03     -0.15931804E-03     -0.16860934E-03     -0.44288699E-03
    1789     -0.15675751E-03     -0.15931804E-03     -0.16868358E-03     -0.44288699E-03
    1790     -0.15676015E-03     -0.15931804E-03     -0.16878825E-03     -0.44288699E-03
    1791     -0.15676285E-03     -0.15931804E-03     -0.16887689E-03     -0.44288699E-03
    1792     -0.15676395E-03     -0.15931804E-03     -0.16891882E-03     -0.44288699E-03
    1793     -0.15676589E-03     -0.15931804E-03     -0.16899264E-03     -0.44288699E-03
    1794     -0.15676856E-03     -0.15931804E-03     -0.16910003E-03     -0.44288699E-03
    1795     -0.15677050E-03     -0.15931804E-03     -0.16917752E-03     -0.44288699E-03
    1796     -0.15677216E-03     -0.15931804E-03     -0.16924738E-03     -0.44288699E-03
    1797     -0.15677322E-03     -0.15931804E-03     -0.16929024E-03     -0.44288699E-03
    1798     -0.15677515E-03     -0.15931804E-03     -0.16936602E-03     -0.44288699E-03
    1799     -0.15677604E-03     -0.15931804E-03     -0.16940128E-03     -0.44288699E-03
    1800     -0.15677783E-03     -0.15931804E-03     -0.16949652E-03     -0.44288699E-03
    1801     -0.15677919E-03     -0.15931804E-03     -0.16955571E-03     -0.44288699E-03
    1802     -0.15678007E-03     -0.15931804E-03     -0.16959119E-03     -0.44288699E-03
    1803     -0.15678133E-03     -0.15931804E-03     -0.16963843E-03     -0.44288699E-03
    1804     -0.15678197E-03     -0.15931804E-03     -0.16966662E-03     -0.44288699E-03
    1805     -0.15678326E-03     -0.15931804E-03     -0.16972962E-03     -0.44288699E-03
    1806     -0.15678549E-03     -0.15931804E-03     -0.16979711E-03     -0.44288699E-03
    1807     -0.15679081E-03     -0.15931804E-03     -0.16991797E-03     -0.44288699E-03
    1808     -0.15679240E-03     -0.15931804E-03     -0.16996695E-03     -0.44288699E-03
    1809     -0.15679561E-03     -0.15931804E-03     -0.17004111E-03     -0.44288699E-03
    1810     -0.15679787E-03     -0.15931804E-03     -0.17009877E-03     -0.44288699E-03
    1811     -0.15679876E-03     -0.15931804E-03     -0.17014925E-03     -0.44288699E-03
    1812     -0.15680130E-03     -0.15931804E-03     -0.17021832E-03     -0.44288699E-03
    1813     -0.15680298E-03     -0.15931804E-03     -0.17026158E-03     -0.44288699E-03
    1814     -0.15680520E-03     -0.15931804E-03     -0.17031808E-03     -0.44288699E-03
    1815     -0.15681034E-03     -0.15931804E-03     -0.17044789E-03     -0.44288699E-03
    1816     -0.15681147E-03     -0.15931804E-03     -0.17048806E-03     -0.44288699E-03
    1817     -0.15681227E-03     -0.15931804E-03     -0.17052190E-03     -0.44288699E-03
    1818     -0.15681322E-03     -0.15931804E-03     -0.17055917E-03     -0.44288699E-03
    1819     -0.15681502E-03     -0.15931804E-03     -0.17060680E-03     -0.44288699E-03
    1820     -0.15681582E-03     -0.15931804E-03     -0.17063229E-03     -0.44288699E-03
    1821     -0.15681670E-03     -0.15931804E-03     -0.17066528E-03     -0.44288699E-03
    1822     -0.15681766E-03     -0.15931804E-03     -0.17070177E-03     -0.44288699E-03
    1823     -0.15681906E-03     -0.15931804E-03     -0.17075088E-03     -0.44288699E-03
    1824     -0.15682023E-03     -0.15931804E-03     -0.17079351E-03     -0.44288699E-03
    1825     -0.15682142E-03     -0.15931804E-03     -0.17083849E-03     -0.44288699E-03
    1826     -0.15682206E-03     -0.15931804E-03     -0.17086846E-03     -0.44288699E-03
    1827     -0.15682297E-03     -0.15931804E-03     -0.17090146E-03     -0.44288699E-03
    1828     -0.15682391E-03     -0.15931804E-03     -0.17094132E-03     -0.44288699E-03
    1829     -0.15682516E-03     -0.15931804E-03     -0.17099005E-03     -0.44288699E-03
    1830     -0.15682632E-03     -0.15931804E-03     -0.17103748E-03     -0.44288699E-03
    1831     -0.15682777E-03     -0.15931804E-03     -0.17109848E-03     -0.44288699E-03
    1832     -0.15682876E-03     -0.15931804E-03     -0.17114397E-03     -0.44288699E-03
    1833     -0.15682983E-03     -0.15931804E-03     -0.17118858E-03     -0.44288699E-03
    1834     -0.15683090E-03     -0.15931804E-03     -0.17123591E-03     -0.44288699E-03
    1835     -0.15683179E-03     -0.15931804E-03     -0.17127514E-03     -0.44288699E-03
    1836     -0.15683270E-03     -0.15931804E-03     -0.17131788E-03     -0.44288699E-03
    1837     -0.15683339E-03     -0.15931804E-03     -0.17135157E-03     -0.44288699E-03
    1838     -0.15683408E-03     -0.15931804E-03     -0.17139232E-03     -0.44288699E-03
    1839     -0.15683481E-03     -0.15931804E-03     -0.17144554E-03     -0.44288699E-03
    1840     -0.15683564E-03     -0.15931804E-03     -0.17148123E-03     -0.44288699E-03
    1841     -0.15683631E-03     -0.15931804E-03     -0.17152237E-03     -0.44288699E-03
    1842     -0.15683670E-03     -0.15931804E-03     -0.17155337E-03     -0.44288699E-03
    1843     -0.15683743E-03     -0.15931804E-03     -0.17158610E-03     -0.44288699E-03
    1844     -0.15683864E-03     -0.15931804E-03     -0.17164333E-03     -0.44288699E-03
    1845     -0.15683937E-03     -0.15931804E-03     -0.17168600E-03     -0.44288699E-03
    1846     -0.15684014E-03     -0.15931804E-03     -0.17171627E-03     -0.44288699E-03
    1847     -0.15684083E-03     -0.15931804E-03     -0.17174857E-03     -0.44288699E-03
    1848     -0.15684152E-03     -0.15931804E-03     -0.17178046E-03     -0.44288699E-03
    1849     -0.15684222E-03     -0.15931804E-03     -0.17181885E-03     -0.44288699E-03
    1850     -0.15684271E-03     -0.15931804E-03     -0.17184361E-03     -0.44288699E-03
    1851     -0.15684370E-03     -0.15931804E-03     -0.17190452E-03     -0.44288699E-03
    1852     -0.15684476E-03     -0.15931804E-03     -0.17198211E-03     -0.44288699E-03
    1853     -0.15684548E-03     -0.15931804E-03     -0.17204121E-03     -0.44288699E-03
    1854     -0.15684632E-03     -0.15931804E-03     -0.17208732E-03     -0.44288699E-03
    1855     -0.15684698E-03     -0.15931804E-03     -0.17212284E-03     -0.44288699E-03
    1856     -0.15684778E-03     -0.15931804E-03     -0.17215451E-03     -0.44288699E-03
    1857     -0.15684839E-03     -0.15931804E-03     -0.17218216E-03     -0.44288699E-03
    1858     -0.15684905E-03     -0.15931804E-03     -0.17220974E-03     -0.44288699E-03
    1859     -0.15684936E-03     -0.15931804E-03     -0.17223241E-03     -0.44288699E-03
    1860     -0.15684990E-03     -0.15931804E-03     -0.17226138E-03     -0.44288699E-03
    1861     -0.15685055E-03     -0.15931804E-03     -0.17228888E-03     -0.44288699E-03
    1862     -0.15685111E-03     -0.15931804E-03     -0.17231402E-03     -0.44288699E-03
    1863     -0.15685186E-03     -0.15931804E-03     -0.17234626E-03     -0.44288699E-03
    1864     -0.15685240E-03     -0.15931804E-03     -0.17237550E-03     -0.44288699E-03
    1865     -0.15685306E-03     -0.15931804E-03     -0.17240623E-03     -0.44288699E-03
    1866     -0.15685395E-03     -0.15931804E-03     -0.17244102E-03     -0.44288699E-03
    1867     -0.15685484E-03     -0.15931804E-03     -0.17247416E-03     -0.44288699E-03
    1868     -0.15685574E-03     -0.15931804E-03     -0.17251038E-03     -0.44288699E-03
    1869     -0.15685658E-03     -0.15931804E-03     -0.17254085E-03     -0.44288699E-03
    1870     -0.15685738E-03     -0.15931804E-03     -0.17256877E-03     -0.44288699E-03
    1871     -0.15685829E-03     -0.15931804E-03     -0.17260642E-03     -0.44288699E-03
    1872     -0.15685913E-03     -0.15931804E-03     -0.17264036E-03     -0.44288699E-03
    1873     -0.15686051E-03     -0.15931804E-03     -0.17269433E-03     -0.44288699E-03
    1874     -0.15686134E-03     -0.15931804E-03     -0.17272713E-03     -0.44288699E-03
    1875     -0.15686234E-03     -0.15931804E-03     -0.17276789E-03     -0.44288699E-03
    1876     -0.15686334E-03     -0.15931804E-03     -0.17280939E-03     -0.44288699E-03
    1877     -0.15686405E-03     -0.15931804E-03     -0.17284202E-03     -0.44288699E-03
    1878     -0.15686499E-03     -0.15931804E-03     -0.17287613E-03     -0.44288699E-03
    1879     -0.15686573E-03     -0.15931804E-03     -0.17290931E-03     -0.44288699E-03
    1880     -0.15686706E-03     -0.15931804E-03     -0.17296435E-03     -0.44288699E-03
    1881     -0.15686858E-03     -0.15931804E-03     -0.17302579E-03     -0.44288699E-03
    1882     -0.15686979E-03     -0.15931804E-03     -0.17307223E-03     -0.44288699E-03
    1883     -0.15687060E-03     -0.15931804E-03     -0.17310356E-03     -0.44288699E-03
    1884     -0.15687247E-03     -0.15931804E-03     -0.17317315E-03     -0.44288699E-03
    1885     -0.15687411E-03     -0.15931804E-03     -0.17323114E-03     -0.44288699E-03
    1886     -0.15687617E-03     -0.15931804E-03     -0.17329351E-03     -0.44288699E-03
    1887     -0.15687741E-03     -0.15931804E-03     -0.17334764E-03     -0.44288699E-03
    1888     -0.15687926E-03     -0.15931804E-03     -0.17341019E-03     -0.44288699E-03
    1889     -0.15688040E-03     -0.15931804E-03     -0.17345725E-03     -0.44288699E-03
    1890     -0.15688389E-03     -0.15931804E-03     -0.17355536E-03     -0.44288699E-03
    1891     -0.15688700E-03     -0.15931804E-03     -0.17365278E-03     -0.44288699E-03
    1892     -0.15688804E-03     -0.15931804E-03     -0.17370357E-03     -0.44288699E-03
    1893     -0.15688924E-03     -0.15931804E-03     -0.17374207E-03     -0.44288699E-03
    1894     -0.15689135E-03     -0.15931804E-03     -0.17383148E-03     -0.44288699E-03
    1895     -0.15689250E-03     -0.15931804E-03     -0.17387581E-03     -0.44288699E-03
    1896     -0.15689563E-03     -0.15931804E-03     -0.17399051E-03     -0.44288699E-03
    1897     -0.15689775E-03     -0.15931804E-03     -0.17408116E-03     -0.44288699E-03
    1898     -0.15689883E-03     -0.15931804E-03     -0.17411928E-03     -0.44288699E-03
    1899     -0.15689996E-03     -0.15931804E-03     -0.17416047E-03     -0.44288699E-03
    1900     -0.15690212E-03     -0.15931804E-03     -0.17423682E-03     -0.44288699E-03
    1901     -0.15690313E-03     -0.15931804E-03     -0.17428629E-03     -0.44288699E-03
    1902     -0.15690565E-03     -0.15931804E-03     -0.17438024E-03     -0.44288699E-03
    1903     -0.15690685E-03     -0.15931804E-03     -0.17442223E-03     -0.44288699E-03
    1904     -0.15690783E-03     -0.15931804E-03     -0.17446098E-03     -0.44288699E-03
    1905     -0.15690869E-03     -0.15931804E-03     -0.17449868E-03     -0.44288699E-03
    1906     -0.15691004E-03     -0.15931804E-03     -0.17456436E-03     -0.44288699E-03
    1907     -0.15691171E-03     -0.15931804E-03     -0.17466307E-03     -0.44288699E-03
    1908     -0.15691337E-03     -0.15931804E-03     -0.17472618E-03     -0.44288699E-03
    1909     -0.15691450E-03     -0.15931804E-03     -0.17477687E-03     -0.44288699E-03
    1910     -0.15691544E-03     -0.15931804E-03     -0.17481606E-03     -0.44288699E-03
    1911     -0.15691649E-03     -0.15931804E-03     -0.17486368E-03     -0.44288699E-03
    1912     -0.15691846E-03     -0.15931804E-03     -0.17498246E-03     -0.44288699E-03
    1913     -0.15691948E-03     -0.15931804E-03     -0.17502946E-03     -0.44288699E-03
    1914     -0.15692017E-03     -0.15931804E-03     -0.17506152E-03     -0.44288699E-03
    1915     -0.15692107E-03     -0.15931804E-03     -0.17510199E-03     -0.44288699E-03
    1916     -0.15692208E-03     -0.15931804E-03     -0.17514255E-03     -0.44288699E-03
    1917     -0.15692287E-03     -0.15931804E-03     -0.17518140E-03     -0.44288699E-03
    1918     -0.15692369E-03     -0.15931804E-03     -0.17521432E-03     -0.44288699E-03
    1919     -0.15692440E-03     -0.15931804E-03     -0.17525038E-03     -0.44288699E-03
    1920     -0.15692510E-03     -0.15931804E-03     -0.17527828E-03     -0.44288699E-03
    1921     -0.15692589E-03     -0.15931804E-03     -0.17530954E-03     -0.44288699E-03
    1922     -0.15692649E-03     -0.15931804E-03     -0.17533410E-03     -0.44288699E-03
    1923     -0.15692727E-03     -0.15931804E-03     -0.17537021E-03     -0.44288699E-03
    1924     -0.15692810E-03     -0.15931804E-03     -0.17541593E-03     -0.44288699E-03
    1925     -0.15692872E-03     -0.15931804E-03     -0.17544798E-03     -0.44288699E-03
    1926     -0.15692941E-03     -0.15931804E-03     -0.17547972E-03     -0.44288699E-03
    1927     -0.15693005E-03     -0.15931804E-03     -0.17550946E-03     -0.44288699E-03
    1928     -0.15693073E-03     -0.15931804E-03     -0.17554378E-03     -0.44288699E-03
    1929     -0.15693143E-03     -0.15931804E-03     -0.17557126E-03     -0.44288699E-03
    1930     -0.15693205E-03     -0.15931804E-03     -0.17559321E-03     -0.44288699E-03
    1931     -0.15693274E-03     -0.15931804E-03     -0.17562359E-03     -0.44288699E-03
    1932     -0.15693345E-03     -0.15931804E-03     -0.17565346E-03     -0.44288699E-03
    1933     -0.15693495E-03     -0.15931804E-03     -0.17570088E-03     -0.44288699E-03
    1934     -0.15693553E-03     -0.15931804E-03     -0.17572342E-03     -0.44288699E-03
    1935     -0.15693602E-03     -0.15931804E-03     -0.17575229E-03     -0.44288699E-03
    1936     -0.15693696E-03     -0.15931804E-03     -0.17578604E-03     -0.44288699E-03
    1937     -0.15693788E-03     -0.15931804E-03     -0.17582818E-03     -0.44288699E-03
    1938     -0.15693861E-03     -0.15931804E-03     -0.17586246E-03     -0.44288699E-03
    1939     -0.15693989E-03     -0.15931804E-03     -0.17590828E-03     -0.44288699E-03
    1940     -0.15694216E-03     -0.15931804E-03     -0.17598355E-03     -0.44288699E-03
    1941     -0.15694316E-03     -0.15931804E-03     -0.17602040E-03     -0.44288699E-03
    1942     -0.15694542E-03     -0.15931804E-03     -0.17608886E-03     -0.44288699E-03
    1943     -0.15694643E-03     -0.15931804E-03     -0.17612752E-03     -0.44288699E-03
    1944     -0.15694711E-03     -0.15931804E-03     -0.17615531E-03     -0.44288699E-03
    1945     -0.15694848E-03     -0.15931804E-03     -0.17619905E-03     -0.44288699E-03
    1946     -0.15695169E-03     -0.15931804E-03     -0.17628784E-03     -0.44288699E-03
    1947     -0.15695590E-03     -0.15931804E-03     -0.17640961E-03     -0.44288699E-03
    1948     -0.15695711E-03     -0.15931804E-03     -0.17646185E-03     -0.44288699E-03
    1949     -0.15695813E-03     -0.15931804E-03     -0.17650175E-03     -0.44288699E-03
    1950     -0.15696037E-03     -0.15931804E-03     -0.17656197E-03     -0.44288699E-03
    1951     -0.15696151E-03     -0.15931804E-03     -0.17659922E-03     -0.44288699E-03
    1952     -0.15696260E-03     -0.15931804E-03     -0.17663600E-03     -0.44288699E-03
    1953     -0.15696456E-03     -0.15931804E-03     -0.17670763E-03     -0.44288699E-03
    1954     -0.15696988E-03     -0.15931804E-03     -0.17685494E-03     -0.44288699E-03
    1955     -0.15697163E-03     -0.15931804E-03     -0.17692417E-03     -0.44288699E-03
    1956     -0.15697330E-03     -0.15931804E-03     -0.17698752E-03     -0.44288699E-03
    1957     -0.15697898E-03     -0.15931804E-03     -0.17715384E-03     -0.44288699E-03
    1958     -0.15698078E-03     -0.15931804E-03     -0.17722794E-03     -0.44288699E-03
    1959     -0.15698296E-03     -0.15931804E-03     -0.17730956E-03     -0.44288699E-03
    1960     -0.15698400E-03     -0.15931804E-03     -0.17736204E-03     -0.44288699E-03
    1961     -0.15698572E-03     -0.15931804E-03     -0.17743849E-03     -0.44288699E-03
    1962     -0.15698802E-03     -0.15931804E-03     -0.17752637E-03     -0.44288699E-03
    1963     -0.15698904E-03     -0.15931804E-03     -0.17756619E-03     -0.44288699E-03
    1964     -0.15699090E-03     -0.15931804E-03     -0.17763524E-03     -0.44288699E-03
    1965     -0.15699255E-03     -0.15931804E-03     -0.17770807E-03     -0.44288699E-03
    1966     -0.15699407E-03     -0.15931804E-03     -0.17776239E-03     -0.44288699E-03
    1967     -0.15699577E-03     -0.15931804E-03     -0.17784105E-03     -0.44288699E-03
    1968     -0.15699810E-03     -0.15931804E-03     -0.17793692E-03     -0.44288699E-03
    1969     -0.15699986E-03     -0.15931804E-03     -0.17802905E-03     -0.44288699E-03
    1970     -0.15700151E-03     -0.15931804E-03     -0.17809896E-03     -0.44288699E-03
    1971     -0.15700268E-03     -0.15931804E-03     -0.17814839E-03     -0.44288699E-03
    1972     -0.15700433E-03     -0.15931804E-03     -0.17821838E-03     -0.44288699E-03
    1973     -0.15700566E-03     -0.15931804E-03     -0.17827650E-03     -0.44288699E-03
    1974     -0.15700663E-03     -0.15931804E-03     -0.17832360E-03     -0.44288699E-03
    1975     -0.15700811E-03     -0.15931804E-03     -0.17839899E-03     -0.44288699E-03
    1976     -0.15700953E-03     -0.15931804E-03     -0.17846204E-03     -0.44288699E-03
    1977     -0.15701087E-03     -0.15931804E-03     -0.17854002E-03     -0.44288699E-03
    1978     -0.15701180E-03     -0.15931804E-03     -0.17859364E-03     -0.44288699E-03
    1979     -0.15701330E-03     -0.15931804E-03     -0.17865988E-03     -0.44288699E-03
    1980     -0.15701504E-03     -0.15931804E-03     -0.17874705E-03     -0.44288699E-03
    1981     -0.15701612E-03     -0.15931804E-03     -0.17879948E-03     -0.44288699E-03
    1982     -0.15701744E-03     -0.15931804E-03     -0.17886409E-03     -0.44288699E-03
    1983     -0.15701821E-03     -0.15931804E-03     -0.17890529E-03     -0.44288699E-03
    1984     -0.15701921E-03     -0.15931804E-03     -0.17895181E-03     -0.44288699E-03
    1985     -0.15702002E-03     -0.15931804E-03     -0.17898707E-03     -0.44288699E-03
    1986     -0.15702099E-03     -0.15931804E-03     -0.17902853E-03     -0.44288699E-03
    1987     -0.15702180E-03     -0.15931804E-03     -0.17906935E-03     -0.44288699E-03
    1988     -0.15702256E-03     -0.15931804E-03     -0.17910575E-03     -0.44288699E-03
    1989     -0.15702329E-03     -0.15931804E-03     -0.17914304E-03     -0.44288699E-03
    1990     -0.15702411E-03     -0.15931804E-03     -0.17918849E-03     -0.44288699E-03
    1991     -0.15702507E-03     -0.15931804E-03     -0.17923302E-03     -0.44288699E-03
    1992     -0.15702565E-03     -0.15931804E-03     -0.17926324E-03     -0.44288699E-03
    1993     -0.15702616E-03     -0.15931804E-03     -0.17928641E-03     -0.44288699E-03
    1994     -0.15702666E-03     -0.15931804E-03     -0.17931518E-03     -0.44288699E-03
    1995     -0.15702783E-03     -0.15931804E-03     -0.17937149E-03     -0.44288699E-03
    1996     -0.15702866E-03     -0.15931804E-03     -0.17941643E-03     -0.44288699E-03
    1997     -0.15702928E-03     -0.15931804E-03     -0.17944973E-03     -0.44288699E-03
    1998     -0.15703053E-03     -0.15931804E-03     -0.17951195E-03     -0.44288699E-03
    1999     -0.15703128E-03     -0.15931804E-03     -0.17954659E-03     -0.44288699E-03
    2000     -0.15703204E-03     -0.15931804E-03     -0.17958617E-03     -0.44288699E-03
    2001     -0.15703292E-03     -0.15931804E-03     -0.17962782E-03     -0.44288699E-03
    2002     -0.15703379E-03     -0.15931804E-03     -0.17966472E-03     -0.44288699E-03
    2003     -0.15703485E-03     -0.15931804E-03     -0.17971032E-03     -0.44288699E-03
    2004     -0.15703554E-03     -0.15931804E-03     -0.17974810E-03     -0.44288699E-03
    2005     -0.15703638E-03     -0.15931804E-03     -0.17978386E-03     -0.44288699E-03
    2006     -0.15703814E-03     -0.15931804E-03     -0.17987779E-03     -0.44288699E-03
    2007     -0.15703908E-03     -0.15931804E-03     -0.17992580E-03     -0.44288699E-03
    2008     -0.15704002E-03     -0.15931804E-03     -0.17997775E-03     -0.44288699E-03
    2009     -0.15704081E-03     -0.15931804E-03     -0.18001317E-03     -0.44288699E-03
    2010     -0.15704178E-03     -0.15931804E-03     -0.18006089E-03     -0.44288699E-03
    2011     -0.15704338E-03     -0.15931804E-03     -0.18015803E-03     -0.44288699E-03
    2012     -0.15704460E-03     -0.15931804E-03     -0.18023079E-03     -0.44288699E-03
    2013     -0.15704581E-03     -0.15931804E-03     -0.18029625E-03     -0.44288699E-03
    2014     -0.15704715E-03     -0.15931804E-03     -0.18035808E-03     -0.44288699E-03
    2015     -0.15704828E-03     -0.15931804E-03     -0.18040978E-03     -0.44288699E-03
    2016     -0.15704947E-03     -0.15931804E-03     -0.18046556E-03     -0.44288699E-03
    2017     -0.15705052E-03     -0.15931804E-03     -0.18051499E-03     -0.44288699E-03
    2018     -0.15705166E-03     -0.15931804E-03     -0.18057339E-03     -0.44288699E-03
    2019     -0.15705260E-03     -0.15931804E-03     -0.18061414E-03     -0.44288699E-03
    2020     -0.15705362E-03     -0.15931804E-03     -0.18067763E-03     -0.44288699E-03
    2021     -0.15705504E-03     -0.15931804E-03     -0.18074224E-03     -0.44288699E-03
    2022     -0.15705613E-03     -0.15931804E-03     -0.18078558E-03     -0.44288699E-03
    2023     -0.15705719E-03     -0.15931804E-03     -0.18083441E-03     -0.44288699E-03
    2024     -0.15705827E-03     -0.15931804E-03     -0.18090756E-03     -0.44288699E-03
    2025     -0.15705938E-03     -0.15931804E-03     -0.18095765E-03     -0.44288699E-03
    2026     -0.15706031E-03     -0.15931804E-03     -0.18100295E-03     -0.44288699E-03
    2027     -0.15706172E-03     -0.15931804E-03     -0.18107226E-03     -0.44288699E-03
    2028     -0.15706321E-03     -0.15931804E-03     -0.18114347E-03     -0.44288699E-03
    2029     -0.15706465E-03     -0.15931804E-03     -0.18120877E-03     -0.44288699E-03
    2030     -0.15706638E-03     -0.15931804E-03     -0.18127869E-03     -0.44288699E-03
    2031     -0.15706801E-03     -0.15931804E-03     -0.18134831E-03     -0.44288699E-03
    2032     -0.15706930E-03     -0.15931804E-03     -0.18141887E-03     -0.44288699E-03
    2033     -0.15707073E-03     -0.15931804E-03     -0.18147833E-03     -0.44288699E-03
    2034     -0.15707244E-03     -0.15931804E-03     -0.18155720E-03     -0.44288699E-03
    2035     -0.15707468E-03     -0.15931804E-03     -0.18164552E-03     -0.44288699E-03
    2036     -0.15707611E-03     -0.15931804E-03     -0.18170092E-03     -0.44288699E-03
    2037     -0.15707735E-03     -0.15931804E-03     -0.18175821E-03     -0.44288699E-03
    2038     -0.15707859E-03     -0.15931804E-03     -0.18181976E-03     -0.44288699E-03
    2039     -0.15708036E-03     -0.15931804E-03     -0.18188720E-03     -0.44288699E-03
    2040     -0.15708144E-03     -0.15931804E-03     -0.18194089E-03     -0.44288699E-03
    2041     -0.15708380E-03     -0.15931804E-03     -0.18202067E-03     -0.44288699E-03
    2042     -0.15708537E-03     -0.15931804E-03     -0.18208620E-03     -0.44288699E-03
    2043     -0.15708832E-03     -0.15931804E-03     -0.18218286E-03     -0.44288699E-03
    2044     -0.15708957E-03     -0.15931804E-03     -0.18224654E-03     -0.44288699E-03
    2045     -0.15709066E-03     -0.15931804E-03     -0.18229264E-03     -0.44288699E-03
    2046     -0.15709174E-03     -0.15931804E-03     -0.18234910E-03     -0.44288699E-03
    2047     -0.15709252E-03     -0.15931804E-03     -0.18238816E-03     -0.44288699E-03
    2048     -0.15709317E-03     -0.15931804E-03     -0.18242934E-03     -0.44288699E-03
    2049     -0.15709373E-03     -0.15931804E-03     -0.18246007E-03     -0.44288699E-03
    2050     -0.15709467E-03     -0.15931804E-03     -0.18250562E-03     -0.44288699E-03
    2051     -0.15709532E-03     -0.15931804E-03     -0.18253970E-03     -0.44288699E-03
    2052     -0.15709708E-03     -0.15931804E-03     -0.18261381E-03     -0.44288699E-03
    2053     -0.15709917E-03     -0.15931804E-03     -0.18270456E-03     -0.44288699E-03
    2054     -0.15710092E-03     -0.15931804E-03     -0.18277738E-03     -0.44288699E-03
    2055     -0.15710230E-03     -0.15931804E-03     -0.18283728E-03     -0.44288699E-03
    2056     -0.15710331E-03     -0.15931804E-03     -0.18288301E-03     -0.44288699E-03
    2057     -0.15710440E-03     -0.15931804E-03     -0.18293291E-03     -0.44288699E-03
    2058     -0.15710574E-03     -0.15931804E-03     -0.18298346E-03     -0.44288699E-03
    2059     -0.15710811E-03     -0.15931804E-03     -0.18307557E-03     -0.44288699E-03
    2060     -0.15710900E-03     -0.15931804E-03     -0.18311852E-03     -0.44288699E-03
    2061     -0.15711011E-03     -0.15931804E-03     -0.18317560E-03     -0.44288699E-03
    2062     -0.15711174E-03     -0.15931804E-03     -0.18324909E-03     -0.44288699E-03
    2063     -0.15711237E-03     -0.15931804E-03     -0.18328621E-03     -0.44288699E-03
    2064     -0.15711324E-03     -0.15931804E-03     -0.18331845E-03     -0.44288699E-03
    2065     -0.15711391E-03     -0.15931804E-03     -0.18334978E-03     -0.44288699E-03
    2066     -0.15711502E-03     -0.15931804E-03     -0.18339429E-03     -0.44288699E-03
    2067     -0.15711636E-03     -0.15931804E-03     -0.18344394E-03     -0.44288699E-03
    2068     -0.15711752E-03     -0.15931804E-03     -0.18350313E-03     -0.44288699E-03
    2069     -0.15711863E-03     -0.15931804E-03     -0.18355321E-03     -0.44288699E-03
    2070     -0.15711937E-03     -0.15931804E-03     -0.18359188E-03     -0.44288699E-03
    2071     -0.15712025E-03     -0.15931804E-03     -0.18363560E-03     -0.44288699E-03
    2072     -0.15712102E-03     -0.15931804E-03     -0.18367410E-03     -0.44288699E-03
    2073     -0.15712191E-03     -0.15931804E-03     -0.18370973E-03     -0.44288699E-03
    2074     -0.15712238E-03     -0.15931804E-03     -0.18373641E-03     -0.44288699E-03
    2075     -0.15712310E-03     -0.15931804E-03     -0.18377249E-03     -0.44288699E-03
    2076     -0.15712371E-03     -0.15931804E-03     -0.18380378E-03     -0.44288699E-03
    2077     -0.15712428E-03     -0.15931804E-03     -0.18382955E-03     -0.44288699E-03
    2078     -0.15712514E-03     -0.15931804E-03     -0.18387250E-03     -0.44288699E-03
    2079     -0.15712619E-03     -0.15931804E-03     -0.18392090E-03     -0.44288699E-03
    2080     -0.15712711E-03     -0.15931804E-03     -0.18396043E-03     -0.44288699E-03
    2081     -0.15712807E-03     -0.15931804E-03     -0.18400353E-03     -0.44288699E-03
    2082     -0.15712886E-03     -0.15931804E-03     -0.18404168E-03     -0.44288699E-03
    2083     -0.15712999E-03     -0.15931804E-03     -0.18409672E-03     -0.44288699E-03
    2084     -0.15713094E-03     -0.15931804E-03     -0.18415670E-03     -0.44288699E-03
    2085     -0.15713191E-03     -0.15931804E-03     -0.18420607E-03     -0.44288699E-03
    2086     -0.15713282E-03     -0.15931804E-03     -0.18425671E-03     -0.44288699E-03
    2087     -0.15713382E-03     -0.15931804E-03     -0.18431542E-03     -0.44288699E-03
    2088     -0.15713495E-03     -0.15931804E-03     -0.18438526E-03     -0.44288699E-03
    2089     -0.15713590E-03     -0.15931804E-03     -0.18443178E-03     -0.44288699E-03
    2090     -0.15713715E-03     -0.15931804E-03     -0.18449748E-03     -0.44288699E-03
    2091     -0.15713813E-03     -0.15931804E-03     -0.18454823E-03     -0.44288699E-03
    2092     -0.15713899E-03     -0.15931804E-03     -0.18459299E-03     -0.44288699E-03
    2093     -0.15713960E-03     -0.15931804E-03     -0.18463302E-03     -0.44288699E-03
    2094     -0.15714070E-03     -0.15931804E-03     -0.18468628E-03     -0.44288699E-03
    2095     -0.15714286E-03     -0.15931804E-03     -0.18480041E-03     -0.44288699E-03
    2096     -0.15714399E-03     -0.15931804E-03     -0.18485577E-03     -0.44288699E-03
    2097     -0.15714617E-03     -0.15931804E-03     -0.18496670E-03     -0.44288699E-03
    2098     -0.15714831E-03     -0.15931804E-03     -0.18507467E-03     -0.44288699E-03
    2099     -0.15714935E-03     -0.15931804E-03     -0.18512677E-03     -0.44288699E-03
    2100     -0.15715134E-03     -0.15931804E-03     -0.18522137E-03     -0.44288699E-03
    2101     -0.15715312E-03     -0.15931804E-03     -0.18530791E-03     -0.44288699E-03
    2102     -0.15715525E-03     -0.15931804E-03     -0.18540119E-03     -0.44288699E-03
    2103     -0.15715689E-03     -0.15931804E-03     -0.18547766E-03     -0.44288699E-03
    2104     -0.15715827E-03     -0.15931804E-03     -0.18553588E-03     -0.44288699E-03
    2105     -0.15716040E-03     -0.15931804E-03     -0.18563263E-03     -0.44288699E-03
    2106     -0.15716218E-03     -0.15931804E-03     -0.18571862E-03     -0.44288699E-03
    2107     -0.15716391E-03     -0.15931804E-03     -0.18581626E-03     -0.44288699E-03
    2108     -0.15716538E-03     -0.15931804E-03     -0.18588176E-03     -0.44288699E-03
    2109     -0.15716670E-03     -0.15931804E-03     -0.18594675E-03     -0.44288699E-03
    2110     -0.15716888E-03     -0.15931804E-03     -0.18603430E-03     -0.44288699E-03
    2111     -0.15717024E-03     -0.15931804E-03     -0.18609716E-03     -0.44288699E-03
    2112     -0.15717133E-03     -0.15931804E-03     -0.18614580E-03     -0.44288699E-03
    2113     -0.15717293E-03     -0.15931804E-03     -0.18621205E-03     -0.44288699E-03
    2114     -0.15717398E-03     -0.15931804E-03     -0.18625919E-03     -0.44288699E-03
    2115     -0.15717540E-03     -0.15931804E-03     -0.18632414E-03     -0.44288699E-03
    2116     -0.15717656E-03     -0.15931804E-03     -0.18638681E-03     -0.44288699E-03
    2117     -0.15717774E-03     -0.15931804E-03     -0.18644118E-03     -0.44288699E-03
    2118     -0.15718041E-03     -0.15931804E-03     -0.18654641E-03     -0.44288699E-03
    2119     -0.15718162E-03     -0.15931804E-03     -0.18661063E-03     -0.44288699E-03
    2120     -0.15718393E-03     -0.15931804E-03     -0.18671055E-03     -0.44288699E-03
    2121     -0.15718571E-03     -0.15931804E-03     -0.18678558E-03     -0.44288699E-03
    2122     -0.15718688E-03     -0.15931804E-03     -0.18684497E-03     -0.44288699E-03
    2123     -0.15718766E-03     -0.15931804E-03     -0.18687793E-03     -0.44288699E-03
    2124     -0.15718882E-03     -0.15931804E-03     -0.18694592E-03     -0.44288699E-03
    2125     -0.15718976E-03     -0.15931804E-03     -0.18699559E-03     -0.44288699E-03
    2126     -0.15719062E-03     -0.15931804E-03     -0.18703307E-03     -0.44288699E-03
    2127     -0.15719137E-03     -0.15931804E-03     -0.18707459E-03     -0.44288699E-03
    2128     -0.15719202E-03     -0.15931804E-03     -0.18710112E-03     -0.44288699E-03
    2129     -0.15719259E-03     -0.15931804E-03     -0.18713619E-03     -0.44288699E-03
    2130     -0.15719317E-03     -0.15931804E-03     -0.18716246E-03     -0.44288699E-03
    2131     -0.15719377E-03     -0.15931804E-03     -0.18719218E-03     -0.44288699E-03
    2132     -0.15719428E-03     -0.15931804E-03     -0.18721639E-03     -0.44288699E-03
    2133     -0.15719491E-03     -0.15931804E-03     -0.18724502E-03     -0.44288699E-03
    2134     -0.15719581E-03     -0.15931804E-03     -0.18728914E-03     -0.44288699E-03
    2135     -0.15719644E-03     -0.15931804E-03     -0.18732132E-03     -0.44288699E-03
    2136     -0.15719703E-03     -0.15931804E-03     -0.18735393E-03     -0.44288699E-03
    2137     -0.15719785E-03     -0.15931804E-03     -0.18738641E-03     -0.44288699E-03
    2138     -0.15719856E-03     -0.15931804E-03     -0.18741685E-03     -0.44288699E-03
    2139     -0.15719927E-03     -0.15931804E-03     -0.18745539E-03     -0.44288699E-03
    2140     -0.15720002E-03     -0.15931804E-03     -0.18749066E-03     -0.44288699E-03
    2141     -0.15720068E-03     -0.15931804E-03     -0.18752450E-03     -0.44288699E-03
    2142     -0.15720128E-03     -0.15931804E-03     -0.18755496E-03     -0.44288699E-03
    2143     -0.15720190E-03     -0.15931804E-03     -0.18758774E-03     -0.44288699E-03
    2144     -0.15720256E-03     -0.15931804E-03     -0.18761866E-03     -0.44288699E-03
    2145     -0.15720296E-03     -0.15931804E-03     -0.18764265E-03     -0.44288699E-03
    2146     -0.15720345E-03     -0.15931804E-03     -0.18766532E-03     -0.44288699E-03
    2147     -0.15720400E-03     -0.15931804E-03     -0.18769332E-03     -0.44288699E-03
    2148     -0.15720483E-03     -0.15931804E-03     -0.18774273E-03     -0.44288699E-03
    2149     -0.15720531E-03     -0.15931804E-03     -0.18776834E-03     -0.44288699E-03
    2150     -0.15720595E-03     -0.15931804E-03     -0.18779563E-03     -0.44288699E-03
    2151     -0.15720640E-03     -0.15931804E-03     -0.18781772E-03     -0.44288699E-03
    2152     -0.15720715E-03     -0.15931804E-03     -0.18784787E-03     -0.44288699E-03
    2153     -0.15720774E-03     -0.15931804E-03     -0.18787412E-03     -0.44288699E-03
    2154     -0.15720829E-03     -0.15931804E-03     -0.18790171E-03     -0.44288699E-03
    2155     -0.15720873E-03     -0.15931804E-03     -0.18792420E-03     -0.44288699E-03
    2156     -0.15720946E-03     -0.15931804E-03     -0.18795100E-03     -0.44288699E-03
    2157     -0.15720999E-03     -0.15931804E-03     -0.18797921E-03     -0.44288699E-03
    2158     -0.15721077E-03     -0.15931804E-03     -0.18801941E-03     -0.44288699E-03
    2159     -0.15721132E-03     -0.15931804E-03     -0.18804629E-03     -0.44288699E-03
    2160     -0.15721195E-03     -0.15931804E-03     -0.18808078E-03     -0.44288699E-03
    2161     -0.15721270E-03     -0.15931804E-03     -0.18811949E-03     -0.44288699E-03
    2162     -0.15721336E-03     -0.15931804E-03     -0.18815344E-03     -0.44288699E-03
    2163     -0.15721424E-03     -0.15931804E-03     -0.18820222E-03     -0.44288699E-03
    2164     -0.15721523E-03     -0.15931804E-03     -0.18825385E-03     -0.44288699E-03
    2165     -0.15721606E-03     -0.15931804E-03     -0.18830041E-03     -0.44288699E-03
    2166     -0.15721668E-03     -0.15931804E-03     -0.18833513E-03     -0.44288699E-03
    2167     -0.15721761E-03     -0.15931804E-03     -0.18838077E-03     -0.44288699E-03
    2168     -0.15721875E-03     -0.15931804E-03     -0.18844566E-03     -0.44288699E-03
    2169     -0.15721971E-03     -0.15931804E-03     -0.18848459E-03     -0.44288699E-03
    2170     -0.15722075E-03     -0.15931804E-03     -0.18853739E-03     -0.44288699E-03
    2171     -0.15722174E-03     -0.15931804E-03     -0.18858897E-03     -0.44288699E-03
    2172     -0.15722343E-03     -0.15931804E-03     -0.18866684E-03     -0.44288699E-03
    2173     -0.15722464E-03     -0.15931804E-03     -0.18872827E-03     -0.44288699E-03
    2174     -0.15722577E-03     -0.15931804E-03     -0.18878610E-03     -0.44288699E-03
    2175     -0.15722710E-03     -0.15931804E-03     -0.18884737E-03     -0.44288699E-03
    2176     -0.15722809E-03     -0.15931804E-03     -0.18889097E-03     -0.44288699E-03
    2177     -0.15722943E-03     -0.15931804E-03     -0.18895206E-03     -0.44288699E-03
    2178     -0.15723075E-03     -0.15931804E-03     -0.18901572E-03     -0.44288699E-03
    2179     -0.15723169E-03     -0.15931804E-03     -0.18906038E-03     -0.44288699E-03
    2180     -0.15723302E-03     -0.15931804E-03     -0.18912821E-03     -0.44288699E-03
    2181     -0.15723406E-03     -0.15931804E-03     -0.18918768E-03     -0.44288699E-03
    2182     -0.15723531E-03     -0.15931804E-03     -0.18924972E-03     -0.44288699E-03
    2183     -0.15723660E-03     -0.15931804E-03     -0.18932208E-03     -0.44288699E-03
    2184     -0.15723863E-03     -0.15931804E-03     -0.18941404E-03     -0.44288699E-03
    2185     -0.15724007E-03     -0.15931804E-03     -0.18949371E-03     -0.44288699E-03
    2186     -0.15724187E-03     -0.15931804E-03     -0.18957472E-03     -0.44288699E-03
    2187     -0.15724279E-03     -0.15931804E-03     -0.18963509E-03     -0.44288699E-03
    2188     -0.15724483E-03     -0.15931804E-03     -0.18972729E-03     -0.44288699E-03
    2189     -0.15724633E-03     -0.15931804E-03     -0.18980272E-03     -0.44288699E-03
    2190     -0.15724916E-03     -0.15931804E-03     -0.18991486E-03     -0.44288699E-03
    2191     -0.15725028E-03     -0.15931804E-03     -0.18997903E-03     -0.44288699E-03
    2192     -0.15725148E-03     -0.15931804E-03     -0.19004751E-03     -0.44288699E-03
    2193     -0.15725245E-03     -0.15931804E-03     -0.19009509E-03     -0.44288699E-03
    2194     -0.15725330E-03     -0.15931804E-03     -0.19013982E-03     -0.44288699E-03
    2195     -0.15725382E-03     -0.15931804E-03     -0.19017464E-03     -0.44288699E-03
    2196     -0.15725465E-03     -0.15931804E-03     -0.19021650E-03     -0.44288699E-03
    2197     -0.15725554E-03     -0.15931804E-03     -0.19026453E-03     -0.44288699E-03
    2198     -0.15725639E-03     -0.15931804E-03     -0.19031157E-03     -0.44288699E-03
    2199     -0.15725721E-03     -0.15931804E-03     -0.19035493E-03     -0.44288699E-03
    2200     -0.15725816E-03     -0.15931804E-03     -0.19040883E-03     -0.44288699E-03
    2201     -0.15725878E-03     -0.15931804E-03     -0.19044296E-03     -0.44288699E-03
    2202     -0.15725940E-03     -0.15931804E-03     -0.19047750E-03     -0.44288699E-03
    2203     -0.15726033E-03     -0.15931804E-03     -0.19053014E-03     -0.44288699E-03
    2204     -0.15726162E-03     -0.15931804E-03     -0.19059568E-03     -0.44288699E-03
    2205     -0.15726258E-03     -0.15931804E-03     -0.19063272E-03     -0.44288699E-03
    2206     -0.15726311E-03     -0.15931804E-03     -0.19066016E-03     -0.44288699E-03
    2207     -0.15726414E-03     -0.15931804E-03     -0.19071056E-03     -0.44288699E-03
    2208     -0.15726518E-03     -0.15931804E-03     -0.19075638E-03     -0.44288699E-03
    2209     -0.15726625E-03     -0.15931804E-03     -0.19080648E-03     -0.44288699E-03
    2210     -0.15726698E-03     -0.15931804E-03     -0.19084322E-03     -0.44288699E-03
    2211     -0.15726770E-03     -0.15931804E-03     -0.19088336E-03     -0.44288699E-03
    2212     -0.15726857E-03     -0.15931804E-03     -0.19093306E-03     -0.44288699E-03
    2213     -0.15726940E-03     -0.15931804E-03     -0.19097806E-03     -0.44288699E-03
    2214     -0.15727021E-03     -0.15931804E-03     -0.19102660E-03     -0.44288699E-03
    2215     -0.15727096E-03     -0.15931804E-03     -0.19107290E-03     -0.44288699E-03
    2216     -0.15727174E-03     -0.15931804E-03     -0.19111713E-03     -0.44288699E-03
    2217     -0.15727251E-03     -0.15931804E-03     -0.19115819E-03     -0.44288699E-03
    2218     -0.15727457E-03     -0.15931804E-03     -0.19128731E-03     -0.44288699E-03
    2219     -0.15727561E-03     -0.15931804E-03     -0.19134409E-03     -0.44288699E-03
    2220     -0.15727769E-03     -0.15931804E-03     -0.19145946E-03     -0.44288699E-03
    2221     -0.15727841E-03     -0.15931804E-03     -0.19149626E-03     -0.44288699E-03
    2222     -0.15727946E-03     -0.15931804E-03     -0.19155583E-03     -0.44288699E-03
    2223     -0.15728036E-03     -0.15931804E-03     -0.19161065E-03     -0.44288699E-03
    2224     -0.15728140E-03     -0.15931804E-03     -0.19167058E-03     -0.44288699E-03
    2225     -0.15728253E-03     -0.15931804E-03     -0.19173843E-03     -0.44288699E-03
    2226     -0.15728412E-03     -0.15931804E-03     -0.19181823E-03     -0.44288699E-03
    2227     -0.15728536E-03     -0.15931804E-03     -0.19188842E-03     -0.44288699E-03
    2228     -0.15728640E-03     -0.15931804E-03     -0.19194673E-03     -0.44288699E-03
    2229     -0.15728750E-03     -0.15931804E-03     -0.19200605E-03     -0.44288699E-03
    2230     -0.15728847E-03     -0.15931804E-03     -0.19205570E-03     -0.44288699E-03
    2231     -0.15728949E-03     -0.15931804E-03     -0.19211131E-03     -0.44288699E-03
    2232     -0.15729083E-03     -0.15931804E-03     -0.19218112E-03     -0.44288699E-03
    2233     -0.15729181E-03     -0.15931804E-03     -0.19223346E-03     -0.44288699E-03
    2234     -0.15729260E-03     -0.15931804E-03     -0.19226946E-03     -0.44288699E-03
    2235     -0.15729349E-03     -0.15931804E-03     -0.19230827E-03     -0.44288699E-03
    2236     -0.15729480E-03     -0.15931804E-03     -0.19237964E-03     -0.44288699E-03
    2237     -0.15729639E-03     -0.15931804E-03     -0.19245708E-03     -0.44288699E-03
    2238     -0.15729737E-03     -0.15931804E-03     -0.19250577E-03     -0.44288699E-03
    2239     -0.15729862E-03     -0.15931804E-03     -0.19257784E-03     -0.44288699E-03
    2240     -0.15729987E-03     -0.15931804E-03     -0.19263816E-03     -0.44288699E-03
    2241     -0.15730087E-03     -0.15931804E-03     -0.19267942E-03     -0.44288699E-03
    2242     -0.15730268E-03     -0.15931804E-03     -0.19277390E-03     -0.44288699E-03
    2243     -0.15730365E-03     -0.15931804E-03     -0.19282250E-03     -0.44288699E-03
    2244     -0.15730470E-03     -0.15931804E-03     -0.19287703E-03     -0.44288699E-03
    2245     -0.15730567E-03     -0.15931804E-03     -0.19292244E-03     -0.44288699E-03
    2246     -0.15730651E-03     -0.15931804E-03     -0.19296431E-03     -0.44288699E-03
    2247     -0.15730731E-03     -0.15931804E-03     -0.19300787E-03     -0.44288699E-03
    2248     -0.15730816E-03     -0.15931804E-03     -0.19304646E-03     -0.44288699E-03
    2249     -0.15730903E-03     -0.15931804E-03     -0.19308389E-03     -0.44288699E-03
    2250     -0.15730984E-03     -0.15931804E-03     -0.19311683E-03     -0.44288699E-03
    2251     -0.15731096E-03     -0.15931804E-03     -0.19317103E-03     -0.44288699E-03
    2252     -0.15731171E-03     -0.15931804E-03     -0.19321248E-03     -0.44288699E-03
    2253     -0.15731283E-03     -0.15931804E-03     -0.19328252E-03     -0.44288699E-03
    2254     -0.15731373E-03     -0.15931804E-03     -0.19333744E-03     -0.44288699E-03
    2255     -0.15731444E-03     -0.15931804E-03     -0.19337288E-03     -0.44288699E-03
    2256     -0.15731515E-03     -0.15931804E-03     -0.19341346E-03     -0.44288699E-03
    2257     -0.15731597E-03     -0.15931804E-03     -0.19345887E-03     -0.44288699E-03
    2258     -0.15731692E-03     -0.15931804E-03     -0.19352300E-03     -0.44288699E-03
    2259     -0.15731779E-03     -0.15931804E-03     -0.19357073E-03     -0.44288699E-03
    2260     -0.15731842E-03     -0.15931804E-03     -0.19360643E-03     -0.44288699E-03
    2261     -0.15731918E-03     -0.15931804E-03     -0.19365445E-03     -0.44288699E-03
    2262     -0.15731978E-03     -0.15931804E-03     -0.19368912E-03     -0.44288699E-03
    2263     -0.15732062E-03     -0.15931804E-03     -0.19372897E-03     -0.44288699E-03
    2264     -0.15732109E-03     -0.15931804E-03     -0.19376317E-03     -0.44288699E-03
    2265     -0.15732188E-03     -0.15931804E-03     -0.19381836E-03     -0.44288699E-03
    2266     -0.15732233E-03     -0.15931804E-03     -0.19383841E-03     -0.44288699E-03
    2267     -0.15732296E-03     -0.15931804E-03     -0.19388338E-03     -0.44288699E-03
    2268     -0.15732371E-03     -0.15931804E-03     -0.19392250E-03     -0.44288699E-03
    2269     -0.15732449E-03     -0.15931804E-03     -0.19396426E-03     -0.44288699E-03
    2270     -0.15732523E-03     -0.15931804E-03     -0.19400786E-03     -0.44288699E-03
    2271     -0.15732629E-03     -0.15931804E-03     -0.19406716E-03     -0.44288699E-03
    2272     -0.15732739E-03     -0.15931804E-03     -0.19412553E-03     -0.44288699E-03
    2273     -0.15732819E-03     -0.15931804E-03     -0.19416099E-03     -0.44288699E-03
    2274     -0.15732897E-03     -0.15931804E-03     -0.19420584E-03     -0.44288699E-03
    2275     -0.15733013E-03     -0.15931804E-03     -0.19428058E-03     -0.44288699E-03
    2276     -0.15733176E-03     -0.15931804E-03     -0.19437578E-03     -0.44288699E-03
    2277     -0.15733264E-03     -0.15931804E-03     -0.19443126E-03     -0.44288699E-03
    2278     -0.15733427E-03     -0.15931804E-03     -0.19452800E-03     -0.44288699E-03
    2279     -0.15733556E-03     -0.15931804E-03     -0.19459848E-03     -0.44288699E-03
    2280     -0.15733675E-03     -0.15931804E-03     -0.19466019E-03     -0.44288699E-03
    2281     -0.15733886E-03     -0.15931804E-03     -0.19479268E-03     -0.44288699E-03
    2282     -0.15733975E-03     -0.15931804E-03     -0.19483576E-03     -0.44288699E-03
    2283     -0.15734081E-03     -0.15931804E-03     -0.19490033E-03     -0.44288699E-03
    2284     -0.15734173E-03     -0.15931804E-03     -0.19495504E-03     -0.44288699E-03
    2285     -0.15734254E-03     -0.15931804E-03     -0.19501047E-03     -0.44288699E-03
    2286     -0.15734369E-03     -0.15931804E-03     -0.19508148E-03     -0.44288699E-03
    2287     -0.15734404E-03     -0.15931804E-03     -0.19510320E-03     -0.44288699E-03
    2288     -0.15734568E-03     -0.15931804E-03     -0.19520874E-03     -0.44288699E-03
    2289     -0.15734637E-03     -0.15931804E-03     -0.19524912E-03     -0.44288699E-03
    2290     -0.15734711E-03     -0.15931804E-03     -0.19528746E-03     -0.44288699E-03
    2291     -0.15734890E-03     -0.15931804E-03     -0.19539001E-03     -0.44288699E-03
    2292     -0.15735078E-03     -0.15931804E-03     -0.19550662E-03     -0.44288699E-03
    2293     -0.15735149E-03     -0.15931804E-03     -0.19554746E-03     -0.44288699E-03
    2294     -0.15735274E-03     -0.15931804E-03     -0.19561968E-03     -0.44288699E-03
    2295     -0.15735347E-03     -0.15931804E-03     -0.19566516E-03     -0.44288699E-03
    2296     -0.15735444E-03     -0.15931804E-03     -0.19572032E-03     -0.44288699E-03
    2297     -0.15735514E-03     -0.15931804E-03     -0.19575921E-03     -0.44288699E-03
    2298     -0.15735556E-03     -0.15931804E-03     -0.19578477E-03     -0.44288699E-03
    2299     -0.15735606E-03     -0.15931804E-03     -0.19581584E-03     -0.44288699E-03
    2300     -0.15735693E-03     -0.15931804E-03     -0.19586865E-03     -0.44288699E-03
    2301     -0.15735743E-03     -0.15931804E-03     -0.19589814E-03     -0.44288699E-03
    2302     -0.15735811E-03     -0.15931804E-03     -0.19594083E-03     -0.44288699E-03
    2303     -0.15735905E-03     -0.15931804E-03     -0.19598888E-03     -0.44288699E-03
    2304     -0.15735997E-03     -0.15931804E-03     -0.19603933E-03     -0.44288699E-03
    2305     -0.15736071E-03     -0.15931804E-03     -0.19608549E-03     -0.44288699E-03
    2306     -0.15736163E-03     -0.15931804E-03     -0.19613041E-03     -0.44288699E-03
    2307     -0.15736249E-03     -0.15931804E-03     -0.19617626E-03     -0.44288699E-03
    2308     -0.15736312E-03     -0.15931804E-03     -0.19620702E-03     -0.44288699E-03
    2309     -0.15736366E-03     -0.15931804E-03     -0.19624208E-03     -0.44288699E-03
    2310     -0.15736489E-03     -0.15931804E-03     -0.19630180E-03     -0.44288699E-03
    2311     -0.15736602E-03     -0.15931804E-03     -0.19636014E-03     -0.44288699E-03
    2312     -0.15736706E-03     -0.15931804E-03     -0.19641465E-03     -0.44288699E-03
    2313     -0.15736838E-03     -0.15931804E-03     -0.19647241E-03     -0.44288699E-03
    2314     -0.15736941E-03     -0.15931804E-03     -0.19652976E-03     -0.44288699E-03
    2315     -0.15737015E-03     -0.15931804E-03     -0.19657581E-03     -0.44288699E-03
    2316     -0.15737108E-03     -0.15931804E-03     -0.19662823E-03     -0.44288699E-03
    2317     -0.15737270E-03     -0.15931804E-03     -0.19670521E-03     -0.44288699E-03
    2318     -0.15737445E-03     -0.15931804E-03     -0.19679457E-03     -0.44288699E-03
    2319     -0.15737555E-03     -0.15931804E-03     -0.19685992E-03     -0.44288699E-03
    2320     -0.15737659E-03     -0.15931804E-03     -0.19691453E-03     -0.44288699E-03
    2321     -0.15737738E-03     -0.15931804E-03     -0.19697048E-03     -0.44288699E-03
    2322     -0.15737847E-03     -0.15931804E-03     -0.19703626E-03     -0.44288699E-03
    2323     -0.15737960E-03     -0.15931804E-03     -0.19711571E-03     -0.44288699E-03
    2324     -0.15738088E-03     -0.15931804E-03     -0.19718389E-03     -0.44288699E-03
    2325     -0.15738153E-03     -0.15931804E-03     -0.19721764E-03     -0.44288699E-03
    2326     -0.15738265E-03     -0.15931804E-03     -0.19727441E-03     -0.44288699E-03
    2327     -0.15738359E-03     -0.15931804E-03     -0.19732179E-03     -0.44288699E-03
    2328     -0.15738444E-03     -0.15931804E-03     -0.19736377E-03     -0.44288699E-03
    2329     -0.15738519E-03     -0.15931804E-03     -0.19740433E-03     -0.44288699E-03
    2330     -0.15738599E-03     -0.15931804E-03     -0.19744903E-03     -0.44288699E-03
    2331     -0.15738710E-03     -0.15931804E-03     -0.19750500E-03     -0.44288699E-03
    2332     -0.15738797E-03     -0.15931804E-03     -0.19755119E-03     -0.44288699E-03
    2333     -0.15738876E-03     -0.15931804E-03     -0.19759800E-03     -0.44288699E-03
    2334     -0.15738978E-03     -0.15931804E-03     -0.19765368E-03     -0.44288699E-03
    2335     -0.15739044E-03     -0.15931804E-03     -0.19769270E-03     -0.44288699E-03
    2336     -0.15739134E-03     -0.15931804E-03     -0.19773884E-03     -0.44288699E-03
    2337     -0.15739228E-03     -0.15931804E-03     -0.19778666E-03     -0.44288699E-03
    2338     -0.15739289E-03     -0.15931804E-03     -0.19782081E-03     -0.44288699E-03
    2339     -0.15739355E-03     -0.15931804E-03     -0.19785774E-03     -0.44288699E-03
    2340     -0.15739429E-03     -0.15931804E-03     -0.19789552E-03     -0.44288699E-03
    2341     -0.15739489E-03     -0.15931804E-03     -0.19792973E-03     -0.44288699E-03
    2342     -0.15739575E-03     -0.15931804E-03     -0.19798000E-03     -0.44288699E-03
    2343     -0.15739630E-03     -0.15931804E-03     -0.19801242E-03     -0.44288699E-03
    2344     -0.15739694E-03     -0.15931804E-03     -0.19804288E-03     -0.44288699E-03
    2345     -0.15739738E-03     -0.15931804E-03     -0.19807029E-03     -0.44288699E-03
    2346     -0.15739799E-03     -0.15931804E-03     -0.19810167E-03     -0.44288699E-03
    2347     -0.15739835E-03     -0.15931804E-03     -0.19812437E-03     -0.44288699E-03
    2348     -0.15739896E-03     -0.15931804E-03     -0.19815654E-03     -0.44288699E-03
    2349     -0.15739960E-03     -0.15931804E-03     -0.19819272E-03     -0.44288699E-03
    2350     -0.15740016E-03     -0.15931804E-03     -0.19822337E-03     -0.44288699E-03
    2351     -0.15740072E-03     -0.15931804E-03     -0.19825602E-03     -0.44288699E-03
    2352     -0.15740145E-03     -0.15931804E-03     -0.19829177E-03     -0.44288699E-03
    2353     -0.15740211E-03     -0.15931804E-03     -0.19832570E-03     -0.44288699E-03
    2354     -0.15740285E-03     -0.15931804E-03     -0.19836316E-03     -0.44288699E-03
    2355     -0.15740363E-03     -0.15931804E-03     -0.19840525E-03     -0.44288699E-03
    2356     -0.15740444E-03     -0.15931804E-03     -0.19844640E-03     -0.44288699E-03
    2357     -0.15740525E-03     -0.15931804E-03     -0.19848358E-03     -0.44288699E-03
    2358     -0.15740587E-03     -0.15931804E-03     -0.19851867E-03     -0.44288699E-03
    2359     -0.15740650E-03     -0.15931804E-03     -0.19855629E-03     -0.44288699E-03
    2360     -0.15740727E-03     -0.15931804E-03     -0.19859439E-03     -0.44288699E-03
    2361     -0.15740800E-03     -0.15931804E-03     -0.19863694E-03     -0.44288699E-03
    2362     -0.15740895E-03     -0.15931804E-03     -0.19868110E-03     -0.44288699E-03
    2363     -0.15740937E-03     -0.15931804E-03     -0.19871202E-03     -0.44288699E-03
    2364     -0.15741001E-03     -0.15931804E-03     -0.19874837E-03     -0.44288699E-03
    2365     -0.15741075E-03     -0.15931804E-03     -0.19878835E-03     -0.44288699E-03
    2366     -0.15741142E-03     -0.15931804E-03     -0.19882067E-03     -0.44288699E-03
    2367     -0.15741196E-03     -0.15931804E-03     -0.19885062E-03     -0.44288699E-03
    2368     -0.15741279E-03     -0.15931804E-03     -0.19888797E-03     -0.44288699E-03
    2369     -0.15741359E-03     -0.15931804E-03     -0.19892493E-03     -0.44288699E-03
    2370     -0.15741426E-03     -0.15931804E-03     -0.19895121E-03     -0.44288699E-03
    2371     -0.15741488E-03     -0.15931804E-03     -0.19899076E-03     -0.44288699E-03
    2372     -0.15741570E-03     -0.15931804E-03     -0.19902791E-03     -0.44288699E-03
    2373     -0.15741612E-03     -0.15931804E-03     -0.19905234E-03     -0.44288699E-03
    2374     -0.15741654E-03     -0.15931804E-03     -0.19908125E-03     -0.44288699E-03
    2375     -0.15741705E-03     -0.15931804E-03     -0.19911294E-03     -0.44288699E-03
    2376     -0.15741782E-03     -0.15931804E-03     -0.19915055E-03     -0.44288699E-03
    2377     -0.15741849E-03     -0.15931804E-03     -0.19918312E-03     -0.44288699E-03
    2378     -0.15741913E-03     -0.15931804E-03     -0.19921996E-03     -0.44288699E-03
    2379     -0.15741990E-03     -0.15931804E-03     -0.19925609E-03     -0.44288699E-03
    2380     -0.15742068E-03     -0.15931804E-03     -0.19930392E-03     -0.44288699E-03
    2381     -0.15742147E-03     -0.15931804E-03     -0.19934726E-03     -0.44288699E-03
    2382     -0.15742218E-03     -0.15931804E-03     -0.19938464E-03     -0.44288699E-03
    2383     -0.15742263E-03     -0.15931804E-03     -0.19941186E-03     -0.44288699E-03
    2384     -0.15742333E-03     -0.15931804E-03     -0.19944900E-03     -0.44288699E-03
    2385     -0.15742374E-03     -0.15931804E-03     -0.19947379E-03     -0.44288699E-03
    2386     -0.15742438E-03     -0.15931804E-03     -0.19951225E-03     -0.44288699E-03
    2387     -0.15742499E-03     -0.15931804E-03     -0.19954567E-03     -0.44288699E-03
    2388     -0.15742566E-03     -0.15931804E-03     -0.19958423E-03     -0.44288699E-03
    2389     -0.15742606E-03     -0.15931804E-03     -0.19961027E-03     -0.44288699E-03
    2390     -0.15742676E-03     -0.15931804E-03     -0.19964398E-03     -0.44288699E-03
    2391     -0.15742727E-03     -0.15931804E-03     -0.19967754E-03     -0.44288699E-03
    2392     -0.15742797E-03     -0.15931804E-03     -0.19971485E-03     -0.44288699E-03
    2393     -0.15742872E-03     -0.15931804E-03     -0.19975390E-03     -0.44288699E-03
    2394     -0.15742938E-03     -0.15931804E-03     -0.19978767E-03     -0.44288699E-03
    2395     -0.15743024E-03     -0.15931804E-03     -0.19982864E-03     -0.44288699E-03
    2396     -0.15743104E-03     -0.15931804E-03     -0.19987661E-03     -0.44288699E-03
    2397     -0.15743227E-03     -0.15931804E-03     -0.19993601E-03     -0.44288699E-03
    2398     -0.15743314E-03     -0.15931804E-03     -0.19998065E-03     -0.44288699E-03
    2399     -0.15743417E-03     -0.15931804E-03     -0.20003666E-03     -0.44288699E-03
    2400     -0.15743498E-03     -0.15931804E-03     -0.20008055E-03     -0.44288699E-03
    2401     -0.15743601E-03     -0.15931804E-03     -0.20013594E-03     -0.44288699E-03
    2402     -0.15743689E-03     -0.15931804E-03     -0.20018114E-03     -0.44288699E-03
    2403     -0.15743773E-03     -0.15931804E-03     -0.20022783E-03     -0.44288699E-03
    2404     -0.15743820E-03     -0.15931804E-03     -0.20025586E-03     -0.44288699E-03
    2405     -0.15743888E-03     -0.15931804E-03     -0.20029713E-03     -0.44288699E-03
    2406     -0.15743955E-03     -0.15931804E-03     -0.20032704E-03     -0.44288699E-03
    2407     -0.15744041E-03     -0.15931804E-03     -0.20036877E-03     -0.44288699E-03
    2408     -0.15744125E-03     -0.15931804E-03     -0.20041170E-03     -0.44288699E-03
    2409     -0.15744200E-03     -0.15931804E-03     -0.20045625E-03     -0.44288699E-03
    2410     -0.15744292E-03     -0.15931804E-03     -0.20050700E-03     -0.44288699E-03
    2411     -0.15744365E-03     -0.15931804E-03     -0.20055899E-03     -0.44288699E-03
    2412     -0.15744445E-03     -0.15931804E-03     -0.20059515E-03     -0.44288699E-03
    2413     -0.15744585E-03     -0.15931804E-03     -0.20066995E-03     -0.44288699E-03
    2414     -0.15744638E-03     -0.15931804E-03     -0.20070557E-03     -0.44288699E-03
    2415     -0.15744722E-03     -0.15931804E-03     -0.20075060E-03     -0.44288699E-03
    2416     -0.15744790E-03     -0.15931804E-03     -0.20079252E-03     -0.44288699E-03
    2417     -0.15744848E-03     -0.15931804E-03     -0.20083267E-03     -0.44288699E-03
    2418     -0.15744931E-03     -0.15931804E-03     -0.20087596E-03     -0.44288699E-03
    2419     -0.15744998E-03     -0.15931804E-03     -0.20092402E-03     -0.44288699E-03
    2420     -0.15745060E-03     -0.15931804E-03     -0.20095289E-03     -0.44288699E-03
    2421     -0.15745131E-03     -0.15931804E-03     -0.20099369E-03     -0.44288699E-03
    2422     -0.15745223E-03     -0.15931804E-03     -0.20104436E-03     -0.44288699E-03
    2423     -0.15745296E-03     -0.15931804E-03     -0.20109096E-03     -0.44288699E-03
    2424     -0.15745373E-03     -0.15931804E-03     -0.20112584E-03     -0.44288699E-03
    2425     -0.15745449E-03     -0.15931804E-03     -0.20116522E-03     -0.44288699E-03
    2426     -0.15745585E-03     -0.15931804E-03     -0.20123688E-03     -0.44288699E-03
    2427     -0.15745672E-03     -0.15931804E-03     -0.20127379E-03     -0.44288699E-03
    2428     -0.15745764E-03     -0.15931804E-03     -0.20131915E-03     -0.44288699E-03
    2429     -0.15745843E-03     -0.15931804E-03     -0.20135980E-03     -0.44288699E-03
    2430     -0.15745984E-03     -0.15931804E-03     -0.20142106E-03     -0.44288699E-03
    2431     -0.15746063E-03     -0.15931804E-03     -0.20145962E-03     -0.44288699E-03
    2432     -0.15746128E-03     -0.15931804E-03     -0.20149297E-03     -0.44288699E-03
    2433     -0.15746202E-03     -0.15931804E-03     -0.20153321E-03     -0.44288699E-03
    2434     -0.15746272E-03     -0.15931804E-03     -0.20156082E-03     -0.44288699E-03
    2435     -0.15746343E-03     -0.15931804E-03     -0.20159187E-03     -0.44288699E-03
    2436     -0.15746421E-03     -0.15931804E-03     -0.20162780E-03     -0.44288699E-03
    2437     -0.15746504E-03     -0.15931804E-03     -0.20166443E-03     -0.44288699E-03
    2438     -0.15746580E-03     -0.15931804E-03     -0.20169702E-03     -0.44288699E-03
    2439     -0.15746641E-03     -0.15931804E-03     -0.20173082E-03     -0.44288699E-03
    2440     -0.15746706E-03     -0.15931804E-03     -0.20176508E-03     -0.44288699E-03
    2441     -0.15746810E-03     -0.15931804E-03     -0.20181416E-03     -0.44288699E-03
    2442     -0.15746854E-03     -0.15931804E-03     -0.20183921E-03     -0.44288699E-03
    2443     -0.15746960E-03     -0.15931804E-03     -0.20188576E-03     -0.44288699E-03
    2444     -0.15747052E-03     -0.15931804E-03     -0.20192563E-03     -0.44288699E-03
    2445     -0.15747135E-03     -0.15931804E-03     -0.20196684E-03     -0.44288699E-03
    2446     -0.15747296E-03     -0.15931804E-03     -0.20203004E-03     -0.44288699E-03
    2447     -0.15747405E-03     -0.15931804E-03     -0.20207654E-03     -0.44288699E-03
    2448     -0.15747494E-03     -0.15931804E-03     -0.20211796E-03     -0.44288699E-03
    2449     -0.15747590E-03     -0.15931804E-03     -0.20215510E-03     -0.44288699E-03
    2450     -0.15747694E-03     -0.15931804E-03     -0.20219702E-03     -0.44288699E-03
    2451     -0.15747776E-03     -0.15931804E-03     -0.20224041E-03     -0.44288699E-03
    2452     -0.15748007E-03     -0.15931804E-03     -0.20232453E-03     -0.44288699E-03
    2453     -0.15748124E-03     -0.15931804E-03     -0.20237558E-03     -0.44288699E-03
    2454     -0.15748243E-03     -0.15931804E-03     -0.20242984E-03     -0.44288699E-03
    2455     -0.15748341E-03     -0.15931804E-03     -0.20247795E-03     -0.44288699E-03
    2456     -0.15748461E-03     -0.15931804E-03     -0.20253669E-03     -0.44288699E-03
    2457     -0.15748534E-03     -0.15931804E-03     -0.20257590E-03     -0.44288699E-03
    2458     -0.15748625E-03     -0.15931804E-03     -0.20261547E-03     -0.44288699E-03
    2459     -0.15748690E-03     -0.15931804E-03     -0.20264934E-03     -0.44288699E-03
    2460     -0.15748792E-03     -0.15931804E-03     -0.20269620E-03     -0.44288699E-03
    2461     -0.15748859E-03     -0.15931804E-03     -0.20272833E-03     -0.44288699E-03
    2462     -0.15748959E-03     -0.15931804E-03     -0.20277500E-03     -0.44288699E-03
    2463     -0.15749113E-03     -0.15931804E-03     -0.20283287E-03     -0.44288699E-03
    2464     -0.15749182E-03     -0.15931804E-03     -0.20287437E-03     -0.44288699E-03
    2465     -0.15749278E-03     -0.15931804E-03     -0.20292268E-03     -0.44288699E-03
    2466     -0.15749352E-03     -0.15931804E-03     -0.20296183E-03     -0.44288699E-03
    2467     -0.15749508E-03     -0.15931804E-03     -0.20303285E-03     -0.44288699E-03
    2468     -0.15749589E-03     -0.15931804E-03     -0.20308177E-03     -0.44288699E-03
    2469     -0.15749666E-03     -0.15931804E-03     -0.20312061E-03     -0.44288699E-03
    2470     -0.15749799E-03     -0.15931804E-03     -0.20318841E-03     -0.44288699E-03
    2471     -0.15750045E-03     -0.15931804E-03     -0.20327776E-03     -0.44288699E-03
    2472     -0.15750170E-03     -0.15931804E-03     -0.20333950E-03     -0.44288699E-03
    2473     -0.15750272E-03     -0.15931804E-03     -0.20339146E-03     -0.44288699E-03
    2474     -0.15750415E-03     -0.15931804E-03     -0.20347475E-03     -0.44288699E-03
    2475     -0.15750495E-03     -0.15931804E-03     -0.20351394E-03     -0.44288699E-03
    2476     -0.15750579E-03     -0.15931804E-03     -0.20356449E-03     -0.44288699E-03
    2477     -0.15750657E-03     -0.15931804E-03     -0.20360508E-03     -0.44288699E-03
    2478     -0.15750762E-03     -0.15931804E-03     -0.20366852E-03     -0.44288699E-03
    2479     -0.15750864E-03     -0.15931804E-03     -0.20372459E-03     -0.44288699E-03
    2480     -0.15751020E-03     -0.15931804E-03     -0.20379167E-03     -0.44288699E-03
    2481     -0.15751104E-03     -0.15931804E-03     -0.20384226E-03     -0.44288699E-03
    2482     -0.15751217E-03     -0.15931804E-03     -0.20389809E-03     -0.44288699E-03
    2483     -0.15751315E-03     -0.15931804E-03     -0.20394412E-03     -0.44288699E-03
    2484     -0.15751447E-03     -0.15931804E-03     -0.20400175E-03     -0.44288699E-03
    2485     -0.15751547E-03     -0.15931804E-03     -0.20405134E-03     -0.44288699E-03
    2486     -0.15751643E-03     -0.15931804E-03     -0.20410220E-03     -0.44288699E-03
    2487     -0.15751766E-03     -0.15931804E-03     -0.20416473E-03     -0.44288699E-03
    2488     -0.15751915E-03     -0.15931804E-03     -0.20423277E-03     -0.44288699E-03
    2489     -0.15752173E-03     -0.15931804E-03     -0.20432202E-03     -0.44288699E-03
    2490     -0.15752296E-03     -0.15931804E-03     -0.20437885E-03     -0.44288699E-03
    2491     -0.15752503E-03     -0.15931804E-03     -0.20445892E-03     -0.44288699E-03
    2492     -0.15752623E-03     -0.15931804E-03     -0.20452044E-03     -0.44288699E-03
    2493     -0.15752744E-03     -0.15931804E-03     -0.20458410E-03     -0.44288699E-03
    2494     -0.15752861E-03     -0.15931804E-03     -0.20463512E-03     -0.44288699E-03
    2495     -0.15752984E-03     -0.15931804E-03     -0.20469332E-03     -0.44288699E-03
    2496     -0.15753254E-03     -0.15931804E-03     -0.20479524E-03     -0.44288699E-03
    2497     -0.15753332E-03     -0.15931804E-03     -0.20484322E-03     -0.44288699E-03
    2498     -0.15753449E-03     -0.15931804E-03     -0.20489820E-03     -0.44288699E-03
    2499     -0.15753532E-03     -0.15931804E-03     -0.20494176E-03     -0.44288699E-03
    2500     -0.15753656E-03     -0.15931804E-03     -0.20499830E-03     -0.44288699E-03
    2501     -0.15753809E-03     -0.15931804E-03     -0.20505798E-03     -0.44288699E-03
    2502     -0.15753977E-03     -0.15931804E-03     -0.20513232E-03     -0.44288699E-03
    2503     -0.15754241E-03     -0.15931804E-03     -0.20522913E-03     -0.44288699E-03
    2504     -0.15754374E-03     -0.15931804E-03     -0.20528893E-03     -0.44288699E-03
    2505     -0.15754531E-03     -0.15931804E-03     -0.20535092E-03     -0.44288699E-03
    2506     -0.15754755E-03     -0.15931804E-03     -0.20543304E-03     -0.44288699E-03
    2507     -0.15754894E-03     -0.15931804E-03     -0.20549059E-03     -0.44288699E-03
    2508     -0.15755064E-03     -0.15931804E-03     -0.20556137E-03     -0.44288699E-03
    2509     -0.15755178E-03     -0.15931804E-03     -0.20561198E-03     -0.44288699E-03
    2510     -0.15755310E-03     -0.15931804E-03     -0.20566816E-03     -0.44288699E-03
    2511     -0.15755459E-03     -0.15931804E-03     -0.20573078E-03     -0.44288699E-03
    2512     -0.15755619E-03     -0.15931804E-03     -0.20579725E-03     -0.44288699E-03
    2513     -0.15755768E-03     -0.15931804E-03     -0.20586497E-03     -0.44288699E-03
    2514     -0.15755987E-03     -0.15931804E-03     -0.20595355E-03     -0.44288699E-03
    2515     -0.15756104E-03     -0.15931804E-03     -0.20600670E-03     -0.44288699E-03
    2516     -0.15756200E-03     -0.15931804E-03     -0.20605278E-03     -0.44288699E-03
    2517     -0.15756365E-03     -0.15931804E-03     -0.20612724E-03     -0.44288699E-03
    2518     -0.15756493E-03     -0.15931804E-03     -0.20618718E-03     -0.44288699E-03
    2519     -0.15756630E-03     -0.15931804E-03     -0.20624569E-03     -0.44288699E-03
    2520     -0.15756695E-03     -0.15931804E-03     -0.20627897E-03     -0.44288699E-03
    2521     -0.15756865E-03     -0.15931804E-03     -0.20636042E-03     -0.44288699E-03
    2522     -0.15757016E-03     -0.15931804E-03     -0.20643158E-03     -0.44288699E-03
    2523     -0.15757178E-03     -0.15931804E-03     -0.20650145E-03     -0.44288699E-03
    2524     -0.15757281E-03     -0.15931804E-03     -0.20655407E-03     -0.44288699E-03
    2525     -0.15757396E-03     -0.15931804E-03     -0.20661177E-03     -0.44288699E-03
    2526     -0.15757584E-03     -0.15931804E-03     -0.20668479E-03     -0.44288699E-03
    2527     -0.15757736E-03     -0.15931804E-03     -0.20674465E-03     -0.44288699E-03
    2528     -0.15757859E-03     -0.15931804E-03     -0.20680221E-03     -0.44288699E-03
    2529     -0.15757983E-03     -0.15931804E-03     -0.20685765E-03     -0.44288699E-03
    2530     -0.15758284E-03     -0.15931804E-03     -0.20696082E-03     -0.44288699E-03
    2531     -0.15758432E-03     -0.15931804E-03     -0.20702494E-03     -0.44288699E-03
    2532     -0.15758650E-03     -0.15931804E-03     -0.20709945E-03     -0.44288699E-03
    2533     -0.15758807E-03     -0.15931804E-03     -0.20716447E-03     -0.44288699E-03
    2534     -0.15759028E-03     -0.15931804E-03     -0.20724988E-03     -0.44288699E-03
    2535     -0.15759102E-03     -0.15931804E-03     -0.20729035E-03     -0.44288699E-03
    2536     -0.15759233E-03     -0.15931804E-03     -0.20734594E-03     -0.44288699E-03
    2537     -0.15759333E-03     -0.15931804E-03     -0.20738810E-03     -0.44288699E-03
    2538     -0.15759551E-03     -0.15931804E-03     -0.20747528E-03     -0.44288699E-03
    2539     -0.15759805E-03     -0.15931804E-03     -0.20757369E-03     -0.44288699E-03
    2540     -0.15759893E-03     -0.15931804E-03     -0.20761539E-03     -0.44288699E-03
    2541     -0.15760034E-03     -0.15931804E-03     -0.20767275E-03     -0.44288699E-03
    2542     -0.15760199E-03     -0.15931804E-03     -0.20775100E-03     -0.44288699E-03
    2543     -0.15760312E-03     -0.15931804E-03     -0.20779833E-03     -0.44288699E-03
    2544     -0.15760409E-03     -0.15931804E-03     -0.20784224E-03     -0.44288699E-03
    2545     -0.15760592E-03     -0.15931804E-03     -0.20792441E-03     -0.44288699E-03
    2546     -0.15760795E-03     -0.15931804E-03     -0.20800795E-03     -0.44288699E-03
    2547     -0.15760955E-03     -0.15931804E-03     -0.20807358E-03     -0.44288699E-03
    2548     -0.15761156E-03     -0.15931804E-03     -0.20815953E-03     -0.44288699E-03
    2549     -0.15761356E-03     -0.15931804E-03     -0.20823910E-03     -0.44288699E-03
    2550     -0.15761523E-03     -0.15931804E-03     -0.20830220E-03     -0.44288699E-03
    2551     -0.15761754E-03     -0.15931804E-03     -0.20838613E-03     -0.44288699E-03
    2552     -0.15761963E-03     -0.15931804E-03     -0.20846001E-03     -0.44288699E-03
    2553     -0.15762061E-03     -0.15931804E-03     -0.20850962E-03     -0.44288699E-03
    2554     -0.15762199E-03     -0.15931804E-03     -0.20856934E-03     -0.44288699E-03
    2555     -0.15762406E-03     -0.15931804E-03     -0.20864576E-03     -0.44288699E-03
    2556     -0.15762562E-03     -0.15931804E-03     -0.20870750E-03     -0.44288699E-03
    2557     -0.15762758E-03     -0.15931804E-03     -0.20878873E-03     -0.44288699E-03
    2558     -0.15763060E-03     -0.15931804E-03     -0.20889170E-03     -0.44288699E-03
    2559     -0.15763292E-03     -0.15931804E-03     -0.20897381E-03     -0.44288699E-03
    2560     -0.15763545E-03     -0.15931804E-03     -0.20907349E-03     -0.44288699E-03
    2561     -0.15763805E-03     -0.15931804E-03     -0.20918392E-03     -0.44288699E-03
    2562     -0.15764019E-03     -0.15931804E-03     -0.20927636E-03     -0.44288699E-03
    2563     -0.15764298E-03     -0.15931804E-03     -0.20937853E-03     -0.44288699E-03
    2564     -0.15764571E-03     -0.15931804E-03     -0.20947737E-03     -0.44288699E-03
    2565     -0.15764805E-03     -0.15931804E-03     -0.20956630E-03     -0.44288699E-03
    2566     -0.15765024E-03     -0.15931804E-03     -0.20965452E-03     -0.44288699E-03
    2567     -0.15765218E-03     -0.15931804E-03     -0.20974178E-03     -0.44288699E-03
    2568     -0.15765567E-03     -0.15931804E-03     -0.20986628E-03     -0.44288699E-03
    2569     -0.15765755E-03     -0.15931804E-03     -0.20994731E-03     -0.44288699E-03
    2570     -0.15765948E-03     -0.15931804E-03     -0.21003726E-03     -0.44288699E-03
    2571     -0.15766132E-03     -0.15931804E-03     -0.21012435E-03     -0.44288699E-03
    2572     -0.15766504E-03     -0.15931804E-03     -0.21026244E-03     -0.44288699E-03
    2573     -0.15766710E-03     -0.15931804E-03     -0.21035820E-03     -0.44288699E-03
    2574     -0.15766920E-03     -0.15931804E-03     -0.21045060E-03     -0.44288699E-03
    2575     -0.15767033E-03     -0.15931804E-03     -0.21051105E-03     -0.44288699E-03
    2576     -0.15767188E-03     -0.15931804E-03     -0.21058840E-03     -0.44288699E-03
    2577     -0.15767367E-03     -0.15931804E-03     -0.21066849E-03     -0.44288699E-03
    2578     -0.15767452E-03     -0.15931804E-03     -0.21071636E-03     -0.44288699E-03
    2579     -0.15767541E-03     -0.15931804E-03     -0.21076726E-03     -0.44288699E-03
    2580     -0.15767650E-03     -0.15931804E-03     -0.21082561E-03     -0.44288699E-03
    2581     -0.15767772E-03     -0.15931804E-03     -0.21089709E-03     -0.44288699E-03
    2582     -0.15767907E-03     -0.15931804E-03     -0.21096785E-03     -0.44288699E-03
    2583     -0.15768073E-03     -0.15931804E-03     -0.21104193E-03     -0.44288699E-03
    2584     -0.15768320E-03     -0.15931804E-03     -0.21116448E-03     -0.44288699E-03
    2585     -0.15768599E-03     -0.15931804E-03     -0.21129511E-03     -0.44288699E-03
    2586     -0.15768701E-03     -0.15931804E-03     -0.21135938E-03     -0.44288699E-03
    2587     -0.15768848E-03     -0.15931804E-03     -0.21143529E-03     -0.44288699E-03
    2588     -0.15768987E-03     -0.15931804E-03     -0.21150933E-03     -0.44288699E-03
    2589     -0.15769126E-03     -0.15931804E-03     -0.21159035E-03     -0.44288699E-03
    2590     -0.15769367E-03     -0.15931804E-03     -0.21171344E-03     -0.44288699E-03
    2591     -0.15769508E-03     -0.15931804E-03     -0.21179434E-03     -0.44288699E-03
    2592     -0.15769688E-03     -0.15931804E-03     -0.21188267E-03     -0.44288699E-03
    2593     -0.15769817E-03     -0.15931804E-03     -0.21194797E-03     -0.44288699E-03
    2594     -0.15769971E-03     -0.15931804E-03     -0.21202458E-03     -0.44288699E-03
    2595     -0.15770117E-03     -0.15931804E-03     -0.21211624E-03     -0.44288699E-03
    2596     -0.15770224E-03     -0.15931804E-03     -0.21217599E-03     -0.44288699E-03
    2597     -0.15770357E-03     -0.15931804E-03     -0.21226860E-03     -0.44288699E-03
    2598     -0.15770519E-03     -0.15931804E-03     -0.21235691E-03     -0.44288699E-03
    2599     -0.15770638E-03     -0.15931804E-03     -0.21242206E-03     -0.44288699E-03
    2600     -0.15770747E-03     -0.15931804E-03     -0.21248716E-03     -0.44288699E-03
    2601     -0.15770888E-03     -0.15931804E-03     -0.21256379E-03     -0.44288699E-03
    2602     -0.15771009E-03     -0.15931804E-03     -0.21263782E-03     -0.44288699E-03
    2603     -0.15771207E-03     -0.15931804E-03     -0.21274519E-03     -0.44288699E-03
    2604     -0.15771341E-03     -0.15931804E-03     -0.21282898E-03     -0.44288699E-03
    2605     -0.15771480E-03     -0.15931804E-03     -0.21289848E-03     -0.44288699E-03
    2606     -0.15771606E-03     -0.15931804E-03     -0.21296687E-03     -0.44288699E-03
    2607     -0.15771742E-03     -0.15931804E-03     -0.21304109E-03     -0.44288699E-03
    2608     -0.15771895E-03     -0.15931804E-03     -0.21311998E-03     -0.44288699E-03
    2609     -0.15772042E-03     -0.15931804E-03     -0.21321236E-03     -0.44288699E-03
    2610     -0.15772176E-03     -0.15931804E-03     -0.21328665E-03     -0.44288699E-03
    2611     -0.15772263E-03     -0.15931804E-03     -0.21333499E-03     -0.44288699E-03
    2612     -0.15772418E-03     -0.15931804E-03     -0.21342343E-03     -0.44288699E-03
    2613     -0.15772576E-03     -0.15931804E-03     -0.21350382E-03     -0.44288699E-03
    2614     -0.15772704E-03     -0.15931804E-03     -0.21358343E-03     -0.44288699E-03
    2615     -0.15772869E-03     -0.15931804E-03     -0.21368933E-03     -0.44288699E-03
    2616     -0.15773026E-03     -0.15931804E-03     -0.21377922E-03     -0.44288699E-03
    2617     -0.15773224E-03     -0.15931804E-03     -0.21389630E-03     -0.44288699E-03
    2618     -0.15773377E-03     -0.15931804E-03     -0.21400363E-03     -0.44288699E-03
    2619     -0.15773695E-03     -0.15931804E-03     -0.21417706E-03     -0.44288699E-03
    2620     -0.15773914E-03     -0.15931804E-03     -0.21428916E-03     -0.44288699E-03
    2621     -0.15774201E-03     -0.15931804E-03     -0.21444139E-03     -0.44288699E-03
    2622     -0.15774351E-03     -0.15931804E-03     -0.21453265E-03     -0.44288699E-03
    2623     -0.15774626E-03     -0.15931804E-03     -0.21467137E-03     -0.44288699E-03
    2624     -0.15774974E-03     -0.15931804E-03     -0.21484515E-03     -0.44288699E-03
    2625     -0.15775175E-03     -0.15931804E-03     -0.21495497E-03     -0.44288699E-03
    2626     -0.15775366E-03     -0.15931804E-03     -0.21507641E-03     -0.44288699E-03
    2627     -0.15775598E-03     -0.15931804E-03     -0.21520946E-03     -0.44288699E-03
    2628     -0.15775840E-03     -0.15931804E-03     -0.21534277E-03     -0.44288699E-03
    2629     -0.15776051E-03     -0.15931804E-03     -0.21546027E-03     -0.44288699E-03
    2630     -0.15776269E-03     -0.15931804E-03     -0.21558170E-03     -0.44288699E-03
    2631     -0.15776503E-03     -0.15931804E-03     -0.21571510E-03     -0.44288699E-03
    2632     -0.15776739E-03     -0.15931804E-03     -0.21584457E-03     -0.44288699E-03
    2633     -0.15776909E-03     -0.15931804E-03     -0.21593305E-03     -0.44288699E-03
    2634     -0.15777035E-03     -0.15931804E-03     -0.21599556E-03     -0.44288699E-03
    2635     -0.15777182E-03     -0.15931804E-03     -0.21609341E-03     -0.44288699E-03
    2636     -0.15777315E-03     -0.15931804E-03     -0.21617527E-03     -0.44288699E-03
    2637     -0.15777426E-03     -0.15931804E-03     -0.21623920E-03     -0.44288699E-03
    2638     -0.15777584E-03     -0.15931804E-03     -0.21632106E-03     -0.44288699E-03
    2639     -0.15777729E-03     -0.15931804E-03     -0.21639967E-03     -0.44288699E-03
    2640     -0.15777942E-03     -0.15931804E-03     -0.21651190E-03     -0.44288699E-03
    2641     -0.15778079E-03     -0.15931804E-03     -0.21658866E-03     -0.44288699E-03
    2642     -0.15778233E-03     -0.15931804E-03     -0.21667818E-03     -0.44288699E-03
    2643     -0.15778386E-03     -0.15931804E-03     -0.21677006E-03     -0.44288699E-03
    2644     -0.15778548E-03     -0.15931804E-03     -0.21685356E-03     -0.44288699E-03
    2645     -0.15778715E-03     -0.15931804E-03     -0.21696527E-03     -0.44288699E-03
    2646     -0.15778830E-03     -0.15931804E-03     -0.21703291E-03     -0.44288699E-03
    2647     -0.15778938E-03     -0.15931804E-03     -0.21708860E-03     -0.44288699E-03
    2648     -0.15779075E-03     -0.15931804E-03     -0.21717726E-03     -0.44288699E-03
    2649     -0.15779186E-03     -0.15931804E-03     -0.21722937E-03     -0.44288699E-03
    2650     -0.15779311E-03     -0.15931804E-03     -0.21730690E-03     -0.44288699E-03
    2651     -0.15779428E-03     -0.15931804E-03     -0.21738311E-03     -0.44288699E-03
    2652     -0.15779527E-03     -0.15931804E-03     -0.21743250E-03     -0.44288699E-03
    2653     -0.15779640E-03     -0.15931804E-03     -0.21749341E-03     -0.44288699E-03
    2654     -0.15779836E-03     -0.15931804E-03     -0.21760977E-03     -0.44288699E-03
    2655     -0.15779913E-03     -0.15931804E-03     -0.21765517E-03     -0.44288699E-03
    2656     -0.15780052E-03     -0.15931804E-03     -0.21772800E-03     -0.44288699E-03
    2657     -0.15780162E-03     -0.15931804E-03     -0.21778621E-03     -0.44288699E-03
    2658     -0.15780339E-03     -0.15931804E-03     -0.21785718E-03     -0.44288699E-03
    2659     -0.15780474E-03     -0.15931804E-03     -0.21791376E-03     -0.44288699E-03
    2660     -0.15780607E-03     -0.15931804E-03     -0.21798032E-03     -0.44288699E-03
    2661     -0.15780712E-03     -0.15931804E-03     -0.21803577E-03     -0.44288699E-03
    2662     -0.15780932E-03     -0.15931804E-03     -0.21812508E-03     -0.44288699E-03
    2663     -0.15781050E-03     -0.15931804E-03     -0.21817866E-03     -0.44288699E-03
    2664     -0.15781188E-03     -0.15931804E-03     -0.21824243E-03     -0.44288699E-03
    2665     -0.15781307E-03     -0.15931804E-03     -0.21829910E-03     -0.44288699E-03
    2666     -0.15781423E-03     -0.15931804E-03     -0.21835244E-03     -0.44288699E-03
    2667     -0.15781530E-03     -0.15931804E-03     -0.21840861E-03     -0.44288699E-03
    2668     -0.15781689E-03     -0.15931804E-03     -0.21847914E-03     -0.44288699E-03
    2669     -0.15781892E-03     -0.15931804E-03     -0.21855634E-03     -0.44288699E-03
    2670     -0.15782097E-03     -0.15931804E-03     -0.21866111E-03     -0.44288699E-03
    2671     -0.15782426E-03     -0.15931804E-03     -0.21878979E-03     -0.44288699E-03
    2672     -0.15782546E-03     -0.15931804E-03     -0.21885807E-03     -0.44288699E-03
    2673     -0.15782796E-03     -0.15931804E-03     -0.21896895E-03     -0.44288699E-03
    2674     -0.15782931E-03     -0.15931804E-03     -0.21903316E-03     -0.44288699E-03
    2675     -0.15783152E-03     -0.15931804E-03     -0.21913336E-03     -0.44288699E-03
    2676     -0.15783270E-03     -0.15931804E-03     -0.21918649E-03     -0.44288699E-03
    2677     -0.15783575E-03     -0.15931804E-03     -0.21930445E-03     -0.44288699E-03
    2678     -0.15783676E-03     -0.15931804E-03     -0.21935104E-03     -0.44288699E-03
    2679     -0.15783758E-03     -0.15931804E-03     -0.21940007E-03     -0.44288699E-03
    2680     -0.15783861E-03     -0.15931804E-03     -0.21944740E-03     -0.44288699E-03
    2681     -0.15783951E-03     -0.15931804E-03     -0.21949463E-03     -0.44288699E-03
    2682     -0.15784084E-03     -0.15931804E-03     -0.21957010E-03     -0.44288699E-03
    2683     -0.15784310E-03     -0.15931804E-03     -0.21966454E-03     -0.44288699E-03
    2684     -0.15784525E-03     -0.15931804E-03     -0.21975143E-03     -0.44288699E-03
    2685     -0.15784758E-03     -0.15931804E-03     -0.21985170E-03     -0.44288699E-03
    2686     -0.15784843E-03     -0.15931804E-03     -0.21990134E-03     -0.44288699E-03
    2687     -0.15784916E-03     -0.15931804E-03     -0.21994452E-03     -0.44288699E-03
    2688     -0.15785007E-03     -0.15931804E-03     -0.21999776E-03     -0.44288699E-03
    2689     -0.15785089E-03     -0.15931804E-03     -0.22004182E-03     -0.44288699E-03
    2690     -0.15785191E-03     -0.15931804E-03     -0.22010123E-03     -0.44288699E-03
    2691     -0.15785288E-03     -0.15931804E-03     -0.22015573E-03     -0.44288699E-03
    2692     -0.15785395E-03     -0.15931804E-03     -0.22021619E-03     -0.44288699E-03
    2693     -0.15785525E-03     -0.15931804E-03     -0.22028043E-03     -0.44288699E-03
    2694     -0.15785602E-03     -0.15931804E-03     -0.22032779E-03     -0.44288699E-03
    2695     -0.15785684E-03     -0.15931804E-03     -0.22038400E-03     -0.44288699E-03
    2696     -0.15785749E-03     -0.15931804E-03     -0.22042597E-03     -0.44288699E-03
    2697     -0.15785836E-03     -0.15931804E-03     -0.22047938E-03     -0.44288699E-03
    2698     -0.15785911E-03     -0.15931804E-03     -0.22052529E-03     -0.44288699E-03
    2699     -0.15786026E-03     -0.15931804E-03     -0.22059547E-03     -0.44288699E-03
    2700     -0.15786110E-03     -0.15931804E-03     -0.22065332E-03     -0.44288699E-03
    2701     -0.15786200E-03     -0.15931804E-03     -0.22070500E-03     -0.44288699E-03
    2702     -0.15786279E-03     -0.15931804E-03     -0.22075197E-03     -0.44288699E-03
    2703     -0.15786375E-03     -0.15931804E-03     -0.22081304E-03     -0.44288699E-03
    2704     -0.15786458E-03     -0.15931804E-03     -0.22086829E-03     -0.44288699E-03
    2705     -0.15786554E-03     -0.15931804E-03     -0.22092728E-03     -0.44288699E-03
    2706     -0.15786638E-03     -0.15931804E-03     -0.22098235E-03     -0.44288699E-03
    2707     -0.15786756E-03     -0.15931804E-03     -0.22105781E-03     -0.44288699E-03
    2708     -0.15786837E-03     -0.15931804E-03     -0.22110453E-03     -0.44288699E-03
    2709     -0.15786922E-03     -0.15931804E-03     -0.22115527E-03     -0.44288699E-03
    2710     -0.15787010E-03     -0.15931804E-03     -0.22120474E-03     -0.44288699E-03
    2711     -0.15787150E-03     -0.15931804E-03     -0.22128999E-03     -0.44288699E-03
    2712     -0.15787255E-03     -0.15931804E-03     -0.22135155E-03     -0.44288699E-03
    2713     -0.15787347E-03     -0.15931804E-03     -0.22139994E-03     -0.44288699E-03
    2714     -0.15787456E-03     -0.15931804E-03     -0.22147150E-03     -0.44288699E-03
    2715     -0.15787570E-03     -0.15931804E-03     -0.22152791E-03     -0.44288699E-03
    2716     -0.15787683E-03     -0.15931804E-03     -0.22159117E-03     -0.44288699E-03
    2717     -0.15787873E-03     -0.15931804E-03     -0.22169248E-03     -0.44288699E-03
    2718     -0.15788015E-03     -0.15931804E-03     -0.22176433E-03     -0.44288699E-03
    2719     -0.15788148E-03     -0.15931804E-03     -0.22184489E-03     -0.44288699E-03
    2720     -0.15788217E-03     -0.15931804E-03     -0.22188659E-03     -0.44288699E-03
    2721     -0.15788317E-03     -0.15931804E-03     -0.22194973E-03     -0.44288699E-03
    2722     -0.15788400E-03     -0.15931804E-03     -0.22199572E-03     -0.44288699E-03
    2723     -0.15788456E-03     -0.15931804E-03     -0.22202832E-03     -0.44288699E-03
    2724     -0.15788576E-03     -0.15931804E-03     -0.22209593E-03     -0.44288699E-03
    2725     -0.15788687E-03     -0.15931804E-03     -0.22216189E-03     -0.44288699E-03
    2726     -0.15788853E-03     -0.15931804E-03     -0.22225341E-03     -0.44288699E-03
    2727     -0.15788933E-03     -0.15931804E-03     -0.22229581E-03     -0.44288699E-03
    2728     -0.15789074E-03     -0.15931804E-03     -0.22237715E-03     -0.44288699E-03
    2729     -0.15789142E-03     -0.15931804E-03     -0.22241253E-03     -0.44288699E-03
    2730     -0.15789212E-03     -0.15931804E-03     -0.22246158E-03     -0.44288699E-03
    2731     -0.15789452E-03     -0.15931804E-03     -0.22258498E-03     -0.44288699E-03
    2732     -0.15789513E-03     -0.15931804E-03     -0.22263135E-03     -0.44288699E-03
    2733     -0.15789600E-03     -0.15931804E-03     -0.22268916E-03     -0.44288699E-03
    2734     -0.15789660E-03     -0.15931804E-03     -0.22272624E-03     -0.44288699E-03
    2735     -0.15789726E-03     -0.15931804E-03     -0.22277212E-03     -0.44288699E-03
    2736     -0.15789790E-03     -0.15931804E-03     -0.22281982E-03     -0.44288699E-03
    2737     -0.15789889E-03     -0.15931804E-03     -0.22288595E-03     -0.44288699E-03
    2738     -0.15789972E-03     -0.15931804E-03     -0.22294032E-03     -0.44288699E-03
    2739     -0.15790056E-03     -0.15931804E-03     -0.22299837E-03     -0.44288699E-03
    2740     -0.15790115E-03     -0.15931804E-03     -0.22304048E-03     -0.44288699E-03
    2741     -0.15790228E-03     -0.15931804E-03     -0.22311726E-03     -0.44288699E-03
    2742     -0.15790293E-03     -0.15931804E-03     -0.22316142E-03     -0.44288699E-03
    2743     -0.15790367E-03     -0.15931804E-03     -0.22321256E-03     -0.44288699E-03
    2744     -0.15790429E-03     -0.15931804E-03     -0.22324884E-03     -0.44288699E-03
    2745     -0.15790511E-03     -0.15931804E-03     -0.22329706E-03     -0.44288699E-03
    2746     -0.15790591E-03     -0.15931804E-03     -0.22334598E-03     -0.44288699E-03
    2747     -0.15790669E-03     -0.15931804E-03     -0.22338977E-03     -0.44288699E-03
    2748     -0.15790733E-03     -0.15931804E-03     -0.22342449E-03     -0.44288699E-03
    2749     -0.15790796E-03     -0.15931804E-03     -0.22346695E-03     -0.44288699E-03
    2750     -0.15790854E-03     -0.15931804E-03     -0.22349791E-03     -0.44288699E-03
    2751     -0.15790932E-03     -0.15931804E-03     -0.22355256E-03     -0.44288699E-03
    2752     -0.15791025E-03     -0.15931804E-03     -0.22361512E-03     -0.44288699E-03
    2753     -0.15791114E-03     -0.15931804E-03     -0.22367471E-03     -0.44288699E-03
    2754     -0.15791173E-03     -0.15931804E-03     -0.22370833E-03     -0.44288699E-03
    2755     -0.15791258E-03     -0.15931804E-03     -0.22376553E-03     -0.44288699E-03
    2756     -0.15791341E-03     -0.15931804E-03     -0.22383216E-03     -0.44288699E-03
    2757     -0.15791416E-03     -0.15931804E-03     -0.22389043E-03     -0.44288699E-03
    2758     -0.15791496E-03     -0.15931804E-03     -0.22396256E-03     -0.44288699E-03
    2759     -0.15791570E-03     -0.15931804E-03     -0.22401618E-03     -0.44288699E-03
    2760     -0.15791636E-03     -0.15931804E-03     -0.22406754E-03     -0.44288699E-03
    2761     -0.15791715E-03     -0.15931804E-03     -0.22412677E-03     -0.44288699E-03
    2762     -0.15791773E-03     -0.15931804E-03     -0.22417613E-03     -0.44288699E-03
    2763     -0.15791863E-03     -0.15931804E-03     -0.22425257E-03     -0.44288699E-03
    2764     -0.15791935E-03     -0.15931804E-03     -0.22431400E-03     -0.44288699E-03
    2765     -0.15792012E-03     -0.15931804E-03     -0.22437331E-03     -0.44288699E-03
    2766     -0.15792074E-03     -0.15931804E-03     -0.22442429E-03     -0.44288699E-03
    2767     -0.15792122E-03     -0.15931804E-03     -0.22445875E-03     -0.44288699E-03
    2768     -0.15792176E-03     -0.15931804E-03     -0.22450251E-03     -0.44288699E-03
    2769     -0.15792226E-03     -0.15931804E-03     -0.22454212E-03     -0.44288699E-03
    2770     -0.15792292E-03     -0.15931804E-03     -0.22458664E-03     -0.44288699E-03
    2771     -0.15792347E-03     -0.15931804E-03     -0.22462122E-03     -0.44288699E-03
    2772     -0.15792417E-03     -0.15931804E-03     -0.22466790E-03     -0.44288699E-03
    2773     -0.15792487E-03     -0.15931804E-03     -0.22471683E-03     -0.44288699E-03
    2774     -0.15792540E-03     -0.15931804E-03     -0.22474731E-03     -0.44288699E-03
    2775     -0.15792603E-03     -0.15931804E-03     -0.22478312E-03     -0.44288699E-03
    2776     -0.15792648E-03     -0.15931804E-03     -0.22481607E-03     -0.44288699E-03
    2777     -0.15792711E-03     -0.15931804E-03     -0.22486100E-03     -0.44288699E-03
    2778     -0.15792776E-03     -0.15931804E-03     -0.22491376E-03     -0.44288699E-03
    2779     -0.15792819E-03     -0.15931804E-03     -0.22494672E-03     -0.44288699E-03
    2780     -0.15792869E-03     -0.15931804E-03     -0.22498502E-03     -0.44288699E-03
    2781     -0.15792911E-03     -0.15931804E-03     -0.22501636E-03     -0.44288699E-03
    2782     -0.15792955E-03     -0.15931804E-03     -0.22505300E-03     -0.44288699E-03
    2783     -0.15793017E-03     -0.15931804E-03     -0.22509703E-03     -0.44288699E-03
    2784     -0.15793061E-03     -0.15931804E-03     -0.22513493E-03     -0.44288699E-03
    2785     -0.15793108E-03     -0.15931804E-03     -0.22517494E-03     -0.44288699E-03
    2786     -0.15793171E-03     -0.15931804E-03     -0.22521985E-03     -0.44288699E-03
    2787     -0.15793231E-03     -0.15931804E-03     -0.22526386E-03     -0.44288699E-03
    2788     -0.15793295E-03     -0.15931804E-03     -0.22530684E-03     -0.44288699E-03
    2789     -0.15793359E-03     -0.15931804E-03     -0.22535701E-03     -0.44288699E-03
    2790     -0.15793409E-03     -0.15931804E-03     -0.22539458E-03     -0.44288699E-03
    2791     -0.15793463E-03     -0.15931804E-03     -0.22544066E-03     -0.44288699E-03
    2792     -0.15793532E-03     -0.15931804E-03     -0.22549163E-03     -0.44288699E-03
    2793     -0.15793596E-03     -0.15931804E-03     -0.22553767E-03     -0.44288699E-03
    2794     -0.15793670E-03     -0.15931804E-03     -0.22558446E-03     -0.44288699E-03
    2795     -0.15793732E-03     -0.15931804E-03     -0.22563773E-03     -0.44288699E-03
    2796     -0.15793805E-03     -0.15931804E-03     -0.22568539E-03     -0.44288699E-03
    2797     -0.15793859E-03     -0.15931804E-03     -0.22572406E-03     -0.44288699E-03
    2798     -0.15793913E-03     -0.15931804E-03     -0.22576556E-03     -0.44288699E-03
    2799     -0.15793964E-03     -0.15931804E-03     -0.22580582E-03     -0.44288699E-03
    2800     -0.15794043E-03     -0.15931804E-03     -0.22586310E-03     -0.44288699E-03
    2801     -0.15794115E-03     -0.15931804E-03     -0.22591010E-03     -0.44288699E-03
    2802     -0.15794207E-03     -0.15931804E-03     -0.22597783E-03     -0.44288699E-03
    2803     -0.15794269E-03     -0.15931804E-03     -0.22601927E-03     -0.44288699E-03
    2804     -0.15794314E-03     -0.15931804E-03     -0.22605625E-03     -0.44288699E-03
    2805     -0.15794371E-03     -0.15931804E-03     -0.22609743E-03     -0.44288699E-03
    2806     -0.15794412E-03     -0.15931804E-03     -0.22612597E-03     -0.44288699E-03
    2807     -0.15794467E-03     -0.15931804E-03     -0.22616455E-03     -0.44288699E-03
    2808     -0.15794530E-03     -0.15931804E-03     -0.22620723E-03     -0.44288699E-03
    2809     -0.15794608E-03     -0.15931804E-03     -0.22626049E-03     -0.44288699E-03
    2810     -0.15794680E-03     -0.15931804E-03     -0.22631410E-03     -0.44288699E-03
    2811     -0.15794746E-03     -0.15931804E-03     -0.22636213E-03     -0.44288699E-03
    2812     -0.15794880E-03     -0.15931804E-03     -0.22644912E-03     -0.44288699E-03
    2813     -0.15794940E-03     -0.15931804E-03     -0.22649681E-03     -0.44288699E-03
    2814     -0.15795016E-03     -0.15931804E-03     -0.22654568E-03     -0.44288699E-03
    2815     -0.15795084E-03     -0.15931804E-03     -0.22660204E-03     -0.44288699E-03
    2816     -0.15795149E-03     -0.15931804E-03     -0.22664758E-03     -0.44288699E-03
    2817     -0.15795246E-03     -0.15931804E-03     -0.22670877E-03     -0.44288699E-03
    2818     -0.15795346E-03     -0.15931804E-03     -0.22676216E-03     -0.44288699E-03
    2819     -0.15795405E-03     -0.15931804E-03     -0.22680801E-03     -0.44288699E-03
    2820     -0.15795545E-03     -0.15931804E-03     -0.22690005E-03     -0.44288699E-03
    2821     -0.15795795E-03     -0.15931804E-03     -0.22701313E-03     -0.44288699E-03
    2822     -0.15795906E-03     -0.15931804E-03     -0.22709197E-03     -0.44288699E-03
    2823     -0.15796123E-03     -0.15931804E-03     -0.22720438E-03     -0.44288699E-03
    2824     -0.15796259E-03     -0.15931804E-03     -0.22728189E-03     -0.44288699E-03
    2825     -0.15796418E-03     -0.15931804E-03     -0.22735907E-03     -0.44288699E-03
    2826     -0.15796519E-03     -0.15931804E-03     -0.22741927E-03     -0.44288699E-03
    2827     -0.15796606E-03     -0.15931804E-03     -0.22747126E-03     -0.44288699E-03
    2828     -0.15796693E-03     -0.15931804E-03     -0.22752704E-03     -0.44288699E-03
    2829     -0.15796800E-03     -0.15931804E-03     -0.22761113E-03     -0.44288699E-03
    2830     -0.15796869E-03     -0.15931804E-03     -0.22766636E-03     -0.44288699E-03
    2831     -0.15796948E-03     -0.15931804E-03     -0.22771951E-03     -0.44288699E-03
    2832     -0.15797020E-03     -0.15931804E-03     -0.22778034E-03     -0.44288699E-03
    2833     -0.15797091E-03     -0.15931804E-03     -0.22783736E-03     -0.44288699E-03
    2834     -0.15797178E-03     -0.15931804E-03     -0.22788847E-03     -0.44288699E-03
    2835     -0.15797472E-03     -0.15931804E-03     -0.22801706E-03     -0.44288699E-03
    2836     -0.15797575E-03     -0.15931804E-03     -0.22807834E-03     -0.44288699E-03
    2837     -0.15797657E-03     -0.15931804E-03     -0.22814469E-03     -0.44288699E-03
    2838     -0.15797714E-03     -0.15931804E-03     -0.22819336E-03     -0.44288699E-03
    2839     -0.15797862E-03     -0.15931804E-03     -0.22827900E-03     -0.44288699E-03
    2840     -0.15798092E-03     -0.15931804E-03     -0.22838761E-03     -0.44288699E-03
    2841     -0.15798207E-03     -0.15931804E-03     -0.22845546E-03     -0.44288699E-03
    2842     -0.15798285E-03     -0.15931804E-03     -0.22851913E-03     -0.44288699E-03
    2843     -0.15798465E-03     -0.15931804E-03     -0.22861404E-03     -0.44288699E-03
    2844     -0.15798566E-03     -0.15931804E-03     -0.22866860E-03     -0.44288699E-03
    2845     -0.15798706E-03     -0.15931804E-03     -0.22873845E-03     -0.44288699E-03
    2846     -0.15798896E-03     -0.15931804E-03     -0.22883675E-03     -0.44288699E-03
    2847     -0.15798978E-03     -0.15931804E-03     -0.22889244E-03     -0.44288699E-03
    2848     -0.15799051E-03     -0.15931804E-03     -0.22893897E-03     -0.44288699E-03
    2849     -0.15799150E-03     -0.15931804E-03     -0.22900383E-03     -0.44288699E-03
    2850     -0.15799263E-03     -0.15931804E-03     -0.22905965E-03     -0.44288699E-03
    2851     -0.15799363E-03     -0.15931804E-03     -0.22912498E-03     -0.44288699E-03
    2852     -0.15799427E-03     -0.15931804E-03     -0.22917106E-03     -0.44288699E-03
    2853     -0.15799510E-03     -0.15931804E-03     -0.22923695E-03     -0.44288699E-03
    2854     -0.15799573E-03     -0.15931804E-03     -0.22928116E-03     -0.44288699E-03
    2855     -0.15799648E-03     -0.15931804E-03     -0.22934164E-03     -0.44288699E-03
    2856     -0.15799745E-03     -0.15931804E-03     -0.22941962E-03     -0.44288699E-03
    2857     -0.15799807E-03     -0.15931804E-03     -0.22946770E-03     -0.44288699E-03
    2858     -0.15799901E-03     -0.15931804E-03     -0.22953947E-03     -0.44288699E-03
    2859     -0.15799952E-03     -0.15931804E-03     -0.22958904E-03     -0.44288699E-03
    2860     -0.15800058E-03     -0.15931804E-03     -0.22966634E-03     -0.44288699E-03
    2861     -0.15800135E-03     -0.15931804E-03     -0.22972839E-03     -0.44288699E-03
    2862     -0.15800198E-03     -0.15931804E-03     -0.22977111E-03     -0.44288699E-03
    2863     -0.15800259E-03     -0.15931804E-03     -0.22981010E-03     -0.44288699E-03
    2864     -0.15800310E-03     -0.15931804E-03     -0.22985107E-03     -0.44288699E-03
    2865     -0.15800371E-03     -0.15931804E-03     -0.22988484E-03     -0.44288699E-03
    2866     -0.15800433E-03     -0.15931804E-03     -0.22992459E-03     -0.44288699E-03
    2867     -0.15800487E-03     -0.15931804E-03     -0.22996849E-03     -0.44288699E-03
    2868     -0.15800550E-03     -0.15931804E-03     -0.23001693E-03     -0.44288699E-03
    2869     -0.15800600E-03     -0.15931804E-03     -0.23006091E-03     -0.44288699E-03
    2870     -0.15800655E-03     -0.15931804E-03     -0.23010464E-03     -0.44288699E-03
    2871     -0.15800708E-03     -0.15931804E-03     -0.23014059E-03     -0.44288699E-03
    2872     -0.15800756E-03     -0.15931804E-03     -0.23017749E-03     -0.44288699E-03
    2873     -0.15800807E-03     -0.15931804E-03     -0.23021652E-03     -0.44288699E-03
    2874     -0.15800871E-03     -0.15931804E-03     -0.23025961E-03     -0.44288699E-03
    2875     -0.15800953E-03     -0.15931804E-03     -0.23031785E-03     -0.44288699E-03
    2876     -0.15801031E-03     -0.15931804E-03     -0.23036888E-03     -0.44288699E-03
    2877     -0.15801092E-03     -0.15931804E-03     -0.23040857E-03     -0.44288699E-03
    2878     -0.15801151E-03     -0.15931804E-03     -0.23045945E-03     -0.44288699E-03
    2879     -0.15801205E-03     -0.15931804E-03     -0.23050841E-03     -0.44288699E-03
    2880     -0.15801319E-03     -0.15931804E-03     -0.23057836E-03     -0.44288699E-03
    2881     -0.15801491E-03     -0.15931804E-03     -0.23067119E-03     -0.44288699E-03
    2882     -0.15801564E-03     -0.15931804E-03     -0.23072447E-03     -0.44288699E-03
    2883     -0.15801643E-03     -0.15931804E-03     -0.23078470E-03     -0.44288699E-03
    2884     -0.15801734E-03     -0.15931804E-03     -0.23085506E-03     -0.44288699E-03
    2885     -0.15801830E-03     -0.15931804E-03     -0.23092418E-03     -0.44288699E-03
    2886     -0.15801896E-03     -0.15931804E-03     -0.23097806E-03     -0.44288699E-03
    2887     -0.15802043E-03     -0.15931804E-03     -0.23106917E-03     -0.44288699E-03
    2888     -0.15802139E-03     -0.15931804E-03     -0.23113249E-03     -0.44288699E-03
    2889     -0.15802328E-03     -0.15931804E-03     -0.23124704E-03     -0.44288699E-03
    2890     -0.15802464E-03     -0.15931804E-03     -0.23132916E-03     -0.44288699E-03
    2891     -0.15802572E-03     -0.15931804E-03     -0.23139971E-03     -0.44288699E-03
    2892     -0.15802687E-03     -0.15931804E-03     -0.23147818E-03     -0.44288699E-03
    2893     -0.15802772E-03     -0.15931804E-03     -0.23153304E-03     -0.44288699E-03
    2894     -0.15802852E-03     -0.15931804E-03     -0.23159214E-03     -0.44288699E-03
    2895     -0.15802961E-03     -0.15931804E-03     -0.23167608E-03     -0.44288699E-03
    2896     -0.15803061E-03     -0.15931804E-03     -0.23174982E-03     -0.44288699E-03
    2897     -0.15803147E-03     -0.15931804E-03     -0.23181656E-03     -0.44288699E-03
    2898     -0.15803218E-03     -0.15931804E-03     -0.23186532E-03     -0.44288699E-03
    2899     -0.15803283E-03     -0.15931804E-03     -0.23191671E-03     -0.44288699E-03
    2900     -0.15803374E-03     -0.15931804E-03     -0.23198370E-03     -0.44288699E-03
    2901     -0.15803424E-03     -0.15931804E-03     -0.23202971E-03     -0.44288699E-03
    2902     -0.15803490E-03     -0.15931804E-03     -0.23207803E-03     -0.44288699E-03
    2903     -0.15803571E-03     -0.15931804E-03     -0.23214585E-03     -0.44288699E-03
    2904     -0.15803639E-03     -0.15931804E-03     -0.23220138E-03     -0.44288699E-03
    2905     -0.15803695E-03     -0.15931804E-03     -0.23224148E-03     -0.44288699E-03
    2906     -0.15803755E-03     -0.15931804E-03     -0.23228232E-03     -0.44288699E-03
    2907     -0.15803844E-03     -0.15931804E-03     -0.23234524E-03     -0.44288699E-03
    2908     -0.15803926E-03     -0.15931804E-03     -0.23241525E-03     -0.44288699E-03
    2909     -0.15804010E-03     -0.15931804E-03     -0.23247532E-03     -0.44288699E-03
    2910     -0.15804062E-03     -0.15931804E-03     -0.23251628E-03     -0.44288699E-03
    2911     -0.15804119E-03     -0.15931804E-03     -0.23256412E-03     -0.44288699E-03
    2912     -0.15804178E-03     -0.15931804E-03     -0.23260914E-03     -0.44288699E-03
    2913     -0.15804252E-03     -0.15931804E-03     -0.23266620E-03     -0.44288699E-03
    2914     -0.15804306E-03     -0.15931804E-03     -0.23271072E-03     -0.44288699E-03
    2915     -0.15804359E-03     -0.15931804E-03     -0.23274667E-03     -0.44288699E-03
    2916     -0.15804411E-03     -0.15931804E-03     -0.23278880E-03     -0.44288699E-03
    2917     -0.15804462E-03     -0.15931804E-03     -0.23282655E-03     -0.44288699E-03
    2918     -0.15804509E-03     -0.15931804E-03     -0.23287293E-03     -0.44288699E-03
    2919     -0.15804549E-03     -0.15931804E-03     -0.23291970E-03     -0.44288699E-03
    2920     -0.15804602E-03     -0.15931804E-03     -0.23297042E-03     -0.44288699E-03
    2921     -0.15804646E-03     -0.15931804E-03     -0.23301121E-03     -0.44288699E-03
    2922     -0.15804688E-03     -0.15931804E-03     -0.23304593E-03     -0.44288699E-03
    2923     -0.15804746E-03     -0.15931804E-03     -0.23309595E-03     -0.44288699E-03
    2924     -0.15804798E-03     -0.15931804E-03     -0.23313412E-03     -0.44288699E-03
    2925     -0.15804842E-03     -0.15931804E-03     -0.23316822E-03     -0.44288699E-03
    2926     -0.15804893E-03     -0.15931804E-03     -0.23321402E-03     -0.44288699E-03
    2927     -0.15804940E-03     -0.15931804E-03     -0.23325410E-03     -0.44288699E-03
    2928     -0.15804990E-03     -0.15931804E-03     -0.23330183E-03     -0.44288699E-03
    2929     -0.15805036E-03     -0.15931804E-03     -0.23334139E-03     -0.44288699E-03
    2930     -0.15805072E-03     -0.15931804E-03     -0.23338291E-03     -0.44288699E-03
    2931     -0.15805112E-03     -0.15931804E-03     -0.23343435E-03     -0.44288699E-03
    2932     -0.15805162E-03     -0.15931804E-03     -0.23347748E-03     -0.44288699E-03
    2933     -0.15805213E-03     -0.15931804E-03     -0.23351972E-03     -0.44288699E-03
    2934     -0.15805266E-03     -0.15931804E-03     -0.23356396E-03     -0.44288699E-03
    2935     -0.15805316E-03     -0.15931804E-03     -0.23361017E-03     -0.44288699E-03
    2936     -0.15805360E-03     -0.15931804E-03     -0.23364742E-03     -0.44288699E-03
    2937     -0.15805397E-03     -0.15931804E-03     -0.23368901E-03     -0.44288699E-03
    2938     -0.15805439E-03     -0.15931804E-03     -0.23373841E-03     -0.44288699E-03
    2939     -0.15805501E-03     -0.15931804E-03     -0.23379046E-03     -0.44288699E-03
    2940     -0.15805545E-03     -0.15931804E-03     -0.23382559E-03     -0.44288699E-03
    2941     -0.15805607E-03     -0.15931804E-03     -0.23387809E-03     -0.44288699E-03
    2942     -0.15805665E-03     -0.15931804E-03     -0.23393699E-03     -0.44288699E-03
    2943     -0.15805723E-03     -0.15931804E-03     -0.23399344E-03     -0.44288699E-03
    2944     -0.15805762E-03     -0.15931804E-03     -0.23403632E-03     -0.44288699E-03
    2945     -0.15805814E-03     -0.15931804E-03     -0.23407875E-03     -0.44288699E-03
    2946     -0.15805858E-03     -0.15931804E-03     -0.23413254E-03     -0.44288699E-03
    2947     -0.15805886E-03     -0.15931804E-03     -0.23416247E-03     -0.44288699E-03
    2948     -0.15805920E-03     -0.15931804E-03     -0.23420458E-03     -0.44288699E-03
    2949     -0.15805955E-03     -0.15931804E-03     -0.23423627E-03     -0.44288699E-03
    2950     -0.15805994E-03     -0.15931804E-03     -0.23427300E-03     -0.44288699E-03
    2951     -0.15806051E-03     -0.15931804E-03     -0.23432569E-03     -0.44288699E-03
    2952     -0.15806090E-03     -0.15931804E-03     -0.23436497E-03     -0.44288699E-03
    2953     -0.15806130E-03     -0.15931804E-03     -0.23440263E-03     -0.44288699E-03
    2954     -0.15806172E-03     -0.15931804E-03     -0.23443765E-03     -0.44288699E-03
    2955     -0.15806215E-03     -0.15931804E-03     -0.23447658E-03     -0.44288699E-03
    2956     -0.15806251E-03     -0.15931804E-03     -0.23451084E-03     -0.44288699E-03
    2957     -0.15806292E-03     -0.15931804E-03     -0.23454649E-03     -0.44288699E-03
    2958     -0.15806326E-03     -0.15931804E-03     -0.23458274E-03     -0.44288699E-03
    2959     -0.15806368E-03     -0.15931804E-03     -0.23461920E-03     -0.44288699E-03
    2960     -0.15806407E-03     -0.15931804E-03     -0.23465233E-03     -0.44288699E-03
    2961     -0.15806447E-03     -0.15931804E-03     -0.23468724E-03     -0.44288699E-03
    2962     -0.15806488E-03     -0.15931804E-03     -0.23472454E-03     -0.44288699E-03
    2963     -0.15806531E-03     -0.15931804E-03     -0.23477651E-03     -0.44288699E-03
    2964     -0.15806572E-03     -0.15931804E-03     -0.23480970E-03     -0.44288699E-03
    2965     -0.15806608E-03     -0.15931804E-03     -0.23485058E-03     -0.44288699E-03
    2966     -0.15806651E-03     -0.15931804E-03     -0.23488305E-03     -0.44288699E-03
    2967     -0.15806691E-03     -0.15931804E-03     -0.23492851E-03     -0.44288699E-03
    2968     -0.15806735E-03     -0.15931804E-03     -0.23498163E-03     -0.44288699E-03
    2969     -0.15806774E-03     -0.15931804E-03     -0.23501831E-03     -0.44288699E-03
    2970     -0.15806814E-03     -0.15931804E-03     -0.23505772E-03     -0.44288699E-03
    2971     -0.15806855E-03     -0.15931804E-03     -0.23510200E-03     -0.44288699E-03
    2972     -0.15806900E-03     -0.15931804E-03     -0.23514256E-03     -0.44288699E-03
    2973     -0.15806940E-03     -0.15931804E-03     -0.23517700E-03     -0.44288699E-03
    2974     -0.15806987E-03     -0.15931804E-03     -0.23522750E-03     -0.44288699E-03
    2975     -0.15807034E-03     -0.15931804E-03     -0.23527298E-03     -0.44288699E-03
    2976     -0.15807089E-03     -0.15931804E-03     -0.23532505E-03     -0.44288699E-03
    2977     -0.15807149E-03     -0.15931804E-03     -0.23537341E-03     -0.44288699E-03
    2978     -0.15807220E-03     -0.15931804E-03     -0.23543089E-03     -0.44288699E-03
    2979     -0.15807271E-03     -0.15931804E-03     -0.23547646E-03     -0.44288699E-03
    2980     -0.15807325E-03     -0.15931804E-03     -0.23552834E-03     -0.44288699E-03
    2981     -0.15807379E-03     -0.15931804E-03     -0.23558304E-03     -0.44288699E-03
    2982     -0.15807439E-03     -0.15931804E-03     -0.23564402E-03     -0.44288699E-03
    2983     -0.15807492E-03     -0.15931804E-03     -0.23568713E-03     -0.44288699E-03
    2984     -0.15807543E-03     -0.15931804E-03     -0.23573492E-03     -0.44288699E-03
    2985     -0.15807601E-03     -0.15931804E-03     -0.23580144E-03     -0.44288699E-03
    2986     -0.15807661E-03     -0.15931804E-03     -0.23585975E-03     -0.44288699E-03
    2987     -0.15807720E-03     -0.15931804E-03     -0.23593051E-03     -0.44288699E-03
    2988     -0.15807768E-03     -0.15931804E-03     -0.23598203E-03     -0.44288699E-03
    2989     -0.15807823E-03     -0.15931804E-03     -0.23604256E-03     -0.44288699E-03
    2990     -0.15807891E-03     -0.15931804E-03     -0.23611786E-03     -0.44288699E-03
    2991     -0.15807970E-03     -0.15931804E-03     -0.23619130E-03     -0.44288699E-03
    2992     -0.15808024E-03     -0.15931804E-03     -0.23625146E-03     -0.44288699E-03
    2993     -0.15808080E-03     -0.15931804E-03     -0.23630883E-03     -0.44288699E-03
    2994     -0.15808149E-03     -0.15931804E-03     -0.23637369E-03     -0.44288699E-03
    2995     -0.15808190E-03     -0.15931804E-03     -0.23641930E-03     -0.44288699E-03
    2996     -0.15808244E-03     -0.15931804E-03     -0.23647177E-03     -0.44288699E-03
    2997     -0.15808304E-03     -0.15931804E-03     -0.23652848E-03     -0.44288699E-03
    2998     -0.15808349E-03     -0.15931804E-03     -0.23656910E-03     -0.44288699E-03
    2999     -0.15808406E-03     -0.15931804E-03     -0.23661950E-03     -0.44288699E-03
    3000     -0.15808458E-03     -0.15931804E-03     -0.23667570E-03     -0.44288699E-03
    3001     -0.15808509E-03     -0.15931804E-03     -0.23673695E-03     -0.44288699E-03
    3002     -0.15808553E-03     -0.15931804E-03     -0.23679542E-03     -0.44288699E-03
    3003     -0.15808635E-03     -0.15931804E-03     -0.23686763E-03     -0.44288699E-03
    3004     -0.15808680E-03     -0.15931804E-03     -0.23691819E-03     -0.44288699E-03
    3005     -0.15808725E-03     -0.15931804E-03     -0.23695828E-03     -0.44288699E-03
    3006     -0.15808767E-03     -0.15931804E-03     -0.23699547E-03     -0.44288699E-03
    3007     -0.15808837E-03     -0.15931804E-03     -0.23704991E-03     -0.44288699E-03
    3008     -0.15808874E-03     -0.15931804E-03     -0.23709094E-03     -0.44288699E-03
    3009     -0.15808925E-03     -0.15931804E-03     -0.23714495E-03     -0.44288699E-03
    3010     -0.15808968E-03     -0.15931804E-03     -0.23718103E-03     -0.44288699E-03
    3011     -0.15809034E-03     -0.15931804E-03     -0.23723988E-03     -0.44288699E-03
    3012     -0.15809087E-03     -0.15931804E-03     -0.23727915E-03     -0.44288699E-03
    3013     -0.15809140E-03     -0.15931804E-03     -0.23733154E-03     -0.44288699E-03
    3014     -0.15809288E-03     -0.15931804E-03     -0.23742624E-03     -0.44288699E-03
    3015     -0.15809361E-03     -0.15931804E-03     -0.23748125E-03     -0.44288699E-03
    3016     -0.15809442E-03     -0.15931804E-03     -0.23753977E-03     -0.44288699E-03
    3017     -0.15809494E-03     -0.15931804E-03     -0.23758170E-03     -0.44288699E-03
    3018     -0.15809556E-03     -0.15931804E-03     -0.23763488E-03     -0.44288699E-03
    3019     -0.15809739E-03     -0.15931804E-03     -0.23774039E-03     -0.44288699E-03
    3020     -0.15809797E-03     -0.15931804E-03     -0.23778467E-03     -0.44288699E-03
    3021     -0.15809922E-03     -0.15931804E-03     -0.23786412E-03     -0.44288699E-03
    3022     -0.15809999E-03     -0.15931804E-03     -0.23792185E-03     -0.44288699E-03
    3023     -0.15810054E-03     -0.15931804E-03     -0.23797210E-03     -0.44288699E-03
    3024     -0.15810118E-03     -0.15931804E-03     -0.23802573E-03     -0.44288699E-03
    3025     -0.15810209E-03     -0.15931804E-03     -0.23808903E-03     -0.44288699E-03
    3026     -0.15810268E-03     -0.15931804E-03     -0.23813441E-03     -0.44288699E-03
    3027     -0.15810321E-03     -0.15931804E-03     -0.23818463E-03     -0.44288699E-03
    3028     -0.15810366E-03     -0.15931804E-03     -0.23822629E-03     -0.44288699E-03
    3029     -0.15810429E-03     -0.15931804E-03     -0.23827052E-03     -0.44288699E-03
    3030     -0.15810487E-03     -0.15931804E-03     -0.23831836E-03     -0.44288699E-03
    3031     -0.15810537E-03     -0.15931804E-03     -0.23836763E-03     -0.44288699E-03
    3032     -0.15810583E-03     -0.15931804E-03     -0.23842459E-03     -0.44288699E-03
    3033     -0.15810635E-03     -0.15931804E-03     -0.23847013E-03     -0.44288699E-03
    3034     -0.15810704E-03     -0.15931804E-03     -0.23852940E-03     -0.44288699E-03
    3035     -0.15810772E-03     -0.15931804E-03     -0.23859813E-03     -0.44288699E-03
    3036     -0.15810858E-03     -0.15931804E-03     -0.23866651E-03     -0.44288699E-03
    3037     -0.15810909E-03     -0.15931804E-03     -0.23871369E-03     -0.44288699E-03
    3038     -0.15810959E-03     -0.15931804E-03     -0.23876559E-03     -0.44288699E-03
    3039     -0.15811006E-03     -0.15931804E-03     -0.23880659E-03     -0.44288699E-03
    3040     -0.15811046E-03     -0.15931804E-03     -0.23884790E-03     -0.44288699E-03
    3041     -0.15811103E-03     -0.15931804E-03     -0.23890728E-03     -0.44288699E-03
    3042     -0.15811154E-03     -0.15931804E-03     -0.23895683E-03     -0.44288699E-03
    3043     -0.15811202E-03     -0.15931804E-03     -0.23900249E-03     -0.44288699E-03
    3044     -0.15811256E-03     -0.15931804E-03     -0.23904814E-03     -0.44288699E-03
    3045     -0.15811303E-03     -0.15931804E-03     -0.23909579E-03     -0.44288699E-03
    3046     -0.15811355E-03     -0.15931804E-03     -0.23914499E-03     -0.44288699E-03
    3047     -0.15811397E-03     -0.15931804E-03     -0.23918664E-03     -0.44288699E-03
    3048     -0.15811480E-03     -0.15931804E-03     -0.23924287E-03     -0.44288699E-03
    3049     -0.15811581E-03     -0.15931804E-03     -0.23931244E-03     -0.44288699E-03
    3050     -0.15811762E-03     -0.15931804E-03     -0.23941867E-03     -0.44288699E-03
    3051     -0.15811883E-03     -0.15931804E-03     -0.23949248E-03     -0.44288699E-03
    3052     -0.15811960E-03     -0.15931804E-03     -0.23955005E-03     -0.44288699E-03
    3053     -0.15812090E-03     -0.15931804E-03     -0.23964339E-03     -0.44288699E-03
    3054     -0.15812225E-03     -0.15931804E-03     -0.23972974E-03     -0.44288699E-03
    3055     -0.15812304E-03     -0.15931804E-03     -0.23978460E-03     -0.44288699E-03
    3056     -0.15812401E-03     -0.15931804E-03     -0.23984530E-03     -0.44288699E-03
    3057     -0.15812459E-03     -0.15931804E-03     -0.23989423E-03     -0.44288699E-03
    3058     -0.15812506E-03     -0.15931804E-03     -0.23994617E-03     -0.44288699E-03
    3059     -0.15812547E-03     -0.15931804E-03     -0.23999260E-03     -0.44288699E-03
    3060     -0.15812628E-03     -0.15931804E-03     -0.24005395E-03     -0.44288699E-03
    3061     -0.15812677E-03     -0.15931804E-03     -0.24009589E-03     -0.44288699E-03
    3062     -0.15812734E-03     -0.15931804E-03     -0.24014758E-03     -0.44288699E-03
    3063     -0.15812791E-03     -0.15931804E-03     -0.24019951E-03     -0.44288699E-03
    3064     -0.15812832E-03     -0.15931804E-03     -0.24024051E-03     -0.44288699E-03
    3065     -0.15812875E-03     -0.15931804E-03     -0.24028788E-03     -0.44288699E-03
    3066     -0.15812920E-03     -0.15931804E-03     -0.24033082E-03     -0.44288699E-03
    3067     -0.15812978E-03     -0.15931804E-03     -0.24037901E-03     -0.44288699E-03
    3068     -0.15813016E-03     -0.15931804E-03     -0.24041937E-03     -0.44288699E-03
    3069     -0.15813059E-03     -0.15931804E-03     -0.24045704E-03     -0.44288699E-03
    3070     -0.15813103E-03     -0.15931804E-03     -0.24049914E-03     -0.44288699E-03
    3071     -0.15813152E-03     -0.15931804E-03     -0.24053617E-03     -0.44288699E-03
    3072     -0.15813189E-03     -0.15931804E-03     -0.24057114E-03     -0.44288699E-03
    3073     -0.15813230E-03     -0.15931804E-03     -0.24060947E-03     -0.44288699E-03
    3074     -0.15813265E-03     -0.15931804E-03     -0.24065008E-03     -0.44288699E-03
    3075     -0.15813298E-03     -0.15931804E-03     -0.24068827E-03     -0.44288699E-03
    3076     -0.15813343E-03     -0.15931804E-03     -0.24072495E-03     -0.44288699E-03
    3077     -0.15813395E-03     -0.15931804E-03     -0.24076135E-03     -0.44288699E-03
    3078     -0.15813437E-03     -0.15931804E-03     -0.24079645E-03     -0.44288699E-03
    3079     -0.15813480E-03     -0.15931804E-03     -0.24083951E-03     -0.44288699E-03
    3080     -0.15813521E-03     -0.15931804E-03     -0.24088317E-03     -0.44288699E-03
    3081     -0.15813580E-03     -0.15931804E-03     -0.24095566E-03     -0.44288699E-03
    3082     -0.15813656E-03     -0.15931804E-03     -0.24101026E-03     -0.44288699E-03
    3083     -0.15813714E-03     -0.15931804E-03     -0.24105859E-03     -0.44288699E-03
    3084     -0.15813779E-03     -0.15931804E-03     -0.24110930E-03     -0.44288699E-03
    3085     -0.15813816E-03     -0.15931804E-03     -0.24115087E-03     -0.44288699E-03
    3086     -0.15813878E-03     -0.15931804E-03     -0.24120773E-03     -0.44288699E-03
    3087     -0.15813923E-03     -0.15931804E-03     -0.24125590E-03     -0.44288699E-03
    3088     -0.15813994E-03     -0.15931804E-03     -0.24131403E-03     -0.44288699E-03
    3089     -0.15814040E-03     -0.15931804E-03     -0.24136722E-03     -0.44288699E-03
    3090     -0.15814098E-03     -0.15931804E-03     -0.24142593E-03     -0.44288699E-03
    3091     -0.15814164E-03     -0.15931804E-03     -0.24148481E-03     -0.44288699E-03
    3092     -0.15814241E-03     -0.15931804E-03     -0.24154538E-03     -0.44288699E-03
    3093     -0.15814411E-03     -0.15931804E-03     -0.24165822E-03     -0.44288699E-03
    3094     -0.15814487E-03     -0.15931804E-03     -0.24172576E-03     -0.44288699E-03
    3095     -0.15814575E-03     -0.15931804E-03     -0.24179433E-03     -0.44288699E-03
    3096     -0.15814650E-03     -0.15931804E-03     -0.24185605E-03     -0.44288699E-03
    3097     -0.15814704E-03     -0.15931804E-03     -0.24191440E-03     -0.44288699E-03
    3098     -0.15814749E-03     -0.15931804E-03     -0.24196573E-03     -0.44288699E-03
    3099     -0.15814804E-03     -0.15931804E-03     -0.24203114E-03     -0.44288699E-03
    3100     -0.15814858E-03     -0.15931804E-03     -0.24208073E-03     -0.44288699E-03
    3101     -0.15814916E-03     -0.15931804E-03     -0.24212955E-03     -0.44288699E-03
    3102     -0.15815072E-03     -0.15931804E-03     -0.24223716E-03     -0.44288699E-03
    3103     -0.15815165E-03     -0.15931804E-03     -0.24233607E-03     -0.44288699E-03
    3104     -0.15815213E-03     -0.15931804E-03     -0.24238910E-03     -0.44288699E-03
    3105     -0.15815255E-03     -0.15931804E-03     -0.24243221E-03     -0.44288699E-03
    3106     -0.15815306E-03     -0.15931804E-03     -0.24248587E-03     -0.44288699E-03
    3107     -0.15815365E-03     -0.15931804E-03     -0.24253348E-03     -0.44288699E-03
    3108     -0.15815416E-03     -0.15931804E-03     -0.24258536E-03     -0.44288699E-03
    3109     -0.15815455E-03     -0.15931804E-03     -0.24262599E-03     -0.44288699E-03
    3110     -0.15815513E-03     -0.15931804E-03     -0.24267941E-03     -0.44288699E-03
    3111     -0.15815562E-03     -0.15931804E-03     -0.24271969E-03     -0.44288699E-03
    3112     -0.15815608E-03     -0.15931804E-03     -0.24277252E-03     -0.44288699E-03
    3113     -0.15815648E-03     -0.15931804E-03     -0.24281055E-03     -0.44288699E-03
    3114     -0.15815677E-03     -0.15931804E-03     -0.24284715E-03     -0.44288699E-03
    3115     -0.15815725E-03     -0.15931804E-03     -0.24289309E-03     -0.44288699E-03
    3116     -0.15815771E-03     -0.15931804E-03     -0.24293800E-03     -0.44288699E-03
    3117     -0.15815826E-03     -0.15931804E-03     -0.24298004E-03     -0.44288699E-03
    3118     -0.15815870E-03     -0.15931804E-03     -0.24302454E-03     -0.44288699E-03
    3119     -0.15815912E-03     -0.15931804E-03     -0.24307225E-03     -0.44288699E-03
    3120     -0.15815957E-03     -0.15931804E-03     -0.24311912E-03     -0.44288699E-03
    3121     -0.15816004E-03     -0.15931804E-03     -0.24317003E-03     -0.44288699E-03
    3122     -0.15816042E-03     -0.15931804E-03     -0.24321197E-03     -0.44288699E-03
    3123     -0.15816089E-03     -0.15931804E-03     -0.24326632E-03     -0.44288699E-03
    3124     -0.15816138E-03     -0.15931804E-03     -0.24332721E-03     -0.44288699E-03
    3125     -0.15816187E-03     -0.15931804E-03     -0.24338731E-03     -0.44288699E-03
    3126     -0.15816240E-03     -0.15931804E-03     -0.24344262E-03     -0.44288699E-03
    3127     -0.15816300E-03     -0.15931804E-03     -0.24350178E-03     -0.44288699E-03
    3128     -0.15816346E-03     -0.15931804E-03     -0.24355873E-03     -0.44288699E-03
    3129     -0.15816389E-03     -0.15931804E-03     -0.24359642E-03     -0.44288699E-03
    3130     -0.15816442E-03     -0.15931804E-03     -0.24366501E-03     -0.44288699E-03
    3131     -0.15816492E-03     -0.15931804E-03     -0.24371487E-03     -0.44288699E-03
    3132     -0.15816534E-03     -0.15931804E-03     -0.24375769E-03     -0.44288699E-03
    3133     -0.15816589E-03     -0.15931804E-03     -0.24382175E-03     -0.44288699E-03
    3134     -0.15816641E-03     -0.15931804E-03     -0.24386748E-03     -0.44288699E-03
    3135     -0.15816690E-03     -0.15931804E-03     -0.24391660E-03     -0.44288699E-03
    3136     -0.15816728E-03     -0.15931804E-03     -0.24395243E-03     -0.44288699E-03
    3137     -0.15816773E-03     -0.15931804E-03     -0.24399946E-03     -0.44288699E-03
    3138     -0.15816803E-03     -0.15931804E-03     -0.24403073E-03     -0.44288699E-03
    3139     -0.15816847E-03     -0.15931804E-03     -0.24408325E-03     -0.44288699E-03
    3140     -0.15816885E-03     -0.15931804E-03     -0.24412445E-03     -0.44288699E-03
    3141     -0.15816932E-03     -0.15931804E-03     -0.24417599E-03     -0.44288699E-03
    3142     -0.15816971E-03     -0.15931804E-03     -0.24422053E-03     -0.44288699E-03
    3143     -0.15817012E-03     -0.15931804E-03     -0.24427918E-03     -0.44288699E-03
    3144     -0.15817052E-03     -0.15931804E-03     -0.24431809E-03     -0.44288699E-03
    3145     -0.15817097E-03     -0.15931804E-03     -0.24438039E-03     -0.44288699E-03
    3146     -0.15817139E-03     -0.15931804E-03     -0.24443211E-03     -0.44288699E-03
    3147     -0.15817188E-03     -0.15931804E-03     -0.24449374E-03     -0.44288699E-03
    3148     -0.15817230E-03     -0.15931804E-03     -0.24454233E-03     -0.44288699E-03
    3149     -0.15817289E-03     -0.15931804E-03     -0.24459944E-03     -0.44288699E-03
    3150     -0.15817333E-03     -0.15931804E-03     -0.24464428E-03     -0.44288699E-03
    3151     -0.15817373E-03     -0.15931804E-03     -0.24469763E-03     -0.44288699E-03
    3152     -0.15817424E-03     -0.15931804E-03     -0.24475733E-03     -0.44288699E-03
    3153     -0.15817464E-03     -0.15931804E-03     -0.24480295E-03     -0.44288699E-03
    3154     -0.15817515E-03     -0.15931804E-03     -0.24486075E-03     -0.44288699E-03
    3155     -0.15817563E-03     -0.15931804E-03     -0.24491772E-03     -0.44288699E-03
    3156     -0.15817603E-03     -0.15931804E-03     -0.24496720E-03     -0.44288699E-03
    3157     -0.15817655E-03     -0.15931804E-03     -0.24504254E-03     -0.44288699E-03
    3158     -0.15817699E-03     -0.15931804E-03     -0.24508528E-03     -0.44288699E-03
    3159     -0.15817766E-03     -0.15931804E-03     -0.24515795E-03     -0.44288699E-03
    3160     -0.15817819E-03     -0.15931804E-03     -0.24521697E-03     -0.44288699E-03
    3161     -0.15817887E-03     -0.15931804E-03     -0.24529145E-03     -0.44288699E-03
    3162     -0.15817936E-03     -0.15931804E-03     -0.24534224E-03     -0.44288699E-03
    3163     -0.15818001E-03     -0.15931804E-03     -0.24539868E-03     -0.44288699E-03
    3164     -0.15818065E-03     -0.15931804E-03     -0.24545646E-03     -0.44288699E-03
    3165     -0.15818120E-03     -0.15931804E-03     -0.24551113E-03     -0.44288699E-03
    3166     -0.15818168E-03     -0.15931804E-03     -0.24556879E-03     -0.44288699E-03
    3167     -0.15818220E-03     -0.15931804E-03     -0.24561971E-03     -0.44288699E-03
    3168     -0.15818257E-03     -0.15931804E-03     -0.24566277E-03     -0.44288699E-03
    3169     -0.15818298E-03     -0.15931804E-03     -0.24572231E-03     -0.44288699E-03
    3170     -0.15818345E-03     -0.15931804E-03     -0.24577938E-03     -0.44288699E-03
    3171     -0.15818388E-03     -0.15931804E-03     -0.24583752E-03     -0.44288699E-03
    3172     -0.15818426E-03     -0.15931804E-03     -0.24589301E-03     -0.44288699E-03
    3173     -0.15818461E-03     -0.15931804E-03     -0.24595482E-03     -0.44288699E-03
    3174     -0.15818500E-03     -0.15931804E-03     -0.24601129E-03     -0.44288699E-03
    3175     -0.15818537E-03     -0.15931804E-03     -0.24605539E-03     -0.44288699E-03
    3176     -0.15818578E-03     -0.15931804E-03     -0.24610186E-03     -0.44288699E-03
    3177     -0.15818623E-03     -0.15931804E-03     -0.24616340E-03     -0.44288699E-03
    3178     -0.15818662E-03     -0.15931804E-03     -0.24620379E-03     -0.44288699E-03
    3179     -0.15818707E-03     -0.15931804E-03     -0.24624872E-03     -0.44288699E-03
    3180     -0.15818757E-03     -0.15931804E-03     -0.24630059E-03     -0.44288699E-03
    3181     -0.15818802E-03     -0.15931804E-03     -0.24634723E-03     -0.44288699E-03
    3182     -0.15818849E-03     -0.15931804E-03     -0.24639405E-03     -0.44288699E-03
    3183     -0.15818893E-03     -0.15931804E-03     -0.24644162E-03     -0.44288699E-03
    3184     -0.15818938E-03     -0.15931804E-03     -0.24649094E-03     -0.44288699E-03
    3185     -0.15818978E-03     -0.15931804E-03     -0.24653456E-03     -0.44288699E-03
    3186     -0.15819022E-03     -0.15931804E-03     -0.24657885E-03     -0.44288699E-03
    3187     -0.15819066E-03     -0.15931804E-03     -0.24663058E-03     -0.44288699E-03
    3188     -0.15819129E-03     -0.15931804E-03     -0.24669213E-03     -0.44288699E-03
    3189     -0.15819163E-03     -0.15931804E-03     -0.24673545E-03     -0.44288699E-03
    3190     -0.15819216E-03     -0.15931804E-03     -0.24679531E-03     -0.44288699E-03
    3191     -0.15819266E-03     -0.15931804E-03     -0.24684601E-03     -0.44288699E-03
    3192     -0.15819315E-03     -0.15931804E-03     -0.24690438E-03     -0.44288699E-03
    3193     -0.15819363E-03     -0.15931804E-03     -0.24696029E-03     -0.44288699E-03
    3194     -0.15819404E-03     -0.15931804E-03     -0.24700391E-03     -0.44288699E-03
    3195     -0.15819446E-03     -0.15931804E-03     -0.24704648E-03     -0.44288699E-03
    3196     -0.15819492E-03     -0.15931804E-03     -0.24711091E-03     -0.44288699E-03
    3197     -0.15819533E-03     -0.15931804E-03     -0.24715373E-03     -0.44288699E-03
    3198     -0.15819576E-03     -0.15931804E-03     -0.24719867E-03     -0.44288699E-03
    3199     -0.15819621E-03     -0.15931804E-03     -0.24725764E-03     -0.44288699E-03
    3200     -0.15819667E-03     -0.15931804E-03     -0.24731598E-03     -0.44288699E-03
    3201     -0.15819705E-03     -0.15931804E-03     -0.24736186E-03     -0.44288699E-03
    3202     -0.15819754E-03     -0.15931804E-03     -0.24742491E-03     -0.44288699E-03
    3203     -0.15819793E-03     -0.15931804E-03     -0.24746671E-03     -0.44288699E-03
    3204     -0.15819838E-03     -0.15931804E-03     -0.24751273E-03     -0.44288699E-03
    3205     -0.15819881E-03     -0.15931804E-03     -0.24755914E-03     -0.44288699E-03
    3206     -0.15819924E-03     -0.15931804E-03     -0.24760316E-03     -0.44288699E-03
    3207     -0.15819982E-03     -0.15931804E-03     -0.24766421E-03     -0.44288699E-03
    3208     -0.15820024E-03     -0.15931804E-03     -0.24770890E-03     -0.44288699E-03
    3209     -0.15820074E-03     -0.15931804E-03     -0.24775906E-03     -0.44288699E-03
    3210     -0.15820117E-03     -0.15931804E-03     -0.24780350E-03     -0.44288699E-03
    3211     -0.15820173E-03     -0.15931804E-03     -0.24785338E-03     -0.44288699E-03
    3212     -0.15820228E-03     -0.15931804E-03     -0.24790019E-03     -0.44288699E-03
    3213     -0.15820269E-03     -0.15931804E-03     -0.24794119E-03     -0.44288699E-03
    3214     -0.15820333E-03     -0.15931804E-03     -0.24799272E-03     -0.44288699E-03
    3215     -0.15820372E-03     -0.15931804E-03     -0.24805222E-03     -0.44288699E-03
    3216     -0.15820423E-03     -0.15931804E-03     -0.24810137E-03     -0.44288699E-03
    3217     -0.15820474E-03     -0.15931804E-03     -0.24815240E-03     -0.44288699E-03
    3218     -0.15820521E-03     -0.15931804E-03     -0.24819859E-03     -0.44288699E-03
    3219     -0.15820569E-03     -0.15931804E-03     -0.24824689E-03     -0.44288699E-03
    3220     -0.15820610E-03     -0.15931804E-03     -0.24829259E-03     -0.44288699E-03
    3221     -0.15820655E-03     -0.15931804E-03     -0.24834331E-03     -0.44288699E-03
    3222     -0.15820687E-03     -0.15931804E-03     -0.24838005E-03     -0.44288699E-03
    3223     -0.15820730E-03     -0.15931804E-03     -0.24842928E-03     -0.44288699E-03
    3224     -0.15820774E-03     -0.15931804E-03     -0.24847935E-03     -0.44288699E-03
    3225     -0.15820806E-03     -0.15931804E-03     -0.24851566E-03     -0.44288699E-03
    3226     -0.15820851E-03     -0.15931804E-03     -0.24857227E-03     -0.44288699E-03
    3227     -0.15820905E-03     -0.15931804E-03     -0.24862486E-03     -0.44288699E-03
    3228     -0.15820957E-03     -0.15931804E-03     -0.24868854E-03     -0.44288699E-03
    3229     -0.15820998E-03     -0.15931804E-03     -0.24873474E-03     -0.44288699E-03
    3230     -0.15821031E-03     -0.15931804E-03     -0.24878102E-03     -0.44288699E-03
    3231     -0.15821071E-03     -0.15931804E-03     -0.24882723E-03     -0.44288699E-03
    3232     -0.15821118E-03     -0.15931804E-03     -0.24888466E-03     -0.44288699E-03
    3233     -0.15821157E-03     -0.15931804E-03     -0.24893118E-03     -0.44288699E-03
    3234     -0.15821194E-03     -0.15931804E-03     -0.24898520E-03     -0.44288699E-03
    3235     -0.15821240E-03     -0.15931804E-03     -0.24903366E-03     -0.44288699E-03
    3236     -0.15821320E-03     -0.15931804E-03     -0.24909922E-03     -0.44288699E-03
    3237     -0.15821388E-03     -0.15931804E-03     -0.24915845E-03     -0.44288699E-03
    3238     -0.15821429E-03     -0.15931804E-03     -0.24919956E-03     -0.44288699E-03
    3239     -0.15821469E-03     -0.15931804E-03     -0.24924199E-03     -0.44288699E-03
    3240     -0.15821501E-03     -0.15931804E-03     -0.24929223E-03     -0.44288699E-03
    3241     -0.15821546E-03     -0.15931804E-03     -0.24933804E-03     -0.44288699E-03
    3242     -0.15821588E-03     -0.15931804E-03     -0.24938740E-03     -0.44288699E-03
    3243     -0.15821625E-03     -0.15931804E-03     -0.24942275E-03     -0.44288699E-03
    3244     -0.15821668E-03     -0.15931804E-03     -0.24947739E-03     -0.44288699E-03
    3245     -0.15821704E-03     -0.15931804E-03     -0.24951905E-03     -0.44288699E-03
    3246     -0.15821756E-03     -0.15931804E-03     -0.24957028E-03     -0.44288699E-03
    3247     -0.15821797E-03     -0.15931804E-03     -0.24962266E-03     -0.44288699E-03
    3248     -0.15821836E-03     -0.15931804E-03     -0.24967449E-03     -0.44288699E-03
    3249     -0.15821872E-03     -0.15931804E-03     -0.24971745E-03     -0.44288699E-03
    3250     -0.15821903E-03     -0.15931804E-03     -0.24976214E-03     -0.44288699E-03
    3251     -0.15821954E-03     -0.15931804E-03     -0.24980917E-03     -0.44288699E-03
    3252     -0.15821983E-03     -0.15931804E-03     -0.24984254E-03     -0.44288699E-03
    3253     -0.15822020E-03     -0.15931804E-03     -0.24988788E-03     -0.44288699E-03
    3254     -0.15822053E-03     -0.15931804E-03     -0.24992777E-03     -0.44288699E-03
    3255     -0.15822094E-03     -0.15931804E-03     -0.24997539E-03     -0.44288699E-03
    3256     -0.15822128E-03     -0.15931804E-03     -0.25001491E-03     -0.44288699E-03
    3257     -0.15822170E-03     -0.15931804E-03     -0.25006543E-03     -0.44288699E-03
    3258     -0.15822206E-03     -0.15931804E-03     -0.25011097E-03     -0.44288699E-03
    3259     -0.15822240E-03     -0.15931804E-03     -0.25015381E-03     -0.44288699E-03
    3260     -0.15822271E-03     -0.15931804E-03     -0.25019531E-03     -0.44288699E-03
    3261     -0.15822319E-03     -0.15931804E-03     -0.25025616E-03     -0.44288699E-03
    3262     -0.15822365E-03     -0.15931804E-03     -0.25030720E-03     -0.44288699E-03
    3263     -0.15822410E-03     -0.15931804E-03     -0.25035910E-03     -0.44288699E-03
    3264     -0.15822464E-03     -0.15931804E-03     -0.25041611E-03     -0.44288699E-03
    3265     -0.15822496E-03     -0.15931804E-03     -0.25045480E-03     -0.44288699E-03
    3266     -0.15822551E-03     -0.15931804E-03     -0.25051412E-03     -0.44288699E-03
    3267     -0.15822592E-03     -0.15931804E-03     -0.25056654E-03     -0.44288699E-03
    3268     -0.15822689E-03     -0.15931804E-03     -0.25064795E-03     -0.44288699E-03
    3269     -0.15822741E-03     -0.15931804E-03     -0.25070555E-03     -0.44288699E-03
    3270     -0.15822790E-03     -0.15931804E-03     -0.25075777E-03     -0.44288699E-03
    3271     -0.15822878E-03     -0.15931804E-03     -0.25088710E-03     -0.44288699E-03
    3272     -0.15822931E-03     -0.15931804E-03     -0.25096463E-03     -0.44288699E-03
    3273     -0.15822982E-03     -0.15931804E-03     -0.25103254E-03     -0.44288699E-03
    3274     -0.15823028E-03     -0.15931804E-03     -0.25109728E-03     -0.44288699E-03
    3275     -0.15823093E-03     -0.15931804E-03     -0.25116864E-03     -0.44288699E-03
    3276     -0.15823147E-03     -0.15931804E-03     -0.25123918E-03     -0.44288699E-03
    3277     -0.15823218E-03     -0.15931804E-03     -0.25129991E-03     -0.44288699E-03
    3278     -0.15823278E-03     -0.15931804E-03     -0.25137103E-03     -0.44288699E-03
    3279     -0.15823323E-03     -0.15931804E-03     -0.25142366E-03     -0.44288699E-03
    3280     -0.15823384E-03     -0.15931804E-03     -0.25151983E-03     -0.44288699E-03
    3281     -0.15823456E-03     -0.15931804E-03     -0.25161940E-03     -0.44288699E-03
    3282     -0.15823512E-03     -0.15931804E-03     -0.25170442E-03     -0.44288699E-03
    3283     -0.15823564E-03     -0.15931804E-03     -0.25175967E-03     -0.44288699E-03
    3284     -0.15823641E-03     -0.15931804E-03     -0.25188880E-03     -0.44288699E-03
    3285     -0.15823680E-03     -0.15931804E-03     -0.25192886E-03     -0.44288699E-03
    3286     -0.15823724E-03     -0.15931804E-03     -0.25198524E-03     -0.44288699E-03
    3287     -0.15823781E-03     -0.15931804E-03     -0.25206473E-03     -0.44288699E-03
    3288     -0.15823834E-03     -0.15931804E-03     -0.25211995E-03     -0.44288699E-03
    3289     -0.15823881E-03     -0.15931804E-03     -0.25216992E-03     -0.44288699E-03
    3290     -0.15823926E-03     -0.15931804E-03     -0.25221835E-03     -0.44288699E-03
    3291     -0.15823965E-03     -0.15931804E-03     -0.25227120E-03     -0.44288699E-03
    3292     -0.15824009E-03     -0.15931804E-03     -0.25232566E-03     -0.44288699E-03
    3293     -0.15824069E-03     -0.15931804E-03     -0.25237605E-03     -0.44288699E-03
    3294     -0.15824110E-03     -0.15931804E-03     -0.25242430E-03     -0.44288699E-03
    3295     -0.15824150E-03     -0.15931804E-03     -0.25246571E-03     -0.44288699E-03
    3296     -0.15824190E-03     -0.15931804E-03     -0.25252244E-03     -0.44288699E-03
    3297     -0.15824235E-03     -0.15931804E-03     -0.25256363E-03     -0.44288699E-03
    3298     -0.15824274E-03     -0.15931804E-03     -0.25260423E-03     -0.44288699E-03
    3299     -0.15824299E-03     -0.15931804E-03     -0.25263797E-03     -0.44288699E-03
    3300     -0.15824330E-03     -0.15931804E-03     -0.25267904E-03     -0.44288699E-03
    3301     -0.15824370E-03     -0.15931804E-03     -0.25271729E-03     -0.44288699E-03
    3302     -0.15824407E-03     -0.15931804E-03     -0.25276316E-03     -0.44288699E-03
    3303     -0.15824440E-03     -0.15931804E-03     -0.25280357E-03     -0.44288699E-03
    3304     -0.15824470E-03     -0.15931804E-03     -0.25284434E-03     -0.44288699E-03
    3305     -0.15824514E-03     -0.15931804E-03     -0.25288797E-03     -0.44288699E-03
    3306     -0.15824544E-03     -0.15931804E-03     -0.25292456E-03     -0.44288699E-03
    3307     -0.15824585E-03     -0.15931804E-03     -0.25296298E-03     -0.44288699E-03
    3308     -0.15824620E-03     -0.15931804E-03     -0.25299668E-03     -0.44288699E-03
    3309     -0.15824651E-03     -0.15931804E-03     -0.25304110E-03     -0.44288699E-03
    3310     -0.15824681E-03     -0.15931804E-03     -0.25307854E-03     -0.44288699E-03
    3311     -0.15824711E-03     -0.15931804E-03     -0.25311350E-03     -0.44288699E-03
    3312     -0.15824745E-03     -0.15931804E-03     -0.25315547E-03     -0.44288699E-03
    3313     -0.15824777E-03     -0.15931804E-03     -0.25318603E-03     -0.44288699E-03
    3314     -0.15824822E-03     -0.15931804E-03     -0.25322420E-03     -0.44288699E-03
    3315     -0.15824858E-03     -0.15931804E-03     -0.25325881E-03     -0.44288699E-03
    3316     -0.15824891E-03     -0.15931804E-03     -0.25329563E-03     -0.44288699E-03
    3317     -0.15824919E-03     -0.15931804E-03     -0.25332543E-03     -0.44288699E-03
    3318     -0.15824953E-03     -0.15931804E-03     -0.25336437E-03     -0.44288699E-03
    3319     -0.15824986E-03     -0.15931804E-03     -0.25339619E-03     -0.44288699E-03
    3320     -0.15825010E-03     -0.15931804E-03     -0.25343154E-03     -0.44288699E-03
    3321     -0.15825036E-03     -0.15931804E-03     -0.25346427E-03     -0.44288699E-03
    3322     -0.15825073E-03     -0.15931804E-03     -0.25349936E-03     -0.44288699E-03
    3323     -0.15825113E-03     -0.15931804E-03     -0.25353841E-03     -0.44288699E-03
    3324     -0.15825144E-03     -0.15931804E-03     -0.25357710E-03     -0.44288699E-03
    3325     -0.15825186E-03     -0.15931804E-03     -0.25362179E-03     -0.44288699E-03
    3326     -0.15825220E-03     -0.15931804E-03     -0.25365699E-03     -0.44288699E-03
    3327     -0.15825255E-03     -0.15931804E-03     -0.25368962E-03     -0.44288699E-03
    3328     -0.15825292E-03     -0.15931804E-03     -0.25372424E-03     -0.44288699E-03
    3329     -0.15825324E-03     -0.15931804E-03     -0.25375996E-03     -0.44288699E-03
    3330     -0.15825354E-03     -0.15931804E-03     -0.25379431E-03     -0.44288699E-03
    3331     -0.15825380E-03     -0.15931804E-03     -0.25382684E-03     -0.44288699E-03
    3332     -0.15825405E-03     -0.15931804E-03     -0.25385951E-03     -0.44288699E-03
    3333     -0.15825430E-03     -0.15931804E-03     -0.25388793E-03     -0.44288699E-03
    3334     -0.15825450E-03     -0.15931804E-03     -0.25392186E-03     -0.44288699E-03
    3335     -0.15825486E-03     -0.15931804E-03     -0.25396029E-03     -0.44288699E-03
    3336     -0.15825514E-03     -0.15931804E-03     -0.25399500E-03     -0.44288699E-03
    3337     -0.15825543E-03     -0.15931804E-03     -0.25402899E-03     -0.44288699E-03
    3338     -0.15825570E-03     -0.15931804E-03     -0.25406560E-03     -0.44288699E-03
    3339     -0.15825593E-03     -0.15931804E-03     -0.25409721E-03     -0.44288699E-03
    3340     -0.15825615E-03     -0.15931804E-03     -0.25412572E-03     -0.44288699E-03
    3341     -0.15825643E-03     -0.15931804E-03     -0.25417234E-03     -0.44288699E-03
    3342     -0.15825675E-03     -0.15931804E-03     -0.25420947E-03     -0.44288699E-03
    3343     -0.15825717E-03     -0.15931804E-03     -0.25424974E-03     -0.44288699E-03
    3344     -0.15825747E-03     -0.15931804E-03     -0.25429005E-03     -0.44288699E-03
    3345     -0.15825777E-03     -0.15931804E-03     -0.25432716E-03     -0.44288699E-03
    3346     -0.15825808E-03     -0.15931804E-03     -0.25436750E-03     -0.44288699E-03
    3347     -0.15825842E-03     -0.15931804E-03     -0.25441348E-03     -0.44288699E-03
    3348     -0.15825875E-03     -0.15931804E-03     -0.25445812E-03     -0.44288699E-03
    3349     -0.15825905E-03     -0.15931804E-03     -0.25450496E-03     -0.44288699E-03
    3350     -0.15825936E-03     -0.15931804E-03     -0.25455004E-03     -0.44288699E-03
    3351     -0.15825965E-03     -0.15931804E-03     -0.25458591E-03     -0.44288699E-03
    3352     -0.15826002E-03     -0.15931804E-03     -0.25462152E-03     -0.44288699E-03
    3353     -0.15826046E-03     -0.15931804E-03     -0.25467632E-03     -0.44288699E-03
    3354     -0.15826080E-03     -0.15931804E-03     -0.25471819E-03     -0.44288699E-03
    3355     -0.15826104E-03     -0.15931804E-03     -0.25475262E-03     -0.44288699E-03
    3356     -0.15826139E-03     -0.15931804E-03     -0.25479551E-03     -0.44288699E-03
    3357     -0.15826178E-03     -0.15931804E-03     -0.25484198E-03     -0.44288699E-03
    3358     -0.15826221E-03     -0.15931804E-03     -0.25489027E-03     -0.44288699E-03
    3359     -0.15826248E-03     -0.15931804E-03     -0.25492732E-03     -0.44288699E-03
    3360     -0.15826273E-03     -0.15931804E-03     -0.25495566E-03     -0.44288699E-03
    3361     -0.15826307E-03     -0.15931804E-03     -0.25498969E-03     -0.44288699E-03
    3362     -0.15826351E-03     -0.15931804E-03     -0.25503899E-03     -0.44288699E-03
    3363     -0.15826378E-03     -0.15931804E-03     -0.25506934E-03     -0.44288699E-03
    3364     -0.15826412E-03     -0.15931804E-03     -0.25511171E-03     -0.44288699E-03
    3365     -0.15826453E-03     -0.15931804E-03     -0.25515304E-03     -0.44288699E-03
    3366     -0.15826482E-03     -0.15931804E-03     -0.25518979E-03     -0.44288699E-03
    3367     -0.15826507E-03     -0.15931804E-03     -0.25522330E-03     -0.44288699E-03
    3368     -0.15826538E-03     -0.15931804E-03     -0.25526286E-03     -0.44288699E-03
    3369     -0.15826573E-03     -0.15931804E-03     -0.25531097E-03     -0.44288699E-03
    3370     -0.15826606E-03     -0.15931804E-03     -0.25535085E-03     -0.44288699E-03
    3371     -0.15826640E-03     -0.15931804E-03     -0.25538919E-03     -0.44288699E-03
    3372     -0.15826675E-03     -0.15931804E-03     -0.25543183E-03     -0.44288699E-03
    3373     -0.15826705E-03     -0.15931804E-03     -0.25547745E-03     -0.44288699E-03
    3374     -0.15826739E-03     -0.15931804E-03     -0.25552462E-03     -0.44288699E-03
    3375     -0.15826772E-03     -0.15931804E-03     -0.25557132E-03     -0.44288699E-03
    3376     -0.15826804E-03     -0.15931804E-03     -0.25561023E-03     -0.44288699E-03
    3377     -0.15826840E-03     -0.15931804E-03     -0.25566221E-03     -0.44288699E-03
    3378     -0.15826868E-03     -0.15931804E-03     -0.25570878E-03     -0.44288699E-03
    3379     -0.15826900E-03     -0.15931804E-03     -0.25577196E-03     -0.44288699E-03
    3380     -0.15826942E-03     -0.15931804E-03     -0.25581874E-03     -0.44288699E-03
    3381     -0.15826981E-03     -0.15931804E-03     -0.25586743E-03     -0.44288699E-03
    3382     -0.15827020E-03     -0.15931804E-03     -0.25592118E-03     -0.44288699E-03
    3383     -0.15827058E-03     -0.15931804E-03     -0.25596992E-03     -0.44288699E-03
    3384     -0.15827095E-03     -0.15931804E-03     -0.25601914E-03     -0.44288699E-03
    3385     -0.15827136E-03     -0.15931804E-03     -0.25606171E-03     -0.44288699E-03
    3386     -0.15827166E-03     -0.15931804E-03     -0.25609852E-03     -0.44288699E-03
    3387     -0.15827198E-03     -0.15931804E-03     -0.25613532E-03     -0.44288699E-03
    3388     -0.15827227E-03     -0.15931804E-03     -0.25617358E-03     -0.44288699E-03
    3389     -0.15827261E-03     -0.15931804E-03     -0.25621357E-03     -0.44288699E-03
    3390     -0.15827295E-03     -0.15931804E-03     -0.25625057E-03     -0.44288699E-03
    3391     -0.15827319E-03     -0.15931804E-03     -0.25627905E-03     -0.44288699E-03
    3392     -0.15827351E-03     -0.15931804E-03     -0.25631418E-03     -0.44288699E-03
    3393     -0.15827386E-03     -0.15931804E-03     -0.25634811E-03     -0.44288699E-03
    3394     -0.15827416E-03     -0.15931804E-03     -0.25639162E-03     -0.44288699E-03
    3395     -0.15827452E-03     -0.15931804E-03     -0.25643092E-03     -0.44288699E-03
    3396     -0.15827484E-03     -0.15931804E-03     -0.25646913E-03     -0.44288699E-03
    3397     -0.15827521E-03     -0.15931804E-03     -0.25650572E-03     -0.44288699E-03
    3398     -0.15827553E-03     -0.15931804E-03     -0.25654874E-03     -0.44288699E-03
    3399     -0.15827590E-03     -0.15931804E-03     -0.25658490E-03     -0.44288699E-03
    3400     -0.15827636E-03     -0.15931804E-03     -0.25663642E-03     -0.44288699E-03
    3401     -0.15827665E-03     -0.15931804E-03     -0.25667199E-03     -0.44288699E-03
    3402     -0.15827699E-03     -0.15931804E-03     -0.25671110E-03     -0.44288699E-03
    3403     -0.15827732E-03     -0.15931804E-03     -0.25674892E-03     -0.44288699E-03
    3404     -0.15827773E-03     -0.15931804E-03     -0.25678609E-03     -0.44288699E-03
    3405     -0.15827809E-03     -0.15931804E-03     -0.25682495E-03     -0.44288699E-03
    3406     -0.15827841E-03     -0.15931804E-03     -0.25686448E-03     -0.44288699E-03
    3407     -0.15827870E-03     -0.15931804E-03     -0.25690218E-03     -0.44288699E-03
    3408     -0.15827899E-03     -0.15931804E-03     -0.25694243E-03     -0.44288699E-03
    3409     -0.15827928E-03     -0.15931804E-03     -0.25697809E-03     -0.44288699E-03
    3410     -0.15827957E-03     -0.15931804E-03     -0.25701119E-03     -0.44288699E-03
    3411     -0.15827979E-03     -0.15931804E-03     -0.25705026E-03     -0.44288699E-03
    3412     -0.15828012E-03     -0.15931804E-03     -0.25708714E-03     -0.44288699E-03
    3413     -0.15828043E-03     -0.15931804E-03     -0.25712544E-03     -0.44288699E-03
    3414     -0.15828076E-03     -0.15931804E-03     -0.25716356E-03     -0.44288699E-03
    3415     -0.15828103E-03     -0.15931804E-03     -0.25720329E-03     -0.44288699E-03
    3416     -0.15828130E-03     -0.15931804E-03     -0.25723574E-03     -0.44288699E-03
    3417     -0.15828152E-03     -0.15931804E-03     -0.25727128E-03     -0.44288699E-03
    3418     -0.15828184E-03     -0.15931804E-03     -0.25730866E-03     -0.44288699E-03
    3419     -0.15828216E-03     -0.15931804E-03     -0.25735143E-03     -0.44288699E-03
    3420     -0.15828248E-03     -0.15931804E-03     -0.25738606E-03     -0.44288699E-03
    3421     -0.15828284E-03     -0.15931804E-03     -0.25742502E-03     -0.44288699E-03
    3422     -0.15828320E-03     -0.15931804E-03     -0.25746466E-03     -0.44288699E-03
    3423     -0.15828348E-03     -0.15931804E-03     -0.25749702E-03     -0.44288699E-03
    3424     -0.15828380E-03     -0.15931804E-03     -0.25753444E-03     -0.44288699E-03
    3425     -0.15828415E-03     -0.15931804E-03     -0.25756945E-03     -0.44288699E-03
    3426     -0.15828441E-03     -0.15931804E-03     -0.25760896E-03     -0.44288699E-03
    3427     -0.15828480E-03     -0.15931804E-03     -0.25765855E-03     -0.44288699E-03
    3428     -0.15828515E-03     -0.15931804E-03     -0.25769680E-03     -0.44288699E-03
    3429     -0.15828547E-03     -0.15931804E-03     -0.25773302E-03     -0.44288699E-03
    3430     -0.15828583E-03     -0.15931804E-03     -0.25777154E-03     -0.44288699E-03
    3431     -0.15828617E-03     -0.15931804E-03     -0.25780927E-03     -0.44288699E-03
    3432     -0.15828647E-03     -0.15931804E-03     -0.25784727E-03     -0.44288699E-03
    3433     -0.15828676E-03     -0.15931804E-03     -0.25789139E-03     -0.44288699E-03
    3434     -0.15828714E-03     -0.15931804E-03     -0.25793801E-03     -0.44288699E-03
    3435     -0.15828752E-03     -0.15931804E-03     -0.25798309E-03     -0.44288699E-03
    3436     -0.15828796E-03     -0.15931804E-03     -0.25802627E-03     -0.44288699E-03
    3437     -0.15828830E-03     -0.15931804E-03     -0.25806601E-03     -0.44288699E-03
    3438     -0.15828874E-03     -0.15931804E-03     -0.25811093E-03     -0.44288699E-03
    3439     -0.15828922E-03     -0.15931804E-03     -0.25816124E-03     -0.44288699E-03
    3440     -0.15828961E-03     -0.15931804E-03     -0.25820923E-03     -0.44288699E-03
    3441     -0.15828990E-03     -0.15931804E-03     -0.25824774E-03     -0.44288699E-03
    3442     -0.15829022E-03     -0.15931804E-03     -0.25828354E-03     -0.44288699E-03
    3443     -0.15829058E-03     -0.15931804E-03     -0.25832757E-03     -0.44288699E-03
    3444     -0.15829103E-03     -0.15931804E-03     -0.25837463E-03     -0.44288699E-03
    3445     -0.15829143E-03     -0.15931804E-03     -0.25843123E-03     -0.44288699E-03
    3446     -0.15829185E-03     -0.15931804E-03     -0.25847386E-03     -0.44288699E-03
    3447     -0.15829216E-03     -0.15931804E-03     -0.25851827E-03     -0.44288699E-03
    3448     -0.15829263E-03     -0.15931804E-03     -0.25856885E-03     -0.44288699E-03
    3449     -0.15829299E-03     -0.15931804E-03     -0.25861421E-03     -0.44288699E-03
    3450     -0.15829331E-03     -0.15931804E-03     -0.25865374E-03     -0.44288699E-03
    3451     -0.15829365E-03     -0.15931804E-03     -0.25869204E-03     -0.44288699E-03
    3452     -0.15829403E-03     -0.15931804E-03     -0.25873251E-03     -0.44288699E-03
    3453     -0.15829438E-03     -0.15931804E-03     -0.25877465E-03     -0.44288699E-03
    3454     -0.15829478E-03     -0.15931804E-03     -0.25882142E-03     -0.44288699E-03
    3455     -0.15829511E-03     -0.15931804E-03     -0.25886145E-03     -0.44288699E-03
    3456     -0.15829550E-03     -0.15931804E-03     -0.25890368E-03     -0.44288699E-03
    3457     -0.15829583E-03     -0.15931804E-03     -0.25894357E-03     -0.44288699E-03
    3458     -0.15829615E-03     -0.15931804E-03     -0.25899091E-03     -0.44288699E-03
    3459     -0.15829644E-03     -0.15931804E-03     -0.25903132E-03     -0.44288699E-03
    3460     -0.15829677E-03     -0.15931804E-03     -0.25907169E-03     -0.44288699E-03
    3461     -0.15829709E-03     -0.15931804E-03     -0.25910836E-03     -0.44288699E-03
    3462     -0.15829746E-03     -0.15931804E-03     -0.25915242E-03     -0.44288699E-03
    3463     -0.15829792E-03     -0.15931804E-03     -0.25920340E-03     -0.44288699E-03
    3464     -0.15829827E-03     -0.15931804E-03     -0.25925246E-03     -0.44288699E-03
    3465     -0.15829859E-03     -0.15931804E-03     -0.25929390E-03     -0.44288699E-03
    3466     -0.15829897E-03     -0.15931804E-03     -0.25933799E-03     -0.44288699E-03
    3467     -0.15829928E-03     -0.15931804E-03     -0.25937147E-03     -0.44288699E-03
    3468     -0.15829971E-03     -0.15931804E-03     -0.25940676E-03     -0.44288699E-03
    3469     -0.15830009E-03     -0.15931804E-03     -0.25945837E-03     -0.44288699E-03
    3470     -0.15830054E-03     -0.15931804E-03     -0.25950714E-03     -0.44288699E-03
    3471     -0.15830091E-03     -0.15931804E-03     -0.25954647E-03     -0.44288699E-03
    3472     -0.15830140E-03     -0.15931804E-03     -0.25959671E-03     -0.44288699E-03
    3473     -0.15830179E-03     -0.15931804E-03     -0.25964259E-03     -0.44288699E-03
    3474     -0.15830215E-03     -0.15931804E-03     -0.25968906E-03     -0.44288699E-03
    3475     -0.15830266E-03     -0.15931804E-03     -0.25974519E-03     -0.44288699E-03
    3476     -0.15830305E-03     -0.15931804E-03     -0.25978837E-03     -0.44288699E-03
    3477     -0.15830346E-03     -0.15931804E-03     -0.25983224E-03     -0.44288699E-03
    3478     -0.15830402E-03     -0.15931804E-03     -0.25988923E-03     -0.44288699E-03
    3479     -0.15830444E-03     -0.15931804E-03     -0.25993810E-03     -0.44288699E-03
    3480     -0.15830483E-03     -0.15931804E-03     -0.25998599E-03     -0.44288699E-03
    3481     -0.15830520E-03     -0.15931804E-03     -0.26002773E-03     -0.44288699E-03
    3482     -0.15830559E-03     -0.15931804E-03     -0.26007718E-03     -0.44288699E-03
    3483     -0.15830591E-03     -0.15931804E-03     -0.26011570E-03     -0.44288699E-03
    3484     -0.15830627E-03     -0.15931804E-03     -0.26016652E-03     -0.44288699E-03
    3485     -0.15830667E-03     -0.15931804E-03     -0.26021962E-03     -0.44288699E-03
    3486     -0.15830695E-03     -0.15931804E-03     -0.26025585E-03     -0.44288699E-03
    3487     -0.15830727E-03     -0.15931804E-03     -0.26029308E-03     -0.44288699E-03
    3488     -0.15830760E-03     -0.15931804E-03     -0.26033923E-03     -0.44288699E-03
    3489     -0.15830787E-03     -0.15931804E-03     -0.26038077E-03     -0.44288699E-03
    3490     -0.15830815E-03     -0.15931804E-03     -0.26042078E-03     -0.44288699E-03
    3491     -0.15830845E-03     -0.15931804E-03     -0.26046330E-03     -0.44288699E-03
    3492     -0.15830873E-03     -0.15931804E-03     -0.26050322E-03     -0.44288699E-03
    3493     -0.15830906E-03     -0.15931804E-03     -0.26054748E-03     -0.44288699E-03
    3494     -0.15830935E-03     -0.15931804E-03     -0.26059314E-03     -0.44288699E-03
    3495     -0.15830966E-03     -0.15931804E-03     -0.26063666E-03     -0.44288699E-03
    3496     -0.15830993E-03     -0.15931804E-03     -0.26067728E-03     -0.44288699E-03
    3497     -0.15831031E-03     -0.15931804E-03     -0.26071707E-03     -0.44288699E-03
    3498     -0.15831063E-03     -0.15931804E-03     -0.26075708E-03     -0.44288699E-03
    3499     -0.15831097E-03     -0.15931804E-03     -0.26079438E-03     -0.44288699E-03
    3500     -0.15831131E-03     -0.15931804E-03     -0.26083981E-03     -0.44288699E-03
    3501     -0.15831169E-03     -0.15931804E-03     -0.26089071E-03     -0.44288699E-03
    3502     -0.15831216E-03     -0.15931804E-03     -0.26093625E-03     -0.44288699E-03
    3503     -0.15831246E-03     -0.15931804E-03     -0.26097761E-03     -0.44288699E-03
    3504     -0.15831282E-03     -0.15931804E-03     -0.26101931E-03     -0.44288699E-03
    3505     -0.15831314E-03     -0.15931804E-03     -0.26107834E-03     -0.44288699E-03
    3506     -0.15831353E-03     -0.15931804E-03     -0.26112665E-03     -0.44288699E-03
    3507     -0.15831392E-03     -0.15931804E-03     -0.26118401E-03     -0.44288699E-03
    3508     -0.15831424E-03     -0.15931804E-03     -0.26122655E-03     -0.44288699E-03
    3509     -0.15831461E-03     -0.15931804E-03     -0.26127217E-03     -0.44288699E-03
    3510     -0.15831496E-03     -0.15931804E-03     -0.26131749E-03     -0.44288699E-03
    3511     -0.15831539E-03     -0.15931804E-03     -0.26136379E-03     -0.44288699E-03
    3512     -0.15831570E-03     -0.15931804E-03     -0.26141274E-03     -0.44288699E-03
    3513     -0.15831614E-03     -0.15931804E-03     -0.26147740E-03     -0.44288699E-03
    3514     -0.15831651E-03     -0.15931804E-03     -0.26151973E-03     -0.44288699E-03
    3515     -0.15831690E-03     -0.15931804E-03     -0.26157283E-03     -0.44288699E-03
    3516     -0.15831724E-03     -0.15931804E-03     -0.26161874E-03     -0.44288699E-03
    3517     -0.15831760E-03     -0.15931804E-03     -0.26165996E-03     -0.44288699E-03
    3518     -0.15831801E-03     -0.15931804E-03     -0.26171255E-03     -0.44288699E-03
    3519     -0.15831834E-03     -0.15931804E-03     -0.26175767E-03     -0.44288699E-03
    3520     -0.15831860E-03     -0.15931804E-03     -0.26180239E-03     -0.44288699E-03
    3521     -0.15831890E-03     -0.15931804E-03     -0.26184445E-03     -0.44288699E-03
    3522     -0.15831927E-03     -0.15931804E-03     -0.26190561E-03     -0.44288699E-03
    3523     -0.15831962E-03     -0.15931804E-03     -0.26195832E-03     -0.44288699E-03
    3524     -0.15831991E-03     -0.15931804E-03     -0.26200082E-03     -0.44288699E-03
    3525     -0.15832031E-03     -0.15931804E-03     -0.26204335E-03     -0.44288699E-03
    3526     -0.15832072E-03     -0.15931804E-03     -0.26209250E-03     -0.44288699E-03
    3527     -0.15832113E-03     -0.15931804E-03     -0.26214119E-03     -0.44288699E-03
    3528     -0.15832150E-03     -0.15931804E-03     -0.26219111E-03     -0.44288699E-03
    3529     -0.15832195E-03     -0.15931804E-03     -0.26224693E-03     -0.44288699E-03
    3530     -0.15832229E-03     -0.15931804E-03     -0.26229849E-03     -0.44288699E-03
    3531     -0.15832265E-03     -0.15931804E-03     -0.26234465E-03     -0.44288699E-03
    3532     -0.15832305E-03     -0.15931804E-03     -0.26239567E-03     -0.44288699E-03
    3533     -0.15832347E-03     -0.15931804E-03     -0.26245194E-03     -0.44288699E-03
    3534     -0.15832378E-03     -0.15931804E-03     -0.26248811E-03     -0.44288699E-03
    3535     -0.15832425E-03     -0.15931804E-03     -0.26254587E-03     -0.44288699E-03
    3536     -0.15832462E-03     -0.15931804E-03     -0.26258815E-03     -0.44288699E-03
    3537     -0.15832493E-03     -0.15931804E-03     -0.26264029E-03     -0.44288699E-03
    3538     -0.15832547E-03     -0.15931804E-03     -0.26269356E-03     -0.44288699E-03
    3539     -0.15832587E-03     -0.15931804E-03     -0.26274499E-03     -0.44288699E-03
    3540     -0.15832620E-03     -0.15931804E-03     -0.26278832E-03     -0.44288699E-03
    3541     -0.15832660E-03     -0.15931804E-03     -0.26285101E-03     -0.44288699E-03
    3542     -0.15832693E-03     -0.15931804E-03     -0.26291696E-03     -0.44288699E-03
    3543     -0.15832727E-03     -0.15931804E-03     -0.26296429E-03     -0.44288699E-03
    3544     -0.15832782E-03     -0.15931804E-03     -0.26303327E-03     -0.44288699E-03
    3545     -0.15832815E-03     -0.15931804E-03     -0.26307666E-03     -0.44288699E-03
    3546     -0.15832849E-03     -0.15931804E-03     -0.26311891E-03     -0.44288699E-03
    3547     -0.15832895E-03     -0.15931804E-03     -0.26317685E-03     -0.44288699E-03
    3548     -0.15832925E-03     -0.15931804E-03     -0.26321329E-03     -0.44288699E-03
    3549     -0.15832957E-03     -0.15931804E-03     -0.26325742E-03     -0.44288699E-03
    3550     -0.15832985E-03     -0.15931804E-03     -0.26330355E-03     -0.44288699E-03
    3551     -0.15833009E-03     -0.15931804E-03     -0.26333956E-03     -0.44288699E-03
    3552     -0.15833038E-03     -0.15931804E-03     -0.26337466E-03     -0.44288699E-03
    3553     -0.15833069E-03     -0.15931804E-03     -0.26342075E-03     -0.44288699E-03
    3554     -0.15833103E-03     -0.15931804E-03     -0.26346649E-03     -0.44288699E-03
    3555     -0.15833130E-03     -0.15931804E-03     -0.26350872E-03     -0.44288699E-03
    3556     -0.15833155E-03     -0.15931804E-03     -0.26354851E-03     -0.44288699E-03
    3557     -0.15833187E-03     -0.15931804E-03     -0.26359107E-03     -0.44288699E-03
    3558     -0.15833213E-03     -0.15931804E-03     -0.26362739E-03     -0.44288699E-03
    3559     -0.15833242E-03     -0.15931804E-03     -0.26366639E-03     -0.44288699E-03
    3560     -0.15833271E-03     -0.15931804E-03     -0.26370000E-03     -0.44288699E-03
    3561     -0.15833298E-03     -0.15931804E-03     -0.26373880E-03     -0.44288699E-03
    3562     -0.15833324E-03     -0.15931804E-03     -0.26377163E-03     -0.44288699E-03
    3563     -0.15833350E-03     -0.15931804E-03     -0.26380621E-03     -0.44288699E-03
    3564     -0.15833375E-03     -0.15931804E-03     -0.26384712E-03     -0.44288699E-03
    3565     -0.15833406E-03     -0.15931804E-03     -0.26388630E-03     -0.44288699E-03
    3566     -0.15833431E-03     -0.15931804E-03     -0.26392422E-03     -0.44288699E-03
    3567     -0.15833451E-03     -0.15931804E-03     -0.26395855E-03     -0.44288699E-03
    3568     -0.15833480E-03     -0.15931804E-03     -0.26399943E-03     -0.44288699E-03
    3569     -0.15833507E-03     -0.15931804E-03     -0.26404109E-03     -0.44288699E-03
    3570     -0.15833531E-03     -0.15931804E-03     -0.26407601E-03     -0.44288699E-03
    3571     -0.15833555E-03     -0.15931804E-03     -0.26411054E-03     -0.44288699E-03
    3572     -0.15833582E-03     -0.15931804E-03     -0.26414443E-03     -0.44288699E-03
    3573     -0.15833607E-03     -0.15931804E-03     -0.26418779E-03     -0.44288699E-03
    3574     -0.15833641E-03     -0.15931804E-03     -0.26425244E-03     -0.44288699E-03
    3575     -0.15833671E-03     -0.15931804E-03     -0.26429843E-03     -0.44288699E-03
    3576     -0.15833700E-03     -0.15931804E-03     -0.26434507E-03     -0.44288699E-03
    3577     -0.15833725E-03     -0.15931804E-03     -0.26439036E-03     -0.44288699E-03
    3578     -0.15833755E-03     -0.15931804E-03     -0.26443633E-03     -0.44288699E-03
    3579     -0.15833788E-03     -0.15931804E-03     -0.26447135E-03     -0.44288699E-03
    3580     -0.15833821E-03     -0.15931804E-03     -0.26451254E-03     -0.44288699E-03
    3581     -0.15833853E-03     -0.15931804E-03     -0.26455848E-03     -0.44288699E-03
    3582     -0.15833875E-03     -0.15931804E-03     -0.26459940E-03     -0.44288699E-03
    3583     -0.15833905E-03     -0.15931804E-03     -0.26466177E-03     -0.44288699E-03
    3584     -0.15833938E-03     -0.15931804E-03     -0.26470734E-03     -0.44288699E-03
    3585     -0.15833963E-03     -0.15931804E-03     -0.26474236E-03     -0.44288699E-03
    3586     -0.15833994E-03     -0.15931804E-03     -0.26478460E-03     -0.44288699E-03
    3587     -0.15834025E-03     -0.15931804E-03     -0.26482498E-03     -0.44288699E-03
    3588     -0.15834052E-03     -0.15931804E-03     -0.26485974E-03     -0.44288699E-03
    3589     -0.15834075E-03     -0.15931804E-03     -0.26489876E-03     -0.44288699E-03
    3590     -0.15834107E-03     -0.15931804E-03     -0.26494190E-03     -0.44288699E-03
    3591     -0.15834136E-03     -0.15931804E-03     -0.26497692E-03     -0.44288699E-03
    3592     -0.15834164E-03     -0.15931804E-03     -0.26501871E-03     -0.44288699E-03
    3593     -0.15834196E-03     -0.15931804E-03     -0.26506115E-03     -0.44288699E-03
    3594     -0.15834230E-03     -0.15931804E-03     -0.26510542E-03     -0.44288699E-03
    3595     -0.15834251E-03     -0.15931804E-03     -0.26514457E-03     -0.44288699E-03
    3596     -0.15834274E-03     -0.15931804E-03     -0.26518290E-03     -0.44288699E-03
    3597     -0.15834298E-03     -0.15931804E-03     -0.26521923E-03     -0.44288699E-03
    3598     -0.15834321E-03     -0.15931804E-03     -0.26526183E-03     -0.44288699E-03
    3599     -0.15834352E-03     -0.15931804E-03     -0.26529862E-03     -0.44288699E-03
    3600     -0.15834381E-03     -0.15931804E-03     -0.26533676E-03     -0.44288699E-03
    3601     -0.15834404E-03     -0.15931804E-03     -0.26536835E-03     -0.44288699E-03
    3602     -0.15834428E-03     -0.15931804E-03     -0.26540559E-03     -0.44288699E-03
    3603     -0.15834451E-03     -0.15931804E-03     -0.26544091E-03     -0.44288699E-03
    3604     -0.15834479E-03     -0.15931804E-03     -0.26548568E-03     -0.44288699E-03
    3605     -0.15834510E-03     -0.15931804E-03     -0.26553083E-03     -0.44288699E-03
    3606     -0.15834537E-03     -0.15931804E-03     -0.26557265E-03     -0.44288699E-03
    3607     -0.15834566E-03     -0.15931804E-03     -0.26561656E-03     -0.44288699E-03
    3608     -0.15834594E-03     -0.15931804E-03     -0.26565752E-03     -0.44288699E-03
    3609     -0.15834623E-03     -0.15931804E-03     -0.26570382E-03     -0.44288699E-03
    3610     -0.15834652E-03     -0.15931804E-03     -0.26574479E-03     -0.44288699E-03
    3611     -0.15834683E-03     -0.15931804E-03     -0.26578692E-03     -0.44288699E-03
    3612     -0.15834709E-03     -0.15931804E-03     -0.26582384E-03     -0.44288699E-03
    3613     -0.15834734E-03     -0.15931804E-03     -0.26585719E-03     -0.44288699E-03
    3614     -0.15834764E-03     -0.15931804E-03     -0.26590072E-03     -0.44288699E-03
    3615     -0.15834796E-03     -0.15931804E-03     -0.26593929E-03     -0.44288699E-03
    3616     -0.15834823E-03     -0.15931804E-03     -0.26597083E-03     -0.44288699E-03
    3617     -0.15834853E-03     -0.15931804E-03     -0.26601415E-03     -0.44288699E-03
    3618     -0.15834881E-03     -0.15931804E-03     -0.26605580E-03     -0.44288699E-03
    3619     -0.15834911E-03     -0.15931804E-03     -0.26609940E-03     -0.44288699E-03
    3620     -0.15834947E-03     -0.15931804E-03     -0.26615008E-03     -0.44288699E-03
    3621     -0.15834975E-03     -0.15931804E-03     -0.26619335E-03     -0.44288699E-03
    3622     -0.15835000E-03     -0.15931804E-03     -0.26622789E-03     -0.44288699E-03
    3623     -0.15835022E-03     -0.15931804E-03     -0.26626500E-03     -0.44288699E-03
    3624     -0.15835051E-03     -0.15931804E-03     -0.26631485E-03     -0.44288699E-03
    3625     -0.15835084E-03     -0.15931804E-03     -0.26635670E-03     -0.44288699E-03
    3626     -0.15835112E-03     -0.15931804E-03     -0.26639765E-03     -0.44288699E-03
    3627     -0.15835142E-03     -0.15931804E-03     -0.26644222E-03     -0.44288699E-03
    3628     -0.15835170E-03     -0.15931804E-03     -0.26647932E-03     -0.44288699E-03
    3629     -0.15835189E-03     -0.15931804E-03     -0.26651358E-03     -0.44288699E-03
    3630     -0.15835214E-03     -0.15931804E-03     -0.26655384E-03     -0.44288699E-03
    3631     -0.15835243E-03     -0.15931804E-03     -0.26659283E-03     -0.44288699E-03
    3632     -0.15835270E-03     -0.15931804E-03     -0.26663764E-03     -0.44288699E-03
    3633     -0.15835297E-03     -0.15931804E-03     -0.26667992E-03     -0.44288699E-03
    3634     -0.15835325E-03     -0.15931804E-03     -0.26672456E-03     -0.44288699E-03
    3635     -0.15835345E-03     -0.15931804E-03     -0.26675657E-03     -0.44288699E-03
    3636     -0.15835369E-03     -0.15931804E-03     -0.26680409E-03     -0.44288699E-03
    3637     -0.15835409E-03     -0.15931804E-03     -0.26685779E-03     -0.44288699E-03
    3638     -0.15835445E-03     -0.15931804E-03     -0.26691558E-03     -0.44288699E-03
    3639     -0.15835484E-03     -0.15931804E-03     -0.26697705E-03     -0.44288699E-03
    3640     -0.15835513E-03     -0.15931804E-03     -0.26702021E-03     -0.44288699E-03
    3641     -0.15835536E-03     -0.15931804E-03     -0.26706097E-03     -0.44288699E-03
    3642     -0.15835564E-03     -0.15931804E-03     -0.26709583E-03     -0.44288699E-03
    3643     -0.15835592E-03     -0.15931804E-03     -0.26714317E-03     -0.44288699E-03
    3644     -0.15835617E-03     -0.15931804E-03     -0.26718254E-03     -0.44288699E-03
    3645     -0.15835645E-03     -0.15931804E-03     -0.26722172E-03     -0.44288699E-03
    3646     -0.15835676E-03     -0.15931804E-03     -0.26726088E-03     -0.44288699E-03
    3647     -0.15835698E-03     -0.15931804E-03     -0.26729667E-03     -0.44288699E-03
    3648     -0.15835722E-03     -0.15931804E-03     -0.26733938E-03     -0.44288699E-03
    3649     -0.15835743E-03     -0.15931804E-03     -0.26737199E-03     -0.44288699E-03
    3650     -0.15835768E-03     -0.15931804E-03     -0.26741332E-03     -0.44288699E-03
    3651     -0.15835798E-03     -0.15931804E-03     -0.26745298E-03     -0.44288699E-03
    3652     -0.15835820E-03     -0.15931804E-03     -0.26748728E-03     -0.44288699E-03
    3653     -0.15835840E-03     -0.15931804E-03     -0.26751616E-03     -0.44288699E-03
    3654     -0.15835862E-03     -0.15931804E-03     -0.26755801E-03     -0.44288699E-03
    3655     -0.15835888E-03     -0.15931804E-03     -0.26759569E-03     -0.44288699E-03
    3656     -0.15835908E-03     -0.15931804E-03     -0.26763263E-03     -0.44288699E-03
    3657     -0.15835932E-03     -0.15931804E-03     -0.26767534E-03     -0.44288699E-03
    3658     -0.15835952E-03     -0.15931804E-03     -0.26771483E-03     -0.44288699E-03
    3659     -0.15835974E-03     -0.15931804E-03     -0.26774890E-03     -0.44288699E-03
    3660     -0.15836000E-03     -0.15931804E-03     -0.26778463E-03     -0.44288699E-03
    3661     -0.15836029E-03     -0.15931804E-03     -0.26782931E-03     -0.44288699E-03
    3662     -0.15836052E-03     -0.15931804E-03     -0.26787552E-03     -0.44288699E-03
    3663     -0.15836079E-03     -0.15931804E-03     -0.26792066E-03     -0.44288699E-03
    3664     -0.15836101E-03     -0.15931804E-03     -0.26796953E-03     -0.44288699E-03
    3665     -0.15836127E-03     -0.15931804E-03     -0.26801097E-03     -0.44288699E-03
    3666     -0.15836152E-03     -0.15931804E-03     -0.26806444E-03     -0.44288699E-03
    3667     -0.15836176E-03     -0.15931804E-03     -0.26811084E-03     -0.44288699E-03
    3668     -0.15836198E-03     -0.15931804E-03     -0.26815192E-03     -0.44288699E-03
    3669     -0.15836218E-03     -0.15931804E-03     -0.26819198E-03     -0.44288699E-03
    3670     -0.15836239E-03     -0.15931804E-03     -0.26823496E-03     -0.44288699E-03
    3671     -0.15836262E-03     -0.15931804E-03     -0.26827932E-03     -0.44288699E-03
    3672     -0.15836286E-03     -0.15931804E-03     -0.26831631E-03     -0.44288699E-03
    3673     -0.15836310E-03     -0.15931804E-03     -0.26835080E-03     -0.44288699E-03
    3674     -0.15836331E-03     -0.15931804E-03     -0.26838759E-03     -0.44288699E-03
    3675     -0.15836353E-03     -0.15931804E-03     -0.26843108E-03     -0.44288699E-03
    3676     -0.15836371E-03     -0.15931804E-03     -0.26846882E-03     -0.44288699E-03
    3677     -0.15836390E-03     -0.15931804E-03     -0.26850156E-03     -0.44288699E-03
    3678     -0.15836411E-03     -0.15931804E-03     -0.26854328E-03     -0.44288699E-03
    3679     -0.15836434E-03     -0.15931804E-03     -0.26858281E-03     -0.44288699E-03
    3680     -0.15836454E-03     -0.15931804E-03     -0.26861757E-03     -0.44288699E-03
    3681     -0.15836477E-03     -0.15931804E-03     -0.26865101E-03     -0.44288699E-03
    3682     -0.15836497E-03     -0.15931804E-03     -0.26868099E-03     -0.44288699E-03
    3683     -0.15836513E-03     -0.15931804E-03     -0.26871463E-03     -0.44288699E-03
    3684     -0.15836532E-03     -0.15931804E-03     -0.26874893E-03     -0.44288699E-03
    3685     -0.15836551E-03     -0.15931804E-03     -0.26878192E-03     -0.44288699E-03
    3686     -0.15836567E-03     -0.15931804E-03     -0.26881917E-03     -0.44288699E-03
    3687     -0.15836596E-03     -0.15931804E-03     -0.26887461E-03     -0.44288699E-03
    3688     -0.15836613E-03     -0.15931804E-03     -0.26891082E-03     -0.44288699E-03
    3689     -0.15836631E-03     -0.15931804E-03     -0.26894211E-03     -0.44288699E-03
    3690     -0.15836647E-03     -0.15931804E-03     -0.26898212E-03     -0.44288699E-03
    3691     -0.15836669E-03     -0.15931804E-03     -0.26902102E-03     -0.44288699E-03
    3692     -0.15836701E-03     -0.15931804E-03     -0.26907322E-03     -0.44288699E-03
    3693     -0.15836727E-03     -0.15931804E-03     -0.26910760E-03     -0.44288699E-03
    3694     -0.15836757E-03     -0.15931804E-03     -0.26916538E-03     -0.44288699E-03
    3695     -0.15836778E-03     -0.15931804E-03     -0.26920631E-03     -0.44288699E-03
    3696     -0.15836795E-03     -0.15931804E-03     -0.26926044E-03     -0.44288699E-03
    3697     -0.15836821E-03     -0.15931804E-03     -0.26930742E-03     -0.44288699E-03
    3698     -0.15836837E-03     -0.15931804E-03     -0.26935571E-03     -0.44288699E-03
    3699     -0.15836862E-03     -0.15931804E-03     -0.26940353E-03     -0.44288699E-03
    3700     -0.15836879E-03     -0.15931804E-03     -0.26945398E-03     -0.44288699E-03
    3701     -0.15836902E-03     -0.15931804E-03     -0.26949501E-03     -0.44288699E-03
    3702     -0.15836921E-03     -0.15931804E-03     -0.26954309E-03     -0.44288699E-03
    3703     -0.15836943E-03     -0.15931804E-03     -0.26958809E-03     -0.44288699E-03
    3704     -0.15836965E-03     -0.15931804E-03     -0.26963436E-03     -0.44288699E-03
    3705     -0.15836991E-03     -0.15931804E-03     -0.26967282E-03     -0.44288699E-03
    3706     -0.15837008E-03     -0.15931804E-03     -0.26970837E-03     -0.44288699E-03
    3707     -0.15837031E-03     -0.15931804E-03     -0.26975710E-03     -0.44288699E-03
    3708     -0.15837050E-03     -0.15931804E-03     -0.26979914E-03     -0.44288699E-03
    3709     -0.15837072E-03     -0.15931804E-03     -0.26983512E-03     -0.44288699E-03
    3710     -0.15837096E-03     -0.15931804E-03     -0.26988524E-03     -0.44288699E-03
    3711     -0.15837122E-03     -0.15931804E-03     -0.26992259E-03     -0.44288699E-03
    3712     -0.15837143E-03     -0.15931804E-03     -0.26996423E-03     -0.44288699E-03
    3713     -0.15837159E-03     -0.15931804E-03     -0.27000670E-03     -0.44288699E-03
    3714     -0.15837179E-03     -0.15931804E-03     -0.27003855E-03     -0.44288699E-03
    3715     -0.15837201E-03     -0.15931804E-03     -0.27007239E-03     -0.44288699E-03
    3716     -0.15837220E-03     -0.15931804E-03     -0.27010412E-03     -0.44288699E-03
    3717     -0.15837237E-03     -0.15931804E-03     -0.27014224E-03     -0.44288699E-03
    3718     -0.15837261E-03     -0.15931804E-03     -0.27018110E-03     -0.44288699E-03
    3719     -0.15837284E-03     -0.15931804E-03     -0.27021701E-03     -0.44288699E-03
    3720     -0.15837303E-03     -0.15931804E-03     -0.27025297E-03     -0.44288699E-03
    3721     -0.15837326E-03     -0.15931804E-03     -0.27028954E-03     -0.44288699E-03
    3722     -0.15837344E-03     -0.15931804E-03     -0.27032438E-03     -0.44288699E-03
    3723     -0.15837369E-03     -0.15931804E-03     -0.27036212E-03     -0.44288699E-03
    3724     -0.15837391E-03     -0.15931804E-03     -0.27039729E-03     -0.44288699E-03
    3725     -0.15837415E-03     -0.15931804E-03     -0.27043206E-03     -0.44288699E-03
    3726     -0.15837436E-03     -0.15931804E-03     -0.27046505E-03     -0.44288699E-03
    3727     -0.15837462E-03     -0.15931804E-03     -0.27050579E-03     -0.44288699E-03
    3728     -0.15837488E-03     -0.15931804E-03     -0.27053976E-03     -0.44288699E-03
    3729     -0.15837511E-03     -0.15931804E-03     -0.27057575E-03     -0.44288699E-03
    3730     -0.15837534E-03     -0.15931804E-03     -0.27061203E-03     -0.44288699E-03
    3731     -0.15837553E-03     -0.15931804E-03     -0.27064638E-03     -0.44288699E-03
    3732     -0.15837577E-03     -0.15931804E-03     -0.27067853E-03     -0.44288699E-03
    3733     -0.15837600E-03     -0.15931804E-03     -0.27071363E-03     -0.44288699E-03
    3734     -0.15837630E-03     -0.15931804E-03     -0.27075702E-03     -0.44288699E-03
    3735     -0.15837662E-03     -0.15931804E-03     -0.27079707E-03     -0.44288699E-03
    3736     -0.15837682E-03     -0.15931804E-03     -0.27083020E-03     -0.44288699E-03
    3737     -0.15837706E-03     -0.15931804E-03     -0.27086513E-03     -0.44288699E-03
    3738     -0.15837726E-03     -0.15931804E-03     -0.27089565E-03     -0.44288699E-03
    3739     -0.15837744E-03     -0.15931804E-03     -0.27092927E-03     -0.44288699E-03
    3740     -0.15837765E-03     -0.15931804E-03     -0.27096718E-03     -0.44288699E-03
    3741     -0.15837785E-03     -0.15931804E-03     -0.27100029E-03     -0.44288699E-03
    3742     -0.15837812E-03     -0.15931804E-03     -0.27103727E-03     -0.44288699E-03
    3743     -0.15837830E-03     -0.15931804E-03     -0.27107049E-03     -0.44288699E-03
    3744     -0.15837850E-03     -0.15931804E-03     -0.27110520E-03     -0.44288699E-03
    3745     -0.15837870E-03     -0.15931804E-03     -0.27113991E-03     -0.44288699E-03
    3746     -0.15837900E-03     -0.15931804E-03     -0.27117920E-03     -0.44288699E-03
    3747     -0.15837921E-03     -0.15931804E-03     -0.27121185E-03     -0.44288699E-03
    3748     -0.15837943E-03     -0.15931804E-03     -0.27124694E-03     -0.44288699E-03
    3749     -0.15837969E-03     -0.15931804E-03     -0.27128347E-03     -0.44288699E-03
    3750     -0.15837996E-03     -0.15931804E-03     -0.27132056E-03     -0.44288699E-03
    3751     -0.15838018E-03     -0.15931804E-03     -0.27136245E-03     -0.44288699E-03
    3752     -0.15838049E-03     -0.15931804E-03     -0.27141164E-03     -0.44288699E-03
    3753     -0.15838075E-03     -0.15931804E-03     -0.27144895E-03     -0.44288699E-03
    3754     -0.15838097E-03     -0.15931804E-03     -0.27148912E-03     -0.44288699E-03
    3755     -0.15838121E-03     -0.15931804E-03     -0.27152439E-03     -0.44288699E-03
    3756     -0.15838147E-03     -0.15931804E-03     -0.27156351E-03     -0.44288699E-03
    3757     -0.15838174E-03     -0.15931804E-03     -0.27160331E-03     -0.44288699E-03
    3758     -0.15838197E-03     -0.15931804E-03     -0.27164286E-03     -0.44288699E-03
    3759     -0.15838223E-03     -0.15931804E-03     -0.27168338E-03     -0.44288699E-03
    3760     -0.15838246E-03     -0.15931804E-03     -0.27171682E-03     -0.44288699E-03
    3761     -0.15838270E-03     -0.15931804E-03     -0.27175868E-03     -0.44288699E-03
    3762     -0.15838293E-03     -0.15931804E-03     -0.27180228E-03     -0.44288699E-03
    3763     -0.15838321E-03     -0.15931804E-03     -0.27184392E-03     -0.44288699E-03
    3764     -0.15838342E-03     -0.15931804E-03     -0.27187857E-03     -0.44288699E-03
    3765     -0.15838366E-03     -0.15931804E-03     -0.27191846E-03     -0.44288699E-03
    3766     -0.15838385E-03     -0.15931804E-03     -0.27195504E-03     -0.44288699E-03
    3767     -0.15838414E-03     -0.15931804E-03     -0.27200219E-03     -0.44288699E-03
    3768     -0.15838440E-03     -0.15931804E-03     -0.27204490E-03     -0.44288699E-03
    3769     -0.15838465E-03     -0.15931804E-03     -0.27208649E-03     -0.44288699E-03
    3770     -0.15838483E-03     -0.15931804E-03     -0.27211826E-03     -0.44288699E-03
    3771     -0.15838504E-03     -0.15931804E-03     -0.27215548E-03     -0.44288699E-03
    3772     -0.15838526E-03     -0.15931804E-03     -0.27219616E-03     -0.44288699E-03
    3773     -0.15838556E-03     -0.15931804E-03     -0.27224958E-03     -0.44288699E-03
    3774     -0.15838581E-03     -0.15931804E-03     -0.27228933E-03     -0.44288699E-03
    3775     -0.15838610E-03     -0.15931804E-03     -0.27233994E-03     -0.44288699E-03
    3776     -0.15838634E-03     -0.15931804E-03     -0.27239257E-03     -0.44288699E-03
    3777     -0.15838657E-03     -0.15931804E-03     -0.27243513E-03     -0.44288699E-03
    3778     -0.15838684E-03     -0.15931804E-03     -0.27247817E-03     -0.44288699E-03
    3779     -0.15838710E-03     -0.15931804E-03     -0.27252127E-03     -0.44288699E-03
    3780     -0.15838732E-03     -0.15931804E-03     -0.27256534E-03     -0.44288699E-03
    3781     -0.15838757E-03     -0.15931804E-03     -0.27261318E-03     -0.44288699E-03
    3782     -0.15838774E-03     -0.15931804E-03     -0.27265742E-03     -0.44288699E-03
    3783     -0.15838798E-03     -0.15931804E-03     -0.27270477E-03     -0.44288699E-03
    3784     -0.15838820E-03     -0.15931804E-03     -0.27274105E-03     -0.44288699E-03
    3785     -0.15838842E-03     -0.15931804E-03     -0.27281081E-03     -0.44288699E-03
    3786     -0.15838867E-03     -0.15931804E-03     -0.27287534E-03     -0.44288699E-03
    3787     -0.15838892E-03     -0.15931804E-03     -0.27291296E-03     -0.44288699E-03
    3788     -0.15838914E-03     -0.15931804E-03     -0.27295793E-03     -0.44288699E-03
    3789     -0.15838936E-03     -0.15931804E-03     -0.27299734E-03     -0.44288699E-03
    3790     -0.15838957E-03     -0.15931804E-03     -0.27303972E-03     -0.44288699E-03
    3791     -0.15838984E-03     -0.15931804E-03     -0.27310881E-03     -0.44288699E-03
    3792     -0.15839007E-03     -0.15931804E-03     -0.27317694E-03     -0.44288699E-03
    3793     -0.15839032E-03     -0.15931804E-03     -0.27321823E-03     -0.44288699E-03
    3794     -0.15839063E-03     -0.15931804E-03     -0.27326132E-03     -0.44288699E-03
    3795     -0.15839094E-03     -0.15931804E-03     -0.27330261E-03     -0.44288699E-03
    3796     -0.15839121E-03     -0.15931804E-03     -0.27334055E-03     -0.44288699E-03
    3797     -0.15839140E-03     -0.15931804E-03     -0.27337227E-03     -0.44288699E-03
    3798     -0.15839166E-03     -0.15931804E-03     -0.27340748E-03     -0.44288699E-03
    3799     -0.15839192E-03     -0.15931804E-03     -0.27345317E-03     -0.44288699E-03
    3800     -0.15839216E-03     -0.15931804E-03     -0.27349994E-03     -0.44288699E-03
    3801     -0.15839242E-03     -0.15931804E-03     -0.27353972E-03     -0.44288699E-03
    3802     -0.15839265E-03     -0.15931804E-03     -0.27357805E-03     -0.44288699E-03
    3803     -0.15839287E-03     -0.15931804E-03     -0.27362227E-03     -0.44288699E-03
    3804     -0.15839311E-03     -0.15931804E-03     -0.27365998E-03     -0.44288699E-03
    3805     -0.15839332E-03     -0.15931804E-03     -0.27370414E-03     -0.44288699E-03
    3806     -0.15839351E-03     -0.15931804E-03     -0.27373719E-03     -0.44288699E-03
    3807     -0.15839370E-03     -0.15931804E-03     -0.27377306E-03     -0.44288699E-03
    3808     -0.15839393E-03     -0.15931804E-03     -0.27381687E-03     -0.44288699E-03
    3809     -0.15839414E-03     -0.15931804E-03     -0.27387236E-03     -0.44288699E-03
    3810     -0.15839435E-03     -0.15931804E-03     -0.27390553E-03     -0.44288699E-03
    3811     -0.15839455E-03     -0.15931804E-03     -0.27394468E-03     -0.44288699E-03
    3812     -0.15839480E-03     -0.15931804E-03     -0.27398789E-03     -0.44288699E-03
    3813     -0.15839502E-03     -0.15931804E-03     -0.27403005E-03     -0.44288699E-03
    3814     -0.15839522E-03     -0.15931804E-03     -0.27408382E-03     -0.44288699E-03
    3815     -0.15839543E-03     -0.15931804E-03     -0.27413658E-03     -0.44288699E-03
    3816     -0.15839570E-03     -0.15931804E-03     -0.27417796E-03     -0.44288699E-03
    3817     -0.15839592E-03     -0.15931804E-03     -0.27423046E-03     -0.44288699E-03
    3818     -0.15839617E-03     -0.15931804E-03     -0.27427386E-03     -0.44288699E-03
    3819     -0.15839639E-03     -0.15931804E-03     -0.27431603E-03     -0.44288699E-03
    3820     -0.15839666E-03     -0.15931804E-03     -0.27436499E-03     -0.44288699E-03
    3821     -0.15839690E-03     -0.15931804E-03     -0.27441026E-03     -0.44288699E-03
    3822     -0.15839716E-03     -0.15931804E-03     -0.27444857E-03     -0.44288699E-03
    3823     -0.15839744E-03     -0.15931804E-03     -0.27450334E-03     -0.44288699E-03
    3824     -0.15839768E-03     -0.15931804E-03     -0.27453622E-03     -0.44288699E-03
    3825     -0.15839792E-03     -0.15931804E-03     -0.27457663E-03     -0.44288699E-03
    3826     -0.15839812E-03     -0.15931804E-03     -0.27461124E-03     -0.44288699E-03
    3827     -0.15839830E-03     -0.15931804E-03     -0.27464747E-03     -0.44288699E-03
    3828     -0.15839852E-03     -0.15931804E-03     -0.27468768E-03     -0.44288699E-03
    3829     -0.15839876E-03     -0.15931804E-03     -0.27473197E-03     -0.44288699E-03
    3830     -0.15839897E-03     -0.15931804E-03     -0.27476765E-03     -0.44288699E-03
    3831     -0.15839918E-03     -0.15931804E-03     -0.27480886E-03     -0.44288699E-03
    3832     -0.15839944E-03     -0.15931804E-03     -0.27485229E-03     -0.44288699E-03
    3833     -0.15839965E-03     -0.15931804E-03     -0.27488870E-03     -0.44288699E-03
    3834     -0.15839989E-03     -0.15931804E-03     -0.27493073E-03     -0.44288699E-03
    3835     -0.15840013E-03     -0.15931804E-03     -0.27497134E-03     -0.44288699E-03
    3836     -0.15840034E-03     -0.15931804E-03     -0.27500432E-03     -0.44288699E-03
    3837     -0.15840054E-03     -0.15931804E-03     -0.27503665E-03     -0.44288699E-03
    3838     -0.15840076E-03     -0.15931804E-03     -0.27507311E-03     -0.44288699E-03
    3839     -0.15840101E-03     -0.15931804E-03     -0.27511103E-03     -0.44288699E-03
    3840     -0.15840121E-03     -0.15931804E-03     -0.27515333E-03     -0.44288699E-03
    3841     -0.15840142E-03     -0.15931804E-03     -0.27519186E-03     -0.44288699E-03
    3842     -0.15840160E-03     -0.15931804E-03     -0.27522185E-03     -0.44288699E-03
    3843     -0.15840180E-03     -0.15931804E-03     -0.27525621E-03     -0.44288699E-03
    3844     -0.15840201E-03     -0.15931804E-03     -0.27529507E-03     -0.44288699E-03
    3845     -0.15840220E-03     -0.15931804E-03     -0.27532555E-03     -0.44288699E-03
    3846     -0.15840245E-03     -0.15931804E-03     -0.27536846E-03     -0.44288699E-03
    3847     -0.15840269E-03     -0.15931804E-03     -0.27541016E-03     -0.44288699E-03
    3848     -0.15840289E-03     -0.15931804E-03     -0.27544856E-03     -0.44288699E-03
    3849     -0.15840310E-03     -0.15931804E-03     -0.27548231E-03     -0.44288699E-03
    3850     -0.15840327E-03     -0.15931804E-03     -0.27551505E-03     -0.44288699E-03
    3851     -0.15840348E-03     -0.15931804E-03     -0.27554770E-03     -0.44288699E-03
    3852     -0.15840369E-03     -0.15931804E-03     -0.27558465E-03     -0.44288699E-03
    3853     -0.15840396E-03     -0.15931804E-03     -0.27562718E-03     -0.44288699E-03
    3854     -0.15840416E-03     -0.15931804E-03     -0.27566453E-03     -0.44288699E-03
    3855     -0.15840439E-03     -0.15931804E-03     -0.27570681E-03     -0.44288699E-03
    3856     -0.15840465E-03     -0.15931804E-03     -0.27574987E-03     -0.44288699E-03
    3857     -0.15840489E-03     -0.15931804E-03     -0.27578623E-03     -0.44288699E-03
    3858     -0.15840513E-03     -0.15931804E-03     -0.27583550E-03     -0.44288699E-03
    3859     -0.15840541E-03     -0.15931804E-03     -0.27587739E-03     -0.44288699E-03
    3860     -0.15840564E-03     -0.15931804E-03     -0.27592231E-03     -0.44288699E-03
    3861     -0.15840588E-03     -0.15931804E-03     -0.27596350E-03     -0.44288699E-03
    3862     -0.15840609E-03     -0.15931804E-03     -0.27600146E-03     -0.44288699E-03
    3863     -0.15840633E-03     -0.15931804E-03     -0.27605028E-03     -0.44288699E-03
    3864     -0.15840655E-03     -0.15931804E-03     -0.27609001E-03     -0.44288699E-03
    3865     -0.15840681E-03     -0.15931804E-03     -0.27613152E-03     -0.44288699E-03
    3866     -0.15840705E-03     -0.15931804E-03     -0.27618124E-03     -0.44288699E-03
    3867     -0.15840724E-03     -0.15931804E-03     -0.27622664E-03     -0.44288699E-03
    3868     -0.15840750E-03     -0.15931804E-03     -0.27626916E-03     -0.44288699E-03
    3869     -0.15840777E-03     -0.15931804E-03     -0.27631496E-03     -0.44288699E-03
    3870     -0.15840801E-03     -0.15931804E-03     -0.27635397E-03     -0.44288699E-03
    3871     -0.15840826E-03     -0.15931804E-03     -0.27639178E-03     -0.44288699E-03
    3872     -0.15840847E-03     -0.15931804E-03     -0.27643328E-03     -0.44288699E-03
    3873     -0.15840874E-03     -0.15931804E-03     -0.27647736E-03     -0.44288699E-03
    3874     -0.15840896E-03     -0.15931804E-03     -0.27651287E-03     -0.44288699E-03
    3875     -0.15840923E-03     -0.15931804E-03     -0.27655961E-03     -0.44288699E-03
    3876     -0.15840948E-03     -0.15931804E-03     -0.27660929E-03     -0.44288699E-03
    3877     -0.15840968E-03     -0.15931804E-03     -0.27664808E-03     -0.44288699E-03
    3878     -0.15840988E-03     -0.15931804E-03     -0.27669416E-03     -0.44288699E-03
    3879     -0.15841014E-03     -0.15931804E-03     -0.27673096E-03     -0.44288699E-03
    3880     -0.15841033E-03     -0.15931804E-03     -0.27678068E-03     -0.44288699E-03
    3881     -0.15841057E-03     -0.15931804E-03     -0.27682405E-03     -0.44288699E-03
    3882     -0.15841076E-03     -0.15931804E-03     -0.27686154E-03     -0.44288699E-03
    3883     -0.15841099E-03     -0.15931804E-03     -0.27690050E-03     -0.44288699E-03
    3884     -0.15841121E-03     -0.15931804E-03     -0.27694195E-03     -0.44288699E-03
    3885     -0.15841142E-03     -0.15931804E-03     -0.27698131E-03     -0.44288699E-03
    3886     -0.15841167E-03     -0.15931804E-03     -0.27702909E-03     -0.44288699E-03
    3887     -0.15841191E-03     -0.15931804E-03     -0.27707100E-03     -0.44288699E-03
    3888     -0.15841214E-03     -0.15931804E-03     -0.27711574E-03     -0.44288699E-03
    3889     -0.15841237E-03     -0.15931804E-03     -0.27715487E-03     -0.44288699E-03
    3890     -0.15841260E-03     -0.15931804E-03     -0.27719209E-03     -0.44288699E-03
    3891     -0.15841278E-03     -0.15931804E-03     -0.27722185E-03     -0.44288699E-03
    3892     -0.15841304E-03     -0.15931804E-03     -0.27726724E-03     -0.44288699E-03
    3893     -0.15841330E-03     -0.15931804E-03     -0.27731920E-03     -0.44288699E-03
    3894     -0.15841346E-03     -0.15931804E-03     -0.27735374E-03     -0.44288699E-03
    3895     -0.15841370E-03     -0.15931804E-03     -0.27739336E-03     -0.44288699E-03
    3896     -0.15841399E-03     -0.15931804E-03     -0.27744799E-03     -0.44288699E-03
    3897     -0.15841426E-03     -0.15931804E-03     -0.27749417E-03     -0.44288699E-03
    3898     -0.15841450E-03     -0.15931804E-03     -0.27754024E-03     -0.44288699E-03
    3899     -0.15841468E-03     -0.15931804E-03     -0.27758258E-03     -0.44288699E-03
    3900     -0.15841485E-03     -0.15931804E-03     -0.27762827E-03     -0.44288699E-03
    3901     -0.15841511E-03     -0.15931804E-03     -0.27766941E-03     -0.44288699E-03
    3902     -0.15841530E-03     -0.15931804E-03     -0.27770390E-03     -0.44288699E-03
    3903     -0.15841553E-03     -0.15931804E-03     -0.27774735E-03     -0.44288699E-03
    3904     -0.15841571E-03     -0.15931804E-03     -0.27777667E-03     -0.44288699E-03
    3905     -0.15841595E-03     -0.15931804E-03     -0.27782247E-03     -0.44288699E-03
    3906     -0.15841616E-03     -0.15931804E-03     -0.27785882E-03     -0.44288699E-03
    3907     -0.15841638E-03     -0.15931804E-03     -0.27790283E-03     -0.44288699E-03
    3908     -0.15841657E-03     -0.15931804E-03     -0.27794230E-03     -0.44288699E-03
    3909     -0.15841681E-03     -0.15931804E-03     -0.27798803E-03     -0.44288699E-03
    3910     -0.15841707E-03     -0.15931804E-03     -0.27802949E-03     -0.44288699E-03
    3911     -0.15841726E-03     -0.15931804E-03     -0.27806018E-03     -0.44288699E-03
    3912     -0.15841748E-03     -0.15931804E-03     -0.27810826E-03     -0.44288699E-03
    3913     -0.15841767E-03     -0.15931804E-03     -0.27814021E-03     -0.44288699E-03
    3914     -0.15841789E-03     -0.15931804E-03     -0.27817797E-03     -0.44288699E-03
    3915     -0.15841812E-03     -0.15931804E-03     -0.27822033E-03     -0.44288699E-03
    3916     -0.15841839E-03     -0.15931804E-03     -0.27826289E-03     -0.44288699E-03
    3917     -0.15841856E-03     -0.15931804E-03     -0.27829458E-03     -0.44288699E-03
    3918     -0.15841877E-03     -0.15931804E-03     -0.27834586E-03     -0.44288699E-03
    3919     -0.15841899E-03     -0.15931804E-03     -0.27839116E-03     -0.44288699E-03
    3920     -0.15841919E-03     -0.15931804E-03     -0.27843071E-03     -0.44288699E-03
    3921     -0.15841939E-03     -0.15931804E-03     -0.27846895E-03     -0.44288699E-03
    3922     -0.15841960E-03     -0.15931804E-03     -0.27850145E-03     -0.44288699E-03
    3923     -0.15841984E-03     -0.15931804E-03     -0.27854744E-03     -0.44288699E-03
    3924     -0.15842008E-03     -0.15931804E-03     -0.27859562E-03     -0.44288699E-03
    3925     -0.15842032E-03     -0.15931804E-03     -0.27864288E-03     -0.44288699E-03
    3926     -0.15842053E-03     -0.15931804E-03     -0.27868128E-03     -0.44288699E-03
    3927     -0.15842071E-03     -0.15931804E-03     -0.27872051E-03     -0.44288699E-03
    3928     -0.15842094E-03     -0.15931804E-03     -0.27875963E-03     -0.44288699E-03
    3929     -0.15842117E-03     -0.15931804E-03     -0.27879651E-03     -0.44288699E-03
    3930     -0.15842140E-03     -0.15931804E-03     -0.27884422E-03     -0.44288699E-03
    3931     -0.15842164E-03     -0.15931804E-03     -0.27888129E-03     -0.44288699E-03
    3932     -0.15842183E-03     -0.15931804E-03     -0.27891757E-03     -0.44288699E-03
    3933     -0.15842202E-03     -0.15931804E-03     -0.27895406E-03     -0.44288699E-03
    3934     -0.15842224E-03     -0.15931804E-03     -0.27898999E-03     -0.44288699E-03
    3935     -0.15842242E-03     -0.15931804E-03     -0.27902696E-03     -0.44288699E-03
    3936     -0.15842265E-03     -0.15931804E-03     -0.27906544E-03     -0.44288699E-03
    3937     -0.15842291E-03     -0.15931804E-03     -0.27912320E-03     -0.44288699E-03
    3938     -0.15842313E-03     -0.15931804E-03     -0.27916949E-03     -0.44288699E-03
    3939     -0.15842338E-03     -0.15931804E-03     -0.27920416E-03     -0.44288699E-03
    3940     -0.15842364E-03     -0.15931804E-03     -0.27924397E-03     -0.44288699E-03
    3941     -0.15842387E-03     -0.15931804E-03     -0.27929274E-03     -0.44288699E-03
    3942     -0.15842408E-03     -0.15931804E-03     -0.27932978E-03     -0.44288699E-03
    3943     -0.15842430E-03     -0.15931804E-03     -0.27936260E-03     -0.44288699E-03
    3944     -0.15842453E-03     -0.15931804E-03     -0.27940578E-03     -0.44288699E-03
    3945     -0.15842476E-03     -0.15931804E-03     -0.27944261E-03     -0.44288699E-03
    3946     -0.15842498E-03     -0.15931804E-03     -0.27948674E-03     -0.44288699E-03
    3947     -0.15842523E-03     -0.15931804E-03     -0.27955900E-03     -0.44288699E-03
    3948     -0.15842551E-03     -0.15931804E-03     -0.27960460E-03     -0.44288699E-03
    3949     -0.15842574E-03     -0.15931804E-03     -0.27963664E-03     -0.44288699E-03
    3950     -0.15842595E-03     -0.15931804E-03     -0.27967129E-03     -0.44288699E-03
    3951     -0.15842612E-03     -0.15931804E-03     -0.27970541E-03     -0.44288699E-03
    3952     -0.15842637E-03     -0.15931804E-03     -0.27974924E-03     -0.44288699E-03
    3953     -0.15842660E-03     -0.15931804E-03     -0.27979992E-03     -0.44288699E-03
    3954     -0.15842691E-03     -0.15931804E-03     -0.27985645E-03     -0.44288699E-03
    3955     -0.15842714E-03     -0.15931804E-03     -0.27989838E-03     -0.44288699E-03
    3956     -0.15842732E-03     -0.15931804E-03     -0.27993142E-03     -0.44288699E-03
    3957     -0.15842759E-03     -0.15931804E-03     -0.27998426E-03     -0.44288699E-03
    3958     -0.15842789E-03     -0.15931804E-03     -0.28004288E-03     -0.44288699E-03
    3959     -0.15842816E-03     -0.15931804E-03     -0.28007979E-03     -0.44288699E-03
    3960     -0.15842848E-03     -0.15931804E-03     -0.28012540E-03     -0.44288699E-03
    3961     -0.15842872E-03     -0.15931804E-03     -0.28017127E-03     -0.44288699E-03
    3962     -0.15842899E-03     -0.15931804E-03     -0.28021031E-03     -0.44288699E-03
    3963     -0.15842924E-03     -0.15931804E-03     -0.28024479E-03     -0.44288699E-03
    3964     -0.15842958E-03     -0.15931804E-03     -0.28028917E-03     -0.44288699E-03
    3965     -0.15842974E-03     -0.15931804E-03     -0.28031912E-03     -0.44288699E-03
    3966     -0.15843015E-03     -0.15931804E-03     -0.28037483E-03     -0.44288699E-03
    3967     -0.15843037E-03     -0.15931804E-03     -0.28041043E-03     -0.44288699E-03
    3968     -0.15843055E-03     -0.15931804E-03     -0.28044489E-03     -0.44288699E-03
    3969     -0.15843074E-03     -0.15931804E-03     -0.28049259E-03     -0.44288699E-03
    3970     -0.15843092E-03     -0.15931804E-03     -0.28053013E-03     -0.44288699E-03
    3971     -0.15843115E-03     -0.15931804E-03     -0.28058280E-03     -0.44288699E-03
    3972     -0.15843140E-03     -0.15931804E-03     -0.28062830E-03     -0.44288699E-03
    3973     -0.15843159E-03     -0.15931804E-03     -0.28066392E-03     -0.44288699E-03
    3974     -0.15843183E-03     -0.15931804E-03     -0.28070920E-03     -0.44288699E-03
    3975     -0.15843202E-03     -0.15931804E-03     -0.28075040E-03     -0.44288699E-03
    3976     -0.15843222E-03     -0.15931804E-03     -0.28078534E-03     -0.44288699E-03
    3977     -0.15843243E-03     -0.15931804E-03     -0.28083698E-03     -0.44288699E-03
    3978     -0.15843269E-03     -0.15931804E-03     -0.28089160E-03     -0.44288699E-03
    3979     -0.15843285E-03     -0.15931804E-03     -0.28093213E-03     -0.44288699E-03
    3980     -0.15843308E-03     -0.15931804E-03     -0.28099407E-03     -0.44288699E-03
    3981     -0.15843327E-03     -0.15931804E-03     -0.28102859E-03     -0.44288699E-03
    3982     -0.15843351E-03     -0.15931804E-03     -0.28107410E-03     -0.44288699E-03
    3983     -0.15843374E-03     -0.15931804E-03     -0.28112329E-03     -0.44288699E-03
    3984     -0.15843397E-03     -0.15931804E-03     -0.28116294E-03     -0.44288699E-03
    3985     -0.15843418E-03     -0.15931804E-03     -0.28120479E-03     -0.44288699E-03
    3986     -0.15843439E-03     -0.15931804E-03     -0.28123880E-03     -0.44288699E-03
    3987     -0.15843463E-03     -0.15931804E-03     -0.28127686E-03     -0.44288699E-03
    3988     -0.15843488E-03     -0.15931804E-03     -0.28132898E-03     -0.44288699E-03
    3989     -0.15843509E-03     -0.15931804E-03     -0.28137421E-03     -0.44288699E-03
    3990     -0.15843533E-03     -0.15931804E-03     -0.28142309E-03     -0.44288699E-03
    3991     -0.15843558E-03     -0.15931804E-03     -0.28146395E-03     -0.44288699E-03
    3992     -0.15843581E-03     -0.15931804E-03     -0.28150501E-03     -0.44288699E-03
    3993     -0.15843602E-03     -0.15931804E-03     -0.28153837E-03     -0.44288699E-03
    3994     -0.15843615E-03     -0.15931804E-03     -0.28156890E-03     -0.44288699E-03
    3995     -0.15843630E-03     -0.15931804E-03     -0.28160461E-03     -0.44288699E-03
    3996     -0.15843646E-03     -0.15931804E-03     -0.28163882E-03     -0.44288699E-03
    3997     -0.15843673E-03     -0.15931804E-03     -0.28171807E-03     -0.44288699E-03
    3998     -0.15843697E-03     -0.15931804E-03     -0.28175550E-03     -0.44288699E-03
    3999     -0.15843725E-03     -0.15931804E-03     -0.28179725E-03     -0.44288699E-03
    4000     -0.15843751E-03     -0.15931804E-03     -0.28183875E-03     -0.44288699E-03
    4001     -0.15843776E-03     -0.15931804E-03     -0.28188140E-03     -0.44288699E-03
    4002     -0.15843802E-03     -0.15931804E-03     -0.28192503E-03     -0.44288699E-03
    4003     -0.15843827E-03     -0.15931804E-03     -0.28197424E-03     -0.44288699E-03
    4004     -0.15843853E-03     -0.15931804E-03     -0.28202068E-03     -0.44288699E-03
    4005     -0.15843881E-03     -0.15931804E-03     -0.28206541E-03     -0.44288699E-03
    4006     -0.15843905E-03     -0.15931804E-03     -0.28210816E-03     -0.44288699E-03
    4007     -0.15843926E-03     -0.15931804E-03     -0.28214883E-03     -0.44288699E-03
    4008     -0.15843953E-03     -0.15931804E-03     -0.28219490E-03     -0.44288699E-03
    4009     -0.15843974E-03     -0.15931804E-03     -0.28222935E-03     -0.44288699E-03
    4010     -0.15844000E-03     -0.15931804E-03     -0.28227427E-03     -0.44288699E-03
    4011     -0.15844022E-03     -0.15931804E-03     -0.28231802E-03     -0.44288699E-03
    4012     -0.15844045E-03     -0.15931804E-03     -0.28235585E-03     -0.44288699E-03
    4013     -0.15844066E-03     -0.15931804E-03     -0.28239862E-03     -0.44288699E-03
    4014     -0.15844087E-03     -0.15931804E-03     -0.28243387E-03     -0.44288699E-03
    4015     -0.15844111E-03     -0.15931804E-03     -0.28247789E-03     -0.44288699E-03
    4016     -0.15844137E-03     -0.15931804E-03     -0.28251636E-03     -0.44288699E-03
    4017     -0.15844159E-03     -0.15931804E-03     -0.28255672E-03     -0.44288699E-03
    4018     -0.15844186E-03     -0.15931804E-03     -0.28260339E-03     -0.44288699E-03
    4019     -0.15844209E-03     -0.15931804E-03     -0.28264719E-03     -0.44288699E-03
    4020     -0.15844229E-03     -0.15931804E-03     -0.28268117E-03     -0.44288699E-03
    4021     -0.15844258E-03     -0.15931804E-03     -0.28272480E-03     -0.44288699E-03
    4022     -0.15844283E-03     -0.15931804E-03     -0.28276724E-03     -0.44288699E-03
    4023     -0.15844303E-03     -0.15931804E-03     -0.28280511E-03     -0.44288699E-03
    4024     -0.15844329E-03     -0.15931804E-03     -0.28285862E-03     -0.44288699E-03
    4025     -0.15844350E-03     -0.15931804E-03     -0.28289756E-03     -0.44288699E-03
    4026     -0.15844374E-03     -0.15931804E-03     -0.28294145E-03     -0.44288699E-03
    4027     -0.15844402E-03     -0.15931804E-03     -0.28299606E-03     -0.44288699E-03
    4028     -0.15844428E-03     -0.15931804E-03     -0.28304542E-03     -0.44288699E-03
    4029     -0.15844451E-03     -0.15931804E-03     -0.28308375E-03     -0.44288699E-03
    4030     -0.15844474E-03     -0.15931804E-03     -0.28312917E-03     -0.44288699E-03
    4031     -0.15844495E-03     -0.15931804E-03     -0.28316856E-03     -0.44288699E-03
    4032     -0.15844520E-03     -0.15931804E-03     -0.28320459E-03     -0.44288699E-03
    4033     -0.15844560E-03     -0.15931804E-03     -0.28328236E-03     -0.44288699E-03
    4034     -0.15844585E-03     -0.15931804E-03     -0.28332301E-03     -0.44288699E-03
    4035     -0.15844621E-03     -0.15931804E-03     -0.28338545E-03     -0.44288699E-03
    4036     -0.15844645E-03     -0.15931804E-03     -0.28343344E-03     -0.44288699E-03
    4037     -0.15844674E-03     -0.15931804E-03     -0.28349433E-03     -0.44288699E-03
    4038     -0.15844720E-03     -0.15931804E-03     -0.28357749E-03     -0.44288699E-03
    4039     -0.15844750E-03     -0.15931804E-03     -0.28362929E-03     -0.44288699E-03
    4040     -0.15844783E-03     -0.15931804E-03     -0.28369653E-03     -0.44288699E-03
    4041     -0.15844809E-03     -0.15931804E-03     -0.28376778E-03     -0.44288699E-03
    4042     -0.15844845E-03     -0.15931804E-03     -0.28383177E-03     -0.44288699E-03
    4043     -0.15844868E-03     -0.15931804E-03     -0.28387465E-03     -0.44288699E-03
    4044     -0.15844894E-03     -0.15931804E-03     -0.28393072E-03     -0.44288699E-03
    4045     -0.15844915E-03     -0.15931804E-03     -0.28398138E-03     -0.44288699E-03
    4046     -0.15844934E-03     -0.15931804E-03     -0.28401939E-03     -0.44288699E-03
    4047     -0.15844966E-03     -0.15931804E-03     -0.28408758E-03     -0.44288699E-03
    4048     -0.15845000E-03     -0.15931804E-03     -0.28415547E-03     -0.44288699E-03
    4049     -0.15845021E-03     -0.15931804E-03     -0.28419798E-03     -0.44288699E-03
    4050     -0.15845043E-03     -0.15931804E-03     -0.28424236E-03     -0.44288699E-03
    4051     -0.15845065E-03     -0.15931804E-03     -0.28429203E-03     -0.44288699E-03
    4052     -0.15845087E-03     -0.15931804E-03     -0.28435631E-03     -0.44288699E-03
    4053     -0.15845144E-03     -0.15931804E-03     -0.28451654E-03     -0.44288699E-03
    4054     -0.15845168E-03     -0.15931804E-03     -0.28455687E-03     -0.44288699E-03
    4055     -0.15845198E-03     -0.15931804E-03     -0.28461467E-03     -0.44288699E-03
    4056     -0.15845218E-03     -0.15931804E-03     -0.28465945E-03     -0.44288699E-03
    4057     -0.15845241E-03     -0.15931804E-03     -0.28470429E-03     -0.44288699E-03
    4058     -0.15845273E-03     -0.15931804E-03     -0.28477375E-03     -0.44288699E-03
    4059     -0.15845303E-03     -0.15931804E-03     -0.28482780E-03     -0.44288699E-03
    4060     -0.15845328E-03     -0.15931804E-03     -0.28487947E-03     -0.44288699E-03
    4061     -0.15845357E-03     -0.15931804E-03     -0.28493304E-03     -0.44288699E-03
    4062     -0.15845382E-03     -0.15931804E-03     -0.28497616E-03     -0.44288699E-03
    4063     -0.15845411E-03     -0.15931804E-03     -0.28502685E-03     -0.44288699E-03
    4064     -0.15845440E-03     -0.15931804E-03     -0.28508012E-03     -0.44288699E-03
    4065     -0.15845470E-03     -0.15931804E-03     -0.28513230E-03     -0.44288699E-03
    4066     -0.15845493E-03     -0.15931804E-03     -0.28517267E-03     -0.44288699E-03
    4067     -0.15845515E-03     -0.15931804E-03     -0.28521180E-03     -0.44288699E-03
    4068     -0.15845538E-03     -0.15931804E-03     -0.28525361E-03     -0.44288699E-03
    4069     -0.15845566E-03     -0.15931804E-03     -0.28530169E-03     -0.44288699E-03
    4070     -0.15845584E-03     -0.15931804E-03     -0.28533421E-03     -0.44288699E-03
    4071     -0.15845602E-03     -0.15931804E-03     -0.28536547E-03     -0.44288699E-03
    4072     -0.15845624E-03     -0.15931804E-03     -0.28540260E-03     -0.44288699E-03
    4073     -0.15845648E-03     -0.15931804E-03     -0.28544284E-03     -0.44288699E-03
    4074     -0.15845669E-03     -0.15931804E-03     -0.28547694E-03     -0.44288699E-03
    4075     -0.15845690E-03     -0.15931804E-03     -0.28551339E-03     -0.44288699E-03
    4076     -0.15845709E-03     -0.15931804E-03     -0.28555436E-03     -0.44288699E-03
    4077     -0.15845734E-03     -0.15931804E-03     -0.28559234E-03     -0.44288699E-03
    4078     -0.15845750E-03     -0.15931804E-03     -0.28562118E-03     -0.44288699E-03
    4079     -0.15845771E-03     -0.15931804E-03     -0.28565562E-03     -0.44288699E-03
    4080     -0.15845794E-03     -0.15931804E-03     -0.28569115E-03     -0.44288699E-03
    4081     -0.15845813E-03     -0.15931804E-03     -0.28572765E-03     -0.44288699E-03
    4082     -0.15845836E-03     -0.15931804E-03     -0.28576313E-03     -0.44288699E-03
    4083     -0.15845852E-03     -0.15931804E-03     -0.28579370E-03     -0.44288699E-03
    4084     -0.15845870E-03     -0.15931804E-03     -0.28582710E-03     -0.44288699E-03
    4085     -0.15845892E-03     -0.15931804E-03     -0.28586780E-03     -0.44288699E-03
    4086     -0.15845914E-03     -0.15931804E-03     -0.28590197E-03     -0.44288699E-03
    4087     -0.15845936E-03     -0.15931804E-03     -0.28593744E-03     -0.44288699E-03
    4088     -0.15845961E-03     -0.15931804E-03     -0.28598127E-03     -0.44288699E-03
    4089     -0.15845981E-03     -0.15931804E-03     -0.28601357E-03     -0.44288699E-03
    4090     -0.15845999E-03     -0.15931804E-03     -0.28604582E-03     -0.44288699E-03
    4091     -0.15846015E-03     -0.15931804E-03     -0.28607697E-03     -0.44288699E-03
    4092     -0.15846035E-03     -0.15931804E-03     -0.28611549E-03     -0.44288699E-03
    4093     -0.15846053E-03     -0.15931804E-03     -0.28614997E-03     -0.44288699E-03

