# spin    band          kx          ky          kz          E(MF)          E(QP)        Delta E
#                        (Cartesian coordinates)             (eV)           (eV)           (eV)
     1     714     0.00000     0.00000     0.00000   -4.571876216   -5.189602572   -0.617726356
     1     714     0.00000     0.00000     0.00137   -4.572783251   -5.190569368   -0.617786117
     1     714     0.00000     0.00000     0.00274   -4.575057415   -5.192944807   -0.617887391
     1     714     0.00000     0.00000     0.00411   -4.578070563   -5.196039513   -0.617968950
     1     714     0.00000     0.00000     0.00548   -4.581509701   -5.199529545   -0.618019844
     1     714     0.00000     0.00000     0.00685   -4.585231614   -5.203233747   -0.618002133
     1     714     0.00000     0.00000     0.00822   -4.589151888   -5.206760409   -0.617608521
     1     714     0.00000     0.00000     0.00959   -4.590839000   -5.200230649   -0.609391650
     1     714     0.00000     0.00000     0.01096   -4.585784085   -5.193507850   -0.607723765
     1     714     0.00000     0.00000     0.01233   -4.580673704   -5.187502801   -0.606829097
     1     714     0.00000     0.00000     0.01370   -4.575735143   -5.181704452   -0.605969309
     1     714     0.00000     0.00000     0.01507   -4.571062016   -5.176429006   -0.605366990
     1     714     0.00000     0.00000     0.01644   -4.566751488   -5.172032736   -0.605281248
     1     714     0.00000     0.00000     0.01781   -4.562920444   -5.168831579   -0.605911134
     1     714     0.00000     0.00000     0.01918   -4.559682180   -5.166982846   -0.607300666
     1     714     0.00000     0.00000     0.02055   -4.557103493   -5.166361130   -0.609257637
     1     714     0.00000     0.00000     0.02192   -4.555196911   -5.166642429   -0.611445517
     1     714     0.00000     0.00000     0.02329   -4.553931324   -5.167500009   -0.613568685
     1     714     0.00000     0.00000     0.02466   -4.553243365   -5.168714624   -0.615471260
     1     714     0.00000     0.00000     0.02603   -4.553059614   -5.170186619   -0.617127006
     1     714     0.00000     0.00000     0.02740   -4.553310203   -5.171889127   -0.618578923
     1     714     0.00000     0.00000     0.02877   -4.553951496   -5.173839973   -0.619888476
     1     714     0.00000     0.00000     0.03014   -4.554939165   -5.176038675   -0.621099510
     1     714     0.00000     0.00000     0.03151   -4.556228408   -5.178454545   -0.622226138
     1     714     0.00000     0.00000     0.03288   -4.557771326   -5.181020200   -0.623248874
     1     714     0.00000     0.00000     0.03425   -4.559482740   -5.183604480   -0.624121740
     1     714     0.00000     0.00000     0.03562   -4.556137305   -5.144794522   -0.588657218
     1     714     0.00000     0.00000     0.03699   -4.544248028   -5.135009100   -0.590761072
     1     714     0.00000     0.00000     0.03836   -4.537989012   -5.140369876   -0.602380864
     1     714     0.00000     0.00000     0.03973   -4.541308007   -5.147615764   -0.606307757
     1     714     0.00000     0.00000     0.04110   -4.544675002   -5.152098183   -0.607423181
     1     715     0.00000     0.00000     0.00000   -4.560097760   -5.178714547   -0.618616787
     1     715     0.00000     0.00000     0.00137   -4.559349457   -5.177908053   -0.618558595
     1     715     0.00000     0.00000     0.00274   -4.557574067   -5.176036563   -0.618462497
     1     715     0.00000     0.00000     0.00411   -4.555387808   -5.173777067   -0.618389260
     1     715     0.00000     0.00000     0.00548   -4.553092527   -5.171421721   -0.618329194
     1     715     0.00000     0.00000     0.00685   -4.550808549   -5.169048101   -0.618239552
     1     715     0.00000     0.00000     0.00822   -4.548585434   -5.166645453   -0.618060019
     1     715     0.00000     0.00000     0.00959   -4.546432383   -5.164156179   -0.617723796
     1     715     0.00000     0.00000     0.01096   -4.544344423   -5.161503072   -0.617158648
     1     715     0.00000     0.00000     0.01233   -4.542287379   -5.158568297   -0.616280917
     1     715     0.00000     0.00000     0.01370   -4.540219824   -5.155208510   -0.614988686
     1     715     0.00000     0.00000     0.01507   -4.538084935   -5.151240005   -0.613155070
     1     715     0.00000     0.00000     0.01644   -4.535785503   -5.146434456   -0.610648953
     1     715     0.00000     0.00000     0.01781   -4.533225247   -5.140620278   -0.607395031
     1     715     0.00000     0.00000     0.01918   -4.530313393   -5.133768439   -0.603455047
     1     715     0.00000     0.00000     0.02055   -4.526986554   -5.126074527   -0.599087973
     1     715     0.00000     0.00000     0.02192   -4.523248072   -5.117913188   -0.594665116
     1     715     0.00000     0.00000     0.02329   -4.519156002   -5.109670589   -0.590514587
     1     715     0.00000     0.00000     0.02466   -4.514806693   -5.101659097   -0.586852404
     1     715     0.00000     0.00000     0.02603   -4.510319636   -5.094120694   -0.583801059
     1     715     0.00000     0.00000     0.02740   -4.505838291   -5.087316758   -0.581478467
     1     715     0.00000     0.00000     0.02877   -4.501643969   -5.082094399   -0.580450431
     1     715     0.00000     0.00000     0.03014   -4.499418216   -5.089292859   -0.589874643
     1     715     0.00000     0.00000     0.03151   -4.503626395   -5.106209332   -0.602582937
     1     715     0.00000     0.00000     0.03288   -4.509707170   -5.114022732   -0.604315562
     1     715     0.00000     0.00000     0.03425   -4.515816186   -5.120604174   -0.604787988
     1     715     0.00000     0.00000     0.03562   -4.521656987   -5.126299491   -0.604642504
     1     715     0.00000     0.00000     0.03699   -4.526664459   -5.129497723   -0.602833264
     1     715     0.00000     0.00000     0.03836   -4.526107241   -5.118247704   -0.592140464
     1     715     0.00000     0.00000     0.03973   -4.517038320   -5.106595284   -0.589556964
     1     715     0.00000     0.00000     0.04110   -4.511575857   -5.101979732   -0.590403875
     1     716     0.00000     0.00000     0.00000   -4.411049424   -5.084727902   -0.673678478
     1     716     0.00000     0.00000     0.00137   -4.411135138   -5.084686813   -0.673551674
     1     716     0.00000     0.00000     0.00274   -4.411389605   -5.084551174   -0.673161569
     1     716     0.00000     0.00000     0.00411   -4.411821993   -5.084295332   -0.672473338
     1     716     0.00000     0.00000     0.00548   -4.412448135   -5.083834807   -0.671386671
     1     716     0.00000     0.00000     0.00685   -4.413285431   -5.082974329   -0.669688898
     1     716     0.00000     0.00000     0.00822   -4.414370977   -5.081453142   -0.667082165
     1     716     0.00000     0.00000     0.00959   -4.415754228   -5.078986616   -0.663232388
     1     716     0.00000     0.00000     0.01096   -4.417509036   -5.075312834   -0.657803799
     1     716     0.00000     0.00000     0.01233   -4.419737404   -5.070259224   -0.650521820
     1     716     0.00000     0.00000     0.01370   -4.422576688   -5.063956340   -0.641379652
     1     716     0.00000     0.00000     0.01507   -4.426160753   -5.057156655   -0.630995903
     1     716     0.00000     0.00000     0.01644   -4.430567884   -5.051354340   -0.620786456
     1     716     0.00000     0.00000     0.01781   -4.435757033   -5.048075017   -0.612317984
     1     716     0.00000     0.00000     0.01918   -4.441602041   -5.047937338   -0.606335296
     1     716     0.00000     0.00000     0.02055   -4.447913018   -5.050587361   -0.602674343
     1     716     0.00000     0.00000     0.02192   -4.454537643   -5.055299360   -0.600761717
     1     716     0.00000     0.00000     0.02329   -4.461343500   -5.061381734   -0.600038234
     1     716     0.00000     0.00000     0.02466   -4.468231366   -5.068305501   -0.600074135
     1     716     0.00000     0.00000     0.02603   -4.475136380   -5.075681837   -0.600545457
     1     716     0.00000     0.00000     0.02740   -4.481947290   -5.083086645   -0.601139356
     1     716     0.00000     0.00000     0.02877   -4.488460327   -5.089519385   -0.601059057
     1     716     0.00000     0.00000     0.03014   -4.493056852   -5.085941798   -0.592884946
     1     716     0.00000     0.00000     0.03151   -4.491359994   -5.073387139   -0.582027145
     1     716     0.00000     0.00000     0.03288   -4.488061757   -5.068971938   -0.580910181
     1     716     0.00000     0.00000     0.03425   -4.485131514   -5.066615766   -0.581484252
     1     716     0.00000     0.00000     0.03562   -4.483023678   -5.065569934   -0.582546256
     1     716     0.00000     0.00000     0.03699   -4.482191887   -5.065947129   -0.583755241
     1     716     0.00000     0.00000     0.03836   -4.483427837   -5.068454074   -0.585026237
     1     716     0.00000     0.00000     0.03973   -4.487503604   -5.073182760   -0.585679155
     1     716     0.00000     0.00000     0.04110   -4.490998711   -5.076166023   -0.585167312
     1     717     0.00000     0.00000     0.00000   -4.324908694   -4.882512980   -0.557604286
     1     717     0.00000     0.00000     0.00137   -4.328241808   -4.891961104   -0.563719296
     1     717     0.00000     0.00000     0.00274   -4.334807583   -4.904042581   -0.569234998
     1     717     0.00000     0.00000     0.00411   -4.342139692   -4.914373125   -0.572233433
     1     717     0.00000     0.00000     0.00548   -4.349656808   -4.923952274   -0.574295466
     1     717     0.00000     0.00000     0.00685   -4.357172957   -4.933409859   -0.576236901
     1     717     0.00000     0.00000     0.00822   -4.364589929   -4.943148976   -0.578559047
     1     717     0.00000     0.00000     0.00959   -4.371832192   -4.953457057   -0.581624866
     1     717     0.00000     0.00000     0.01096   -4.378803625   -4.964525077   -0.585721452
     1     717     0.00000     0.00000     0.01233   -4.385390418   -4.976443822   -0.591053405
     1     717     0.00000     0.00000     0.01370   -4.391440948   -4.989022041   -0.597581093
     1     717     0.00000     0.00000     0.01507   -4.396820728   -5.001536648   -0.604715920
     1     717     0.00000     0.00000     0.01644   -4.401439243   -5.012601509   -0.611162265
     1     717     0.00000     0.00000     0.01781   -4.405315582   -5.020797937   -0.615482354
     1     717     0.00000     0.00000     0.01918   -4.408585008   -5.025560514   -0.616975506
     1     717     0.00000     0.00000     0.02055   -4.411397864   -5.027204667   -0.615806803
     1     717     0.00000     0.00000     0.02192   -4.413895507   -5.026457625   -0.612562118
     1     717     0.00000     0.00000     0.02329   -4.416166756   -5.024025199   -0.607858444
     1     717     0.00000     0.00000     0.02466   -4.418266612   -5.020484278   -0.602217666
     1     717     0.00000     0.00000     0.02603   -4.420217568   -5.016293346   -0.596075778
     1     717     0.00000     0.00000     0.02740   -4.422009268   -5.011828653   -0.589819384
     1     717     0.00000     0.00000     0.02877   -4.423618960   -5.007429347   -0.583810387
     1     717     0.00000     0.00000     0.03014   -4.425012304   -5.003436965   -0.578424661
     1     717     0.00000     0.00000     0.03151   -4.426187959   -5.000293827   -0.574105867
     1     717     0.00000     0.00000     0.03288   -4.427319208   -4.998923917   -0.571604708
     1     717     0.00000     0.00000     0.03425   -4.429273943   -5.002052780   -0.572778837
     1     717     0.00000     0.00000     0.03562   -4.434633217   -5.013252058   -0.578618842
     1     717     0.00000     0.00000     0.03699   -4.444012788   -5.025552482   -0.581539695
     1     717     0.00000     0.00000     0.03836   -4.453555053   -5.034491266   -0.580936213
     1     717     0.00000     0.00000     0.03973   -4.459945093   -5.039486185   -0.579541091
     1     717     0.00000     0.00000     0.04110   -4.461981353   -5.040997742   -0.579016389
     1     718     0.00000     0.00000     0.00000   -4.308843817   -4.907271720   -0.598427903
     1     718     0.00000     0.00000     0.00137   -4.305465851   -4.897828845   -0.592362995
     1     718     0.00000     0.00000     0.00274   -4.298763335   -4.885767957   -0.587004622
     1     718     0.00000     0.00000     0.00411   -4.291209625   -4.875507266   -0.584297641
     1     718     0.00000     0.00000     0.00548   -4.283381206   -4.866132278   -0.582751072
     1     718     0.00000     0.00000     0.00685   -4.275453030   -4.857185890   -0.581732860
     1     718     0.00000     0.00000     0.00822   -4.267528671   -4.848475836   -0.580947165
     1     718     0.00000     0.00000     0.00959   -4.259709293   -4.839856128   -0.580146835
     1     718     0.00000     0.00000     0.01096   -4.252164293   -4.831041258   -0.578876965
     1     718     0.00000     0.00000     0.01233   -4.245327414   -4.821129518   -0.575802104
     1     718     0.00000     0.00000     0.01370   -4.240424292   -4.807241408   -0.566817115
     1     718     0.00000     0.00000     0.01507   -4.240106879   -4.790636479   -0.550529600
     1     718     0.00000     0.00000     0.01644   -4.244782721   -4.786800445   -0.542017724
     1     718     0.00000     0.00000     0.01781   -4.251898038   -4.793341061   -0.541443023
     1     718     0.00000     0.00000     0.01918   -4.260086000   -4.803842927   -0.543756927
     1     718     0.00000     0.00000     0.02055   -4.268884734   -4.816670438   -0.547785704
     1     718     0.00000     0.00000     0.02192   -4.278369420   -4.836390760   -0.558021340
     1     718     0.00000     0.00000     0.02329   -4.290618247   -4.876506618   -0.585888371
     1     718     0.00000     0.00000     0.02466   -4.305464225   -4.894162482   -0.588698257
     1     718     0.00000     0.00000     0.02603   -4.320629166   -4.908797727   -0.588168561
     1     718     0.00000     0.00000     0.02740   -4.335812009   -4.923216313   -0.587404304
     1     718     0.00000     0.00000     0.02877   -4.350915947   -4.937467832   -0.586551885
     1     718     0.00000     0.00000     0.03014   -4.365844747   -4.951399031   -0.585554284
     1     718     0.00000     0.00000     0.03151   -4.380429379   -4.964662717   -0.584233338
     1     718     0.00000     0.00000     0.03288   -4.394282854   -4.976327925   -0.582045071
     1     718     0.00000     0.00000     0.03425   -4.406240898   -4.983478132   -0.577237233
     1     718     0.00000     0.00000     0.03562   -4.413359562   -4.982060928   -0.568701366
     1     718     0.00000     0.00000     0.03699   -4.414443744   -4.978295089   -0.563851345
     1     718     0.00000     0.00000     0.03836   -4.412261594   -4.975493125   -0.563231532
     1     718     0.00000     0.00000     0.03973   -4.408689389   -4.973911918   -0.565222530
     1     718     0.00000     0.00000     0.04110   -4.406198036   -4.975116579   -0.568918543
     1     719     0.00000     0.00000     0.00000   -4.169565529   -4.673235251   -0.503669722
     1     719     0.00000     0.00000     0.00137   -4.170455302   -4.674518309   -0.504063008
     1     719     0.00000     0.00000     0.00274   -4.172968509   -4.678003455   -0.505034945
     1     719     0.00000     0.00000     0.00411   -4.176774925   -4.682989503   -0.506214578
     1     719     0.00000     0.00000     0.00548   -4.181526514   -4.689004255   -0.507477741
     1     719     0.00000     0.00000     0.00685   -4.186957447   -4.696012018   -0.509054572
     1     719     0.00000     0.00000     0.00822   -4.192868033   -4.704158209   -0.511290176
     1     719     0.00000     0.00000     0.00959   -4.199097188   -4.713571184   -0.514473996
     1     719     0.00000     0.00000     0.01096   -4.205439209   -4.724410275   -0.518971066
     1     719     0.00000     0.00000     0.01233   -4.211466252   -4.737400352   -0.525934099
     1     719     0.00000     0.00000     0.01370   -4.215993925   -4.755298504   -0.539304579
     1     719     0.00000     0.00000     0.01507   -4.216745584   -4.777551744   -0.560806160
     1     719     0.00000     0.00000     0.01644   -4.217644411   -4.800857540   -0.583213129
     1     719     0.00000     0.00000     0.01781   -4.229712650   -4.819720605   -0.590007955
     1     719     0.00000     0.00000     0.01918   -4.244258478   -4.833512912   -0.589254434
     1     719     0.00000     0.00000     0.02055   -4.259156150   -4.846286351   -0.587130201
     1     719     0.00000     0.00000     0.02192   -4.273881625   -4.852882639   -0.579001014
     1     719     0.00000     0.00000     0.02329   -4.286160081   -4.839406771   -0.553246690
     1     719     0.00000     0.00000     0.02466   -4.296050229   -4.848603401   -0.552553172
     1     719     0.00000     0.00000     0.02603   -4.305731293   -4.860730604   -0.554999311
     1     719     0.00000     0.00000     0.02740   -4.315398228   -4.872782758   -0.557384530
     1     719     0.00000     0.00000     0.02877   -4.325051183   -4.884485776   -0.559434593
     1     719     0.00000     0.00000     0.03014   -4.334642563   -4.895677337   -0.561034774
     1     719     0.00000     0.00000     0.03151   -4.344114126   -4.906207741   -0.562093615
     1     719     0.00000     0.00000     0.03288   -4.353414427   -4.915968129   -0.562553702
     1     719     0.00000     0.00000     0.03425   -4.362459799   -4.924874614   -0.562414815
     1     719     0.00000     0.00000     0.03562   -4.371169357   -4.932908266   -0.561738909
     1     719     0.00000     0.00000     0.03699   -4.379432268   -4.940028571   -0.560596303
     1     719     0.00000     0.00000     0.03836   -4.387057261   -4.945949871   -0.558892610
     1     719     0.00000     0.00000     0.03973   -4.393635530   -4.949589193   -0.555953663
     1     719     0.00000     0.00000     0.04110   -4.397100167   -4.949092307   -0.551992140
     1     720     0.00000     0.00000     0.00000   -4.128637729   -4.646680855   -0.518043126
     1     720     0.00000     0.00000     0.00137   -4.128411651   -4.646076291   -0.517664640
     1     720     0.00000     0.00000     0.00274   -4.128044738   -4.645445399   -0.517400661
     1     720     0.00000     0.00000     0.00411   -4.128355018   -4.648270957   -0.519915940
     1     720     0.00000     0.00000     0.00548   -4.130282060   -4.658945377   -0.528663317
     1     720     0.00000     0.00000     0.00685   -4.134324894   -4.678462769   -0.544137875
     1     720     0.00000     0.00000     0.00822   -4.140417752   -4.703655077   -0.563237325
     1     720     0.00000     0.00000     0.00959   -4.148492344   -4.730479023   -0.581986678
     1     720     0.00000     0.00000     0.01096   -4.158708227   -4.753054168   -0.594345940
     1     720     0.00000     0.00000     0.01233   -4.170824859   -4.768696338   -0.597871478
     1     720     0.00000     0.00000     0.01370   -4.184106809   -4.781038175   -0.596931366
     1     720     0.00000     0.00000     0.01507   -4.197615661   -4.791998816   -0.594383155
     1     720     0.00000     0.00000     0.01644   -4.206694082   -4.789957019   -0.583262937
     1     720     0.00000     0.00000     0.01781   -4.202705274   -4.782781632   -0.580076358
     1     720     0.00000     0.00000     0.01918   -4.195714421   -4.777671405   -0.581956984
     1     720     0.00000     0.00000     0.02055   -4.189668173   -4.791760062   -0.602091889
     1     720     0.00000     0.00000     0.02192   -4.192557880   -4.835407147   -0.642849266
     1     720     0.00000     0.00000     0.02329   -4.197018255   -4.853621809   -0.656603554
     1     720     0.00000     0.00000     0.02466   -4.201281067   -4.869768510   -0.668487444
     1     720     0.00000     0.00000     0.02603   -4.205241502   -4.884875806   -0.679634305
     1     720     0.00000     0.00000     0.02740   -4.208876605   -4.898930368   -0.690053763
     1     720     0.00000     0.00000     0.02877   -4.212181001   -4.911735331   -0.699554330
     1     720     0.00000     0.00000     0.03014   -4.215149318   -4.923020368   -0.707871050
     1     720     0.00000     0.00000     0.03151   -4.217775236   -4.932515574   -0.714740338
     1     720     0.00000     0.00000     0.03288   -4.220061949   -4.940049700   -0.719987751
     1     720     0.00000     0.00000     0.03425   -4.221999070   -4.945622591   -0.723623521
     1     720     0.00000     0.00000     0.03562   -4.223591364   -4.949496366   -0.725905002
     1     720     0.00000     0.00000     0.03699   -4.224833463   -4.952110405   -0.727276942
     1     720     0.00000     0.00000     0.03836   -4.225719449   -4.953860235   -0.728140786
     1     720     0.00000     0.00000     0.03973   -4.226252891   -4.954905140   -0.728652249
     1     720     0.00000     0.00000     0.04110   -4.226430983   -4.955254143   -0.728823160
     1     721     0.00000     0.00000     0.00000   -4.087106781   -4.596364239   -0.509257458
     1     721     0.00000     0.00000     0.00137   -4.088927020   -4.618115794   -0.529188774
     1     721     0.00000     0.00000     0.00274   -4.093042896   -4.652436554   -0.559393658
     1     721     0.00000     0.00000     0.00411   -4.097838357   -4.677456078   -0.579617721
     1     721     0.00000     0.00000     0.00548   -4.103222130   -4.690035005   -0.586812875
     1     721     0.00000     0.00000     0.00685   -4.110524392   -4.691666048   -0.581141656
     1     721     0.00000     0.00000     0.00822   -4.120190890   -4.689978944   -0.569788054
     1     721     0.00000     0.00000     0.00959   -4.130698692   -4.690486049   -0.559787357
     1     721     0.00000     0.00000     0.01096   -4.140484045   -4.697491170   -0.557007125
     1     721     0.00000     0.00000     0.01233   -4.149009694   -4.712486335   -0.563476641
     1     721     0.00000     0.00000     0.01370   -4.156555848   -4.731133533   -0.574577685
     1     721     0.00000     0.00000     0.01507   -4.163454544   -4.750309558   -0.586855013
     1     721     0.00000     0.00000     0.01644   -4.169875009   -4.769124528   -0.599249519
     1     721     0.00000     0.00000     0.01781   -4.175868995   -4.787413504   -0.611544508
     1     721     0.00000     0.00000     0.01918   -4.181380679   -4.804843542   -0.623462863
     1     721     0.00000     0.00000     0.02055   -4.184955387   -4.801226448   -0.616271061
     1     721     0.00000     0.00000     0.02192   -4.178991911   -4.768225748   -0.589233836
     1     721     0.00000     0.00000     0.02329   -4.170987065   -4.759547144   -0.588560079
     1     721     0.00000     0.00000     0.02466   -4.162779468   -4.752287821   -0.589508353
     1     721     0.00000     0.00000     0.02603   -4.154500430   -4.745396480   -0.590896050
     1     721     0.00000     0.00000     0.02740   -4.146197262   -4.738754398   -0.592557136
     1     721     0.00000     0.00000     0.02877   -4.137892168   -4.732360810   -0.594468642
     1     721     0.00000     0.00000     0.03014   -4.129609351   -4.726261070   -0.596651720
     1     721     0.00000     0.00000     0.03151   -4.121362525   -4.720528425   -0.599165901
     1     721     0.00000     0.00000     0.03288   -4.113174912   -4.715313643   -0.602138731
     1     721     0.00000     0.00000     0.03425   -4.105067526   -4.710899197   -0.605831671
     1     721     0.00000     0.00000     0.03562   -4.097091605   -4.707881502   -0.610789898
     1     721     0.00000     0.00000     0.03699   -4.089315665   -4.707514573   -0.618198907
     1     721     0.00000     0.00000     0.03836   -4.081930755   -4.712670459   -0.630739703
     1     721     0.00000     0.00000     0.03973   -4.075525261   -4.729674349   -0.654149088
     1     721     0.00000     0.00000     0.04110   -4.072405216   -4.750729886   -0.678324670
     1     722     0.00000     0.00000     0.00000   -4.066409706   -4.786448902   -0.720039196
     1     722     0.00000     0.00000     0.00137   -4.065004059   -4.759279627   -0.694275568
     1     722     0.00000     0.00000     0.00274   -4.063569179   -4.694692743   -0.631123564
     1     722     0.00000     0.00000     0.00411   -4.068083066   -4.634779289   -0.566696223
     1     722     0.00000     0.00000     0.00548   -4.075692597   -4.627386212   -0.551693615
     1     722     0.00000     0.00000     0.00685   -4.080551045   -4.631491746   -0.550940702
     1     722     0.00000     0.00000     0.00822   -4.081286265   -4.633527483   -0.552241218
     1     722     0.00000     0.00000     0.00959   -4.079218310   -4.631434035   -0.552215725
     1     722     0.00000     0.00000     0.01096   -4.075625452   -4.627105094   -0.551479642
     1     722     0.00000     0.00000     0.01233   -4.071205319   -4.621917037   -0.550711718
     1     722     0.00000     0.00000     0.01370   -4.066299056   -4.616451487   -0.550152431
     1     722     0.00000     0.00000     0.01507   -4.061097972   -4.610956315   -0.549858343
     1     722     0.00000     0.00000     0.01644   -4.055713261   -4.605560157   -0.549846896
     1     722     0.00000     0.00000     0.01781   -4.050221985   -4.600357293   -0.550135308
     1     722     0.00000     0.00000     0.01918   -4.044678480   -4.595431544   -0.550753064
     1     722     0.00000     0.00000     0.02055   -4.039129809   -4.590911248   -0.551781439
     1     722     0.00000     0.00000     0.02192   -4.033625516   -4.586997740   -0.553372224
     1     722     0.00000     0.00000     0.02329   -4.028225854   -4.584047190   -0.555821337
     1     722     0.00000     0.00000     0.02466   -4.023047158   -4.582736542   -0.559689385
     1     722     0.00000     0.00000     0.02603   -4.018313583   -4.584328830   -0.566015247
     1     722     0.00000     0.00000     0.02740   -4.014535779   -4.590562455   -0.576026675
     1     722     0.00000     0.00000     0.02877   -4.012734794   -4.600169612   -0.587434818
     1     722     0.00000     0.00000     0.03014   -4.013817177   -4.605727329   -0.591910152
     1     722     0.00000     0.00000     0.03151   -4.017290266   -4.606954271   -0.589664005
     1     722     0.00000     0.00000     0.03288   -4.022182672   -4.607627312   -0.585444641
     1     722     0.00000     0.00000     0.03425   -4.027891631   -4.608339576   -0.580447945
     1     722     0.00000     0.00000     0.03562   -4.034109392   -4.608366373   -0.574256981
     1     722     0.00000     0.00000     0.03699   -4.040612976   -4.606374480   -0.565761504
     1     722     0.00000     0.00000     0.03836   -4.047135942   -4.599557552   -0.552421610
     1     722     0.00000     0.00000     0.03973   -4.053043350   -4.581590899   -0.528547549
     1     722     0.00000     0.00000     0.04110   -4.056001610   -4.560222041   -0.504220431
     1     723     0.00000     0.00000     0.00000   -4.031987472   -4.536594047   -0.504606575
     1     723     0.00000     0.00000     0.00137   -4.037513428   -4.577603345   -0.540089917
     1     723     0.00000     0.00000     0.00274   -4.045344454   -4.639143507   -0.593799053
     1     723     0.00000     0.00000     0.00411   -4.046284837   -4.690474583   -0.644189745
     1     723     0.00000     0.00000     0.00548   -4.041834996   -4.689405494   -0.647570498
     1     723     0.00000     0.00000     0.00685   -4.035988417   -4.676961729   -0.640973312
     1     723     0.00000     0.00000     0.00822   -4.029831680   -4.663317312   -0.633485631
     1     723     0.00000     0.00000     0.00959   -4.023683640   -4.649682973   -0.625999333
     1     723     0.00000     0.00000     0.01096   -4.017716314   -4.636281381   -0.618565067
     1     723     0.00000     0.00000     0.01233   -4.012035493   -4.623261780   -0.611226287
     1     723     0.00000     0.00000     0.01370   -4.006730969   -4.610805848   -0.604074878
     1     723     0.00000     0.00000     0.01507   -4.001905968   -4.599125108   -0.597219140
     1     723     0.00000     0.00000     0.01644   -3.997653253   -4.588382165   -0.590728912
     1     723     0.00000     0.00000     0.01781   -3.994085781   -4.578716379   -0.584630597
     1     723     0.00000     0.00000     0.01918   -3.991323446   -4.570221246   -0.578897800
     1     723     0.00000     0.00000     0.02055   -3.989458024   -4.562901848   -0.573443824
     1     723     0.00000     0.00000     0.02192   -3.988558239   -4.556663687   -0.568105448
     1     723     0.00000     0.00000     0.02329   -3.988619823   -4.551201525   -0.562581702
     1     723     0.00000     0.00000     0.02466   -3.989538785   -4.545838784   -0.556299999
     1     723     0.00000     0.00000     0.02603   -3.991037382   -4.539203049   -0.548165667
     1     723     0.00000     0.00000     0.02740   -3.992507046   -4.529330506   -0.536823460
     1     723     0.00000     0.00000     0.02877   -3.992815210   -4.517140425   -0.524325215
     1     723     0.00000     0.00000     0.03014   -3.990951365   -4.509603467   -0.518652102
     1     723     0.00000     0.00000     0.03151   -3.987289136   -4.506424215   -0.519135079
     1     723     0.00000     0.00000     0.03288   -3.982720621   -4.503196351   -0.520475730
     1     723     0.00000     0.00000     0.03425   -3.977747490   -4.498550634   -0.520803144
     1     723     0.00000     0.00000     0.03562   -3.972618887   -4.492146268   -0.519527381
     1     723     0.00000     0.00000     0.03699   -3.967454014   -4.483186509   -0.515732495
     1     723     0.00000     0.00000     0.03836   -3.962404148   -4.469356988   -0.506952840
     1     723     0.00000     0.00000     0.03973   -3.957835584   -4.444173714   -0.486338130
     1     723     0.00000     0.00000     0.04110   -3.955442638   -4.414535295   -0.459092657
     1     724     0.00000     0.00000     0.00000   -4.009585316   -4.676516747   -0.666931431
     1     724     0.00000     0.00000     0.00137   -4.003259024   -4.640627126   -0.637368102
     1     724     0.00000     0.00000     0.00274   -3.991441751   -4.607645968   -0.616204217
     1     724     0.00000     0.00000     0.00411   -3.978505258   -4.585320644   -0.606815386
     1     724     0.00000     0.00000     0.00548   -3.965376803   -4.567177088   -0.601800285
     1     724     0.00000     0.00000     0.00685   -3.952428034   -4.550572720   -0.598144686
     1     724     0.00000     0.00000     0.00822   -3.940030386   -4.534221667   -0.594191282
     1     724     0.00000     0.00000     0.00959   -3.928805937   -4.517324842   -0.588518905
     1     724     0.00000     0.00000     0.01096   -3.919933011   -4.499185816   -0.579252805
     1     724     0.00000     0.00000     0.01233   -3.914634300   -4.481339021   -0.566704721
     1     724     0.00000     0.00000     0.01370   -3.912483120   -4.467977196   -0.555494075
     1     724     0.00000     0.00000     0.01507   -3.912041665   -4.459216512   -0.547174847
     1     724     0.00000     0.00000     0.01644   -3.912325021   -4.453099169   -0.540774148
     1     724     0.00000     0.00000     0.01781   -3.912838764   -4.448375710   -0.535536946
     1     724     0.00000     0.00000     0.01918   -3.913300584   -4.444437916   -0.531137332
     1     724     0.00000     0.00000     0.02055   -3.913507371   -4.440989910   -0.527482539
     1     724     0.00000     0.00000     0.02192   -3.913340814   -4.437931265   -0.524590451
     1     724     0.00000     0.00000     0.02329   -3.912737875   -4.435293776   -0.522555901
     1     724     0.00000     0.00000     0.02466   -3.911727317   -4.433318639   -0.521591322
     1     724     0.00000     0.00000     0.02603   -3.910421659   -4.432636294   -0.522214635
     1     724     0.00000     0.00000     0.02740   -3.909077164   -4.434917198   -0.525840034
     1     724     0.00000     0.00000     0.02877   -3.908352959   -4.444459174   -0.536106215
     1     724     0.00000     0.00000     0.03014   -3.909657666   -4.462528251   -0.552870585
     1     724     0.00000     0.00000     0.03151   -3.913366489   -4.475664873   -0.562298384
     1     724     0.00000     0.00000     0.03288   -3.918147072   -4.484173824   -0.566026752
     1     724     0.00000     0.00000     0.03425   -3.923251616   -4.491646275   -0.568394659
     1     724     0.00000     0.00000     0.03562   -3.928448702   -4.499473832   -0.571025131
     1     724     0.00000     0.00000     0.03699   -3.933634125   -4.509085600   -0.575451475
     1     724     0.00000     0.00000     0.03836   -3.938680551   -4.523221128   -0.584540577
     1     724     0.00000     0.00000     0.03973   -3.943244239   -4.548556505   -0.605312266
     1     724     0.00000     0.00000     0.04110   -3.945636152   -4.578242924   -0.632606772
     1     725     0.00000     0.00000     0.00000   -3.894202911   -4.452954027   -0.558751116
     1     725     0.00000     0.00000     0.00137   -3.894256852   -4.452751639   -0.558494787
     1     725     0.00000     0.00000     0.00274   -3.894412204   -4.452137975   -0.557725770
     1     725     0.00000     0.00000     0.00411   -3.894636485   -4.451079817   -0.556443333
     1     725     0.00000     0.00000     0.00548   -3.894874995   -4.449508055   -0.554633059
     1     725     0.00000     0.00000     0.00685   -3.895003712   -4.447292670   -0.552288958
     1     725     0.00000     0.00000     0.00822   -3.894774534   -4.444330864   -0.549556331
     1     725     0.00000     0.00000     0.00959   -3.893628531   -4.440746606   -0.547118075
     1     725     0.00000     0.00000     0.01096   -3.890459173   -4.437040466   -0.546581293
     1     725     0.00000     0.00000     0.01233   -3.884132645   -4.431699423   -0.547566779
     1     725     0.00000     0.00000     0.01370   -3.875234147   -4.420531466   -0.545297319
     1     725     0.00000     0.00000     0.01507   -3.865575056   -4.403291671   -0.537716616
     1     725     0.00000     0.00000     0.01644   -3.856996760   -4.382187067   -0.525190306
     1     725     0.00000     0.00000     0.01781   -3.852550970   -4.362658434   -0.510107463
     1     725     0.00000     0.00000     0.01918   -3.856014847   -4.361888799   -0.505873952
     1     725     0.00000     0.00000     0.02055   -3.862094455   -4.373644694   -0.511550239
     1     725     0.00000     0.00000     0.02192   -3.868421780   -4.386906163   -0.518484383
     1     725     0.00000     0.00000     0.02329   -3.874660074   -4.399805959   -0.525145885
     1     725     0.00000     0.00000     0.02466   -3.880714586   -4.411672037   -0.530957450
     1     725     0.00000     0.00000     0.02603   -3.886505430   -4.421759493   -0.535254063
     1     725     0.00000     0.00000     0.02740   -3.891846093   -4.428410181   -0.536564087
     1     725     0.00000     0.00000     0.02877   -3.896203163   -4.427459200   -0.531256036
     1     725     0.00000     0.00000     0.03014   -3.898277360   -4.417781580   -0.519504220
     1     725     0.00000     0.00000     0.03151   -3.897806116   -4.413019882   -0.515213766
     1     725     0.00000     0.00000     0.03288   -3.896247612   -4.413098020   -0.516850408
     1     725     0.00000     0.00000     0.03425   -3.894426097   -4.414642847   -0.520216751
     1     725     0.00000     0.00000     0.03562   -3.892674632   -4.416720482   -0.524045850
     1     725     0.00000     0.00000     0.03699   -3.891158484   -4.418876602   -0.527718118
     1     725     0.00000     0.00000     0.03836   -3.889987275   -4.420752054   -0.530764779
     1     725     0.00000     0.00000     0.03973   -3.889247547   -4.422045085   -0.532797538
     1     725     0.00000     0.00000     0.04110   -3.888995240   -4.422510407   -0.533515167
     1     726     0.00000     0.00000     0.00000   -3.826158807   -4.265312219   -0.439153412
     1     726     0.00000     0.00000     0.00137   -3.826177285   -4.265490296   -0.439313011
     1     726     0.00000     0.00000     0.00274   -3.826231859   -4.266024300   -0.439792441
     1     726     0.00000     0.00000     0.00411   -3.826314537   -4.266917058   -0.440602521
     1     726     0.00000     0.00000     0.00548   -3.826424395   -4.268252704   -0.441828309
     1     726     0.00000     0.00000     0.00685   -3.826548168   -4.270203216   -0.443655047
     1     726     0.00000     0.00000     0.00822   -3.826671717   -4.272921061   -0.446249343
     1     726     0.00000     0.00000     0.00959   -3.826772345   -4.276424214   -0.449651869
     1     726     0.00000     0.00000     0.01096   -3.826806289   -4.280557087   -0.453750798
     1     726     0.00000     0.00000     0.01233   -3.826729765   -4.284784493   -0.458054728
     1     726     0.00000     0.00000     0.01370   -3.826986834   -4.285244264   -0.458257430
     1     726     0.00000     0.00000     0.01507   -3.832575921   -4.303219026   -0.470643105
     1     726     0.00000     0.00000     0.01644   -3.839168264   -4.319141657   -0.479973393
     1     726     0.00000     0.00000     0.01781   -3.843708072   -4.331642912   -0.487934840
     1     726     0.00000     0.00000     0.01918   -3.843028017   -4.331288472   -0.488260455
     1     726     0.00000     0.00000     0.02055   -3.841754414   -4.326486795   -0.484732381
     1     726     0.00000     0.00000     0.02192   -3.841314468   -4.324588313   -0.483273845
     1     726     0.00000     0.00000     0.02329   -3.841451532   -4.324291798   -0.482840267
     1     726     0.00000     0.00000     0.02466   -3.841949453   -4.324485454   -0.482536001
     1     726     0.00000     0.00000     0.02603   -3.842682279   -4.324587065   -0.481904786
     1     726     0.00000     0.00000     0.02740   -3.843576755   -4.324293403   -0.480716648
     1     726     0.00000     0.00000     0.02877   -3.844583513   -4.323454006   -0.478870493
     1     726     0.00000     0.00000     0.03014   -3.845669829   -4.322023333   -0.476353504
     1     726     0.00000     0.00000     0.03151   -3.846793996   -4.320044747   -0.473250751
     1     726     0.00000     0.00000     0.03288   -3.847927363   -4.317663644   -0.469736281
     1     726     0.00000     0.00000     0.03425   -3.849018136   -4.315077137   -0.466059001
     1     726     0.00000     0.00000     0.03562   -3.850034772   -4.312523367   -0.462488595
     1     726     0.00000     0.00000     0.03699   -3.850917045   -4.310183385   -0.459266340
     1     726     0.00000     0.00000     0.03836   -3.851605567   -4.308221522   -0.456615956
     1     726     0.00000     0.00000     0.03973   -3.852046919   -4.306875504   -0.454828585
     1     726     0.00000     0.00000     0.04110   -3.852202543   -4.306395406   -0.454192863
     1     727     0.00000     0.00000     0.00000   -3.760039942   -4.197252504   -0.437212562
     1     727     0.00000     0.00000     0.00137   -3.761873713   -4.199269521   -0.437395808
     1     727     0.00000     0.00000     0.00274   -3.766568020   -4.204374945   -0.437806925
     1     727     0.00000     0.00000     0.00411   -3.772824795   -4.211145335   -0.438320540
     1     727     0.00000     0.00000     0.00548   -3.779855023   -4.218944839   -0.439089815
     1     727     0.00000     0.00000     0.00685   -3.787256219   -4.227828428   -0.440572209
     1     727     0.00000     0.00000     0.00822   -3.794825294   -4.238094144   -0.443268850
     1     727     0.00000     0.00000     0.00959   -3.802448902   -4.249934451   -0.447485549
     1     727     0.00000     0.00000     0.01096   -3.810044307   -4.263378194   -0.453333887
     1     727     0.00000     0.00000     0.01233   -3.817508405   -4.278637633   -0.461129228
     1     727     0.00000     0.00000     0.01370   -3.824172839   -4.299350508   -0.475177669
     1     727     0.00000     0.00000     0.01507   -3.824606196   -4.303979061   -0.479372864
     1     727     0.00000     0.00000     0.01644   -3.822171094   -4.311742749   -0.489571655
     1     727     0.00000     0.00000     0.01781   -3.817277470   -4.319619327   -0.502341857
     1     727     0.00000     0.00000     0.01918   -3.809510649   -4.320164800   -0.510654152
     1     727     0.00000     0.00000     0.02055   -3.799606785   -4.311457963   -0.511851178
     1     727     0.00000     0.00000     0.02192   -3.788563376   -4.297208039   -0.508644663
     1     727     0.00000     0.00000     0.02329   -3.776986102   -4.280492448   -0.503506345
     1     727     0.00000     0.00000     0.02466   -3.765210107   -4.262920571   -0.497710464
     1     727     0.00000     0.00000     0.02603   -3.753404305   -4.245335850   -0.491931544
     1     727     0.00000     0.00000     0.02740   -3.741678849   -4.228297755   -0.486618906
     1     727     0.00000     0.00000     0.02877   -3.730101830   -4.212247991   -0.482146161
     1     727     0.00000     0.00000     0.03014   -3.718741179   -4.197609070   -0.478867891
     1     727     0.00000     0.00000     0.03151   -3.707640057   -4.184747484   -0.477107426
     1     727     0.00000     0.00000     0.03288   -3.696872662   -4.173989406   -0.477116744
     1     727     0.00000     0.00000     0.03425   -3.686495150   -4.165549709   -0.479054559
     1     727     0.00000     0.00000     0.03562   -3.676616723   -4.159633069   -0.483016346
     1     727     0.00000     0.00000     0.03699   -3.667395648   -4.156662283   -0.489266635
     1     727     0.00000     0.00000     0.03836   -3.659162227   -4.157813803   -0.498651575
     1     727     0.00000     0.00000     0.03973   -3.652741269   -4.164587870   -0.511846601
     1     727     0.00000     0.00000     0.04110   -3.650054768   -4.170898772   -0.520844004
     1     728     0.00000     0.00000     0.00000   -3.723074073   -4.162557087   -0.439483014
     1     728     0.00000     0.00000     0.00137   -3.721220495   -4.160603683   -0.439383188
     1     728     0.00000     0.00000     0.00274   -3.716470455   -4.155696643   -0.439226188
     1     728     0.00000     0.00000     0.00411   -3.710111439   -4.149274707   -0.439163268
     1     728     0.00000     0.00000     0.00548   -3.702946640   -4.142146781   -0.439200141
     1     728     0.00000     0.00000     0.00685   -3.695367832   -4.134614551   -0.439246719
     1     728     0.00000     0.00000     0.00822   -3.687576094   -4.126773370   -0.439197276
     1     728     0.00000     0.00000     0.00959   -3.679685564   -4.118684997   -0.438999433
     1     728     0.00000     0.00000     0.01096   -3.671763771   -4.110439286   -0.438675516
     1     728     0.00000     0.00000     0.01233   -3.663862378   -4.102171160   -0.438308782
     1     728     0.00000     0.00000     0.01370   -3.656031412   -4.094052948   -0.438021536
     1     728     0.00000     0.00000     0.01507   -3.648303722   -4.086265795   -0.437962073
     1     728     0.00000     0.00000     0.01644   -3.640732873   -4.079024252   -0.438291379
     1     728     0.00000     0.00000     0.01781   -3.633369851   -4.072560437   -0.439190585
     1     728     0.00000     0.00000     0.01918   -3.626289863   -4.067145608   -0.440855745
     1     728     0.00000     0.00000     0.02055   -3.619582192   -4.063072922   -0.443490729
     1     728     0.00000     0.00000     0.02192   -3.613370957   -4.060638981   -0.447268024
     1     728     0.00000     0.00000     0.02329   -3.607818910   -4.060025820   -0.452206910
     1     728     0.00000     0.00000     0.02466   -3.603128687   -4.061128975   -0.458000288
     1     728     0.00000     0.00000     0.02603   -3.599518077   -4.063343472   -0.463825394
     1     728     0.00000     0.00000     0.02740   -3.597165233   -4.065640581   -0.468475348
     1     728     0.00000     0.00000     0.02877   -3.596147764   -4.067153936   -0.471006172
     1     728     0.00000     0.00000     0.03014   -3.596433532   -4.067682284   -0.471248752
     1     728     0.00000     0.00000     0.03151   -3.597910097   -4.067600939   -0.469690841
     1     728     0.00000     0.00000     0.03288   -3.600452254   -4.067362914   -0.466910659
     1     728     0.00000     0.00000     0.03425   -3.603921956   -4.067078013   -0.463156056
     1     728     0.00000     0.00000     0.03562   -3.608190074   -4.066425747   -0.458235673
     1     728     0.00000     0.00000     0.03699   -3.613064338   -4.064565730   -0.451501392
     1     728     0.00000     0.00000     0.03836   -3.618197991   -4.059990004   -0.441792013
     1     728     0.00000     0.00000     0.03973   -3.622767594   -4.051139908   -0.428372314
     1     728     0.00000     0.00000     0.04110   -3.624838170   -4.044131953   -0.419293783
     1     729     0.00000     0.00000     0.00000   -3.554647455   -4.127772064   -0.573124609
     1     729     0.00000     0.00000     0.00137   -3.554659275   -4.127702575   -0.573043299
     1     729     0.00000     0.00000     0.00274   -3.554693869   -4.127490380   -0.572796511
     1     729     0.00000     0.00000     0.00411   -3.554748557   -4.127109246   -0.572360689
     1     729     0.00000     0.00000     0.00548   -3.554827442   -4.126399659   -0.571572217
     1     729     0.00000     0.00000     0.00685   -3.554925842   -4.124968347   -0.570042506
     1     729     0.00000     0.00000     0.00822   -3.555045744   -4.122393403   -0.567347659
     1     729     0.00000     0.00000     0.00959   -3.555186792   -4.118419203   -0.563232411
     1     729     0.00000     0.00000     0.01096   -3.555344630   -4.112995229   -0.557650599
     1     729     0.00000     0.00000     0.01233   -3.555515543   -4.106221806   -0.550706262
     1     729     0.00000     0.00000     0.01370   -3.555696517   -4.098264747   -0.542568230
     1     729     0.00000     0.00000     0.01507   -3.555875887   -4.089270949   -0.533395063
     1     729     0.00000     0.00000     0.01644   -3.556037792   -4.079341583   -0.523303791
     1     729     0.00000     0.00000     0.01781   -3.556161997   -4.068505307   -0.512343310
     1     729     0.00000     0.00000     0.01918   -3.556215475   -4.056720090   -0.500504615
     1     729     0.00000     0.00000     0.02055   -3.556140343   -4.043886087   -0.487745744
     1     729     0.00000     0.00000     0.02192   -3.555860395   -4.029910716   -0.474050320
     1     729     0.00000     0.00000     0.02329   -3.555263432   -4.014835099   -0.459571667
     1     729     0.00000     0.00000     0.02466   -3.554213369   -3.999035635   -0.444822266
     1     729     0.00000     0.00000     0.02603   -3.552560087   -3.983435175   -0.430875088
     1     729     0.00000     0.00000     0.02740   -3.550214175   -3.969433598   -0.419219423
     1     729     0.00000     0.00000     0.02877   -3.547181318   -3.958264691   -0.411083373
     1     729     0.00000     0.00000     0.03014   -3.543602963   -3.950467347   -0.406864384
     1     729     0.00000     0.00000     0.03151   -3.539698628   -3.945871190   -0.406172562
     1     729     0.00000     0.00000     0.03288   -3.535712205   -3.944031777   -0.408319572
     1     729     0.00000     0.00000     0.03425   -3.531878798   -3.944511844   -0.412633046
     1     729     0.00000     0.00000     0.03562   -3.528418730   -3.946902522   -0.418483792
     1     729     0.00000     0.00000     0.03699   -3.525522578   -3.950632298   -0.425109720
     1     729     0.00000     0.00000     0.03836   -3.523340689   -3.954776563   -0.431435875
     1     729     0.00000     0.00000     0.03973   -3.521992143   -3.958080079   -0.436087936
     1     729     0.00000     0.00000     0.04110   -3.521537158   -3.959348173   -0.437811015
     1     730     0.00000     0.00000     0.00000   -3.390230022   -3.751244578   -0.361014556
     1     730     0.00000     0.00000     0.00137   -3.390440559   -3.751491310   -0.361050750
     1     730     0.00000     0.00000     0.00274   -3.391071874   -3.752232594   -0.361160720
     1     730     0.00000     0.00000     0.00411   -3.392122082   -3.753479675   -0.361357593
     1     730     0.00000     0.00000     0.00548   -3.393587534   -3.755326062   -0.361738527
     1     730     0.00000     0.00000     0.00685   -3.395458309   -3.757997441   -0.362539132
     1     730     0.00000     0.00000     0.00822   -3.397731186   -3.761745896   -0.364014710
     1     730     0.00000     0.00000     0.00959   -3.400393084   -3.766704266   -0.366311182
     1     730     0.00000     0.00000     0.01096   -3.403429057   -3.772864068   -0.369435011
     1     730     0.00000     0.00000     0.01233   -3.406821407   -3.780105410   -0.373284003
     1     730     0.00000     0.00000     0.01370   -3.410552475   -3.788251628   -0.377699153
     1     730     0.00000     0.00000     0.01507   -3.414606317   -3.797113257   -0.382506940
     1     730     0.00000     0.00000     0.01644   -3.418952488   -3.806492577   -0.387540089
     1     730     0.00000     0.00000     0.01781   -3.423553876   -3.816201434   -0.392647558
     1     730     0.00000     0.00000     0.01918   -3.428385755   -3.826075582   -0.397689827
     1     730     0.00000     0.00000     0.02055   -3.433406006   -3.835936460   -0.402530454
     1     730     0.00000     0.00000     0.02192   -3.438574090   -3.845597477   -0.407023387
     1     730     0.00000     0.00000     0.02329   -3.443825821   -3.854827824   -0.411002003
     1     730     0.00000     0.00000     0.02466   -3.449117210   -3.863391531   -0.414274321
     1     730     0.00000     0.00000     0.02603   -3.454370320   -3.870991068   -0.416620748
     1     730     0.00000     0.00000     0.02740   -3.459515784   -3.877326023   -0.417810239
     1     730     0.00000     0.00000     0.02877   -3.464466123   -3.882094535   -0.417628412
     1     730     0.00000     0.00000     0.03014   -3.469140021   -3.885064011   -0.415923989
     1     730     0.00000     0.00000     0.03151   -3.473446371   -3.886102572   -0.412656201
     1     730     0.00000     0.00000     0.03288   -3.477299047   -3.885217433   -0.407918386
     1     730     0.00000     0.00000     0.03425   -3.480618933   -3.882554391   -0.401935459
     1     730     0.00000     0.00000     0.03562   -3.483350127   -3.878389390   -0.395039263
     1     730     0.00000     0.00000     0.03699   -3.485455652   -3.873206785   -0.387751133
     1     730     0.00000     0.00000     0.03836   -3.486928757   -3.867891452   -0.380962695
     1     730     0.00000     0.00000     0.03973   -3.487789816   -3.863794130   -0.376004314
     1     730     0.00000     0.00000     0.04110   -3.488074735   -3.862245950   -0.374171215
     1     731     0.00000     0.00000     0.00000   -3.333186241   -3.677198711   -0.344012470
     1     731     0.00000     0.00000     0.00137   -3.333348534   -3.677381401   -0.344032867
     1     731     0.00000     0.00000     0.00274   -3.333836115   -3.677930412   -0.344094297
     1     731     0.00000     0.00000     0.00411   -3.334648076   -3.678853582   -0.344205506
     1     731     0.00000     0.00000     0.00548   -3.335778234   -3.680223935   -0.344445700
     1     731     0.00000     0.00000     0.00685   -3.337222021   -3.682220696   -0.344998675
     1     731     0.00000     0.00000     0.00822   -3.338976845   -3.685023043   -0.346046199
     1     731     0.00000     0.00000     0.00959   -3.341030661   -3.688699690   -0.347669029
     1     731     0.00000     0.00000     0.01096   -3.343375329   -3.693212683   -0.349837354
     1     731     0.00000     0.00000     0.01233   -3.345995271   -3.698447919   -0.352452648
     1     731     0.00000     0.00000     0.01370   -3.348879383   -3.704271184   -0.355391801
     1     731     0.00000     0.00000     0.01507   -3.352019154   -3.710558817   -0.358539664
     1     731     0.00000     0.00000     0.01644   -3.355397192   -3.717201201   -0.361804009
     1     731     0.00000     0.00000     0.01781   -3.358995039   -3.724113151   -0.365118112
     1     731     0.00000     0.00000     0.01918   -3.362802320   -3.731239558   -0.368437238
     1     731     0.00000     0.00000     0.02055   -3.366793361   -3.738523732   -0.371730371
     1     731     0.00000     0.00000     0.02192   -3.370952079   -3.745925377   -0.374973298
     1     731     0.00000     0.00000     0.02329   -3.375245810   -3.753386132   -0.378140321
     1     731     0.00000     0.00000     0.02466   -3.379652276   -3.760851371   -0.381199095
     1     731     0.00000     0.00000     0.02603   -3.384137235   -3.768242661   -0.384105426
     1     731     0.00000     0.00000     0.02740   -3.388666835   -3.775469607   -0.386802772
     1     731     0.00000     0.00000     0.02877   -3.393199993   -3.782427161   -0.389227169
     1     731     0.00000     0.00000     0.03014   -3.397666538   -3.788984207   -0.391317669
     1     731     0.00000     0.00000     0.03151   -3.402013291   -3.795053973   -0.393040681
     1     731     0.00000     0.00000     0.03288   -3.406159114   -3.800571893   -0.394412779
     1     731     0.00000     0.00000     0.03425   -3.409998901   -3.805510877   -0.395511976
     1     731     0.00000     0.00000     0.03562   -3.413425285   -3.809879079   -0.396453794
     1     731     0.00000     0.00000     0.03699   -3.416305696   -3.813620421   -0.397314725
     1     731     0.00000     0.00000     0.03836   -3.418498134   -3.816561554   -0.398063421
     1     731     0.00000     0.00000     0.03973   -3.419871742   -3.818456800   -0.398585058
     1     731     0.00000     0.00000     0.04110   -3.420343792   -3.819116960   -0.398773168
     1     732     0.00000     0.00000     0.00000   -2.490296587   -1.684034308    0.806262279
     1     732     0.00000     0.00000     0.00137   -2.490149613   -1.683883129    0.806266483
     1     732     0.00000     0.00000     0.00274   -2.489721913   -1.683442132    0.806279781
     1     732     0.00000     0.00000     0.00411   -2.489011390   -1.682702798    0.806308591
     1     732     0.00000     0.00000     0.00548   -2.488030527   -1.681630975    0.806399552
     1     732     0.00000     0.00000     0.00685   -2.486792621   -1.680128202    0.806664420
     1     732     0.00000     0.00000     0.00822   -2.485317013   -1.678092204    0.807224809
     1     732     0.00000     0.00000     0.00959   -2.483618512   -1.675465304    0.808153208
     1     732     0.00000     0.00000     0.01096   -2.481727859   -1.672269012    0.809458847
     1     732     0.00000     0.00000     0.01233   -2.479667521   -1.668563569    0.811103952
     1     732     0.00000     0.00000     0.01370   -2.477470878   -1.664444983    0.813025895
     1     732     0.00000     0.00000     0.01507   -2.475174226   -1.660018931    0.815155296
     1     732     0.00000     0.00000     0.01644   -2.472806406   -1.655379685    0.817426722
     1     732     0.00000     0.00000     0.01781   -2.470402516   -1.650621042    0.819781474
     1     732     0.00000     0.00000     0.01918   -2.468012413   -1.645846586    0.822165827
     1     732     0.00000     0.00000     0.02055   -2.465665180   -1.641134414    0.824530766
     1     732     0.00000     0.00000     0.02192   -2.463394606   -1.636567854    0.826826753
     1     732     0.00000     0.00000     0.02329   -2.461226736   -1.632221200    0.829005536
     1     732     0.00000     0.00000     0.02466   -2.459197567   -1.628179842    0.831017725
     1     732     0.00000     0.00000     0.02603   -2.457320212   -1.624505007    0.832815205
     1     732     0.00000     0.00000     0.02740   -2.455608553   -1.621253070    0.834355483
     1     732     0.00000     0.00000     0.02877   -2.454072555   -1.618468254    0.835604300
     1     732     0.00000     0.00000     0.03014   -2.452712641   -1.616169661    0.836542979
     1     732     0.00000     0.00000     0.03151   -2.451528072   -1.614353374    0.837174698
     1     732     0.00000     0.00000     0.03288   -2.450519481   -1.612988650    0.837530831
     1     732     0.00000     0.00000     0.03425   -2.449676604   -1.612004295    0.837672309
     1     732     0.00000     0.00000     0.03562   -2.449000353   -1.611319649    0.837680704
     1     732     0.00000     0.00000     0.03699   -2.448482602   -1.610845910    0.837636691
     1     732     0.00000     0.00000     0.03836   -2.448114632   -1.610522109    0.837592523
     1     732     0.00000     0.00000     0.03973   -2.447896198   -1.610331315    0.837564883
     1     732     0.00000     0.00000     0.04110   -2.447824846   -1.610269245    0.837555601
     1     733     0.00000     0.00000     0.00000   -2.398625519   -1.577902420    0.820723099
     1     733     0.00000     0.00000     0.00137   -2.398544079   -1.577752036    0.820792043
     1     733     0.00000     0.00000     0.00274   -2.398318329   -1.577320973    0.820997357
     1     733     0.00000     0.00000     0.00411   -2.397935397   -1.576598188    0.821337209
     1     733     0.00000     0.00000     0.00548   -2.397398353   -1.575564461    0.821833892
     1     733     0.00000     0.00000     0.00685   -2.396702080   -1.574164003    0.822538077
     1     733     0.00000     0.00000     0.00822   -2.395846117   -1.572374365    0.823471752
     1     733     0.00000     0.00000     0.00959   -2.394812406   -1.570218177    0.824594230
     1     733     0.00000     0.00000     0.01096   -2.393603328   -1.567785235    0.825818093
     1     733     0.00000     0.00000     0.01233   -2.392197588   -1.565158490    0.827039098
     1     733     0.00000     0.00000     0.01370   -2.390583331   -1.562417848    0.828165484
     1     733     0.00000     0.00000     0.01507   -2.388749278   -1.559617829    0.829131449
     1     733     0.00000     0.00000     0.01644   -2.386665121   -1.556767020    0.829898100
     1     733     0.00000     0.00000     0.01781   -2.384303454   -1.553850633    0.830452821
     1     733     0.00000     0.00000     0.01918   -2.381664606   -1.550860792    0.830803814
     1     733     0.00000     0.00000     0.02055   -2.378705349   -1.547731743    0.830973605
     1     733     0.00000     0.00000     0.02192   -2.375420015   -1.544423762    0.830996252
     1     733     0.00000     0.00000     0.02329   -2.371782564   -1.540873463    0.830909100
     1     733     0.00000     0.00000     0.02466   -2.367794983   -1.537043982    0.830751001
     1     733     0.00000     0.00000     0.02603   -2.363453395   -1.532895961    0.830557434
     1     733     0.00000     0.00000     0.02740   -2.358754975   -1.528400202    0.830354773
     1     733     0.00000     0.00000     0.02877   -2.353715113   -1.523556131    0.830158982
     1     733     0.00000     0.00000     0.03014   -2.348344232   -1.518371740    0.829972492
     1     733     0.00000     0.00000     0.03151   -2.342671006   -1.512886433    0.829784573
     1     733     0.00000     0.00000     0.03288   -2.336736524   -1.507163761    0.829572763
     1     733     0.00000     0.00000     0.03425   -2.330583639   -1.501277634    0.829306006
     1     733     0.00000     0.00000     0.03562   -2.324285004   -1.495341254    0.828943750
     1     733     0.00000     0.00000     0.03699   -2.317969449   -1.489546744    0.828422705
     1     733     0.00000     0.00000     0.03836   -2.311909765   -1.484283853    0.827625912
     1     733     0.00000     0.00000     0.03973   -2.306834666   -1.480399918    0.826434748
     1     733     0.00000     0.00000     0.04110   -2.304594719   -1.479024541    0.825570178
     1     734     0.00000     0.00000     0.00000   -2.338594808   -1.480867931    0.857726877
     1     734     0.00000     0.00000     0.00137   -2.338425964   -1.480762340    0.857663624
     1     734     0.00000     0.00000     0.00274   -2.337925442   -1.480450479    0.857474964
     1     734     0.00000     0.00000     0.00411   -2.337088516   -1.479922766    0.857165750
     1     734     0.00000     0.00000     0.00548   -2.335916746   -1.479162493    0.856754252
     1     734     0.00000     0.00000     0.00685   -2.334405475   -1.478116378    0.856289097
     1     734     0.00000     0.00000     0.00822   -2.332558604   -1.476711211    0.855847393
     1     734     0.00000     0.00000     0.00959   -2.330367950   -1.474854465    0.855513486
     1     734     0.00000     0.00000     0.01096   -2.327839102   -1.472481982    0.855357120
     1     734     0.00000     0.00000     0.01233   -2.324968897   -1.469544659    0.855424237
     1     734     0.00000     0.00000     0.01370   -2.321759675   -1.466025442    0.855734233
     1     734     0.00000     0.00000     0.01507   -2.318213911   -1.461928601    0.856285310
     1     734     0.00000     0.00000     0.01644   -2.314332272   -1.457269516    0.857062756
     1     734     0.00000     0.00000     0.01781   -2.310116948   -1.452074101    0.858042847
     1     734     0.00000     0.00000     0.01918   -2.305590242   -1.446392977    0.859197265
     1     734     0.00000     0.00000     0.02055   -2.300752332   -1.440259648    0.860492684
     1     734     0.00000     0.00000     0.02192   -2.295613361   -1.433724158    0.861889203
     1     734     0.00000     0.00000     0.02329   -2.290191470   -1.426855715    0.863335755
     1     734     0.00000     0.00000     0.02466   -2.284522728   -1.419762433    0.864760295
     1     734     0.00000     0.00000     0.02603   -2.278638672   -1.412587443    0.866051229
     1     734     0.00000     0.00000     0.02740   -2.272603668   -1.405585509    0.867018159
     1     734     0.00000     0.00000     0.02877   -2.266540528   -1.399248040    0.867292488
     1     734     0.00000     0.00000     0.03014   -2.260726505   -1.394697118    0.866029386
     1     734     0.00000     0.00000     0.03151   -2.255896816   -1.394785328    0.861111489
     1     734     0.00000     0.00000     0.03288   -2.253849537   -1.404023751    0.849825786
     1     734     0.00000     0.00000     0.03425   -2.256281537   -1.417407401    0.838874136
     1     734     0.00000     0.00000     0.03562   -2.261724778   -1.427195952    0.834528826
     1     734     0.00000     0.00000     0.03699   -2.268179644   -1.434666211    0.833513433
     1     734     0.00000     0.00000     0.03836   -2.274578345   -1.440792989    0.833785356
     1     734     0.00000     0.00000     0.03973   -2.279926256   -1.445142054    0.834784202
     1     734     0.00000     0.00000     0.04110   -2.282270707   -1.446672015    0.835598692
     1     735     0.00000     0.00000     0.00000   -2.031556432   -1.146691611    0.884864821
     1     735     0.00000     0.00000     0.00137   -2.035092396   -1.149495802    0.885596594
     1     735     0.00000     0.00000     0.00274   -2.042402164   -1.156068804    0.886333360
     1     735     0.00000     0.00000     0.00411   -2.050821978   -1.164097697    0.886724281
     1     735     0.00000     0.00000     0.00548   -2.059630609   -1.172760731    0.886869878
     1     735     0.00000     0.00000     0.00685   -2.068616165   -1.181943086    0.886673078
     1     735     0.00000     0.00000     0.00822   -2.077696636   -1.191725329    0.885971307
     1     735     0.00000     0.00000     0.00959   -2.086835930   -1.202170238    0.884665692
     1     735     0.00000     0.00000     0.01096   -2.096004597   -1.213249383    0.882755214
     1     735     0.00000     0.00000     0.01233   -2.105181330   -1.224867817    0.880313514
     1     735     0.00000     0.00000     0.01370   -2.114366638   -1.236916429    0.877450209
     1     735     0.00000     0.00000     0.01507   -2.123548239   -1.249268728    0.874279510
     1     735     0.00000     0.00000     0.01644   -2.132714837   -1.261812595    0.870902242
     1     735     0.00000     0.00000     0.01781   -2.141855208   -1.274455525    0.867399682
     1     735     0.00000     0.00000     0.01918   -2.150965521   -1.287130216    0.863835305
     1     735     0.00000     0.00000     0.02055   -2.160027628   -1.299766732    0.860260896
     1     735     0.00000     0.00000     0.02192   -2.169029467   -1.312304054    0.856725413
     1     735     0.00000     0.00000     0.02329   -2.177957190   -1.324671404    0.853285785
     1     735     0.00000     0.00000     0.02466   -2.186781438   -1.336760342    0.850021096
     1     735     0.00000     0.00000     0.02603   -2.195462771   -1.348408107    0.847054664
     1     735     0.00000     0.00000     0.02740   -2.203941987   -1.359346382    0.844595605
     1     735     0.00000     0.00000     0.02877   -2.212094404   -1.369055861    0.843038543
     1     735     0.00000     0.00000     0.03014   -2.219635479   -1.376377423    0.843258056
     1     735     0.00000     0.00000     0.03151   -2.225829310   -1.378433929    0.847395381
     1     735     0.00000     0.00000     0.03288   -2.228886173   -1.370725222    0.858160951
     1     735     0.00000     0.00000     0.03425   -2.227086893   -1.358252155    0.868834738
     1     735     0.00000     0.00000     0.03562   -2.221895425   -1.348780019    0.873115406
     1     735     0.00000     0.00000     0.03699   -2.215302313   -1.341104055    0.874198258
     1     735     0.00000     0.00000     0.03836   -2.208330599   -1.334282129    0.874048471
     1     735     0.00000     0.00000     0.03973   -2.202024700   -1.328919314    0.873105386
     1     735     0.00000     0.00000     0.04110   -2.198983684   -1.326837484    0.872146200
     1     736     0.00000     0.00000     0.00000   -2.011138791   -1.120569847    0.890568944
     1     736     0.00000     0.00000     0.00137   -2.007638348   -1.117797985    0.889840363
     1     736     0.00000     0.00000     0.00274   -2.000410092   -1.111295611    0.889114481
     1     736     0.00000     0.00000     0.00411   -1.992142292   -1.103395829    0.888746463
     1     736     0.00000     0.00000     0.00548   -1.983566065   -1.094924598    0.888641467
     1     736     0.00000     0.00000     0.00685   -1.974928397   -1.086014547    0.888913850
     1     736     0.00000     0.00000     0.00822   -1.966421077   -1.076582523    0.889838553
     1     736     0.00000     0.00000     0.00959   -1.959396877   -1.060759293    0.898637584
     1     736     0.00000     0.00000     0.01096   -1.962811675   -1.050106181    0.912705494
     1     736     0.00000     0.00000     0.01233   -1.969592250   -1.048643082    0.920949168
     1     736     0.00000     0.00000     0.01370   -1.978686870   -1.054276019    0.924410851
     1     736     0.00000     0.00000     0.01507   -1.988976573   -1.064954316    0.924022257
     1     736     0.00000     0.00000     0.01644   -1.999814470   -1.078137017    0.921677454
     1     736     0.00000     0.00000     0.01781   -2.010887868   -1.092548545    0.918339323
     1     736     0.00000     0.00000     0.01918   -2.022067430   -1.107602519    0.914464911
     1     736     0.00000     0.00000     0.02055   -2.033264691   -1.122972518    0.910292173
     1     736     0.00000     0.00000     0.02192   -2.044428903   -1.138464463    0.905964440
     1     736     0.00000     0.00000     0.02329   -2.055522220   -1.153938071    0.901584149
     1     736     0.00000     0.00000     0.02466   -2.066532515   -1.169290487    0.897242028
     1     736     0.00000     0.00000     0.02603   -2.077431173   -1.184395970    0.893035203
     1     736     0.00000     0.00000     0.02740   -2.088203825   -1.199125246    0.889078579
     1     736     0.00000     0.00000     0.02877   -2.098839558   -1.213330837    0.885508721
     1     736     0.00000     0.00000     0.03014   -2.109306766   -1.226830007    0.882476759
     1     736     0.00000     0.00000     0.03151   -2.119605524   -1.239479483    0.880126041
     1     736     0.00000     0.00000     0.03288   -2.129710322   -1.251157967    0.878552355
     1     736     0.00000     0.00000     0.03425   -2.139579416   -1.261823042    0.877756374
     1     736     0.00000     0.00000     0.03562   -2.149173913   -1.271557676    0.877616237
     1     736     0.00000     0.00000     0.03699   -2.158386716   -1.280452464    0.877934252
     1     736     0.00000     0.00000     0.03836   -2.166972618   -1.288370321    0.878602297
     1     736     0.00000     0.00000     0.03973   -2.174181552   -1.294440267    0.879741285
     1     736     0.00000     0.00000     0.04110   -2.177514038   -1.296762169    0.880751869
     1     737     0.00000     0.00000     0.00000   -1.951633906   -1.054889388    0.896744518
     1     737     0.00000     0.00000     0.00137   -1.951748486   -1.054904804    0.896843682
     1     737     0.00000     0.00000     0.00274   -1.952082536   -1.054938646    0.897143890
     1     737     0.00000     0.00000     0.00411   -1.952651136   -1.054990551    0.897660585
     1     737     0.00000     0.00000     0.00548   -1.953463559   -1.055002033    0.898461526
     1     737     0.00000     0.00000     0.00685   -1.954578884   -1.054844440    0.899734444
     1     737     0.00000     0.00000     0.00822   -1.956107849   -1.054187711    0.901920137
     1     737     0.00000     0.00000     0.00959   -1.957445238   -1.057670384    0.899774854
     1     737     0.00000     0.00000     0.01096   -1.952317160   -1.049631623    0.902685537
     1     737     0.00000     0.00000     0.01233   -1.952520955   -1.041671028    0.910849926
     1     737     0.00000     0.00000     0.01370   -1.954614645   -1.044878841    0.909735804
     1     737     0.00000     0.00000     0.01507   -1.956453046   -1.047400073    0.909052973
     1     737     0.00000     0.00000     0.01644   -1.958046964   -1.048958718    0.909088247
     1     737     0.00000     0.00000     0.01781   -1.959501913   -1.050086121    0.909415793
     1     737     0.00000     0.00000     0.01918   -1.960870943   -1.051064633    0.909806310
     1     737     0.00000     0.00000     0.02055   -1.962169488   -1.052017615    0.910151873
     1     737     0.00000     0.00000     0.02192   -1.963410117   -1.053011079    0.910399038
     1     737     0.00000     0.00000     0.02329   -1.964589597   -1.054067314    0.910522283
     1     737     0.00000     0.00000     0.02466   -1.965708624   -1.055195965    0.910512660
     1     737     0.00000     0.00000     0.02603   -1.966765278   -1.056392649    0.910372629
     1     737     0.00000     0.00000     0.02740   -1.967751973   -1.057636013    0.910115960
     1     737     0.00000     0.00000     0.02877   -1.968668133   -1.058899374    0.909768759
     1     737     0.00000     0.00000     0.03014   -1.969499405   -1.060129895    0.909369510
     1     737     0.00000     0.00000     0.03151   -1.970246645   -1.061279829    0.908966816
     1     737     0.00000     0.00000     0.03288   -1.970907783   -1.062296312    0.908611471
     1     737     0.00000     0.00000     0.03425   -1.971468469   -1.063125006    0.908343463
     1     737     0.00000     0.00000     0.03562   -1.971937411   -1.063762883    0.908174528
     1     737     0.00000     0.00000     0.03699   -1.972307156   -1.064224848    0.908082308
     1     737     0.00000     0.00000     0.03836   -1.972570466   -1.064540051    0.908030415
     1     737     0.00000     0.00000     0.03973   -1.972727136   -1.064726513    0.908000623
     1     737     0.00000     0.00000     0.04110   -1.972782891   -1.064792170    0.907990721
     1     738     0.00000     0.00000     0.00000   -1.917367306   -1.004325721    0.913041585
     1     738     0.00000     0.00000     0.00137   -1.917505666   -1.004373304    0.913132362
     1     738     0.00000     0.00000     0.00274   -1.917973226   -1.004472344    0.913500882
     1     738     0.00000     0.00000     0.00411   -1.918982857   -1.004485028    0.914497830
     1     738     0.00000     0.00000     0.00548   -1.920956661   -1.004125810    0.916830851
     1     738     0.00000     0.00000     0.00685   -1.924508859   -1.003465017    0.921043841
     1     738     0.00000     0.00000     0.00822   -1.929944495   -1.004468825    0.925475670
     1     738     0.00000     0.00000     0.00959   -1.936317370   -1.010832399    0.925484971
     1     738     0.00000     0.00000     0.01096   -1.940214110   -1.027095550    0.913118560
     1     738     0.00000     0.00000     0.01233   -1.936259461   -1.036625612    0.899633848
     1     738     0.00000     0.00000     0.01370   -1.928603789   -1.029502577    0.899101212
     1     738     0.00000     0.00000     0.01507   -1.920346270   -1.019025445    0.901320825
     1     738     0.00000     0.00000     0.01644   -1.912165518   -1.007479946    0.904685572
     1     738     0.00000     0.00000     0.01781   -1.905116245   -0.993891881    0.911224364
     1     738     0.00000     0.00000     0.01918   -1.901964282   -0.983122352    0.918841930
     1     738     0.00000     0.00000     0.02055   -1.901083952   -0.980512852    0.920571101
     1     738     0.00000     0.00000     0.02192   -1.900685029   -0.979624853    0.921060176
     1     738     0.00000     0.00000     0.02329   -1.900455607   -0.979210478    0.921245129
     1     738     0.00000     0.00000     0.02466   -1.900330786   -0.979056877    0.921273909
     1     738     0.00000     0.00000     0.02603   -1.900282395   -0.979094710    0.921187685
     1     738     0.00000     0.00000     0.02740   -1.900282222   -0.979268288    0.921013934
     1     738     0.00000     0.00000     0.02877   -1.900332251   -0.979548966    0.920783285
     1     738     0.00000     0.00000     0.03014   -1.900401570   -0.979866523    0.920535047
     1     738     0.00000     0.00000     0.03151   -1.900491338   -0.980179813    0.920311525
     1     738     0.00000     0.00000     0.03288   -1.900595631   -0.980444740    0.920150891
     1     738     0.00000     0.00000     0.03425   -1.900689808   -0.980616182    0.920073627
     1     738     0.00000     0.00000     0.03562   -1.900781034   -0.980708625    0.920072409
     1     738     0.00000     0.00000     0.03699   -1.900861875   -0.980749188    0.920112687
     1     738     0.00000     0.00000     0.03836   -1.900919135   -0.980764057    0.920155077
     1     738     0.00000     0.00000     0.03973   -1.900952721   -0.980770833    0.920181888
     1     738     0.00000     0.00000     0.04110   -1.900967021   -0.980776151    0.920190870
     1     739     0.00000     0.00000     0.00000   -1.840699088   -0.891922026    0.948777062
     1     739     0.00000     0.00000     0.00137   -1.851804719   -0.901355718    0.950449001
     1     739     0.00000     0.00000     0.00274   -1.863215086   -0.913096261    0.950118826
     1     739     0.00000     0.00000     0.00411   -1.873920095   -0.924879449    0.949040646
     1     739     0.00000     0.00000     0.00548   -1.883420704   -0.937037269    0.946383436
     1     739     0.00000     0.00000     0.00685   -1.890992961   -0.949774908    0.941218053
     1     739     0.00000     0.00000     0.00822   -1.896096888   -0.961668160    0.934428728
     1     739     0.00000     0.00000     0.00959   -1.898962425   -0.970352764    0.928609661
     1     739     0.00000     0.00000     0.01096   -1.900345354   -0.975496470    0.924848884
     1     739     0.00000     0.00000     0.01233   -1.900875553   -0.978171641    0.922703911
     1     739     0.00000     0.00000     0.01370   -1.900919226   -0.979377855    0.921541371
     1     739     0.00000     0.00000     0.01507   -1.900651584   -0.979775766    0.920875817
     1     739     0.00000     0.00000     0.01644   -1.900031376   -0.979939383    0.920091993
     1     739     0.00000     0.00000     0.01781   -1.898190269   -0.981607776    0.916582492
     1     739     0.00000     0.00000     0.01918   -1.892470629   -0.980244036    0.912226593
     1     739     0.00000     0.00000     0.02055   -1.884527182   -0.970698280    0.913828902
     1     739     0.00000     0.00000     0.02192   -1.876190292   -0.959562570    0.916627722
     1     739     0.00000     0.00000     0.02329   -1.867775871   -0.948163056    0.919612815
     1     739     0.00000     0.00000     0.02466   -1.859370050   -0.936801983    0.922568067
     1     739     0.00000     0.00000     0.02603   -1.851015393   -0.925633629    0.925381764
     1     739     0.00000     0.00000     0.02740   -1.842723803   -0.914777479    0.927946324
     1     739     0.00000     0.00000     0.02877   -1.834530413   -0.904396596    0.930133816
     1     739     0.00000     0.00000     0.03014   -1.826459545   -0.894672399    0.931787145
     1     739     0.00000     0.00000     0.03151   -1.818569237   -0.885854069    0.932715168
     1     739     0.00000     0.00000     0.03288   -1.810955293   -0.878270841    0.932684451
     1     739     0.00000     0.00000     0.03425   -1.803767674   -0.872374390    0.931393285
     1     739     0.00000     0.00000     0.03562   -1.797361373   -0.868794478    0.928566895
     1     739     0.00000     0.00000     0.03699   -1.792237153   -0.867607082    0.924630071
     1     739     0.00000     0.00000     0.03836   -1.788746672   -0.867484125    0.921262546
     1     739     0.00000     0.00000     0.03973   -1.786803577   -0.867387397    0.919416180
     1     739     0.00000     0.00000     0.04110   -1.786183679   -0.867321077    0.918862602
     1     740     0.00000     0.00000     0.00000   -1.839168499   -0.886624136    0.952544363
     1     740     0.00000     0.00000     0.00137   -1.827830521   -0.877074584    0.950755936
     1     740     0.00000     0.00000     0.00274   -1.815787063   -0.865116248    0.950670816
     1     740     0.00000     0.00000     0.00411   -1.805473037   -0.853899799    0.951573238
     1     740     0.00000     0.00000     0.00548   -1.803511630   -0.850185246    0.953326384
     1     740     0.00000     0.00000     0.00685   -1.804158426   -0.850580319    0.953578107
     1     740     0.00000     0.00000     0.00822   -1.805122142   -0.851666293    0.953455849
     1     740     0.00000     0.00000     0.00959   -1.806135907   -0.853155367    0.952980539
     1     740     0.00000     0.00000     0.01096   -1.807093826   -0.854958387    0.952135439
     1     740     0.00000     0.00000     0.01233   -1.807923155   -0.856982847    0.950940308
     1     740     0.00000     0.00000     0.01370   -1.808566891   -0.859119629    0.949447262
     1     740     0.00000     0.00000     0.01507   -1.808986990   -0.861260824    0.947726166
     1     740     0.00000     0.00000     0.01644   -1.809146749   -0.863293752    0.945852997
     1     740     0.00000     0.00000     0.01781   -1.809015366   -0.865117573    0.943897793
     1     740     0.00000     0.00000     0.01918   -1.808591864   -0.866668456    0.941923409
     1     740     0.00000     0.00000     0.02055   -1.807856453   -0.867874002    0.939982452
     1     740     0.00000     0.00000     0.02192   -1.806815246   -0.868697498    0.938117748
     1     740     0.00000     0.00000     0.02329   -1.805471492   -0.869108369    0.936363122
     1     740     0.00000     0.00000     0.02466   -1.803846100   -0.869103136    0.934742963
     1     740     0.00000     0.00000     0.02603   -1.801960678   -0.868684541    0.933276137
     1     740     0.00000     0.00000     0.02740   -1.799830766   -0.867853288    0.931977478
     1     740     0.00000     0.00000     0.02877   -1.797493127   -0.866626643    0.930866483
     1     740     0.00000     0.00000     0.03014   -1.794956584   -0.864982581    0.929974003
     1     740     0.00000     0.00000     0.03151   -1.792250050   -0.862878931    0.929371118
     1     740     0.00000     0.00000     0.03288   -1.789375653   -0.860166208    0.929209445
     1     740     0.00000     0.00000     0.03425   -1.786252787   -0.856465006    0.929787781
     1     740     0.00000     0.00000     0.03562   -1.782720388   -0.851230034    0.931490354
     1     740     0.00000     0.00000     0.03699   -1.778488259   -0.844394485    0.934093774
     1     740     0.00000     0.00000     0.03836   -1.773567052   -0.837444313    0.936122739
     1     740     0.00000     0.00000     0.03973   -1.768857142   -0.832087204    0.936769938
     1     740     0.00000     0.00000     0.04110   -1.766613860   -0.829925001    0.936688859
     1     741     0.00000     0.00000     0.00000   -1.800079222   -0.846981052    0.953098170
     1     741     0.00000     0.00000     0.00137   -1.800175928   -0.847027753    0.953148175
     1     741     0.00000     0.00000     0.00274   -1.800323627   -0.847070074    0.953253553
     1     741     0.00000     0.00000     0.00411   -1.798842749   -0.846371484    0.952471265
     1     741     0.00000     0.00000     0.00548   -1.789111283   -0.838154985    0.950956298
     1     741     0.00000     0.00000     0.00685   -1.776828692   -0.825631956    0.951196736
     1     741     0.00000     0.00000     0.00822   -1.764261396   -0.812071427    0.952189969
     1     741     0.00000     0.00000     0.00959   -1.751639535   -0.797667265    0.953972271
     1     741     0.00000     0.00000     0.01096   -1.739031944   -0.782498966    0.956532978
     1     741     0.00000     0.00000     0.01233   -1.726498718   -0.766733652    0.959765066
     1     741     0.00000     0.00000     0.01370   -1.714125516   -0.750648925    0.963476591
     1     741     0.00000     0.00000     0.01507   -1.702060014   -0.734736138    0.967323876
     1     741     0.00000     0.00000     0.01644   -1.690672821   -0.720322524    0.970350297
     1     741     0.00000     0.00000     0.01781   -1.681267511   -0.711817408    0.969450103
     1     741     0.00000     0.00000     0.01918   -1.676942053   -0.713403061    0.963538991
     1     741     0.00000     0.00000     0.02055   -1.677431988   -0.719175985    0.958256003
     1     741     0.00000     0.00000     0.02192   -1.680052476   -0.725694747    0.954357729
     1     741     0.00000     0.00000     0.02329   -1.683647052   -0.732369522    0.951277530
     1     741     0.00000     0.00000     0.02466   -1.687774551   -0.739026412    0.948748139
     1     741     0.00000     0.00000     0.02603   -1.692210162   -0.745563274    0.946646888
     1     741     0.00000     0.00000     0.02740   -1.696828879   -0.751916841    0.944912037
     1     741     0.00000     0.00000     0.02877   -1.701556198   -0.758048787    0.943507411
     1     741     0.00000     0.00000     0.03014   -1.706365699   -0.763968778    0.942396921
     1     741     0.00000     0.00000     0.03151   -1.711277251   -0.769763096    0.941514155
     1     741     0.00000     0.00000     0.03288   -1.716367558   -0.775594718    0.940772839
     1     741     0.00000     0.00000     0.03425   -1.721759441   -0.781616513    0.940142929
     1     741     0.00000     0.00000     0.03562   -1.727540089   -0.787798718    0.939741371
     1     741     0.00000     0.00000     0.03699   -1.733615396   -0.793945210    0.939670186
     1     741     0.00000     0.00000     0.03836   -1.739650706   -0.799754911    0.939895795
     1     741     0.00000     0.00000     0.03973   -1.744855260   -0.804486557    0.940368703
     1     741     0.00000     0.00000     0.04110   -1.747228470   -0.806480281    0.940748189
     1     742     0.00000     0.00000     0.00000   -1.709419900   -0.731402287    0.978017613
     1     742     0.00000     0.00000     0.00137   -1.709034242   -0.731113167    0.977921075
     1     742     0.00000     0.00000     0.00274   -1.707893667   -0.730248829    0.977644838
     1     742     0.00000     0.00000     0.00411   -1.706039704   -0.728813051    0.977226653
     1     742     0.00000     0.00000     0.00548   -1.703543274   -0.726803657    0.976739616
     1     742     0.00000     0.00000     0.00685   -1.700480163   -0.724140977    0.976339186
     1     742     0.00000     0.00000     0.00822   -1.696956780   -0.720648733    0.976308047
     1     742     0.00000     0.00000     0.00959   -1.693081328   -0.715938687    0.977142641
     1     742     0.00000     0.00000     0.01096   -1.689001733   -0.708745982    0.980255751
     1     742     0.00000     0.00000     0.01233   -1.685023886   -0.693041447    0.991982439
     1     742     0.00000     0.00000     0.01370   -1.681817670   -0.662017613    1.019800057
     1     742     0.00000     0.00000     0.01507   -1.679435661   -0.643554723    1.035880938
     1     742     0.00000     0.00000     0.01644   -1.677209294   -0.635748211    1.041461083
     1     742     0.00000     0.00000     0.01781   -1.674872562   -0.630176158    1.044696404
     1     742     0.00000     0.00000     0.01918   -1.672361287   -0.625430634    1.046930653
     1     742     0.00000     0.00000     0.02055   -1.669717424   -0.621846515    1.047870909
     1     742     0.00000     0.00000     0.02192   -1.666889655   -0.618273858    1.048615797
     1     742     0.00000     0.00000     0.02329   -1.663903611   -0.615478517    1.048425094
     1     742     0.00000     0.00000     0.02466   -1.664315065   -0.706596057    0.957719008
     1     742     0.00000     0.00000     0.02603   -1.670826802   -0.719652987    0.951173815
     1     742     0.00000     0.00000     0.02740   -1.677582273   -0.729165042    0.948417232
     1     742     0.00000     0.00000     0.02877   -1.684391603   -0.737984738    0.946406865
     1     742     0.00000     0.00000     0.03014   -1.691148007   -0.746119839    0.945028168
     1     742     0.00000     0.00000     0.03151   -1.697728909   -0.753376376    0.944352533
     1     742     0.00000     0.00000     0.03288   -1.703941850   -0.759479070    0.944462780
     1     742     0.00000     0.00000     0.03425   -1.709532497   -0.764229817    0.945302679
     1     742     0.00000     0.00000     0.03562   -1.714257333   -0.767711356    0.946545977
     1     742     0.00000     0.00000     0.03699   -1.717985547   -0.770192119    0.947793427
     1     742     0.00000     0.00000     0.03836   -1.720679897   -0.771868727    0.948811170
     1     742     0.00000     0.00000     0.03973   -1.722318481   -0.772835842    0.949482640
     1     742     0.00000     0.00000     0.04110   -1.722868806   -0.773149038    0.949719768
     1     743     0.00000     0.00000     0.00000   -1.688614872   -0.642099791    1.046515081
     1     743     0.00000     0.00000     0.00137   -1.688543068   -0.642098950    1.046444118
     1     743     0.00000     0.00000     0.00274   -1.688321920   -0.642081466    1.046240454
     1     743     0.00000     0.00000     0.00411   -1.687946414   -0.642011276    1.045935138
     1     743     0.00000     0.00000     0.00548   -1.687406901   -0.641845630    1.045561271
     1     743     0.00000     0.00000     0.00685   -1.686676840   -0.641529692    1.045147148
     1     743     0.00000     0.00000     0.00822   -1.685759270   -0.641110622    1.044648649
     1     743     0.00000     0.00000     0.00959   -1.684622259   -0.640823466    1.043798793
     1     743     0.00000     0.00000     0.01096   -1.683202699   -0.641860832    1.041341867
     1     743     0.00000     0.00000     0.01233   -1.681304806   -0.650162236    1.031142570
     1     743     0.00000     0.00000     0.01370   -1.678379648   -0.673733971    1.004645677
     1     743     0.00000     0.00000     0.01507   -1.674568305   -0.686762935    0.987805370
     1     743     0.00000     0.00000     0.01644   -1.670796207   -0.691044475    0.979751732
     1     743     0.00000     0.00000     0.01781   -1.667086486   -0.691245561    0.975840926
     1     743     0.00000     0.00000     0.01918   -1.661549934   -0.667070071    0.994479863
     1     743     0.00000     0.00000     0.02055   -1.655810893   -0.634051809    1.021759084
     1     743     0.00000     0.00000     0.02192   -1.653523148   -0.658891700    0.994631448
     1     743     0.00000     0.00000     0.02329   -1.657900387   -0.695554162    0.962346225
     1     743     0.00000     0.00000     0.02466   -1.660455925   -0.613089465    1.047366460
     1     743     0.00000     0.00000     0.02603   -1.657132308   -0.605832232    1.051300076
     1     743     0.00000     0.00000     0.02740   -1.653537129   -0.601191834    1.052345295
     1     743     0.00000     0.00000     0.02877   -1.649749357   -0.596540779    1.053208578
     1     743     0.00000     0.00000     0.03014   -1.645784086   -0.591819340    1.053964746
     1     743     0.00000     0.00000     0.03151   -1.641634786   -0.587030258    1.054604528
     1     743     0.00000     0.00000     0.03288   -1.637328566   -0.582212209    1.055116356
     1     743     0.00000     0.00000     0.03425   -1.632862858   -0.577354437    1.055508422
     1     743     0.00000     0.00000     0.03562   -1.628287309   -0.572464337    1.055822972
     1     743     0.00000     0.00000     0.03699   -1.623647984   -0.567508424    1.056139560
     1     743     0.00000     0.00000     0.03836   -1.619079207   -0.562511751    1.056567455
     1     743     0.00000     0.00000     0.03973   -1.615006377   -0.557766904    1.057239473
     1     743     0.00000     0.00000     0.04110   -1.613000855   -0.555146386    1.057854469
     1     744     0.00000     0.00000     0.00000   -1.682318403   -0.648651522    1.033666881
     1     744     0.00000     0.00000     0.00137   -1.682178065   -0.648448473    1.033729592
     1     744     0.00000     0.00000     0.00274   -1.681758020   -0.647851778    1.033906241
     1     744     0.00000     0.00000     0.00411   -1.681061955   -0.646903373    1.034158582
     1     744     0.00000     0.00000     0.00548   -1.680105651   -0.645656600    1.034449051
     1     744     0.00000     0.00000     0.00685   -1.678895502   -0.644157295    1.034738208
     1     744     0.00000     0.00000     0.00822   -1.677446171   -0.642459435    1.034986736
     1     744     0.00000     0.00000     0.00959   -1.675766588   -0.640639574    1.035127014
     1     744     0.00000     0.00000     0.01096   -1.673865850   -0.638793468    1.035072382
     1     744     0.00000     0.00000     0.01233   -1.671746963   -0.637056406    1.034690557
     1     744     0.00000     0.00000     0.01370   -1.669407132   -0.635682673    1.033724460
     1     744     0.00000     0.00000     0.01507   -1.666820969   -0.635183843    1.031637126
     1     744     0.00000     0.00000     0.01644   -1.663845967   -0.636251472    1.027594495
     1     744     0.00000     0.00000     0.01781   -1.660191555   -0.638702458    1.021489097
     1     744     0.00000     0.00000     0.01918   -1.655966882   -0.641221024    1.014745858
     1     744     0.00000     0.00000     0.02055   -1.652376291   -0.645917181    1.006459110
     1     744     0.00000     0.00000     0.02192   -1.649783902   -0.649676992    1.000106909
     1     744     0.00000     0.00000     0.02329   -1.646471822   -0.620895001    1.025576822
     1     744     0.00000     0.00000     0.02466   -1.642591324   -0.612838833    1.029752491
     1     744     0.00000     0.00000     0.02603   -1.638504791   -0.607727072    1.030777719
     1     744     0.00000     0.00000     0.02740   -1.634237936   -0.603288249    1.030949687
     1     744     0.00000     0.00000     0.02877   -1.629804041   -0.598975892    1.030828149
     1     744     0.00000     0.00000     0.03014   -1.625205571   -0.594590646    1.030614925
     1     744     0.00000     0.00000     0.03151   -1.620456767   -0.590030986    1.030425781
     1     744     0.00000     0.00000     0.03288   -1.615576538   -0.585228428    1.030348110
     1     744     0.00000     0.00000     0.03425   -1.610592181   -0.580076675    1.030515506
     1     744     0.00000     0.00000     0.03562   -1.605607333   -0.574259310    1.031348023
     1     744     0.00000     0.00000     0.03699   -1.600986062   -0.566126401    1.034859661
     1     744     0.00000     0.00000     0.03836   -1.598694415   -0.551250301    1.047444114
     1     744     0.00000     0.00000     0.03973   -1.600601151   -0.546941647    1.053659504
     1     744     0.00000     0.00000     0.04110   -1.602249133   -0.548439401    1.053809732
     1     745     0.00000     0.00000     0.00000   -1.665385263   -0.657270761    1.008114502
     1     745     0.00000     0.00000     0.00137   -1.665310787   -0.657226417    1.008084370
     1     745     0.00000     0.00000     0.00274   -1.665086099   -0.657095412    1.007990688
     1     745     0.00000     0.00000     0.00411   -1.664717809   -0.656889775    1.007828034
     1     745     0.00000     0.00000     0.00548   -1.664218759   -0.656618347    1.007600413
     1     745     0.00000     0.00000     0.00685   -1.663599758   -0.656267719    1.007332038
     1     745     0.00000     0.00000     0.00822   -1.662888999   -0.655855476    1.007033523
     1     745     0.00000     0.00000     0.00959   -1.662115746   -0.655438054    1.006677692
     1     745     0.00000     0.00000     0.01096   -1.661328203   -0.655113387    1.006214816
     1     745     0.00000     0.00000     0.01233   -1.660578212   -0.654937185    1.005641027
     1     745     0.00000     0.00000     0.01370   -1.659920895   -0.654722194    1.005198701
     1     745     0.00000     0.00000     0.01507   -1.659331216   -0.653548791    1.005782425
     1     745     0.00000     0.00000     0.01644   -1.658582605   -0.649609576    1.008973028
     1     745     0.00000     0.00000     0.01781   -1.657117932   -0.642867902    1.014250030
     1     745     0.00000     0.00000     0.01918   -1.653896801   -0.641449503    1.012447298
     1     745     0.00000     0.00000     0.02055   -1.647194414   -0.652716295    0.994478120
     1     745     0.00000     0.00000     0.02192   -1.645870669   -0.627060448    1.018810220
     1     745     0.00000     0.00000     0.02329   -1.642207841   -0.614388563    1.027819278
     1     745     0.00000     0.00000     0.02466   -1.637663695   -0.607278194    1.030385500
     1     745     0.00000     0.00000     0.02603   -1.632919836   -0.599731590    1.033188246
     1     745     0.00000     0.00000     0.02740   -1.628059980   -0.592059146    1.036000834
     1     745     0.00000     0.00000     0.02877   -1.623098328   -0.584502821    1.038595507
     1     745     0.00000     0.00000     0.03014   -1.618019610   -0.577197860    1.040821750
     1     745     0.00000     0.00000     0.03151   -1.612832011   -0.570269773    1.042562238
     1     745     0.00000     0.00000     0.03288   -1.607534585   -0.563790031    1.043744554
     1     745     0.00000     0.00000     0.03425   -1.602156346   -0.557827624    1.044328722
     1     745     0.00000     0.00000     0.03562   -1.596852633   -0.552622450    1.044230183
     1     745     0.00000     0.00000     0.03699   -1.592544132   -0.549606705    1.042937427
     1     745     0.00000     0.00000     0.03836   -1.590858641   -0.557265759    1.033592882
     1     745     0.00000     0.00000     0.03973   -1.587091678   -0.560164457    1.026927220
     1     745     0.00000     0.00000     0.04110   -1.583422510   -0.559135898    1.024286612
     1     746     0.00000     0.00000     0.00000   -1.635578407   -0.606864634    1.028713773
     1     746     0.00000     0.00000     0.00137   -1.635452917   -0.606782213    1.028670704
     1     746     0.00000     0.00000     0.00274   -1.635078260   -0.606544420    1.028533840
     1     746     0.00000     0.00000     0.00411   -1.634477188   -0.606200249    1.028276939
     1     746     0.00000     0.00000     0.00548   -1.633685247   -0.605839513    1.027845734
     1     746     0.00000     0.00000     0.00685   -1.632755752   -0.605627982    1.027127770
     1     746     0.00000     0.00000     0.00822   -1.631799154   -0.605904745    1.025894409
     1     746     0.00000     0.00000     0.00959   -1.630968644   -0.607209366    1.023759278
     1     746     0.00000     0.00000     0.01096   -1.630470253   -0.610181128    1.020289124
     1     746     0.00000     0.00000     0.01233   -1.630507205   -0.615054445    1.015452759
     1     746     0.00000     0.00000     0.01370   -1.631164073   -0.621173841    1.009990233
     1     746     0.00000     0.00000     0.01507   -1.632359859   -0.627648902    1.004710957
     1     746     0.00000     0.00000     0.01644   -1.633999989   -0.634975277    0.999024712
     1     746     0.00000     0.00000     0.01781   -1.636242210   -0.645184623    0.991057587
     1     746     0.00000     0.00000     0.01918   -1.639451910   -0.657823386    0.981628524
     1     746     0.00000     0.00000     0.02055   -1.642792141   -0.664837720    0.977954421
     1     746     0.00000     0.00000     0.02192   -1.635662941   -0.645904945    0.989757996
     1     746     0.00000     0.00000     0.02329   -1.624925638   -0.632053593    0.992872045
     1     746     0.00000     0.00000     0.02466   -1.615014926   -0.602195017    1.012819909
     1     746     0.00000     0.00000     0.02603   -1.611257343   -0.582413675    1.028843667
     1     746     0.00000     0.00000     0.02740   -1.607701315   -0.575682072    1.032019242
     1     746     0.00000     0.00000     0.02877   -1.603981179   -0.569566649    1.034414530
     1     746     0.00000     0.00000     0.03014   -1.600178035   -0.563663155    1.036514880
     1     746     0.00000     0.00000     0.03151   -1.596411184   -0.557883235    1.038527949
     1     746     0.00000     0.00000     0.03288   -1.592855425   -0.552134242    1.040721183
     1     746     0.00000     0.00000     0.03425   -1.589816060   -0.546172369    1.043643692
     1     746     0.00000     0.00000     0.03562   -1.587962200   -0.540059613    1.047902587
     1     746     0.00000     0.00000     0.03699   -1.587308654   -0.537498215    1.049810439
     1     746     0.00000     0.00000     0.03836   -1.583868707   -0.537502615    1.046366093
     1     746     0.00000     0.00000     0.03973   -1.579432346   -0.539754277    1.039678069
     1     746     0.00000     0.00000     0.04110   -1.580256030   -0.551525074    1.028730956
     1     747     0.00000     0.00000     0.00000   -1.569592631   -0.613440602    0.956152029
     1     747     0.00000     0.00000     0.00137   -1.570919477   -0.613571492    0.957347986
     1     747     0.00000     0.00000     0.00274   -1.574196674   -0.614686012    0.959510662
     1     747     0.00000     0.00000     0.00411   -1.578358702   -0.616946777    0.961411924
     1     747     0.00000     0.00000     0.00548   -1.582803608   -0.619807115    0.962996493
     1     747     0.00000     0.00000     0.00685   -1.587183089   -0.622714688    0.964468402
     1     747     0.00000     0.00000     0.00822   -1.591268250   -0.625148534    0.966119716
     1     747     0.00000     0.00000     0.00959   -1.594844093   -0.626428503    0.968415590
     1     747     0.00000     0.00000     0.01096   -1.597784977   -0.625887506    0.971897471
     1     747     0.00000     0.00000     0.01233   -1.600422542   -0.624354579    0.976067962
     1     747     0.00000     0.00000     0.01370   -1.604004208   -0.626269126    0.977735082
     1     747     0.00000     0.00000     0.01507   -1.608756242   -0.630527970    0.978228273
     1     747     0.00000     0.00000     0.01644   -1.613584722   -0.632233056    0.981351665
     1     747     0.00000     0.00000     0.01781   -1.617528075   -0.628417761    0.989110314
     1     747     0.00000     0.00000     0.01918   -1.619817936   -0.619235129    1.000582807
     1     747     0.00000     0.00000     0.02055   -1.620223518   -0.609014460    1.011209058
     1     747     0.00000     0.00000     0.02192   -1.619137248   -0.600289085    1.018848163
     1     747     0.00000     0.00000     0.02329   -1.617007824   -0.592623516    1.024384308
     1     747     0.00000     0.00000     0.02466   -1.613158002   -0.595509452    1.017648550
     1     747     0.00000     0.00000     0.02603   -1.602748697   -0.597306577    1.005442120
     1     747     0.00000     0.00000     0.02740   -1.591969289   -0.583881913    1.008087375
     1     747     0.00000     0.00000     0.02877   -1.581350268   -0.570045889    1.011304379
     1     747     0.00000     0.00000     0.03014   -1.570996213   -0.556370192    1.014626021
     1     747     0.00000     0.00000     0.03151   -1.561640218   -0.532709712    1.028930506
     1     747     0.00000     0.00000     0.03288   -1.565375517   -0.516746364    1.048629153
     1     747     0.00000     0.00000     0.03425   -1.570744232   -0.523667370    1.047076862
     1     747     0.00000     0.00000     0.03562   -1.574720919   -0.531824649    1.042896269
     1     747     0.00000     0.00000     0.03699   -1.576146534   -0.537442992    1.038703542
     1     747     0.00000     0.00000     0.03836   -1.575761654   -0.538337960    1.037423694
     1     747     0.00000     0.00000     0.03973   -1.576028907   -0.538153743    1.037875164
     1     747     0.00000     0.00000     0.04110   -1.575229240   -0.527348933    1.047880307
     1     748     0.00000     0.00000     0.00000   -1.548542179   -0.572606304    0.975935875
     1     748     0.00000     0.00000     0.00137   -1.548685671   -0.573096264    0.975589406
     1     748     0.00000     0.00000     0.00274   -1.551939630   -0.575549652    0.976389978
     1     748     0.00000     0.00000     0.00411   -1.557200300   -0.580606797    0.976593504
     1     748     0.00000     0.00000     0.00548   -1.563036227   -0.586484449    0.976551778
     1     748     0.00000     0.00000     0.00685   -1.569077078   -0.592777078    0.976300000
     1     748     0.00000     0.00000     0.00822   -1.575177126   -0.599441695    0.975735431
     1     748     0.00000     0.00000     0.00959   -1.581205787   -0.606425154    0.974780633
     1     748     0.00000     0.00000     0.01096   -1.586914328   -0.613457068    0.973457259
     1     748     0.00000     0.00000     0.01233   -1.591584761   -0.619051292    0.972533468
     1     748     0.00000     0.00000     0.01370   -1.593678219   -0.618198206    0.975480014
     1     748     0.00000     0.00000     0.01507   -1.592805415   -0.611199540    0.981605875
     1     748     0.00000     0.00000     0.01644   -1.589925189   -0.602665793    0.987259396
     1     748     0.00000     0.00000     0.01781   -1.585646895   -0.593825788    0.991821107
     1     748     0.00000     0.00000     0.01918   -1.580272412   -0.584723945    0.995548467
     1     748     0.00000     0.00000     0.02055   -1.573980005   -0.575131079    0.998848926
     1     748     0.00000     0.00000     0.02192   -1.566904386   -0.564792825    1.002111561
     1     748     0.00000     0.00000     0.02329   -1.559181939   -0.553491536    1.005690403
     1     748     0.00000     0.00000     0.02466   -1.551011940   -0.540971302    1.010040638
     1     748     0.00000     0.00000     0.02603   -1.542866566   -0.525460216    1.017406350
     1     748     0.00000     0.00000     0.02740   -1.539693348   -0.503976595    1.035716753
     1     748     0.00000     0.00000     0.02877   -1.545823450   -0.503229413    1.042594036
     1     748     0.00000     0.00000     0.03014   -1.552477370   -0.505358103    1.047119266
     1     748     0.00000     0.00000     0.03151   -1.558302093   -0.515853318    1.042448775
     1     748     0.00000     0.00000     0.03288   -1.551901553   -0.530979817    1.020921736
     1     748     0.00000     0.00000     0.03425   -1.550894744   -0.524088861    1.026805883
     1     748     0.00000     0.00000     0.03562   -1.556337504   -0.528094305    1.028243199
     1     748     0.00000     0.00000     0.03699   -1.562376730   -0.533308300    1.029068429
     1     748     0.00000     0.00000     0.03836   -1.568188885   -0.537500085    1.030688800
     1     748     0.00000     0.00000     0.03973   -1.572500848   -0.535646704    1.036854144
     1     748     0.00000     0.00000     0.04110   -1.573645720   -0.534107895    1.039537825
     1     749     0.00000     0.00000     0.00000   -1.542653392   -0.563721399    0.978931993
     1     749     0.00000     0.00000     0.00137   -1.543221572   -0.565421642    0.977799931
     1     749     0.00000     0.00000     0.00274   -1.541119411   -0.566484785    0.974634626
     1     749     0.00000     0.00000     0.00411   -1.536803303   -0.564137359    0.972665944
     1     749     0.00000     0.00000     0.00548   -1.531747806   -0.560229228    0.971518578
     1     749     0.00000     0.00000     0.00685   -1.526365515   -0.555492895    0.970872620
     1     749     0.00000     0.00000     0.00822   -1.520841989   -0.550164008    0.970677981
     1     749     0.00000     0.00000     0.00959   -1.515263974   -0.544142624    0.971121350
     1     749     0.00000     0.00000     0.01096   -1.509717054   -0.536921541    0.972795513
     1     749     0.00000     0.00000     0.01233   -1.504309538   -0.526806999    0.977502539
     1     749     0.00000     0.00000     0.01370   -1.499285023   -0.508105517    0.991179506
     1     749     0.00000     0.00000     0.01507   -1.495258046   -0.483816162    1.011441885
     1     749     0.00000     0.00000     0.01644   -1.492583302   -0.469132362    1.023450940
     1     749     0.00000     0.00000     0.01781   -1.490597100   -0.460667560    1.029929540
     1     749     0.00000     0.00000     0.01918   -1.491932462   -0.461643169    1.030289293
     1     749     0.00000     0.00000     0.02055   -1.499971699   -0.470346061    1.029625638
     1     749     0.00000     0.00000     0.02192   -1.507914572   -0.472612214    1.035302359
     1     749     0.00000     0.00000     0.02329   -1.515690469   -0.477471413    1.038219056
     1     749     0.00000     0.00000     0.02466   -1.523256080   -0.484254414    1.039001666
     1     749     0.00000     0.00000     0.02603   -1.530378224   -0.493215545    1.037162679
     1     749     0.00000     0.00000     0.02740   -1.532704002   -0.510161366    1.022542636
     1     749     0.00000     0.00000     0.02877   -1.528123253   -0.509665288    1.018457965
     1     749     0.00000     0.00000     0.03014   -1.529834053   -0.508577179    1.021256873
     1     749     0.00000     0.00000     0.03151   -1.535229550   -0.511183075    1.024046476
     1     749     0.00000     0.00000     0.03288   -1.540434736   -0.514270375    1.026164360
     1     749     0.00000     0.00000     0.03425   -1.538822423   -0.510778608    1.028043816
     1     749     0.00000     0.00000     0.03562   -1.542239706   -0.494502998    1.047736708
     1     749     0.00000     0.00000     0.03699   -1.549026181   -0.500877726    1.048148455
     1     749     0.00000     0.00000     0.03836   -1.555500025   -0.507066044    1.048433981
     1     749     0.00000     0.00000     0.03973   -1.561146619   -0.512297666    1.048848953
     1     749     0.00000     0.00000     0.04110   -1.563958692   -0.514770723    1.049187969
