Difference added,Energy (eV)
0.0,-17.272440430919286
1.0,-17.26182153657471
1.0,-17.308262936635312
2.0,-17.452769758694284
2.0,-17.257595622843745
3.0,-17.25566139951439
4.0,-17.25463075687721
5.0,-17.254063241773707
6.0,-17.253711701811504
7.0,-17.25350302932657
8.0,-17.25337005418664
9.0,-17.25327751456611
10.0,-17.25322709300796
