Difference added,Energy (eV)
0.0,-17.744022369384766
1.0,-17.744022369384766
1.0,-17.744022369384766
2.0,-17.744022369384766
2.0,-17.744022369384766
3.0,-17.744022369384766
4.0,-17.744022369384766
5.0,-17.744022369384766
6.0,-17.744022369384766
7.0,-17.744022369384766
8.0,-17.744022369384766
9.0,-17.744022369384766
10.0,-17.744022369384766
