# spin    band          kx          ky          kz          E(MF)          E(QP)        Delta E
#                        (Cartesian coordinates)             (eV)           (eV)           (eV)
     1     711     0.00000     0.00000     0.00000   -4.592181065   -5.182586623   -0.590405558
     1     711     0.00000     0.00000     0.00137   -4.599099363   -5.189500865   -0.590401502
     1     711     0.00000     0.00000     0.00274   -4.606068404   -5.196469886   -0.590401482
     1     711     0.00000     0.00000     0.00411   -4.613007442   -5.203409492   -0.590402050
     1     711     0.00000     0.00000     0.00548   -4.619920902   -5.210334705   -0.590413803
     1     711     0.00000     0.00000     0.00685   -4.626812103   -5.217285785   -0.590473683
     1     711     0.00000     0.00000     0.00822   -4.633682227   -5.224323131   -0.590640904
     1     711     0.00000     0.00000     0.00959   -4.640518814   -5.231548898   -0.591030084
     1     711     0.00000     0.00000     0.01096   -4.647319042   -5.240956339   -0.593637297
     1     711     0.00000     0.00000     0.01233   -4.641796810   -5.268188971   -0.626392161
     1     711     0.00000     0.00000     0.01370   -4.636033185   -5.261517128   -0.625483943
     1     711     0.00000     0.00000     0.01507   -4.630389196   -5.254868772   -0.624479575
     1     711     0.00000     0.00000     0.01644   -4.624862085   -5.248270950   -0.623408865
     1     711     0.00000     0.00000     0.01781   -4.619465004   -5.241755514   -0.622290511
     1     711     0.00000     0.00000     0.01918   -4.614278540   -5.235283486   -0.621004946
     1     711     0.00000     0.00000     0.02055   -4.616195469   -5.231425727   -0.615230258
     1     711     0.00000     0.00000     0.02192   -4.622296386   -5.236748911   -0.614452525
     1     711     0.00000     0.00000     0.02329   -4.628578891   -5.235957072   -0.607378181
     1     711     0.00000     0.00000     0.02466   -4.621234639   -5.218858461   -0.597623822
     1     711     0.00000     0.00000     0.02603   -4.607268246   -5.196546473   -0.589278227
     1     711     0.00000     0.00000     0.02740   -4.592506649   -5.180564654   -0.588058005
     1     711     0.00000     0.00000     0.02877   -4.580871192   -5.194517774   -0.613646582
     1     711     0.00000     0.00000     0.03014   -4.576686577   -5.189559843   -0.612873265
     1     711     0.00000     0.00000     0.03151   -4.572645816   -5.184901228   -0.612255412
     1     711     0.00000     0.00000     0.03288   -4.568754586   -5.180574907   -0.611820321
     1     711     0.00000     0.00000     0.03425   -4.565016674   -5.176581658   -0.611564983
     1     711     0.00000     0.00000     0.03562   -4.561151174   -5.161897086   -0.600745912
     1     711     0.00000     0.00000     0.03699   -4.546860009   -5.135035909   -0.588175900
     1     711     0.00000     0.00000     0.03836   -4.543390893   -5.154811106   -0.611420213
     1     711     0.00000     0.00000     0.03973   -4.538025928   -5.138683292   -0.600657364
     1     711     0.00000     0.00000     0.04110   -4.530322376   -5.130995701   -0.600673325
     1     712     0.00000     0.00000     0.00000   -4.592028935   -5.182426287   -0.590397352
     1     712     0.00000     0.00000     0.00137   -4.585090289   -5.175491704   -0.590401415
     1     712     0.00000     0.00000     0.00274   -4.578051245   -5.168452674   -0.590401429
     1     712     0.00000     0.00000     0.00411   -4.570986260   -5.161382055   -0.590395796
     1     712     0.00000     0.00000     0.00548   -4.563902658   -5.154243175   -0.590340517
     1     712     0.00000     0.00000     0.00685   -4.565597713   -5.184372019   -0.618774306
     1     712     0.00000     0.00000     0.00822   -4.569732369   -5.188443203   -0.618710834
     1     712     0.00000     0.00000     0.00959   -4.574074389   -5.192608360   -0.618533971
     1     712     0.00000     0.00000     0.01096   -4.578618456   -5.196888313   -0.618269857
     1     712     0.00000     0.00000     0.01233   -4.583373727   -5.201306240   -0.617932514
     1     712     0.00000     0.00000     0.01370   -4.588330573   -5.205869225   -0.617538651
     1     712     0.00000     0.00000     0.01507   -4.593488925   -5.210593762   -0.617104837
     1     712     0.00000     0.00000     0.01644   -4.598839328   -5.215485764   -0.616646436
     1     712     0.00000     0.00000     0.01781   -4.604375186   -5.220554961   -0.616179774
     1     712     0.00000     0.00000     0.01918   -4.610032013   -5.225880253   -0.615848240
     1     712     0.00000     0.00000     0.02055   -4.608914564   -5.228882930   -0.619968366
     1     712     0.00000     0.00000     0.02192   -4.603936839   -5.222807437   -0.618870598
     1     712     0.00000     0.00000     0.02329   -4.599055341   -5.216797344   -0.617742003
     1     712     0.00000     0.00000     0.02466   -4.594302790   -5.210936271   -0.616633481
     1     712     0.00000     0.00000     0.02603   -4.589685646   -5.205250938   -0.615565292
     1     712     0.00000     0.00000     0.02740   -4.585208282   -5.199768915   -0.614560633
     1     712     0.00000     0.00000     0.02877   -4.577809660   -5.163610565   -0.585800905
     1     712     0.00000     0.00000     0.03014   -4.563169062   -5.146151494   -0.582982433
     1     712     0.00000     0.00000     0.03151   -4.548597929   -5.129374977   -0.580777048
     1     712     0.00000     0.00000     0.03288   -4.534791724   -5.146379369   -0.611587645
     1     712     0.00000     0.00000     0.03425   -4.536670308   -5.148157076   -0.611486768
     1     712     0.00000     0.00000     0.03562   -4.538732667   -5.150171122   -0.611438455
     1     712     0.00000     0.00000     0.03699   -4.540977311   -5.152402474   -0.611425163
     1     712     0.00000     0.00000     0.03836   -4.529830391   -5.118001596   -0.588171205
     1     712     0.00000     0.00000     0.03973   -4.522435280   -5.123091870   -0.600656590
     1     712     0.00000     0.00000     0.04110   -4.530176843   -5.130817726   -0.600640883
     1     713     0.00000     0.00000     0.00000   -4.548040737   -5.166988864   -0.618948127
     1     713     0.00000     0.00000     0.00137   -4.551118732   -5.170063605   -0.618944873
     1     713     0.00000     0.00000     0.00274   -4.554428024   -5.173372853   -0.618944830
     1     713     0.00000     0.00000     0.00411   -4.557945003   -5.176887329   -0.618942326
     1     713     0.00000     0.00000     0.00548   -4.561669306   -5.180494912   -0.618825607
     1     713     0.00000     0.00000     0.00685   -4.556790043   -5.146844889   -0.590054846
     1     713     0.00000     0.00000     0.00822   -4.549655650   -5.139077891   -0.589422241
     1     713     0.00000     0.00000     0.00959   -4.542503769   -5.130847760   -0.588343990
     1     713     0.00000     0.00000     0.01096   -4.535333016   -5.122150434   -0.586817418
     1     713     0.00000     0.00000     0.01233   -4.529432212   -5.147277909   -0.617845697
     1     713     0.00000     0.00000     0.01370   -4.528393714   -5.145962162   -0.617568448
     1     713     0.00000     0.00000     0.01507   -4.527571138   -5.144703771   -0.617132633
     1     713     0.00000     0.00000     0.01644   -4.526949570   -5.143615679   -0.616666109
     1     713     0.00000     0.00000     0.01781   -4.526527836   -5.142708872   -0.616181037
     1     713     0.00000     0.00000     0.01918   -4.526314004   -5.141999383   -0.615685379
     1     713     0.00000     0.00000     0.02055   -4.526294747   -5.141479689   -0.615184941
     1     713     0.00000     0.00000     0.02192   -4.526464428   -5.141148897   -0.614684469
     1     713     0.00000     0.00000     0.02329   -4.526832079   -5.141020767   -0.614188689
     1     713     0.00000     0.00000     0.02466   -4.527399836   -5.141103165   -0.613703329
     1     713     0.00000     0.00000     0.02603   -4.528162764   -5.141398822   -0.613236057
     1     713     0.00000     0.00000     0.02740   -4.529110066   -5.141907238   -0.612797171
     1     713     0.00000     0.00000     0.02877   -4.530249382   -5.142649125   -0.612399743
     1     713     0.00000     0.00000     0.03014   -4.531577502   -5.143636226   -0.612058724
     1     713     0.00000     0.00000     0.03151   -4.533090087   -5.144878514   -0.611788426
     1     713     0.00000     0.00000     0.03288   -4.534093808   -5.114484638   -0.580390830
     1     713     0.00000     0.00000     0.03425   -4.519657457   -5.098984615   -0.579327158
     1     713     0.00000     0.00000     0.03562   -4.505292220   -5.084723629   -0.579431409
     1     713     0.00000     0.00000     0.03699   -4.506702332   -5.107352496   -0.600650164
     1     713     0.00000     0.00000     0.03836   -4.514583328   -5.115239729   -0.600656400
     1     713     0.00000     0.00000     0.03973   -4.512822661   -5.100993711   -0.588171050
     1     713     0.00000     0.00000     0.04110   -4.496022099   -5.084220267   -0.588198168
     1     714     0.00000     0.00000     0.00000   -4.547998605   -5.166940190   -0.618941585
     1     714     0.00000     0.00000     0.00137   -4.545118392   -5.164063226   -0.618944835
     1     714     0.00000     0.00000     0.00274   -4.542432278   -5.161377113   -0.618944834
     1     714     0.00000     0.00000     0.00411   -4.539955337   -5.158899134   -0.618943797
     1     714     0.00000     0.00000     0.00548   -4.537683668   -5.156615315   -0.618931647
     1     714     0.00000     0.00000     0.00685   -4.535617123   -5.154500486   -0.618883364
     1     714     0.00000     0.00000     0.00822   -4.533759111   -5.152530873   -0.618771762
     1     714     0.00000     0.00000     0.00959   -4.532106176   -5.150686936   -0.618580760
     1     714     0.00000     0.00000     0.01096   -4.530663887   -5.148967942   -0.618304055
     1     714     0.00000     0.00000     0.01233   -4.528122894   -5.113122259   -0.584999365
     1     714     0.00000     0.00000     0.01370   -4.520908298   -5.103534674   -0.582626376
     1     714     0.00000     0.00000     0.01507   -4.513674728   -5.093808813   -0.580134085
     1     714     0.00000     0.00000     0.01644   -4.506416737   -5.083899816   -0.577483079
     1     714     0.00000     0.00000     0.01781   -4.499143286   -5.073873211   -0.574729924
     1     714     0.00000     0.00000     0.01918   -4.491847950   -5.063765765   -0.571917815
     1     714     0.00000     0.00000     0.02055   -4.484535292   -5.053614479   -0.569079187
     1     714     0.00000     0.00000     0.02192   -4.477206404   -5.043447291   -0.566240888
     1     714     0.00000     0.00000     0.02329   -4.469857666   -5.033287751   -0.563430085
     1     714     0.00000     0.00000     0.02466   -4.462486379   -5.023167569   -0.560681190
     1     714     0.00000     0.00000     0.02603   -4.455101777   -5.013158828   -0.558057051
     1     714     0.00000     0.00000     0.02740   -4.450547914   -5.041858792   -0.591310878
     1     714     0.00000     0.00000     0.02877   -4.458639095   -5.053065597   -0.594426502
     1     714     0.00000     0.00000     0.03014   -4.466734381   -5.063346800   -0.596612419
     1     714     0.00000     0.00000     0.03151   -4.474792538   -5.073131747   -0.598339209
     1     714     0.00000     0.00000     0.03288   -4.482824872   -5.082378692   -0.599553820
     1     714     0.00000     0.00000     0.03425   -4.490815361   -5.091080352   -0.600264991
     1     714     0.00000     0.00000     0.03562   -4.498772770   -5.099345049   -0.600572279
     1     714     0.00000     0.00000     0.03699   -4.491001004   -5.070483353   -0.579482349
     1     714     0.00000     0.00000     0.03836   -4.476782744   -5.056276458   -0.579493714
     1     714     0.00000     0.00000     0.03973   -4.478894342   -5.067063737   -0.588169395
     1     714     0.00000     0.00000     0.04110   -4.495666316   -5.083808975   -0.588142659
     1     715     0.00000     0.00000     0.00000   -4.280908493   -4.833591475   -0.552682982
     1     715     0.00000     0.00000     0.00137   -4.289600042   -4.842270329   -0.552670287
     1     715     0.00000     0.00000     0.00274   -4.298356798   -4.851027046   -0.552670248
     1     715     0.00000     0.00000     0.00411   -4.307085056   -4.859761843   -0.552676787
     1     715     0.00000     0.00000     0.00548   -4.315783603   -4.868537743   -0.552754140
     1     715     0.00000     0.00000     0.00685   -4.324449985   -4.877511800   -0.553061814
     1     715     0.00000     0.00000     0.00822   -4.333081882   -4.886854582   -0.553772700
     1     715     0.00000     0.00000     0.00959   -4.341685041   -4.896671648   -0.554986607
     1     715     0.00000     0.00000     0.01096   -4.350254906   -4.906966289   -0.556711383
     1     715     0.00000     0.00000     0.01233   -4.358793992   -4.917681616   -0.558887625
     1     715     0.00000     0.00000     0.01370   -4.367293447   -4.928717346   -0.561423900
     1     715     0.00000     0.00000     0.01507   -4.375763791   -4.939988572   -0.564224781
     1     715     0.00000     0.00000     0.01644   -4.384203316   -4.951410151   -0.567206835
     1     715     0.00000     0.00000     0.01781   -4.392603234   -4.962907575   -0.570304341
     1     715     0.00000     0.00000     0.01918   -4.400979715   -4.974448078   -0.573468364
     1     715     0.00000     0.00000     0.02055   -4.409317310   -4.985979632   -0.576662321
     1     715     0.00000     0.00000     0.02192   -4.417626433   -4.997482421   -0.579855988
     1     715     0.00000     0.00000     0.02329   -4.425898091   -5.008916926   -0.583018835
     1     715     0.00000     0.00000     0.02466   -4.434125948   -5.020238330   -0.586112382
     1     715     0.00000     0.00000     0.02603   -4.442326126   -5.031394471   -0.589068345
     1     715     0.00000     0.00000     0.02740   -4.447637483   -5.003763915   -0.556126432
     1     715     0.00000     0.00000     0.02877   -4.440260970   -4.993553733   -0.553292763
     1     715     0.00000     0.00000     0.03014   -4.432832893   -4.984181913   -0.551349020
     1     715     0.00000     0.00000     0.03151   -4.425385306   -4.975199515   -0.549814209
     1     715     0.00000     0.00000     0.03288   -4.417922944   -4.966657888   -0.548734943
     1     715     0.00000     0.00000     0.03425   -4.411382117   -4.998683049   -0.587300933
     1     715     0.00000     0.00000     0.03562   -4.428208765   -5.016225296   -0.588016530
     1     715     0.00000     0.00000     0.03699   -4.445073288   -5.033230714   -0.588157427
     1     715     0.00000     0.00000     0.03836   -4.461962185   -5.050128819   -0.588166634
     1     715     0.00000     0.00000     0.03973   -4.462627823   -5.042118791   -0.579490968
     1     715     0.00000     0.00000     0.04110   -4.448654166   -5.028152466   -0.579498300
     1     716     0.00000     0.00000     0.00000   -4.280711394   -4.833368707   -0.552657313
     1     716     0.00000     0.00000     0.00137   -4.271986921   -4.824656918   -0.552669997
     1     716     0.00000     0.00000     0.00274   -4.263130059   -4.815800046   -0.552669987
     1     716     0.00000     0.00000     0.00411   -4.254244643   -4.806906847   -0.552662205
     1     716     0.00000     0.00000     0.00548   -4.245329919   -4.797901018   -0.552571099
     1     716     0.00000     0.00000     0.00685   -4.236380476   -4.788589540   -0.552209064
     1     716     0.00000     0.00000     0.00822   -4.227402386   -4.778774573   -0.551372186
     1     716     0.00000     0.00000     0.00959   -4.218399529   -4.768337356   -0.549937827
     1     716     0.00000     0.00000     0.01096   -4.209390792   -4.756913061   -0.547522269
     1     716     0.00000     0.00000     0.01233   -4.213362394   -4.718620596   -0.505258202
     1     716     0.00000     0.00000     0.01370   -4.220946024   -4.728758321   -0.507812297
     1     716     0.00000     0.00000     0.01507   -4.228545902   -4.739205964   -0.510660062
     1     716     0.00000     0.00000     0.01644   -4.236152180   -4.749847429   -0.513695248
     1     716     0.00000     0.00000     0.01781   -4.243755206   -4.760604066   -0.516848861
     1     716     0.00000     0.00000     0.01918   -4.251379190   -4.771449853   -0.520070663
     1     716     0.00000     0.00000     0.02055   -4.258993296   -4.782316802   -0.523323506
     1     716     0.00000     0.00000     0.02192   -4.266615385   -4.793194253   -0.526578868
     1     716     0.00000     0.00000     0.02329   -4.277961786   -4.833966345   -0.556004558
     1     716     0.00000     0.00000     0.02466   -4.294510529   -4.856168844   -0.561658315
     1     716     0.00000     0.00000     0.02603   -4.311097648   -4.878194901   -0.567097253
     1     716     0.00000     0.00000     0.02740   -4.327723248   -4.899928694   -0.572205447
     1     716     0.00000     0.00000     0.02877   -4.344384134   -4.921215102   -0.576830969
     1     716     0.00000     0.00000     0.03014   -4.361081415   -4.941881250   -0.580799835
     1     716     0.00000     0.00000     0.03151   -4.377811670   -4.961756968   -0.583945298
     1     716     0.00000     0.00000     0.03288   -4.394579600   -4.980738464   -0.586158864
     1     716     0.00000     0.00000     0.03425   -4.410438303   -4.958695614   -0.548257311
     1     716     0.00000     0.00000     0.03562   -4.402954250   -4.950784611   -0.547830362
     1     716     0.00000     0.00000     0.03699   -4.406853914   -4.986333424   -0.579479510
     1     716     0.00000     0.00000     0.03836   -4.420674299   -5.000164416   -0.579490117
     1     716     0.00000     0.00000     0.03973   -4.434577008   -5.014067160   -0.579490153
     1     716     0.00000     0.00000     0.04110   -4.448472426   -5.027954478   -0.579482052
     1     717     0.00000     0.00000     0.00000   -4.145529168   -4.644430575   -0.498901407
     1     717     0.00000     0.00000     0.00137   -4.152970527   -4.651860634   -0.498890107
     1     717     0.00000     0.00000     0.00274   -4.160467781   -4.659357932   -0.498890151
     1     717     0.00000     0.00000     0.00411   -4.167984574   -4.666881492   -0.498896918
     1     717     0.00000     0.00000     0.00548   -4.175514834   -4.674490744   -0.498975910
     1     717     0.00000     0.00000     0.00685   -4.183062396   -4.682352149   -0.499289753
     1     717     0.00000     0.00000     0.00822   -4.190616691   -4.690631971   -0.500015280
     1     717     0.00000     0.00000     0.00959   -4.198180688   -4.699440185   -0.501259498
     1     717     0.00000     0.00000     0.01096   -4.205731384   -4.709136522   -0.503405138
     1     717     0.00000     0.00000     0.01233   -4.200290117   -4.745618032   -0.545327914
     1     717     0.00000     0.00000     0.01370   -4.191205587   -4.733573671   -0.542368084
     1     717     0.00000     0.00000     0.01507   -4.198870065   -4.722652716   -0.523782651
     1     717     0.00000     0.00000     0.01644   -4.211052462   -4.739394697   -0.528342236
     1     717     0.00000     0.00000     0.01781   -4.223350899   -4.756429796   -0.533078897
     1     717     0.00000     0.00000     0.01918   -4.235772417   -4.773689995   -0.537917579
     1     717     0.00000     0.00000     0.02055   -4.248312573   -4.791116150   -0.542803578
     1     717     0.00000     0.00000     0.02192   -4.261473319   -4.811624021   -0.550150702
     1     717     0.00000     0.00000     0.02329   -4.274235531   -4.804175400   -0.529939870
     1     717     0.00000     0.00000     0.02466   -4.286579048   -4.843839023   -0.557259975
     1     717     0.00000     0.00000     0.02603   -4.299552177   -4.861373393   -0.561821216
     1     717     0.00000     0.00000     0.02740   -4.312627437   -4.878731797   -0.566104360
     1     717     0.00000     0.00000     0.02877   -4.325802951   -4.895785699   -0.569982748
     1     717     0.00000     0.00000     0.03014   -4.339075196   -4.912385743   -0.573310547
     1     717     0.00000     0.00000     0.03151   -4.352445876   -4.928393842   -0.575947966
     1     717     0.00000     0.00000     0.03288   -4.365912533   -4.943716707   -0.577804174
     1     717     0.00000     0.00000     0.03425   -4.379465169   -4.958356284   -0.578891115
     1     717     0.00000     0.00000     0.03562   -4.393112683   -4.972473046   -0.579360362
     1     717     0.00000     0.00000     0.03699   -4.395454776   -4.943215334   -0.547760559
     1     717     0.00000     0.00000     0.03836   -4.387935500   -4.935689591   -0.547754091
     1     717     0.00000     0.00000     0.03973   -4.380412411   -4.928166457   -0.547754046
     1     717     0.00000     0.00000     0.04110   -4.372946207   -4.920709686   -0.547763479
     1     718     0.00000     0.00000     0.00000   -4.145445850   -4.644324513   -0.498878663
     1     718     0.00000     0.00000     0.00137   -4.138026357   -4.636916335   -0.498889978
     1     718     0.00000     0.00000     0.00274   -4.130579022   -4.629469023   -0.498890001
     1     718     0.00000     0.00000     0.00411   -4.123156700   -4.622040890   -0.498884190
     1     718     0.00000     0.00000     0.00548   -4.117266338   -4.623454415   -0.506188076
     1     718     0.00000     0.00000     0.00685   -4.128503429   -4.635215089   -0.506711660
     1     718     0.00000     0.00000     0.00822   -4.139894265   -4.647693295   -0.507799030
     1     718     0.00000     0.00000     0.00959   -4.151423780   -4.661079145   -0.509655365
     1     718     0.00000     0.00000     0.01096   -4.163093020   -4.675385891   -0.512292871
     1     718     0.00000     0.00000     0.01233   -4.174884497   -4.690505356   -0.515620859
     1     718     0.00000     0.00000     0.01370   -4.186812346   -4.706319981   -0.519507635
     1     718     0.00000     0.00000     0.01507   -4.182089713   -4.721169930   -0.539080217
     1     718     0.00000     0.00000     0.01644   -4.195842331   -4.723010903   -0.527168572
     1     718     0.00000     0.00000     0.01781   -4.212177982   -4.744995502   -0.532817520
     1     718     0.00000     0.00000     0.01918   -4.228561041   -4.767148810   -0.538587769
     1     718     0.00000     0.00000     0.02055   -4.244987552   -4.789398829   -0.544411277
     1     718     0.00000     0.00000     0.02192   -4.260939323   -4.808710567   -0.547771244
     1     718     0.00000     0.00000     0.02329   -4.273704559   -4.826091284   -0.552386725
     1     718     0.00000     0.00000     0.02466   -4.281843430   -4.814796964   -0.532953534
     1     718     0.00000     0.00000     0.02603   -4.289463055   -4.825451594   -0.535988539
     1     718     0.00000     0.00000     0.02740   -4.297068736   -4.835909083   -0.538840347
     1     718     0.00000     0.00000     0.02877   -4.304677959   -4.846100851   -0.541422892
     1     718     0.00000     0.00000     0.03014   -4.312282549   -4.855921425   -0.543638876
     1     718     0.00000     0.00000     0.03151   -4.319876445   -4.865271611   -0.545395166
     1     718     0.00000     0.00000     0.03288   -4.327472659   -4.874103915   -0.546631256
     1     718     0.00000     0.00000     0.03425   -4.335059095   -4.882414231   -0.547355136
     1     718     0.00000     0.00000     0.03562   -4.342639163   -4.890307601   -0.547668437
     1     718     0.00000     0.00000     0.03699   -4.350217969   -4.897965180   -0.547747212
     1     718     0.00000     0.00000     0.03836   -4.357778774   -4.905532656   -0.547753882
     1     718     0.00000     0.00000     0.03973   -4.365335406   -4.913089283   -0.547753877
     1     718     0.00000     0.00000     0.04110   -4.372814641   -4.920559074   -0.547744433
     1     719     0.00000     0.00000     0.00000   -4.073812265   -4.579932497   -0.506120232
     1     719     0.00000     0.00000     0.00137   -4.084382205   -4.590495485   -0.506113280
     1     719     0.00000     0.00000     0.00274   -4.095191284   -4.601304574   -0.506113291
     1     719     0.00000     0.00000     0.00411   -4.106146906   -4.612270021   -0.506123114
     1     719     0.00000     0.00000     0.00548   -4.115745773   -4.614612094   -0.498866321
     1     719     0.00000     0.00000     0.00685   -4.108371539   -4.606901737   -0.498530198
     1     719     0.00000     0.00000     0.00822   -4.101017372   -4.598893239   -0.497875867
     1     719     0.00000     0.00000     0.00959   -4.114882805   -4.619764919   -0.504882114
     1     719     0.00000     0.00000     0.01096   -4.130970901   -4.638998517   -0.508027616
     1     719     0.00000     0.00000     0.01233   -4.147112053   -4.659108533   -0.511996481
     1     719     0.00000     0.00000     0.01370   -4.163309176   -4.679931177   -0.516622001
     1     719     0.00000     0.00000     0.01507   -4.179550659   -4.701290119   -0.521739460
     1     719     0.00000     0.00000     0.01644   -4.172940940   -4.708528776   -0.535587836
     1     719     0.00000     0.00000     0.01781   -4.163764622   -4.695713890   -0.531949269
     1     719     0.00000     0.00000     0.01918   -4.154560420   -4.682792446   -0.528232026
     1     719     0.00000     0.00000     0.02055   -4.145330368   -4.669809647   -0.524479279
     1     719     0.00000     0.00000     0.02192   -4.136072570   -4.656799017   -0.520726446
     1     719     0.00000     0.00000     0.02329   -4.126787308   -4.643796204   -0.517008895
     1     719     0.00000     0.00000     0.02466   -4.117477192   -4.630846744   -0.513369552
     1     719     0.00000     0.00000     0.02603   -4.108137790   -4.618003676   -0.509865886
     1     719     0.00000     0.00000     0.02740   -4.098774419   -4.605349520   -0.506575101
     1     719     0.00000     0.00000     0.02877   -4.089383973   -4.592979190   -0.503595217
     1     719     0.00000     0.00000     0.03014   -4.079973060   -4.581011408   -0.501038348
     1     719     0.00000     0.00000     0.03151   -4.070537222   -4.569549139   -0.499011917
     1     719     0.00000     0.00000     0.03288   -4.061079464   -4.558665179   -0.497585715
     1     719     0.00000     0.00000     0.03425   -4.051593846   -4.548344367   -0.496750521
     1     719     0.00000     0.00000     0.03562   -4.042092357   -4.538481424   -0.496389068
     1     719     0.00000     0.00000     0.03699   -4.032563070   -4.528861295   -0.496298225
     1     719     0.00000     0.00000     0.03836   -4.023017812   -4.519308402   -0.496290590
     1     719     0.00000     0.00000     0.03973   -4.013453451   -4.509744136   -0.496290686
     1     719     0.00000     0.00000     0.04110   -4.003981688   -4.500287471   -0.496305783
     1     720     0.00000     0.00000     0.00000   -4.073646050   -4.579752278   -0.506106228
     1     720     0.00000     0.00000     0.00137   -4.063222884   -4.569336041   -0.506113157
     1     720     0.00000     0.00000     0.00274   -4.052885604   -4.558998353   -0.506112749
     1     720     0.00000     0.00000     0.00411   -4.051083431   -4.551756881   -0.500673450
     1     720     0.00000     0.00000     0.00548   -4.066948249   -4.567759243   -0.500810993
     1     720     0.00000     0.00000     0.00685   -4.082869973   -4.584241880   -0.501371907
     1     720     0.00000     0.00000     0.00822   -4.098847302   -4.601515571   -0.502668269
     1     720     0.00000     0.00000     0.00959   -4.093695026   -4.590453892   -0.496758866
     1     720     0.00000     0.00000     0.01096   -4.086396863   -4.581568771   -0.495171908
     1     720     0.00000     0.00000     0.01233   -4.079142067   -4.572311643   -0.493169577
     1     720     0.00000     0.00000     0.01370   -4.071918109   -4.562754097   -0.490835987
     1     720     0.00000     0.00000     0.01507   -4.064726196   -4.552985128   -0.488258932
     1     720     0.00000     0.00000     0.01644   -4.057566832   -4.543081999   -0.485515167
     1     720     0.00000     0.00000     0.01781   -4.050447327   -4.533112476   -0.482665149
     1     720     0.00000     0.00000     0.01918   -4.043367230   -4.523121102   -0.479753872
     1     720     0.00000     0.00000     0.02055   -4.036330589   -4.513145530   -0.476814941
     1     720     0.00000     0.00000     0.02192   -4.029340520   -4.503216547   -0.473876028
     1     720     0.00000     0.00000     0.02329   -4.022391268   -4.493356077   -0.470964809
     1     720     0.00000     0.00000     0.02466   -4.015493087   -4.483607982   -0.468114896
     1     720     0.00000     0.00000     0.02603   -4.008645895   -4.474017199   -0.465371303
     1     720     0.00000     0.00000     0.02740   -4.001850411   -4.464644931   -0.462794520
     1     720     0.00000     0.00000     0.02877   -3.995104445   -4.455565815   -0.460461370
     1     720     0.00000     0.00000     0.03014   -3.988423676   -4.446883479   -0.458459803
     1     720     0.00000     0.00000     0.03151   -3.981799939   -4.438674311   -0.456874372
     1     720     0.00000     0.00000     0.03288   -3.975240515   -4.431001985   -0.455761471
     1     720     0.00000     0.00000     0.03425   -3.968745005   -4.423874847   -0.455129842
     1     720     0.00000     0.00000     0.03562   -3.965343551   -4.461141474   -0.495797923
     1     720     0.00000     0.00000     0.03699   -3.974988756   -4.471264605   -0.496275848
     1     720     0.00000     0.00000     0.03836   -3.984633852   -4.480923536   -0.496289683
     1     720     0.00000     0.00000     0.03973   -3.994262856   -4.490553134   -0.496290278
     1     720     0.00000     0.00000     0.04110   -4.003757689   -4.500032984   -0.496275295
     1     721     0.00000     0.00000     0.00000   -4.004008481   -4.504707134   -0.500698653
     1     721     0.00000     0.00000     0.00137   -4.019532379   -4.520190110   -0.500657732
     1     721     0.00000     0.00000     0.00274   -4.035275048   -4.535933033   -0.500657984
     1     721     0.00000     0.00000     0.00411   -4.042696002   -4.548797616   -0.506101614
     1     721     0.00000     0.00000     0.00548   -4.032682656   -4.538698443   -0.506015787
     1     721     0.00000     0.00000     0.00685   -4.022829322   -4.528489958   -0.505660636
     1     721     0.00000     0.00000     0.00822   -4.013155779   -4.517995445   -0.504839666
     1     721     0.00000     0.00000     0.00959   -4.003645734   -4.507083448   -0.503437714
     1     721     0.00000     0.00000     0.01096   -3.994320196   -4.495765931   -0.501445735
     1     721     0.00000     0.00000     0.01233   -3.985179300   -4.484111638   -0.498932338
     1     721     0.00000     0.00000     0.01370   -3.976218727   -4.472221843   -0.496003116
     1     721     0.00000     0.00000     0.01507   -3.967453878   -4.460222154   -0.492768277
     1     721     0.00000     0.00000     0.01644   -3.958873254   -4.448197417   -0.489324163
     1     721     0.00000     0.00000     0.01781   -3.950484851   -4.436231508   -0.485746658
     1     721     0.00000     0.00000     0.01918   -3.942300613   -4.424392852   -0.482092239
     1     721     0.00000     0.00000     0.02055   -3.934307478   -4.412710558   -0.478403080
     1     721     0.00000     0.00000     0.02192   -3.926515982   -4.401229886   -0.474713903
     1     721     0.00000     0.00000     0.02329   -3.918924634   -4.389984068   -0.471059434
     1     721     0.00000     0.00000     0.02466   -3.911546087   -4.379027963   -0.467481876
     1     721     0.00000     0.00000     0.02603   -3.904380531   -4.368419849   -0.464039317
     1     721     0.00000     0.00000     0.02740   -3.906979882   -4.391041164   -0.484061282
     1     721     0.00000     0.00000     0.02877   -3.916737264   -4.404341374   -0.487604110
     1     721     0.00000     0.00000     0.03014   -3.926483400   -4.417126262   -0.490642862
     1     721     0.00000     0.00000     0.03151   -3.936208059   -4.429258324   -0.493050265
     1     721     0.00000     0.00000     0.03288   -3.945926126   -4.440667798   -0.494741672
     1     721     0.00000     0.00000     0.03425   -3.955620026   -4.451332127   -0.495712101
     1     721     0.00000     0.00000     0.03562   -3.962285949   -4.417476816   -0.455190867
     1     721     0.00000     0.00000     0.03699   -3.955951134   -4.410700729   -0.454749595
     1     721     0.00000     0.00000     0.03836   -3.949670159   -4.404409063   -0.454738904
     1     721     0.00000     0.00000     0.03973   -3.943466932   -4.398205299   -0.454738367
     1     721     0.00000     0.00000     0.04110   -3.937412598   -4.392173731   -0.454761133
     1     722     0.00000     0.00000     0.00000   -4.003686981   -4.504302914   -0.500615933
     1     722     0.00000     0.00000     0.00137   -3.988235178   -4.488892052   -0.500656873
     1     722     0.00000     0.00000     0.00274   -3.972689027   -4.473346030   -0.500657003
     1     722     0.00000     0.00000     0.00411   -3.957213379   -4.457857670   -0.500644291
     1     722     0.00000     0.00000     0.00548   -3.941812287   -4.442306132   -0.500493845
     1     722     0.00000     0.00000     0.00685   -3.926482890   -4.426378358   -0.499895468
     1     722     0.00000     0.00000     0.00822   -3.911233204   -4.409746133   -0.498512929
     1     722     0.00000     0.00000     0.00959   -3.896060057   -4.392212178   -0.496152121
     1     722     0.00000     0.00000     0.01096   -3.880970668   -4.373768440   -0.492797772
     1     722     0.00000     0.00000     0.01233   -3.865969351   -4.354534721   -0.488565371
     1     722     0.00000     0.00000     0.01370   -3.851055261   -4.334687851   -0.483632590
     1     722     0.00000     0.00000     0.01507   -3.840073999   -4.277779206   -0.437705207
     1     722     0.00000     0.00000     0.01644   -3.844090680   -4.283188006   -0.439097327
     1     722     0.00000     0.00000     0.01781   -3.848252090   -4.288798109   -0.440546018
     1     722     0.00000     0.00000     0.01918   -3.852562214   -4.294589165   -0.442026951
     1     722     0.00000     0.00000     0.02055   -3.858011597   -4.320761110   -0.462749513
     1     722     0.00000     0.00000     0.02192   -3.867826654   -4.335066763   -0.467240109
     1     722     0.00000     0.00000     0.02329   -3.877628154   -4.349287951   -0.471659797
     1     722     0.00000     0.00000     0.02466   -3.887420422   -4.363406299   -0.475985877
     1     722     0.00000     0.00000     0.02603   -3.897208143   -4.377356794   -0.480148651
     1     722     0.00000     0.00000     0.02740   -3.897427636   -4.358229562   -0.460801926
     1     722     0.00000     0.00000     0.02877   -3.890710579   -4.348559616   -0.457849037
     1     722     0.00000     0.00000     0.03014   -3.891533540   -4.344388193   -0.452854653
     1     722     0.00000     0.00000     0.03151   -3.896906973   -4.350562526   -0.453655553
     1     722     0.00000     0.00000     0.03288   -3.902398474   -4.356621216   -0.454222742
     1     722     0.00000     0.00000     0.03425   -3.907987557   -4.362542615   -0.454555058
     1     722     0.00000     0.00000     0.03562   -3.913677595   -4.368376473   -0.454698878
     1     722     0.00000     0.00000     0.03699   -3.919468160   -4.374203155   -0.454734994
     1     722     0.00000     0.00000     0.03836   -3.925343305   -4.380081279   -0.454737974
     1     722     0.00000     0.00000     0.03973   -3.931305852   -4.386043666   -0.454737814
     1     722     0.00000     0.00000     0.04110   -3.937280795   -4.391995729   -0.454714934
     1     723     0.00000     0.00000     0.00000   -3.806486189   -4.238800092   -0.432313903
     1     723     0.00000     0.00000     0.00137   -3.808599688   -4.240899524   -0.432299836
     1     723     0.00000     0.00000     0.00274   -3.810976883   -4.243276454   -0.432299571
     1     723     0.00000     0.00000     0.00411   -3.813533740   -4.245836292   -0.432302552
     1     723     0.00000     0.00000     0.00548   -3.816271364   -4.248610054   -0.432338691
     1     723     0.00000     0.00000     0.00685   -3.819179667   -4.251662215   -0.432482548
     1     723     0.00000     0.00000     0.00822   -3.822259469   -4.255074438   -0.432814968
     1     723     0.00000     0.00000     0.00959   -3.825504740   -4.258887358   -0.433382618
     1     723     0.00000     0.00000     0.01096   -3.828914038   -4.263103206   -0.434189168
     1     723     0.00000     0.00000     0.01233   -3.832478704   -4.267685560   -0.435206856
     1     723     0.00000     0.00000     0.01370   -3.836197529   -4.272590532   -0.436393003
     1     723     0.00000     0.00000     0.01507   -3.836230449   -4.314412458   -0.478182009
     1     723     0.00000     0.00000     0.01644   -3.828516588   -4.278097480   -0.449580892
     1     723     0.00000     0.00000     0.01781   -3.838348801   -4.292248303   -0.453899502
     1     723     0.00000     0.00000     0.01918   -3.848186120   -4.306503313   -0.458317193
     1     723     0.00000     0.00000     0.02055   -3.856998126   -4.300547943   -0.443549816
     1     723     0.00000     0.00000     0.02192   -3.861564560   -4.306578308   -0.445013749
     1     723     0.00000     0.00000     0.02329   -3.866256673   -4.312749542   -0.446492869
     1     723     0.00000     0.00000     0.02466   -3.871074265   -4.319015682   -0.447941418
     1     723     0.00000     0.00000     0.02603   -3.876015765   -4.325352056   -0.449336291
     1     723     0.00000     0.00000     0.02740   -3.881065770   -4.331713281   -0.450647511
     1     723     0.00000     0.00000     0.02877   -3.886220424   -4.338076609   -0.451856184
     1     723     0.00000     0.00000     0.03014   -3.884153975   -4.339508621   -0.455354645
     1     723     0.00000     0.00000     0.03151   -3.877858170   -4.331226414   -0.453368244
     1     723     0.00000     0.00000     0.03288   -3.871781569   -4.323748245   -0.451966676
     1     723     0.00000     0.00000     0.03425   -3.865922781   -4.317068488   -0.451145707
     1     723     0.00000     0.00000     0.03562   -3.860294976   -4.311085333   -0.450790356
     1     723     0.00000     0.00000     0.03699   -3.854900516   -4.305601521   -0.450701005
     1     723     0.00000     0.00000     0.03836   -3.849735854   -4.300429310   -0.450693456
     1     723     0.00000     0.00000     0.03973   -3.844801004   -4.295494560   -0.450693556
     1     723     0.00000     0.00000     0.04110   -3.840157527   -4.290873497   -0.450715970
     1     724     0.00000     0.00000     0.00000   -3.806322687   -4.238607315   -0.432284628
     1     724     0.00000     0.00000     0.00137   -3.804396890   -4.236695585   -0.432298695
     1     724     0.00000     0.00000     0.00274   -3.802583628   -4.234882625   -0.432298997
     1     724     0.00000     0.00000     0.00411   -3.800959365   -4.233260975   -0.432301610
     1     724     0.00000     0.00000     0.00548   -3.799532217   -4.231863532   -0.432331315
     1     724     0.00000     0.00000     0.00685   -3.798305465   -4.230754755   -0.432449291
     1     724     0.00000     0.00000     0.00822   -3.797283921   -4.230005755   -0.432721833
     1     724     0.00000     0.00000     0.00959   -3.796474744   -4.229662050   -0.433187306
     1     724     0.00000     0.00000     0.01096   -3.795879180   -4.229729442   -0.433850262
     1     724     0.00000     0.00000     0.01233   -3.798995469   -4.236939677   -0.437944208
     1     724     0.00000     0.00000     0.01370   -3.808829417   -4.250325324   -0.441495906
     1     724     0.00000     0.00000     0.01507   -3.818675272   -4.264084511   -0.445409240
     1     724     0.00000     0.00000     0.01644   -3.821498506   -4.293876548   -0.472378042
     1     724     0.00000     0.00000     0.01781   -3.806864851   -4.273223627   -0.466358775
     1     724     0.00000     0.00000     0.01918   -3.796866952   -4.237156530   -0.440289578
     1     724     0.00000     0.00000     0.02055   -3.797811746   -4.239308995   -0.441497249
     1     724     0.00000     0.00000     0.02192   -3.798985734   -4.241706756   -0.442721021
     1     724     0.00000     0.00000     0.02329   -3.800391074   -4.244324826   -0.443933753
     1     724     0.00000     0.00000     0.02466   -3.802030179   -4.247151236   -0.445121058
     1     724     0.00000     0.00000     0.02603   -3.803899536   -4.250163659   -0.446264123
     1     724     0.00000     0.00000     0.02740   -3.806006423   -4.253344168   -0.447337746
     1     724     0.00000     0.00000     0.02877   -3.808345101   -4.256655042   -0.448309942
     1     724     0.00000     0.00000     0.03014   -3.810928428   -4.260072558   -0.449144130
     1     724     0.00000     0.00000     0.03151   -3.813743981   -4.263549243   -0.449805262
     1     724     0.00000     0.00000     0.03288   -3.816799567   -4.267070135   -0.450270569
     1     724     0.00000     0.00000     0.03425   -3.820083195   -4.270626251   -0.450543056
     1     724     0.00000     0.00000     0.03562   -3.823612426   -4.274273408   -0.450660982
     1     724     0.00000     0.00000     0.03699   -3.827377879   -4.278068494   -0.450690615
     1     724     0.00000     0.00000     0.03836   -3.831378820   -4.282071902   -0.450693082
     1     724     0.00000     0.00000     0.03973   -3.835616483   -4.286309427   -0.450692944
     1     724     0.00000     0.00000     0.04110   -3.840033841   -4.290704370   -0.450670529
     1     725     0.00000     0.00000     0.00000   -3.710632458   -4.139922707   -0.429290249
     1     725     0.00000     0.00000     0.00137   -3.720327250   -4.149598241   -0.429270990
     1     725     0.00000     0.00000     0.00274   -3.730132716   -4.159403672   -0.429270956
     1     725     0.00000     0.00000     0.00411   -3.739944332   -4.169224442   -0.429280110
     1     725     0.00000     0.00000     0.00548   -3.749772758   -4.179160928   -0.429388171
     1     725     0.00000     0.00000     0.00685   -3.759608034   -4.189425938   -0.429817904
     1     725     0.00000     0.00000     0.00822   -3.769444782   -4.200255539   -0.430810758
     1     725     0.00000     0.00000     0.00959   -3.779286697   -4.211792740   -0.432506044
     1     725     0.00000     0.00000     0.01096   -3.789129869   -4.224043222   -0.434913353
     1     725     0.00000     0.00000     0.01233   -3.795475938   -4.230169880   -0.434693942
     1     725     0.00000     0.00000     0.01370   -3.795320984   -4.230976855   -0.435655872
     1     725     0.00000     0.00000     0.01507   -3.795374979   -4.232103984   -0.436729004
     1     725     0.00000     0.00000     0.01644   -3.795646911   -4.233519147   -0.437872236
     1     725     0.00000     0.00000     0.01781   -3.796142911   -4.235204950   -0.439062039
     1     725     0.00000     0.00000     0.01918   -3.792325135   -4.252516115   -0.460190980
     1     725     0.00000     0.00000     0.02055   -3.777897887   -4.231893228   -0.453995341
     1     725     0.00000     0.00000     0.02192   -3.763580855   -4.211364712   -0.447783857
     1     725     0.00000     0.00000     0.02329   -3.749363896   -4.190994268   -0.441630372
     1     725     0.00000     0.00000     0.02466   -3.735263554   -4.170869843   -0.435606289
     1     725     0.00000     0.00000     0.02603   -3.721281760   -4.151088544   -0.429806785
     1     725     0.00000     0.00000     0.02740   -3.707424041   -4.131783697   -0.424359656
     1     725     0.00000     0.00000     0.02877   -3.693692630   -4.113119777   -0.419427147
     1     725     0.00000     0.00000     0.03014   -3.680096453   -4.095291289   -0.415194836
     1     725     0.00000     0.00000     0.03151   -3.666629964   -4.078470494   -0.411840530
     1     725     0.00000     0.00000     0.03288   -3.653318108   -4.062797859   -0.409479751
     1     725     0.00000     0.00000     0.03425   -3.640148708   -4.048245943   -0.408097234
     1     725     0.00000     0.00000     0.03562   -3.627138563   -4.034637437   -0.407498874
     1     725     0.00000     0.00000     0.03699   -3.614287959   -4.021636398   -0.407348439
     1     725     0.00000     0.00000     0.03836   -3.601598186   -4.008933925   -0.407335739
     1     725     0.00000     0.00000     0.03973   -3.589087904   -3.996423793   -0.407335889
     1     725     0.00000     0.00000     0.04110   -3.576913666   -3.984283173   -0.407369507
     1     726     0.00000     0.00000     0.00000   -3.710439463   -4.139690810   -0.429251347
     1     726     0.00000     0.00000     0.00137   -3.700757557   -4.130028163   -0.429270606
     1     726     0.00000     0.00000     0.00274   -3.690998375   -4.120269018   -0.429270643
     1     726     0.00000     0.00000     0.00411   -3.681253200   -4.110514674   -0.429261474
     1     726     0.00000     0.00000     0.00548   -3.671530086   -4.100683269   -0.429153183
     1     726     0.00000     0.00000     0.00685   -3.661831324   -4.090553835   -0.428722510
     1     726     0.00000     0.00000     0.00822   -3.652159360   -4.079886816   -0.427727457
     1     726     0.00000     0.00000     0.00959   -3.642521451   -4.068549767   -0.426028316
     1     726     0.00000     0.00000     0.01096   -3.632914721   -4.056528825   -0.423614104
     1     726     0.00000     0.00000     0.01233   -3.623343464   -4.043911427   -0.420567962
     1     726     0.00000     0.00000     0.01370   -3.613818788   -4.030836655   -0.417017867
     1     726     0.00000     0.00000     0.01507   -3.604329542   -4.017426923   -0.413097381
     1     726     0.00000     0.00000     0.01644   -3.594889827   -4.003813101   -0.408923274
     1     726     0.00000     0.00000     0.01781   -3.585498409   -3.990085924   -0.404587515
     1     726     0.00000     0.00000     0.01918   -3.576164287   -3.976322847   -0.400158560
     1     726     0.00000     0.00000     0.02055   -3.566887363   -3.962574891   -0.395687528
     1     726     0.00000     0.00000     0.02192   -3.557670143   -3.948886662   -0.391216519
     1     726     0.00000     0.00000     0.02329   -3.548521033   -3.935308671   -0.386787638
     1     726     0.00000     0.00000     0.02466   -3.539444030   -3.921896062   -0.382452032
     1     726     0.00000     0.00000     0.02603   -3.530441161   -3.908719382   -0.378278222
     1     726     0.00000     0.00000     0.02740   -3.521529229   -3.895887600   -0.374358371
     1     726     0.00000     0.00000     0.02877   -3.512700626   -3.883510642   -0.370810015
     1     726     0.00000     0.00000     0.03014   -3.503969911   -3.871742764   -0.367772853
     1     726     0.00000     0.00000     0.03151   -3.496193823   -3.896416235   -0.400222412
     1     726     0.00000     0.00000     0.03288   -3.506949849   -3.912900472   -0.405950623
     1     726     0.00000     0.00000     0.03425   -3.518038902   -3.924883461   -0.406844559
     1     726     0.00000     0.00000     0.03562   -3.529361105   -3.936591075   -0.407229970
     1     726     0.00000     0.00000     0.03699   -3.540898433   -3.948225328   -0.407326895
     1     726     0.00000     0.00000     0.03836   -3.552645660   -3.959980785   -0.407335125
     1     726     0.00000     0.00000     0.03973   -3.564599871   -3.971934854   -0.407334983
     1     726     0.00000     0.00000     0.04110   -3.576588747   -3.983890122   -0.407301375
     1     727     0.00000     0.00000     0.00000   -3.335513604   -3.682938765   -0.347425161
     1     727     0.00000     0.00000     0.00137   -3.337977722   -3.685349132   -0.347371410
     1     727     0.00000     0.00000     0.00274   -3.341033081   -3.688402745   -0.347369664
     1     727     0.00000     0.00000     0.00411   -3.344537631   -3.691914923   -0.347377292
     1     727     0.00000     0.00000     0.00548   -3.348489610   -3.695963306   -0.347473696
     1     727     0.00000     0.00000     0.00685   -3.352872194   -3.700730221   -0.347858027
     1     727     0.00000     0.00000     0.00822   -3.357688031   -3.706434321   -0.348746290
     1     727     0.00000     0.00000     0.00959   -3.362929498   -3.713192702   -0.350263204
     1     727     0.00000     0.00000     0.01096   -3.368582839   -3.721001402   -0.352418563
     1     727     0.00000     0.00000     0.01233   -3.374640367   -3.729778497   -0.355138130
     1     727     0.00000     0.00000     0.01370   -3.381093543   -3.739401186   -0.358307644
     1     727     0.00000     0.00000     0.01507   -3.387937585   -3.749745438   -0.361807853
     1     727     0.00000     0.00000     0.01644   -3.395155629   -3.760690134   -0.365534505
     1     727     0.00000     0.00000     0.01781   -3.402729449   -3.772134933   -0.369405485
     1     727     0.00000     0.00000     0.01918   -3.410658079   -3.784017753   -0.373359675
     1     727     0.00000     0.00000     0.02055   -3.418928896   -3.796280329   -0.377351433
     1     727     0.00000     0.00000     0.02192   -3.427535691   -3.808878863   -0.381343172
     1     727     0.00000     0.00000     0.02329   -3.436451971   -3.821749268   -0.385297296
     1     727     0.00000     0.00000     0.02466   -3.445686286   -3.834854426   -0.389168140
     1     727     0.00000     0.00000     0.02603   -3.455214654   -3.848109175   -0.392894521
     1     727     0.00000     0.00000     0.02740   -3.465030058   -3.861424193   -0.396394135
     1     727     0.00000     0.00000     0.02877   -3.475116860   -3.874678839   -0.399561979
     1     727     0.00000     0.00000     0.03014   -3.485470562   -3.887743332   -0.402272769
     1     727     0.00000     0.00000     0.03151   -3.495227910   -3.864845985   -0.369618074
     1     727     0.00000     0.00000     0.03288   -3.486803903   -3.850457826   -0.363653923
     1     727     0.00000     0.00000     0.03425   -3.478394871   -3.841048140   -0.362653270
     1     727     0.00000     0.00000     0.03562   -3.470106945   -3.832328641   -0.362221696
     1     727     0.00000     0.00000     0.03699   -3.461955802   -3.824068980   -0.362113178
     1     727     0.00000     0.00000     0.03836   -3.453940867   -3.816044864   -0.362103997
     1     727     0.00000     0.00000     0.03973   -3.446074222   -3.808178464   -0.362104242
     1     727     0.00000     0.00000     0.04110   -3.438492969   -3.800636489   -0.362143520
     1     728     0.00000     0.00000     0.00000   -3.335213452   -3.682523963   -0.347310511
     1     728     0.00000     0.00000     0.00137   -3.333199913   -3.680564175   -0.347364263
     1     728     0.00000     0.00000     0.00274   -3.331495727   -3.678861804   -0.347366077
     1     728     0.00000     0.00000     0.00411   -3.330243452   -3.677612137   -0.347368685
     1     728     0.00000     0.00000     0.00548   -3.329435804   -3.676828549   -0.347392744
     1     728     0.00000     0.00000     0.00685   -3.329079431   -3.676566858   -0.347487427
     1     728     0.00000     0.00000     0.00822   -3.329170473   -3.676876355   -0.347705882
     1     728     0.00000     0.00000     0.00959   -3.329697558   -3.677776329   -0.348078771
     1     728     0.00000     0.00000     0.01096   -3.330658531   -3.679267052   -0.348608521
     1     728     0.00000     0.00000     0.01233   -3.332038198   -3.681315091   -0.349276893
     1     728     0.00000     0.00000     0.01370   -3.333828919   -3.683884734   -0.350055814
     1     728     0.00000     0.00000     0.01507   -3.336026228   -3.686942216   -0.350915988
     1     728     0.00000     0.00000     0.01644   -3.338617253   -3.690449046   -0.351831794
     1     728     0.00000     0.00000     0.01781   -3.341589334   -3.694372392   -0.352783058
     1     728     0.00000     0.00000     0.01918   -3.344936262   -3.698691025   -0.353754763
     1     728     0.00000     0.00000     0.02055   -3.348638477   -3.703374174   -0.354735697
     1     728     0.00000     0.00000     0.02192   -3.352689475   -3.708406099   -0.355716625
     1     728     0.00000     0.00000     0.02329   -3.357067552   -3.713755865   -0.356688313
     1     728     0.00000     0.00000     0.02466   -3.361764356   -3.719403903   -0.357639547
     1     728     0.00000     0.00000     0.02603   -3.366764973   -3.725320283   -0.358555310
     1     728     0.00000     0.00000     0.02740   -3.372059921   -3.731475345   -0.359415424
     1     728     0.00000     0.00000     0.02877   -3.377641641   -3.737835913   -0.360194272
     1     728     0.00000     0.00000     0.03014   -3.383478395   -3.744340945   -0.360862550
     1     728     0.00000     0.00000     0.03151   -3.389571998   -3.750964181   -0.361392183
     1     728     0.00000     0.00000     0.03288   -3.395910348   -3.757675278   -0.361764930
     1     728     0.00000     0.00000     0.03425   -3.402473044   -3.764456243   -0.361983199
     1     728     0.00000     0.00000     0.03562   -3.409258923   -3.771336563   -0.362077640
     1     728     0.00000     0.00000     0.03699   -3.416254327   -3.778355660   -0.362101333
     1     728     0.00000     0.00000     0.03836   -3.423446309   -3.785549538   -0.362103229
     1     728     0.00000     0.00000     0.03973   -3.430814902   -3.792917801   -0.362102899
     1     728     0.00000     0.00000     0.04110   -3.438236927   -3.800300537   -0.362063610
     1     729     0.00000     0.00000     0.00000   -2.421328410   -1.607093930    0.814234480
     1     729     0.00000     0.00000     0.00137   -2.422172512   -1.607892649    0.814279863
     1     729     0.00000     0.00000     0.00274   -2.422747868   -1.608464334    0.814283534
     1     729     0.00000     0.00000     0.00411   -2.422889509   -1.608602819    0.814286689
     1     729     0.00000     0.00000     0.00548   -2.422597875   -1.608287917    0.814309957
     1     729     0.00000     0.00000     0.00685   -2.421878980   -1.607478596    0.814400384
     1     729     0.00000     0.00000     0.00822   -2.420741048   -1.606132395    0.814608653
     1     729     0.00000     0.00000     0.00959   -2.419179022   -1.604215022    0.814964000
     1     729     0.00000     0.00000     0.01096   -2.417215800   -1.601747060    0.815468739
     1     729     0.00000     0.00000     0.01233   -2.414845816   -1.598740313    0.816105503
     1     729     0.00000     0.00000     0.01370   -2.412084697   -1.595237150    0.816847547
     1     729     0.00000     0.00000     0.01507   -2.408951388   -1.591284422    0.817666966
     1     729     0.00000     0.00000     0.01644   -2.405444534   -1.586905172    0.818539362
     1     729     0.00000     0.00000     0.01781   -2.401568253   -1.582122736    0.819445518
     1     729     0.00000     0.00000     0.01918   -2.397359017   -1.576987887    0.820371130
     1     729     0.00000     0.00000     0.02055   -2.392805339   -1.571499821    0.821305519
     1     729     0.00000     0.00000     0.02192   -2.387935562   -1.565695675    0.822239887
     1     729     0.00000     0.00000     0.02329   -2.382748025   -1.559582583    0.823165442
     1     729     0.00000     0.00000     0.02466   -2.377268101   -1.553196605    0.824071496
     1     729     0.00000     0.00000     0.02603   -2.371510780   -1.546567036    0.824943744
     1     729     0.00000     0.00000     0.02740   -2.365480829   -1.539717866    0.825762963
     1     729     0.00000     0.00000     0.02877   -2.359198377   -1.532693626    0.826504751
     1     729     0.00000     0.00000     0.03014   -2.352668994   -1.525527801    0.827141192
     1     729     0.00000     0.00000     0.03151   -2.345908462   -1.518262913    0.827645549
     1     729     0.00000     0.00000     0.03288   -2.338937385   -1.510936941    0.828000444
     1     729     0.00000     0.00000     0.03425   -2.331763368   -1.503555192    0.828208176
     1     729     0.00000     0.00000     0.03562   -2.324398457   -1.496100513    0.828297943
     1     729     0.00000     0.00000     0.03699   -2.316854884   -1.488534571    0.828320313
     1     729     0.00000     0.00000     0.03836   -2.309140684   -1.480818756    0.828321929
     1     729     0.00000     0.00000     0.03973   -2.301265458   -1.472943918    0.828321540
     1     729     0.00000     0.00000     0.04110   -2.293343311   -1.465045746    0.828297565
     1     730     0.00000     0.00000     0.00000   -2.420984471   -1.606644519    0.814339952
     1     730     0.00000     0.00000     0.00137   -2.419694505   -1.605399935    0.814294570
     1     730     0.00000     0.00000     0.00274   -2.417819864   -1.603528902    0.814290962
     1     730     0.00000     0.00000     0.00411   -2.415504882   -1.601207717    0.814297165
     1     730     0.00000     0.00000     0.00548   -2.412767992   -1.598383996    0.814383996
     1     730     0.00000     0.00000     0.00685   -2.409611040   -1.594879682    0.814731358
     1     730     0.00000     0.00000     0.00822   -2.406044646   -1.590510093    0.815534553
     1     730     0.00000     0.00000     0.00959   -2.402066748   -1.585160397    0.816906351
     1     730     0.00000     0.00000     0.01096   -2.397692522   -1.578836923    0.818855599
     1     730     0.00000     0.00000     0.01233   -2.392930280   -1.571615133    0.821315147
     1     730     0.00000     0.00000     0.01370   -2.387790639   -1.563608987    0.824181652
     1     730     0.00000     0.00000     0.01507   -2.382280669   -1.554933418    0.827347251
     1     730     0.00000     0.00000     0.01644   -2.376407648   -1.545690003    0.830717645
     1     730     0.00000     0.00000     0.01781   -2.370176314   -1.535957754    0.834218560
     1     730     0.00000     0.00000     0.01918   -2.363617515   -1.525822803    0.837794712
     1     730     0.00000     0.00000     0.02055   -2.356729788   -1.515324977    0.841404811
     1     730     0.00000     0.00000     0.02192   -2.349518734   -1.504503881    0.845014853
     1     730     0.00000     0.00000     0.02329   -2.341995327   -1.493404508    0.848590819
     1     730     0.00000     0.00000     0.02466   -2.334186485   -1.482095087    0.852091398
     1     730     0.00000     0.00000     0.02603   -2.326090241   -1.470628984    0.855461257
     1     730     0.00000     0.00000     0.02740   -2.317721243   -1.459095213    0.858626031
     1     730     0.00000     0.00000     0.02877   -2.309083913   -1.447592680    0.861491233
     1     730     0.00000     0.00000     0.03014   -2.300189834   -1.436241236    0.863948599
     1     730     0.00000     0.00000     0.03151   -2.291051526   -1.425157808    0.865893718
     1     730     0.00000     0.00000     0.03288   -2.281680137   -1.414424418    0.867255719
     1     730     0.00000     0.00000     0.03425   -2.272086216   -1.404066361    0.868019855
     1     730     0.00000     0.00000     0.03562   -2.262412152   -1.396654996    0.865757156
     1     730     0.00000     0.00000     0.03699   -2.268405759   -1.440035835    0.828369924
     1     730     0.00000     0.00000     0.03836   -2.276793733   -1.448467963    0.828325770
     1     730     0.00000     0.00000     0.03973   -2.285079877   -1.456757476    0.828322401
     1     730     0.00000     0.00000     0.04110   -2.293144545   -1.464798726    0.828345819
     1     731     0.00000     0.00000     0.00000   -2.020760331   -1.133616094    0.887144237
     1     731     0.00000     0.00000     0.00137   -2.030022683   -1.142861726    0.887160957
     1     731     0.00000     0.00000     0.00274   -2.039368874   -1.152207899    0.887160974
     1     731     0.00000     0.00000     0.00411   -2.048734019   -1.161581080    0.887152939
     1     731     0.00000     0.00000     0.00548   -2.058106095   -1.171048014    0.887058080
     1     731     0.00000     0.00000     0.00685   -2.067485388   -1.180804556    0.886680831
     1     731     0.00000     0.00000     0.00822   -2.076870406   -1.191061191    0.885809215
     1     731     0.00000     0.00000     0.00959   -2.086263229   -1.201942371    0.884320858
     1     731     0.00000     0.00000     0.01096   -2.095654180   -1.213448041    0.882206139
     1     731     0.00000     0.00000     0.01233   -2.105033836   -1.225495944    0.879537892
     1     731     0.00000     0.00000     0.01370   -2.114410989   -1.237982771    0.876428218
     1     731     0.00000     0.00000     0.01507   -2.123779565   -1.250785449    0.872994117
     1     731     0.00000     0.00000     0.01644   -2.133133413   -1.263795538    0.869337875
     1     731     0.00000     0.00000     0.01781   -2.142466717   -1.276926659    0.865540058
     1     731     0.00000     0.00000     0.01918   -2.151781446   -1.290120811    0.861660635
     1     731     0.00000     0.00000     0.02055   -2.161064999   -1.303320609    0.857744390
     1     731     0.00000     0.00000     0.02192   -2.170316012   -1.316487802    0.853828211
     1     731     0.00000     0.00000     0.02329   -2.179532516   -1.329583527    0.849948990
     1     731     0.00000     0.00000     0.02466   -2.188705158   -1.342553618    0.846151539
     1     731     0.00000     0.00000     0.02603   -2.197827301   -1.355331422    0.842495879
     1     731     0.00000     0.00000     0.02740   -2.206898768   -1.367836096    0.839062671
     1     731     0.00000     0.00000     0.02877   -2.215912267   -1.379957875    0.835954392
     1     731     0.00000     0.00000     0.03014   -2.224859061   -1.391570608    0.833288454
     1     731     0.00000     0.00000     0.03151   -2.233728595   -1.402550572    0.831178023
     1     731     0.00000     0.00000     0.03288   -2.242523912   -1.412824244    0.829699668
     1     731     0.00000     0.00000     0.03425   -2.251224109   -1.422356706    0.828867403
     1     731     0.00000     0.00000     0.03562   -2.259690761   -1.428588482    0.831102279
     1     731     0.00000     0.00000     0.03699   -2.252188485   -1.383708289    0.868480197
     1     731     0.00000     0.00000     0.03836   -2.241969453   -1.373445904    0.868523549
     1     731     0.00000     0.00000     0.03973   -2.231554604   -1.363028182    0.868526422
     1     731     0.00000     0.00000     0.04110   -2.221146595   -1.352686179    0.868460416
     1     732     0.00000     0.00000     0.00000   -2.020609195   -1.133431247    0.887177948
     1     732     0.00000     0.00000     0.00137   -2.011370986   -1.124209755    0.887161231
     1     732     0.00000     0.00000     0.00274   -2.002069850   -1.114908632    0.887161219
     1     732     0.00000     0.00000     0.00411   -1.992789714   -1.105621440    0.887168274
     1     732     0.00000     0.00000     0.00548   -1.983536508   -1.096285188    0.887251320
     1     732     0.00000     0.00000     0.00685   -1.974309796   -1.086727656    0.887582140
     1     732     0.00000     0.00000     0.00822   -1.969467095   -1.076778191    0.892688904
     1     732     0.00000     0.00000     0.00959   -1.971996613   -1.079025528    0.892971084
     1     732     0.00000     0.00000     0.01096   -1.974338430   -1.080970082    0.893368348
     1     732     0.00000     0.00000     0.01233   -1.976478167   -1.082599484    0.893878682
     1     732     0.00000     0.00000     0.01370   -1.978646143   -1.062743439    0.915902704
     1     732     0.00000     0.00000     0.01507   -1.991635296   -1.058867691    0.932767605
     1     732     0.00000     0.00000     0.01644   -2.004755036   -1.077233637    0.927521400
     1     732     0.00000     0.00000     0.01781   -2.017770639   -1.095710379    0.922060260
     1     732     0.00000     0.00000     0.01918   -2.030698062   -1.114218092    0.916479970
     1     732     0.00000     0.00000     0.02055   -2.043524836   -1.132678693    0.910846143
     1     732     0.00000     0.00000     0.02192   -2.056245196   -1.151033083    0.905212113
     1     732     0.00000     0.00000     0.02329   -2.068851264   -1.169220228    0.899631035
     1     732     0.00000     0.00000     0.02466   -2.081351741   -1.187184367    0.894167374
     1     732     0.00000     0.00000     0.02603   -2.093733060   -1.204825649    0.888907411
     1     732     0.00000     0.00000     0.02740   -2.105994136   -1.222027076    0.883967060
     1     732     0.00000     0.00000     0.02877   -2.118135045   -1.238641567    0.879493479
     1     732     0.00000     0.00000     0.03014   -2.130134748   -1.254479764    0.875654985
     1     732     0.00000     0.00000     0.03151   -2.142007976   -1.269395126    0.872612851
     1     732     0.00000     0.00000     0.03288   -2.153745857   -1.283274003    0.870471854
     1     732     0.00000     0.00000     0.03425   -2.165332610   -1.296114457    0.869218153
     1     732     0.00000     0.00000     0.03562   -2.176776849   -1.308101147    0.868675701
     1     732     0.00000     0.00000     0.03699   -2.188067568   -1.319528009    0.868539559
     1     732     0.00000     0.00000     0.03836   -2.199196293   -1.330667861    0.868528432
     1     732     0.00000     0.00000     0.03973   -2.210155531   -1.341626282    0.868529248
     1     732     0.00000     0.00000     0.04110   -2.220742423   -1.352146612    0.868595811
     1     733     0.00000     0.00000     0.00000   -1.950506852   -1.058094052    0.892412800
     1     733     0.00000     0.00000     0.00137   -1.954039036   -1.061599803    0.892439233
     1     733     0.00000     0.00000     0.00274   -1.957480140   -1.065040584    0.892439556
     1     733     0.00000     0.00000     0.00411   -1.960751878   -1.068310705    0.892441173
     1     733     0.00000     0.00000     0.00548   -1.963838019   -1.071379093    0.892458926
     1     733     0.00000     0.00000     0.00685   -1.966745273   -1.074216618    0.892528655
     1     733     0.00000     0.00000     0.00822   -1.965105238   -1.076757813    0.888347425
     1     733     0.00000     0.00000     0.00959   -1.955937825   -1.066289362    0.889648463
     1     733     0.00000     0.00000     0.01096   -1.951725955   -1.005752203    0.945973752
     1     733     0.00000     0.00000     0.01233   -1.965111418   -1.022927683    0.942183734
     1     733     0.00000     0.00000     0.01370   -1.978193805   -1.061852168    0.916341638
     1     733     0.00000     0.00000     0.01507   -1.980162242   -1.085057370    0.895104872
     1     733     0.00000     0.00000     0.01644   -1.981699480   -1.085925541    0.895773939
     1     733     0.00000     0.00000     0.01781   -1.983032278   -1.086551601    0.896480677
     1     733     0.00000     0.00000     0.01918   -1.984157333   -1.086952993    0.897204340
     1     733     0.00000     0.00000     0.02055   -1.985068505   -1.087133123    0.897935382
     1     733     0.00000     0.00000     0.02192   -1.985768833   -1.087102205    0.898666628
     1     733     0.00000     0.00000     0.02329   -1.986249686   -1.086858600    0.899391085
     1     733     0.00000     0.00000     0.02466   -1.986511058   -1.086410712    0.900100346
     1     733     0.00000     0.00000     0.02603   -1.986552487   -1.085769295    0.900783192
     1     733     0.00000     0.00000     0.02740   -1.986375840   -1.084951278    0.901424562
     1     733     0.00000     0.00000     0.02877   -1.985979093   -1.083973746    0.902005346
     1     733     0.00000     0.00000     0.03014   -1.985355090   -1.082851402    0.902503687
     1     733     0.00000     0.00000     0.03151   -1.984507274   -1.081608629    0.902898645
     1     733     0.00000     0.00000     0.03288   -1.983433862   -1.080257250    0.903176613
     1     733     0.00000     0.00000     0.03425   -1.982130051   -1.078790666    0.903339386
     1     733     0.00000     0.00000     0.03562   -1.980605850   -1.077196034    0.903409816
     1     733     0.00000     0.00000     0.03699   -1.978857437   -1.075429950    0.903427487
     1     733     0.00000     0.00000     0.03836   -1.976879610   -1.073450714    0.903428896
     1     733     0.00000     0.00000     0.03973   -1.974677586   -1.071248969    0.903428617
     1     733     0.00000     0.00000     0.04110   -1.972349423   -1.068935869    0.903413554
     1     734     0.00000     0.00000     0.00000   -1.950342468   -1.057875602    0.892466866
     1     734     0.00000     0.00000     0.00137   -1.946650635   -1.054210197    0.892440438
     1     734     0.00000     0.00000     0.00274   -1.942704563   -1.050264404    0.892440159
     1     734     0.00000     0.00000     0.00411   -1.938597525   -1.046154187    0.892443338
     1     734     0.00000     0.00000     0.00548   -1.934333299   -1.041851529    0.892481770
     1     734     0.00000     0.00000     0.00685   -1.929923394   -1.037288611    0.892634782
     1     734     0.00000     0.00000     0.00822   -1.925371658   -1.032228542    0.893143116
     1     734     0.00000     0.00000     0.00959   -1.938239354   -0.989162522    0.949076832
     1     734     0.00000     0.00000     0.01096   -1.946797928   -1.055241837    0.891556091
     1     734     0.00000     0.00000     0.01233   -1.937696752   -1.043868588    0.893828164
     1     734     0.00000     0.00000     0.01370   -1.928621032   -1.032075824    0.896545208
     1     734     0.00000     0.00000     0.01507   -1.919583244   -1.020036134    0.899547110
     1     734     0.00000     0.00000     0.01644   -1.910583517   -1.007839921    0.902743596
     1     734     0.00000     0.00000     0.01781   -1.901624066   -0.995554614    0.906069452
     1     734     0.00000     0.00000     0.01918   -1.903774799   -0.974929448    0.928845351
     1     734     0.00000     0.00000     0.02055   -1.909625420   -0.983765351    0.925860070
     1     734     0.00000     0.00000     0.02192   -1.915275996   -0.992402056    0.922873940
     1     734     0.00000     0.00000     0.02329   -1.920718487   -1.000802698    0.919915789
     1     734     0.00000     0.00000     0.02466   -1.925962241   -1.008942391    0.917019850
     1     734     0.00000     0.00000     0.02603   -1.931004693   -1.016772825    0.914231868
     1     734     0.00000     0.00000     0.02740   -1.935829371   -1.024216090    0.911613281
     1     734     0.00000     0.00000     0.02877   -1.940452179   -1.031210093    0.909242086
     1     734     0.00000     0.00000     0.03014   -1.944852140   -1.037644644    0.907207496
     1     734     0.00000     0.00000     0.03151   -1.949039466   -1.043444476    0.905594990
     1     734     0.00000     0.00000     0.03288   -1.953022152   -1.048562049    0.904460102
     1     734     0.00000     0.00000     0.03425   -1.956776296   -1.052980799    0.903795497
     1     734     0.00000     0.00000     0.03562   -1.960317204   -1.056809340    0.903507864
     1     734     0.00000     0.00000     0.03699   -1.963639167   -1.060203595    0.903435572
     1     734     0.00000     0.00000     0.03836   -1.966736779   -1.063307257    0.903429522
     1     734     0.00000     0.00000     0.03973   -1.969605908   -1.066176137    0.903429770
     1     734     0.00000     0.00000     0.04110   -1.972162571   -1.068717737    0.903444834
     1     735     0.00000     0.00000     0.00000   -1.841933611   -0.888801926    0.953131685
     1     735     0.00000     0.00000     0.00137   -1.855728298   -0.902560300    0.953167998
     1     735     0.00000     0.00000     0.00274   -1.869667183   -0.916499024    0.953168158
     1     735     0.00000     0.00000     0.00411   -1.883530772   -0.930374187    0.953156585
     1     735     0.00000     0.00000     0.00548   -1.897322129   -0.944302121    0.953020008
     1     735     0.00000     0.00000     0.00685   -1.911036676   -0.958559760    0.952476916
     1     735     0.00000     0.00000     0.00822   -1.924675801   -0.973608136    0.951067665
     1     735     0.00000     0.00000     0.00959   -1.920673738   -1.027082217    0.893591521
     1     735     0.00000     0.00000     0.01096   -1.915845649   -1.021397196    0.894448452
     1     735     0.00000     0.00000     0.01233   -1.910880955   -1.015350997    0.895529958
     1     735     0.00000     0.00000     0.01370   -1.905779607   -1.008989069    0.896790539
     1     735     0.00000     0.00000     0.01507   -1.900553094   -1.002369877    0.898183217
     1     735     0.00000     0.00000     0.01644   -1.895214942   -0.995530858    0.899684084
     1     735     0.00000     0.00000     0.01781   -1.897719972   -0.965925291    0.931794680
     1     735     0.00000     0.00000     0.01918   -1.892701557   -0.983245713    0.909455844
     1     735     0.00000     0.00000     0.02055   -1.883819576   -0.970940676    0.912878899
     1     735     0.00000     0.00000     0.02192   -1.874984452   -0.958683102    0.916301350
     1     735     0.00000     0.00000     0.02329   -1.866822289   -0.959279193    0.907543096
     1     735     0.00000     0.00000     0.02466   -1.860833140   -0.951770038    0.909063102
     1     735     0.00000     0.00000     0.02603   -1.854755533   -0.944211007    0.910544527
     1     735     0.00000     0.00000     0.02740   -1.848582290   -0.936645999    0.911936291
     1     735     0.00000     0.00000     0.02877   -1.842338012   -0.929141376    0.913196636
     1     735     0.00000     0.00000     0.03014   -1.835997023   -0.921718951    0.914278072
     1     735     0.00000     0.00000     0.03151   -1.829581310   -0.914446164    0.915135145
     1     735     0.00000     0.00000     0.03288   -1.823099853   -0.907361502    0.915738351
     1     735     0.00000     0.00000     0.03425   -1.816536292   -0.900444727    0.916091565
     1     735     0.00000     0.00000     0.03562   -1.809909045   -0.893664637    0.916244408
     1     735     0.00000     0.00000     0.03699   -1.803228581   -0.886945807    0.916282774
     1     735     0.00000     0.00000     0.03836   -1.796478144   -0.880192212    0.916285931
     1     735     0.00000     0.00000     0.03973   -1.789671286   -0.873385483    0.916285803
     1     735     0.00000     0.00000     0.04110   -1.782895514   -0.866611801    0.916283713
     1     736     0.00000     0.00000     0.00000   -1.841489592   -0.888284054    0.953205538
     1     736     0.00000     0.00000     0.00137   -1.827622194   -0.874453409    0.953168785
     1     736     0.00000     0.00000     0.00274   -1.819010916   -0.870704838    0.948306078
     1     736     0.00000     0.00000     0.00411   -1.827032801   -0.878746254    0.948286548
     1     736     0.00000     0.00000     0.00548   -1.834896439   -0.886682816    0.948213623
     1     736     0.00000     0.00000     0.00685   -1.842584304   -0.894658525    0.947925779
     1     736     0.00000     0.00000     0.00822   -1.850106455   -0.902845395    0.947261061
     1     736     0.00000     0.00000     0.00959   -1.857453426   -0.911327336    0.946126091
     1     736     0.00000     0.00000     0.01096   -1.864624538   -0.920111035    0.944513503
     1     736     0.00000     0.00000     0.01233   -1.871612848   -0.929134045    0.942478803
     1     736     0.00000     0.00000     0.01370   -1.878417930   -0.938310548    0.940107382
     1     736     0.00000     0.00000     0.01507   -1.885044255   -0.947556295    0.937487960
     1     736     0.00000     0.00000     0.01644   -1.891479903   -0.956798942    0.934680961
     1     736     0.00000     0.00000     0.01781   -1.889747095   -0.988539084    0.901208011
     1     736     0.00000     0.00000     0.01918   -1.884182701   -0.981405969    0.902776733
     1     736     0.00000     0.00000     0.02055   -1.878501943   -0.974138098    0.904363845
     1     736     0.00000     0.00000     0.02192   -1.872713140   -0.966760716    0.905952424
     1     736     0.00000     0.00000     0.02329   -1.866184872   -0.946510098    0.919674774
     1     736     0.00000     0.00000     0.02466   -1.857430125   -0.934415933    0.923014192
     1     736     0.00000     0.00000     0.02603   -1.848724696   -0.922513562    0.926211134
     1     736     0.00000     0.00000     0.02740   -1.840057569   -0.910844106    0.929213463
     1     736     0.00000     0.00000     0.02877   -1.831440552   -0.899508500    0.931932052
     1     736     0.00000     0.00000     0.03014   -1.822866590   -0.888601915    0.934264675
     1     736     0.00000     0.00000     0.03151   -1.814342805   -0.878229469    0.936113337
     1     736     0.00000     0.00000     0.03288   -1.805876235   -0.868461918    0.937414317
     1     736     0.00000     0.00000     0.03425   -1.797441346   -0.859265370    0.938175976
     1     736     0.00000     0.00000     0.03562   -1.789067112   -0.850562076    0.938505035
     1     736     0.00000     0.00000     0.03699   -1.780743691   -0.842158182    0.938585509
     1     736     0.00000     0.00000     0.03836   -1.772478409   -0.833947310    0.938531100
     1     736     0.00000     0.00000     0.03973   -1.775900444   -0.859613180    0.916287265
     1     736     0.00000     0.00000     0.04110   -1.782723387   -0.866435681    0.916287706
     1     737     0.00000     0.00000     0.00000   -1.802514527   -0.854240161    0.948274366
     1     737     0.00000     0.00000     0.00137   -1.810798882   -0.862507165    0.948291717
     1     737     0.00000     0.00000     0.00274   -1.813453596   -0.860299474    0.953154122
     1     737     0.00000     0.00000     0.00411   -1.799244229   -0.846077942    0.953166287
     1     737     0.00000     0.00000     0.00548   -1.784961330   -0.831740876    0.953220454
     1     737     0.00000     0.00000     0.00685   -1.770610805   -0.817050928    0.953559877
     1     737     0.00000     0.00000     0.00822   -1.756195001   -0.801774993    0.954420008
     1     737     0.00000     0.00000     0.00959   -1.741729841   -0.785877485    0.955852355
     1     737     0.00000     0.00000     0.01096   -1.730072542   -0.776659647    0.953412895
     1     737     0.00000     0.00000     0.01233   -1.720378703   -0.764218728    0.956159974
     1     737     0.00000     0.00000     0.01370   -1.710547855   -0.751179372    0.959368483
     1     737     0.00000     0.00000     0.01507   -1.700591265   -0.737678894    0.962912371
     1     737     0.00000     0.00000     0.01644   -1.690498782   -0.723813019    0.966685763
     1     737     0.00000     0.00000     0.01781   -1.680275408   -0.709669825    0.970605583
     1     737     0.00000     0.00000     0.01918   -1.669929257   -0.695393029    0.974536228
     1     737     0.00000     0.00000     0.02055   -1.675571159   -0.740487693    0.935083466
     1     737     0.00000     0.00000     0.02192   -1.682882287   -0.750302533    0.932579754
     1     737     0.00000     0.00000     0.02329   -1.690177271   -0.760076477    0.930100795
     1     737     0.00000     0.00000     0.02466   -1.697462616   -0.769788402    0.927674214
     1     737     0.00000     0.00000     0.02603   -1.704731250   -0.779393058    0.925338192
     1     737     0.00000     0.00000     0.02740   -1.711982085   -0.788837915    0.923144170
     1     737     0.00000     0.00000     0.02877   -1.719205017   -0.798047545    0.921157471
     1     737     0.00000     0.00000     0.03014   -1.726403389   -0.806950555    0.919452834
     1     737     0.00000     0.00000     0.03151   -1.733576049   -0.815474157    0.918101892
     1     737     0.00000     0.00000     0.03288   -1.740721426   -0.823570224    0.917151202
     1     737     0.00000     0.00000     0.03425   -1.747830855   -0.831236166    0.916594689
     1     737     0.00000     0.00000     0.03562   -1.754909287   -0.838554875    0.916354412
     1     737     0.00000     0.00000     0.03699   -1.761946018   -0.845649758    0.916296260
     1     737     0.00000     0.00000     0.03836   -1.768934234   -0.852581682    0.916352552
     1     737     0.00000     0.00000     0.03973   -1.764241338   -0.825645016    0.938596323
     1     737     0.00000     0.00000     0.04110   -1.756147618   -0.817565403    0.938582215
     1     738     0.00000     0.00000     0.00000   -1.802371104   -0.854062548    0.948308556
     1     738     0.00000     0.00000     0.00137   -1.793928299   -0.845636659    0.948291640
     1     738     0.00000     0.00000     0.00274   -1.785251700   -0.836960040    0.948291660
     1     738     0.00000     0.00000     0.00411   -1.776422728   -0.828122734    0.948299994
     1     738     0.00000     0.00000     0.00548   -1.767445042   -0.819047092    0.948397949
     1     738     0.00000     0.00000     0.00685   -1.758311679   -0.809524273    0.948787407
     1     738     0.00000     0.00000     0.00822   -1.749037862   -0.799350365    0.949687496
     1     738     0.00000     0.00000     0.00959   -1.739621667   -0.788387228    0.951234439
     1     738     0.00000     0.00000     0.01096   -1.727193313   -0.769312211    0.957881102
     1     738     0.00000     0.00000     0.01233   -1.712604418   -0.751751505    0.960852913
     1     738     0.00000     0.00000     0.01370   -1.697964618   -0.732147705    0.965816914
     1     738     0.00000     0.00000     0.01507   -1.683270457   -0.709122397    0.974148060
     1     738     0.00000     0.00000     0.01644   -1.668529100   -0.681439170    0.987089930
     1     738     0.00000     0.00000     0.01781   -1.665577656   -0.610184050    1.055393607
     1     738     0.00000     0.00000     0.01918   -1.668249971   -0.730577261    0.937672710
     1     738     0.00000     0.00000     0.02055   -1.660882806   -0.604285837    1.056596969
     1     738     0.00000     0.00000     0.02192   -1.658209896   -0.600838575    1.057371321
     1     738     0.00000     0.00000     0.02329   -1.655331862   -0.597984106    1.057347756
     1     738     0.00000     0.00000     0.02466   -1.662221559   -0.713118797    0.949102762
     1     738     0.00000     0.00000     0.02603   -1.669740022   -0.722793875    0.946946147
     1     738     0.00000     0.00000     0.02740   -1.677313338   -0.732391223    0.944922115
     1     738     0.00000     0.00000     0.02877   -1.684940961   -0.741851393    0.943089567
     1     738     0.00000     0.00000     0.03014   -1.692620657   -0.751103424    0.941517233
     1     738     0.00000     0.00000     0.03151   -1.700362351   -0.760091235    0.940271116
     1     738     0.00000     0.00000     0.03288   -1.708157033   -0.768762921    0.939394113
     1     738     0.00000     0.00000     0.03425   -1.716006842   -0.777126297    0.938880545
     1     738     0.00000     0.00000     0.03562   -1.723907235   -0.785248928    0.938658307
     1     738     0.00000     0.00000     0.03699   -1.731861874   -0.793259382    0.938602491
     1     738     0.00000     0.00000     0.03836   -1.739874572   -0.801276703    0.938597869
     1     738     0.00000     0.00000     0.03973   -1.747942717   -0.809344663    0.938598054
     1     738     0.00000     0.00000     0.04110   -1.755982976   -0.817369167    0.938613809
     1     739     0.00000     0.00000     0.00000   -1.675109186   -0.623358621    1.051750565
     1     739     0.00000     0.00000     0.00137   -1.675628234   -0.623845287    1.051782947
     1     739     0.00000     0.00000     0.00274   -1.675995246   -0.624210549    1.051784698
     1     739     0.00000     0.00000     0.00411   -1.676140752   -0.624354184    1.051786568
     1     739     0.00000     0.00000     0.00548   -1.676067987   -0.624265350    1.051802637
     1     739     0.00000     0.00000     0.00685   -1.675761932   -0.623895975    1.051865957
     1     739     0.00000     0.00000     0.00822   -1.675247532   -0.623235449    1.052012082
     1     739     0.00000     0.00000     0.00959   -1.674514511   -0.622252879    1.052261632
     1     739     0.00000     0.00000     0.01096   -1.673560331   -0.620944143    1.052616189
     1     739     0.00000     0.00000     0.01233   -1.672396503   -0.619333070    1.053063433
     1     739     0.00000     0.00000     0.01370   -1.671015551   -0.617431358    1.053584193
     1     739     0.00000     0.00000     0.01507   -1.669420605   -0.615264386    1.054156219
     1     739     0.00000     0.00000     0.01644   -1.667593154   -0.613965590    1.053627565
     1     739     0.00000     0.00000     0.01781   -1.660921216   -0.720845498    0.940075719
     1     739     0.00000     0.00000     0.01918   -1.663332940   -0.607287423    1.056045517
     1     739     0.00000     0.00000     0.02055   -1.659452977   -0.680681576    0.978771402
     1     739     0.00000     0.00000     0.02192   -1.648869683   -0.666283354    0.982586330
     1     739     0.00000     0.00000     0.02329   -1.654758841   -0.702745665    0.952013176
     1     739     0.00000     0.00000     0.02466   -1.652237564   -0.593576185    1.058661379
     1     739     0.00000     0.00000     0.02603   -1.648939299   -0.589662554    1.059276745
     1     739     0.00000     0.00000     0.02740   -1.645434890   -0.585581609    1.059853281
     1     739     0.00000     0.00000     0.02877   -1.641726611   -0.581351488    1.060375123
     1     739     0.00000     0.00000     0.03014   -1.637823465   -0.577000632    1.060822833
     1     739     0.00000     0.00000     0.03151   -1.633707959   -0.572530297    1.061177662
     1     739     0.00000     0.00000     0.03288   -1.629399541   -0.567972131    1.061427410
     1     739     0.00000     0.00000     0.03425   -1.624879538   -0.563305836    1.061573702
     1     739     0.00000     0.00000     0.03562   -1.620172286   -0.558535218    1.061637068
     1     739     0.00000     0.00000     0.03699   -1.615269046   -0.553615970    1.061653076
     1     739     0.00000     0.00000     0.03836   -1.610170767   -0.548516230    1.061654537
     1     739     0.00000     0.00000     0.03973   -1.604881368   -0.543226705    1.061654663
     1     739     0.00000     0.00000     0.04110   -1.599502762   -0.537849495    1.061653267
     1     740     0.00000     0.00000     0.00000   -1.674969824   -0.623147313    1.051822511
     1     740     0.00000     0.00000     0.00137   -1.674233594   -0.622443559    1.051790036
     1     740     0.00000     0.00000     0.00274   -1.673208027   -0.621420038    1.051787988
     1     740     0.00000     0.00000     0.00411   -1.671963131   -0.620175085    1.051788046
     1     740     0.00000     0.00000     0.00548   -1.670502927   -0.618701355    1.051801572
     1     740     0.00000     0.00000     0.00685   -1.668819005   -0.616960188    1.051858818
     1     740     0.00000     0.00000     0.00822   -1.666916029   -0.614926651    1.051989378
     1     740     0.00000     0.00000     0.00959   -1.664800708   -0.612598924    1.052201784
     1     740     0.00000     0.00000     0.01096   -1.662470333   -0.610079189    1.052391144
     1     740     0.00000     0.00000     0.01233   -1.659992304   -0.628491884    1.031500420
     1     740     0.00000     0.00000     0.01370   -1.657964849   -0.639181058    1.018783791
     1     740     0.00000     0.00000     0.01507   -1.655768355   -0.636906828    1.018861527
     1     740     0.00000     0.00000     0.01644   -1.653593971   -0.708408074    0.945185897
     1     740     0.00000     0.00000     0.01781   -1.653700459   -0.671655718    0.982044741
     1     740     0.00000     0.00000     0.01918   -1.647906583   -0.628288933    1.019617650
     1     740     0.00000     0.00000     0.02055   -1.644861869   -0.624975890    1.019885980
     1     740     0.00000     0.00000     0.02192   -1.647350769   -0.693597633    0.953753136
     1     740     0.00000     0.00000     0.02329   -1.638236840   -0.634890073    1.003346767
     1     740     0.00000     0.00000     0.02466   -1.634489185   -0.613769959    1.020719226
     1     740     0.00000     0.00000     0.02603   -1.630626040   -0.609641666    1.020984374
     1     740     0.00000     0.00000     0.02740   -1.626562899   -0.605332355    1.021230544
     1     740     0.00000     0.00000     0.02877   -1.622300690   -0.600847536    1.021453154
     1     740     0.00000     0.00000     0.03014   -1.617841769   -0.596197749    1.021644020
     1     740     0.00000     0.00000     0.03151   -1.613189234   -0.591393948    1.021795286
     1     740     0.00000     0.00000     0.03288   -1.608345182   -0.586443639    1.021901543
     1     740     0.00000     0.00000     0.03425   -1.603309410   -0.581345854    1.021963556
     1     740     0.00000     0.00000     0.03562   -1.598092581   -0.576102355    1.021990225
     1     740     0.00000     0.00000     0.03699   -1.592693090   -0.570695346    1.021997744
     1     740     0.00000     0.00000     0.03836   -1.587884229   -0.526507281    1.061376948
     1     740     0.00000     0.00000     0.03973   -1.593732356   -0.532078098    1.061654258
     1     740     0.00000     0.00000     0.04110   -1.599305900   -0.537649602    1.061656298
     1     741     0.00000     0.00000     0.00000   -1.668048695   -0.650285011    1.017763684
     1     741     0.00000     0.00000     0.00137   -1.667975155   -0.650209699    1.017765455
     1     741     0.00000     0.00000     0.00274   -1.667717585   -0.649949736    1.017767849
     1     741     0.00000     0.00000     0.00411   -1.667258653   -0.649488210    1.017770443
     1     741     0.00000     0.00000     0.00548   -1.666581377   -0.648801538    1.017779839
     1     741     0.00000     0.00000     0.00685   -1.665688091   -0.647877006    1.017811085
     1     741     0.00000     0.00000     0.00822   -1.664578563   -0.646695121    1.017883442
     1     741     0.00000     0.00000     0.00959   -1.663249261   -0.645233132    1.018016129
     1     741     0.00000     0.00000     0.01096   -1.661704414   -0.643388438    1.018315976
     1     741     0.00000     0.00000     0.01233   -1.659867025   -0.620027025    1.039840000
     1     741     0.00000     0.00000     0.01370   -1.657140749   -0.603898470    1.053242279
     1     741     0.00000     0.00000     0.01507   -1.654163970   -0.600254984    1.053908986
     1     741     0.00000     0.00000     0.01644   -1.653349718   -0.636930361    1.016419357
     1     741     0.00000     0.00000     0.01781   -1.650731396   -0.631403825    1.019327571
     1     741     0.00000     0.00000     0.01918   -1.644625865   -0.618956187    1.025669679
     1     741     0.00000     0.00000     0.02055   -1.641327424   -0.614628704    1.026698720
     1     741     0.00000     0.00000     0.02192   -1.641609975   -0.621446065    1.020163911
     1     741     0.00000     0.00000     0.02329   -1.638066214   -0.634277306    1.003788908
     1     741     0.00000     0.00000     0.02466   -1.630167967   -0.599994887    1.030173080
     1     741     0.00000     0.00000     0.02603   -1.626022413   -0.594674471    1.031347941
     1     741     0.00000     0.00000     0.02740   -1.621673088   -0.589279488    1.032393600
     1     741     0.00000     0.00000     0.02877   -1.617125995   -0.583787825    1.033338170
     1     741     0.00000     0.00000     0.03014   -1.612367529   -0.578218994    1.034148535
     1     741     0.00000     0.00000     0.03151   -1.607412508   -0.572621835    1.034790673
     1     741     0.00000     0.00000     0.03288   -1.602257931   -0.567015354    1.035242577
     1     741     0.00000     0.00000     0.03425   -1.596899559   -0.561392150    1.035507409
     1     741     0.00000     0.00000     0.03562   -1.591349861   -0.555725968    1.035623894
     1     741     0.00000     0.00000     0.03699   -1.585609544   -0.549895110    1.035714435
     1     741     0.00000     0.00000     0.03836   -1.587104259   -0.564839854    1.022264405
     1     741     0.00000     0.00000     0.03973   -1.581344247   -0.559353740    1.021990507
     1     741     0.00000     0.00000     0.04110   -1.575504592   -0.553511554    1.021993038
     1     742     0.00000     0.00000     0.00000   -1.667742038   -0.649960711    1.017781327
     1     742     0.00000     0.00000     0.00137   -1.667592913   -0.649813268    1.017779645
     1     742     0.00000     0.00000     0.00274   -1.667179964   -0.649402388    1.017777576
     1     742     0.00000     0.00000     0.00411   -1.666521879   -0.648743170    1.017778709
     1     742     0.00000     0.00000     0.00548   -1.665640455   -0.647834013    1.017806442
     1     742     0.00000     0.00000     0.00685   -1.664528485   -0.646608464    1.017920021
     1     742     0.00000     0.00000     0.00822   -1.663198198   -0.645014014    1.018184183
     1     742     0.00000     0.00000     0.00959   -1.661643958   -0.643007314    1.018636644
     1     742     0.00000     0.00000     0.01096   -1.659866005   -0.640585179    1.019280825
     1     742     0.00000     0.00000     0.01233   -1.657871101   -0.637774774    1.020096327
     1     742     0.00000     0.00000     0.01370   -1.655657752   -0.634600914    1.021056838
     1     742     0.00000     0.00000     0.01507   -1.653221044   -0.631075480    1.022145563
     1     742     0.00000     0.00000     0.01644   -1.650972281   -0.596820193    1.054152088
     1     742     0.00000     0.00000     0.01781   -1.647712136   -0.620732365    1.026979771
     1     742     0.00000     0.00000     0.01918   -1.643938233   -0.588259735    1.055678498
     1     742     0.00000     0.00000     0.02055   -1.640115410   -0.590728784    1.049386626
     1     742     0.00000     0.00000     0.02192   -1.637813334   -0.609894677    1.027918657
     1     742     0.00000     0.00000     0.02329   -1.634086803   -0.605032151    1.029054652
     1     742     0.00000     0.00000     0.02466   -1.627356006   -0.583638636    1.043717369
     1     742     0.00000     0.00000     0.02603   -1.622677237   -0.563749761    1.058927477
     1     742     0.00000     0.00000     0.02740   -1.617799520   -0.558318637    1.059480882
     1     742     0.00000     0.00000     0.02877   -1.612722996   -0.552742042    1.059980954
     1     742     0.00000     0.00000     0.03014   -1.607435600   -0.547026062    1.060409538
     1     742     0.00000     0.00000     0.03151   -1.601949104   -0.541200152    1.060748952
     1     742     0.00000     0.00000     0.03288   -1.596270598   -0.535282874    1.060987724
     1     742     0.00000     0.00000     0.03425   -1.590385540   -0.529258148    1.061127392
     1     742     0.00000     0.00000     0.03562   -1.584313279   -0.523125622    1.061187657
     1     742     0.00000     0.00000     0.03699   -1.581824534   -0.520250425    1.061574109
     1     742     0.00000     0.00000     0.03836   -1.579660455   -0.544018855    1.035641600
     1     742     0.00000     0.00000     0.03973   -1.573551668   -0.538016604    1.035535064
     1     742     0.00000     0.00000     0.04110   -1.575319873   -0.553344315    1.021975558
     1     743     0.00000     0.00000     0.00000   -1.566003820   -0.612132713    0.953871107
     1     743     0.00000     0.00000     0.00137   -1.573206207   -0.619331635    0.953874572
     1     743     0.00000     0.00000     0.00274   -1.580466762   -0.626592118    0.953874644
     1     743     0.00000     0.00000     0.00411   -1.587733306   -0.633863728    0.953869578
     1     743     0.00000     0.00000     0.00548   -1.595021838   -0.641212800    0.953809038
     1     743     0.00000     0.00000     0.00685   -1.602313355   -0.648745274    0.953568081
     1     743     0.00000     0.00000     0.00822   -1.609620388   -0.656609099    0.953011289
     1     743     0.00000     0.00000     0.00959   -1.616935385   -0.664874896    0.952060489
     1     743     0.00000     0.00000     0.01096   -1.624260955   -0.673551381    0.950709574
     1     743     0.00000     0.00000     0.01233   -1.631582264   -0.682577071    0.949005193
     1     743     0.00000     0.00000     0.01370   -1.638916708   -0.691897335    0.947019373
     1     743     0.00000     0.00000     0.01507   -1.646250706   -0.701419023    0.944831684
     1     743     0.00000     0.00000     0.01644   -1.650567744   -0.626971895    1.023595849
     1     743     0.00000     0.00000     0.01781   -1.647541133   -0.594968007    1.052573126
     1     743     0.00000     0.00000     0.01918   -1.638829799   -0.659906456    0.978923343
     1     743     0.00000     0.00000     0.02055   -1.640001737   -0.677008969    0.962992768
     1     743     0.00000     0.00000     0.02192   -1.636061874   -0.578971876    1.057089998
     1     743     0.00000     0.00000     0.02329   -1.631801996   -0.574078580    1.057723416
     1     743     0.00000     0.00000     0.02466   -1.627296811   -0.622006468    1.005290343
     1     743     0.00000     0.00000     0.02603   -1.616368086   -0.621973667    0.994394419
     1     743     0.00000     0.00000     0.02740   -1.605311693   -0.607378485    0.997933208
     1     743     0.00000     0.00000     0.02877   -1.594146207   -0.593005040    1.001141167
     1     743     0.00000     0.00000     0.03014   -1.582878630   -0.578984156    1.003894473
     1     743     0.00000     0.00000     0.03151   -1.571497233   -0.565419537    1.006077696
     1     743     0.00000     0.00000     0.03288   -1.562624188   -0.503543636    1.059080552
     1     743     0.00000     0.00000     0.03425   -1.569199865   -0.507915197    1.061284669
     1     743     0.00000     0.00000     0.03562   -1.575602129   -0.514001506    1.061600623
     1     743     0.00000     0.00000     0.03699   -1.578044728   -0.516842420    1.061202308
     1     743     0.00000     0.00000     0.03836   -1.571582230   -0.510381412    1.061200817
     1     743     0.00000     0.00000     0.03973   -1.569266633   -0.547147059    1.022119575
     1     743     0.00000     0.00000     0.04110   -1.567302520   -0.531624837    1.035677683
     1     744     0.00000     0.00000     0.00000   -1.565928185   -0.612050258    0.953877927
     1     744     0.00000     0.00000     0.00137   -1.558742173   -0.604867095    0.953875078
     1     744     0.00000     0.00000     0.00274   -1.551557483   -0.597529258    0.954028225
     1     744     0.00000     0.00000     0.00411   -1.556317617   -0.583064075    0.973253542
     1     744     0.00000     0.00000     0.00548   -1.562976821   -0.589774087    0.973202734
     1     744     0.00000     0.00000     0.00685   -1.569691948   -0.596710430    0.972981518
     1     744     0.00000     0.00000     0.00822   -1.576462861   -0.603994494    0.972468368
     1     744     0.00000     0.00000     0.00959   -1.583294135   -0.611702532    0.971591603
     1     744     0.00000     0.00000     0.01096   -1.590180611   -0.619834944    0.970345667
     1     744     0.00000     0.00000     0.01233   -1.597127283   -0.628353762    0.968773521
     1     744     0.00000     0.00000     0.01370   -1.604131803   -0.637190553    0.966941250
     1     744     0.00000     0.00000     0.01507   -1.611187342   -0.646269523    0.964917819
     1     744     0.00000     0.00000     0.01644   -1.618308451   -0.655544901    0.962763550
     1     744     0.00000     0.00000     0.01781   -1.625482759   -0.664956691    0.960526068
     1     744     0.00000     0.00000     0.01918   -1.632719585   -0.674479823    0.958239762
     1     744     0.00000     0.00000     0.02055   -1.623917916   -0.642333077    0.981584840
     1     744     0.00000     0.00000     0.02192   -1.608952188   -0.617880998    0.991071189
     1     744     0.00000     0.00000     0.02329   -1.593937766   -0.597932332    0.996005434
     1     744     0.00000     0.00000     0.02466   -1.578878112   -0.577448112    1.001430000
     1     744     0.00000     0.00000     0.02603   -1.563770084   -0.553772361    1.009997724
     1     744     0.00000     0.00000     0.02740   -1.548617089   -0.520147247    1.028469842
     1     744     0.00000     0.00000     0.02877   -1.541824588   -0.493643873    1.048180715
     1     744     0.00000     0.00000     0.03014   -1.548930839   -0.493790748    1.055140091
     1     744     0.00000     0.00000     0.03151   -1.555862413   -0.498033798    1.057828615
     1     744     0.00000     0.00000     0.03288   -1.560015504   -0.552365903    1.007649601
     1     744     0.00000     0.00000     0.03425   -1.548426044   -0.539911261    1.008514783
     1     744     0.00000     0.00000     0.03562   -1.549922124   -0.527932372    1.021989753
     1     744     0.00000     0.00000     0.03699   -1.556541793   -0.534531675    1.022010118
     1     744     0.00000     0.00000     0.03836   -1.562993650   -0.540973356    1.022020294
     1     744     0.00000     0.00000     0.03973   -1.564930379   -0.503754742    1.061175637
     1     744     0.00000     0.00000     0.04110   -1.567140152   -0.531481285    1.035658867
     1     745     0.00000     0.00000     0.00000   -1.536738143   -0.563481403    0.973256740
     1     745     0.00000     0.00000     0.00137   -1.543171856   -0.569905891    0.973265965
     1     745     0.00000     0.00000     0.00274   -1.549702957   -0.576590126    0.973112831
     1     745     0.00000     0.00000     0.00411   -1.544349224   -0.590468469    0.953880755
     1     745     0.00000     0.00000     0.00548   -1.537187964   -0.583332646    0.953855319
     1     745     0.00000     0.00000     0.00685   -1.530044076   -0.576237047    0.953807029
     1     745     0.00000     0.00000     0.00822   -1.522935225   -0.569088689    0.953846535
     1     745     0.00000     0.00000     0.00959   -1.515845915   -0.561517814    0.954328102
     1     745     0.00000     0.00000     0.01096   -1.508790857   -0.552932012    0.955858845
     1     745     0.00000     0.00000     0.01233   -1.501764684   -0.542638373    0.959126310
     1     745     0.00000     0.00000     0.01370   -1.494767607   -0.529627979    0.965139628
     1     745     0.00000     0.00000     0.01507   -1.491673666   -0.446291623    1.045382043
     1     745     0.00000     0.00000     0.01644   -1.489439398   -0.442203969    1.047235429
     1     745     0.00000     0.00000     0.01781   -1.487011209   -0.436745831    1.050265378
     1     745     0.00000     0.00000     0.01918   -1.487414946   -0.436156457    1.051258489
     1     745     0.00000     0.00000     0.02055   -1.495673661   -0.449310572    1.046363089
     1     745     0.00000     0.00000     0.02192   -1.503769560   -0.458491432    1.045278129
     1     745     0.00000     0.00000     0.02329   -1.511704257   -0.466092975    1.045611282
     1     745     0.00000     0.00000     0.02466   -1.519483750   -0.473604044    1.045879706
     1     745     0.00000     0.00000     0.02603   -1.527100221   -0.482076991    1.045023230
     1     745     0.00000     0.00000     0.02740   -1.534545442   -0.490610020    1.043935422
     1     745     0.00000     0.00000     0.02877   -1.533403485   -0.494638182    1.038765303
     1     745     0.00000     0.00000     0.03014   -1.521868631   -0.505382177    1.016486454
     1     745     0.00000     0.00000     0.03151   -1.529112129   -0.508127349    1.020984780
     1     745     0.00000     0.00000     0.03288   -1.536209651   -0.514497530    1.021712121
     1     745     0.00000     0.00000     0.03425   -1.543143258   -0.521442300    1.021700958
     1     745     0.00000     0.00000     0.03562   -1.540144049   -0.504671557    1.035472492
     1     745     0.00000     0.00000     0.03699   -1.547181898   -0.511525274    1.035656624
     1     745     0.00000     0.00000     0.03836   -1.554045819   -0.518379056    1.035666764
     1     745     0.00000     0.00000     0.03973   -1.560726447   -0.525031400    1.035695048
     1     745     0.00000     0.00000     0.04110   -1.558167743   -0.496972132    1.061195611
     1     746     0.00000     0.00000     0.00000   -1.536631152   -0.563354721    0.973276431
     1     746     0.00000     0.00000     0.00137   -1.530251923   -0.556985323    0.973266599
     1     746     0.00000     0.00000     0.00274   -1.523883825   -0.550617380    0.973266445
     1     746     0.00000     0.00000     0.00411   -1.517567692   -0.544305902    0.973261790
     1     746     0.00000     0.00000     0.00548   -1.511310522   -0.538084858    0.973225664
     1     746     0.00000     0.00000     0.00685   -1.505105317   -0.531917050    0.973188267
     1     746     0.00000     0.00000     0.00822   -1.499958257   -0.455009941    1.044948316
     1     746     0.00000     0.00000     0.00959   -1.498688165   -0.454005487    1.044682678
     1     746     0.00000     0.00000     0.01096   -1.497226312   -0.452821152    1.044405159
     1     746     0.00000     0.00000     0.01233   -1.495569539   -0.451275628    1.044293911
     1     746     0.00000     0.00000     0.01370   -1.493712670   -0.449541443    1.044171227
     1     746     0.00000     0.00000     0.01507   -1.487801204   -0.515324980    0.972476223
     1     746     0.00000     0.00000     0.01644   -1.480867538   -0.497357396    0.983510142
     1     746     0.00000     0.00000     0.01781   -1.478994621   -0.463039367    1.015955254
     1     746     0.00000     0.00000     0.01918   -1.484396306   -0.432226047    1.052170259
     1     746     0.00000     0.00000     0.02055   -1.481588913   -0.434805484    1.046783429
     1     746     0.00000     0.00000     0.02192   -1.478596496   -0.443752143    1.034844353
     1     746     0.00000     0.00000     0.02329   -1.483423970   -0.460018399    1.023405571
     1     746     0.00000     0.00000     0.02466   -1.491398333   -0.473106901    1.018291432
     1     746     0.00000     0.00000     0.02603   -1.499231735   -0.481183663    1.018048072
     1     746     0.00000     0.00000     0.02740   -1.506922438   -0.488516809    1.018405629
     1     746     0.00000     0.00000     0.02877   -1.514465552   -0.496915731    1.017549822
     1     746     0.00000     0.00000     0.03014   -1.518157740   -0.496035504    1.022122236
     1     746     0.00000     0.00000     0.03151   -1.517956969   -0.485263388    1.032693580
     1     746     0.00000     0.00000     0.03288   -1.525525891   -0.491060997    1.034464894
     1     746     0.00000     0.00000     0.03425   -1.532913405   -0.497837637    1.035075767
     1     746     0.00000     0.00000     0.03562   -1.536735509   -0.527795576    1.008939933
     1     746     0.00000     0.00000     0.03699   -1.536470740   -0.475273627    1.061197113
     1     746     0.00000     0.00000     0.03836   -1.543857207   -0.482649968    1.061207239
     1     746     0.00000     0.00000     0.03973   -1.551063573   -0.489855528    1.061208045
     1     746     0.00000     0.00000     0.04110   -1.558009566   -0.496787077    1.061222489
