# q=  0.00000000E+00  0.00000000E+00  0.10000000E-02  (qpt 1)
#ncbands         Re chi(0,0)              extrap   Re chi(Gmax,Gmax)              extrap
       1     -0.26126632E-09     -0.84192277E-09     -0.37260762E-06     -0.42490886E-03
       2     -0.42905055E-09     -0.84192277E-09     -0.76863531E-06     -0.42490886E-03
       3     -0.49968362E-09     -0.84192277E-09     -0.11324610E-05     -0.42490886E-03
       4     -0.52479024E-09     -0.84192277E-09     -0.14731392E-05     -0.42490886E-03
       5     -0.54602684E-09     -0.84192277E-09     -0.17814329E-05     -0.42490886E-03
       6     -0.57668534E-09     -0.84192277E-09     -0.21237075E-05     -0.42490886E-03
       7     -0.60451789E-09     -0.84192277E-09     -0.24591663E-05     -0.42490886E-03
       8     -0.61377991E-09     -0.84192277E-09     -0.27919604E-05     -0.42490886E-03
       9     -0.62421281E-09     -0.84192277E-09     -0.31145294E-05     -0.42490886E-03
      10     -0.63227405E-09     -0.84192277E-09     -0.34132769E-05     -0.42490886E-03
      11     -0.63912067E-09     -0.84192277E-09     -0.37163808E-05     -0.42490886E-03
      12     -0.64688359E-09     -0.84192277E-09     -0.39753874E-05     -0.42490886E-03
      13     -0.65585911E-09     -0.84192277E-09     -0.42453153E-05     -0.42490886E-03
      14     -0.66752650E-09     -0.84192277E-09     -0.45227988E-05     -0.42490886E-03
      15     -0.67477449E-09     -0.84192277E-09     -0.47960401E-05     -0.42490886E-03
      16     -0.68077501E-09     -0.84192277E-09     -0.51071852E-05     -0.42490886E-03
      17     -0.68621474E-09     -0.84192277E-09     -0.54154274E-05     -0.42490886E-03
      18     -0.69060579E-09     -0.84192277E-09     -0.56910653E-05     -0.42490886E-03
      19     -0.69691639E-09     -0.84192277E-09     -0.59718178E-05     -0.42490886E-03
      20     -0.70119586E-09     -0.84192277E-09     -0.62471717E-05     -0.42490886E-03
      21     -0.70866386E-09     -0.84192277E-09     -0.65070560E-05     -0.42490886E-03
      22     -0.71553435E-09     -0.84192277E-09     -0.67802208E-05     -0.42490886E-03
      23     -0.71872338E-09     -0.84192277E-09     -0.70666132E-05     -0.42490886E-03
      24     -0.72313199E-09     -0.84192277E-09     -0.73322046E-05     -0.42490886E-03
      25     -0.72724814E-09     -0.84192277E-09     -0.76296632E-05     -0.42490886E-03
      26     -0.73056465E-09     -0.84192277E-09     -0.79123686E-05     -0.42490886E-03
      27     -0.73274227E-09     -0.84192277E-09     -0.81768557E-05     -0.42490886E-03
      28     -0.73525564E-09     -0.84192277E-09     -0.84847469E-05     -0.42490886E-03
      29     -0.73865943E-09     -0.84192277E-09     -0.87614493E-05     -0.42490886E-03
      30     -0.74110597E-09     -0.84192277E-09     -0.90517272E-05     -0.42490886E-03
      31     -0.74572331E-09     -0.84192277E-09     -0.93170152E-05     -0.42490886E-03
      32     -0.74787421E-09     -0.84192277E-09     -0.95681375E-05     -0.42490886E-03
      33     -0.74864144E-09     -0.84192277E-09     -0.98169326E-05     -0.42490886E-03
      34     -0.74895154E-09     -0.84192277E-09     -0.10090212E-04     -0.42490886E-03
      35     -0.74961676E-09     -0.84192277E-09     -0.10368492E-04     -0.42490886E-03
      36     -0.75140484E-09     -0.84192277E-09     -0.10654802E-04     -0.42490886E-03
      37     -0.75294314E-09     -0.84192277E-09     -0.10939806E-04     -0.42490886E-03
      38     -0.75386434E-09     -0.84192277E-09     -0.11192484E-04     -0.42490886E-03
      39     -0.75424672E-09     -0.84192277E-09     -0.11440074E-04     -0.42490886E-03
      40     -0.75435531E-09     -0.84192277E-09     -0.11692371E-04     -0.42490886E-03
      41     -0.75586165E-09     -0.84192277E-09     -0.11975721E-04     -0.42490886E-03
      42     -0.75758187E-09     -0.84192277E-09     -0.12250803E-04     -0.42490886E-03
      43     -0.75862846E-09     -0.84192277E-09     -0.12518488E-04     -0.42490886E-03
      44     -0.75974232E-09     -0.84192277E-09     -0.12789089E-04     -0.42490886E-03
      45     -0.76070354E-09     -0.84192277E-09     -0.13071328E-04     -0.42490886E-03
      46     -0.76172564E-09     -0.84192277E-09     -0.13353785E-04     -0.42490886E-03
      47     -0.76275149E-09     -0.84192277E-09     -0.13607990E-04     -0.42490886E-03
      48     -0.76290818E-09     -0.84192277E-09     -0.13862997E-04     -0.42490886E-03
      49     -0.76303403E-09     -0.84192277E-09     -0.14114408E-04     -0.42490886E-03
      50     -0.76386416E-09     -0.84192277E-09     -0.14371859E-04     -0.42490886E-03
      51     -0.76480614E-09     -0.84192277E-09     -0.14667247E-04     -0.42490886E-03
      52     -0.76502439E-09     -0.84192277E-09     -0.14929173E-04     -0.42490886E-03
      53     -0.76589706E-09     -0.84192277E-09     -0.15203838E-04     -0.42490886E-03
      54     -0.76699421E-09     -0.84192277E-09     -0.15476220E-04     -0.42490886E-03
      55     -0.76838459E-09     -0.84192277E-09     -0.15771257E-04     -0.42490886E-03
      56     -0.76976814E-09     -0.84192277E-09     -0.16068047E-04     -0.42490886E-03
      57     -0.77075781E-09     -0.84192277E-09     -0.16336794E-04     -0.42490886E-03
      58     -0.77152489E-09     -0.84192277E-09     -0.16629891E-04     -0.42490886E-03
      59     -0.77224567E-09     -0.84192277E-09     -0.16903316E-04     -0.42490886E-03
      60     -0.77285625E-09     -0.84192277E-09     -0.17191235E-04     -0.42490886E-03
      61     -0.77337055E-09     -0.84192277E-09     -0.17461121E-04     -0.42490886E-03
      62     -0.77372042E-09     -0.84192277E-09     -0.17750032E-04     -0.42490886E-03
      63     -0.77413678E-09     -0.84192277E-09     -0.18022443E-04     -0.42490886E-03
      64     -0.77467851E-09     -0.84192277E-09     -0.18320803E-04     -0.42490886E-03
      65     -0.77528193E-09     -0.84192277E-09     -0.18617922E-04     -0.42490886E-03
      66     -0.77588367E-09     -0.84192277E-09     -0.18906220E-04     -0.42490886E-03
      67     -0.77626799E-09     -0.84192277E-09     -0.19175365E-04     -0.42490886E-03
      68     -0.77659477E-09     -0.84192277E-09     -0.19463344E-04     -0.42490886E-03
      69     -0.77683658E-09     -0.84192277E-09     -0.19742475E-04     -0.42490886E-03
      70     -0.77705899E-09     -0.84192277E-09     -0.20011963E-04     -0.42490886E-03
      71     -0.77725372E-09     -0.84192277E-09     -0.20289821E-04     -0.42490886E-03
      72     -0.77754041E-09     -0.84192277E-09     -0.20594239E-04     -0.42490886E-03
      73     -0.77779484E-09     -0.84192277E-09     -0.20890446E-04     -0.42490886E-03
      74     -0.77809697E-09     -0.84192277E-09     -0.21188253E-04     -0.42490886E-03
      75     -0.77820735E-09     -0.84192277E-09     -0.21459311E-04     -0.42490886E-03
      76     -0.77829147E-09     -0.84192277E-09     -0.21608290E-04     -0.42490886E-03
      77     -0.77832299E-09     -0.84192277E-09     -0.21723711E-04     -0.42490886E-03
      78     -0.77833409E-09     -0.84192277E-09     -0.21744401E-04     -0.42490886E-03
      79     -0.77845471E-09     -0.84192277E-09     -0.21893703E-04     -0.42490886E-03
      80     -0.77859148E-09     -0.84192277E-09     -0.22172182E-04     -0.42490886E-03
      81     -0.77871429E-09     -0.84192277E-09     -0.22439651E-04     -0.42490886E-03
      82     -0.77882710E-09     -0.84192277E-09     -0.22728504E-04     -0.42490886E-03
      83     -0.77894420E-09     -0.84192277E-09     -0.23012165E-04     -0.42490886E-03
      84     -0.77904469E-09     -0.84192277E-09     -0.23293082E-04     -0.42490886E-03
      85     -0.77912988E-09     -0.84192277E-09     -0.23477096E-04     -0.42490886E-03
      86     -0.77918689E-09     -0.84192277E-09     -0.23614272E-04     -0.42490886E-03
      87     -0.77924270E-09     -0.84192277E-09     -0.23744174E-04     -0.42490886E-03
      88     -0.77925891E-09     -0.84192277E-09     -0.23875450E-04     -0.42490886E-03
      89     -0.77936621E-09     -0.84192277E-09     -0.24139922E-04     -0.42490886E-03
      90     -0.77944503E-09     -0.84192277E-09     -0.24419543E-04     -0.42490886E-03
      91     -0.77949978E-09     -0.84192277E-09     -0.24698581E-04     -0.42490886E-03
      92     -0.77957301E-09     -0.84192277E-09     -0.24992029E-04     -0.42490886E-03
      93     -0.77964104E-09     -0.84192277E-09     -0.25251396E-04     -0.42490886E-03
      94     -0.77969440E-09     -0.84192277E-09     -0.25494250E-04     -0.42490886E-03
      95     -0.77972885E-09     -0.84192277E-09     -0.25653802E-04     -0.42490886E-03
      96     -0.77978114E-09     -0.84192277E-09     -0.25801090E-04     -0.42490886E-03
      97     -0.77987488E-09     -0.84192277E-09     -0.26036326E-04     -0.42490886E-03
      98     -0.77993278E-09     -0.84192277E-09     -0.26291519E-04     -0.42490886E-03
      99     -0.77998321E-09     -0.84192277E-09     -0.26523786E-04     -0.42490886E-03
     100     -0.78004152E-09     -0.84192277E-09     -0.26796827E-04     -0.42490886E-03
     101     -0.78006534E-09     -0.84192277E-09     -0.26948146E-04     -0.42490886E-03
     102     -0.78013448E-09     -0.84192277E-09     -0.27219085E-04     -0.42490886E-03
     103     -0.78017180E-09     -0.84192277E-09     -0.27355320E-04     -0.42490886E-03
     104     -0.78021022E-09     -0.84192277E-09     -0.27516874E-04     -0.42490886E-03
     105     -0.78025315E-09     -0.84192277E-09     -0.27754745E-04     -0.42490886E-03
     106     -0.78029396E-09     -0.84192277E-09     -0.28011519E-04     -0.42490886E-03
     107     -0.78033125E-09     -0.84192277E-09     -0.28190116E-04     -0.42490886E-03
     108     -0.78034434E-09     -0.84192277E-09     -0.28279973E-04     -0.42490886E-03
     109     -0.78036841E-09     -0.84192277E-09     -0.28417759E-04     -0.42490886E-03
     110     -0.78040221E-09     -0.84192277E-09     -0.28546793E-04     -0.42490886E-03
     111     -0.78044763E-09     -0.84192277E-09     -0.28691729E-04     -0.42490886E-03
     112     -0.78048737E-09     -0.84192277E-09     -0.28839301E-04     -0.42490886E-03
     113     -0.78053558E-09     -0.84192277E-09     -0.28986402E-04     -0.42490886E-03
     114     -0.78057812E-09     -0.84192277E-09     -0.29140900E-04     -0.42490886E-03
     115     -0.78061559E-09     -0.84192277E-09     -0.29274128E-04     -0.42490886E-03
     116     -0.78061801E-09     -0.84192277E-09     -0.29282413E-04     -0.42490886E-03
     117     -0.78063746E-09     -0.84192277E-09     -0.29425293E-04     -0.42490886E-03
     118     -0.78064358E-09     -0.84192277E-09     -0.29532724E-04     -0.42490886E-03
     119     -0.78064488E-09     -0.84192277E-09     -0.29548290E-04     -0.42490886E-03
     120     -0.78070959E-09     -0.84192277E-09     -0.29723373E-04     -0.42490886E-03
     121     -0.78078180E-09     -0.84192277E-09     -0.29877832E-04     -0.42490886E-03
     122     -0.78078254E-09     -0.84192277E-09     -0.29884356E-04     -0.42490886E-03
     123     -0.78078550E-09     -0.84192277E-09     -0.29890966E-04     -0.42490886E-03
     124     -0.78078621E-09     -0.84192277E-09     -0.29898081E-04     -0.42490886E-03
     125     -0.78079143E-09     -0.84192277E-09     -0.29908885E-04     -0.42490886E-03
     126     -0.78079452E-09     -0.84192277E-09     -0.29922569E-04     -0.42490886E-03
     127     -0.78083549E-09     -0.84192277E-09     -0.30072925E-04     -0.42490886E-03
     128     -0.78087319E-09     -0.84192277E-09     -0.30209551E-04     -0.42490886E-03
     129     -0.78088016E-09     -0.84192277E-09     -0.30235645E-04     -0.42490886E-03
     130     -0.78091400E-09     -0.84192277E-09     -0.30420845E-04     -0.42490886E-03
     131     -0.78096511E-09     -0.84192277E-09     -0.30680479E-04     -0.42490886E-03
     132     -0.78096663E-09     -0.84192277E-09     -0.30688025E-04     -0.42490886E-03
     133     -0.78097716E-09     -0.84192277E-09     -0.30728448E-04     -0.42490886E-03
     134     -0.78100836E-09     -0.84192277E-09     -0.30845190E-04     -0.42490886E-03
     135     -0.78103377E-09     -0.84192277E-09     -0.30988454E-04     -0.42490886E-03
     136     -0.78105225E-09     -0.84192277E-09     -0.31122298E-04     -0.42490886E-03
     137     -0.78107649E-09     -0.84192277E-09     -0.31272650E-04     -0.42490886E-03
     138     -0.78110886E-09     -0.84192277E-09     -0.31431927E-04     -0.42490886E-03
     139     -0.78113791E-09     -0.84192277E-09     -0.31495980E-04     -0.42490886E-03
     140     -0.78114068E-09     -0.84192277E-09     -0.31505008E-04     -0.42490886E-03
     141     -0.78117544E-09     -0.84192277E-09     -0.31593522E-04     -0.42490886E-03
     142     -0.78123766E-09     -0.84192277E-09     -0.31739081E-04     -0.42490886E-03
     143     -0.78123961E-09     -0.84192277E-09     -0.31741672E-04     -0.42490886E-03
     144     -0.78124085E-09     -0.84192277E-09     -0.31747901E-04     -0.42490886E-03
     145     -0.78124838E-09     -0.84192277E-09     -0.31780447E-04     -0.42490886E-03
     146     -0.78126501E-09     -0.84192277E-09     -0.31902073E-04     -0.42490886E-03
     147     -0.78127571E-09     -0.84192277E-09     -0.32027514E-04     -0.42490886E-03
     148     -0.78127936E-09     -0.84192277E-09     -0.32035403E-04     -0.42490886E-03
     149     -0.78128681E-09     -0.84192277E-09     -0.32101074E-04     -0.42490886E-03
     150     -0.78128868E-09     -0.84192277E-09     -0.32112111E-04     -0.42490886E-03
     151     -0.78129030E-09     -0.84192277E-09     -0.32120839E-04     -0.42490886E-03
     152     -0.78131089E-09     -0.84192277E-09     -0.32244737E-04     -0.42490886E-03
     153     -0.78132951E-09     -0.84192277E-09     -0.32338579E-04     -0.42490886E-03
     154     -0.78133060E-09     -0.84192277E-09     -0.32345554E-04     -0.42490886E-03
     155     -0.78133331E-09     -0.84192277E-09     -0.32354884E-04     -0.42490886E-03
     156     -0.78134028E-09     -0.84192277E-09     -0.32361072E-04     -0.42490886E-03
     157     -0.78137053E-09     -0.84192277E-09     -0.32512458E-04     -0.42490886E-03
     158     -0.78140081E-09     -0.84192277E-09     -0.32650012E-04     -0.42490886E-03
     159     -0.78142204E-09     -0.84192277E-09     -0.32794015E-04     -0.42490886E-03
     160     -0.78144221E-09     -0.84192277E-09     -0.32934897E-04     -0.42490886E-03
     161     -0.78146776E-09     -0.84192277E-09     -0.33088169E-04     -0.42490886E-03
     162     -0.78147009E-09     -0.84192277E-09     -0.33105952E-04     -0.42490886E-03
     163     -0.78148335E-09     -0.84192277E-09     -0.33202983E-04     -0.42490886E-03
     164     -0.78150742E-09     -0.84192277E-09     -0.33356595E-04     -0.42490886E-03
     165     -0.78151319E-09     -0.84192277E-09     -0.33391453E-04     -0.42490886E-03
     166     -0.78152099E-09     -0.84192277E-09     -0.33411022E-04     -0.42490886E-03
     167     -0.78153075E-09     -0.84192277E-09     -0.33478011E-04     -0.42490886E-03
     168     -0.78154481E-09     -0.84192277E-09     -0.33583875E-04     -0.42490886E-03
     169     -0.78154749E-09     -0.84192277E-09     -0.33598236E-04     -0.42490886E-03
     170     -0.78154775E-09     -0.84192277E-09     -0.33598956E-04     -0.42490886E-03
     171     -0.78154905E-09     -0.84192277E-09     -0.33604456E-04     -0.42490886E-03
     172     -0.78155002E-09     -0.84192277E-09     -0.33609739E-04     -0.42490886E-03
     173     -0.78155534E-09     -0.84192277E-09     -0.33629779E-04     -0.42490886E-03
     174     -0.78159679E-09     -0.84192277E-09     -0.33748396E-04     -0.42490886E-03
     175     -0.78160403E-09     -0.84192277E-09     -0.33786029E-04     -0.42490886E-03
     176     -0.78160914E-09     -0.84192277E-09     -0.33801950E-04     -0.42490886E-03
     177     -0.78166580E-09     -0.84192277E-09     -0.33998630E-04     -0.42490886E-03
     178     -0.78167606E-09     -0.84192277E-09     -0.34023775E-04     -0.42490886E-03
     179     -0.78168059E-09     -0.84192277E-09     -0.34040027E-04     -0.42490886E-03
     180     -0.78169144E-09     -0.84192277E-09     -0.34150279E-04     -0.42490886E-03
     181     -0.78169464E-09     -0.84192277E-09     -0.34165596E-04     -0.42490886E-03
     182     -0.78169929E-09     -0.84192277E-09     -0.34192025E-04     -0.42490886E-03
     183     -0.78170167E-09     -0.84192277E-09     -0.34207157E-04     -0.42490886E-03
     184     -0.78170341E-09     -0.84192277E-09     -0.34221561E-04     -0.42490886E-03
     185     -0.78170803E-09     -0.84192277E-09     -0.34240327E-04     -0.42490886E-03
     186     -0.78171115E-09     -0.84192277E-09     -0.34267963E-04     -0.42490886E-03
     187     -0.78171552E-09     -0.84192277E-09     -0.34297023E-04     -0.42490886E-03
     188     -0.78172385E-09     -0.84192277E-09     -0.34346735E-04     -0.42490886E-03
     189     -0.78174869E-09     -0.84192277E-09     -0.34443124E-04     -0.42490886E-03
     190     -0.78177498E-09     -0.84192277E-09     -0.34537343E-04     -0.42490886E-03
     191     -0.78177604E-09     -0.84192277E-09     -0.34539884E-04     -0.42490886E-03
     192     -0.78178996E-09     -0.84192277E-09     -0.34588112E-04     -0.42490886E-03
     193     -0.78181225E-09     -0.84192277E-09     -0.34717918E-04     -0.42490886E-03
     194     -0.78183190E-09     -0.84192277E-09     -0.34861530E-04     -0.42490886E-03
     195     -0.78184829E-09     -0.84192277E-09     -0.34989698E-04     -0.42490886E-03
     196     -0.78185880E-09     -0.84192277E-09     -0.35073216E-04     -0.42490886E-03
     197     -0.78186613E-09     -0.84192277E-09     -0.35115426E-04     -0.42490886E-03
     198     -0.78188663E-09     -0.84192277E-09     -0.35243332E-04     -0.42490886E-03
     199     -0.78188716E-09     -0.84192277E-09     -0.35245488E-04     -0.42490886E-03
     200     -0.78190545E-09     -0.84192277E-09     -0.35342023E-04     -0.42490886E-03
     201     -0.78191934E-09     -0.84192277E-09     -0.35421092E-04     -0.42490886E-03
     202     -0.78192423E-09     -0.84192277E-09     -0.35460161E-04     -0.42490886E-03
     203     -0.78193505E-09     -0.84192277E-09     -0.35535058E-04     -0.42490886E-03
     204     -0.78194177E-09     -0.84192277E-09     -0.35652344E-04     -0.42490886E-03
     205     -0.78195482E-09     -0.84192277E-09     -0.35797808E-04     -0.42490886E-03
     206     -0.78196203E-09     -0.84192277E-09     -0.35842967E-04     -0.42490886E-03
     207     -0.78196375E-09     -0.84192277E-09     -0.35851627E-04     -0.42490886E-03
     208     -0.78198130E-09     -0.84192277E-09     -0.35913517E-04     -0.42490886E-03
     209     -0.78198436E-09     -0.84192277E-09     -0.35927699E-04     -0.42490886E-03
     210     -0.78200130E-09     -0.84192277E-09     -0.36000463E-04     -0.42490886E-03
     211     -0.78201071E-09     -0.84192277E-09     -0.36065832E-04     -0.42490886E-03
     212     -0.78201361E-09     -0.84192277E-09     -0.36083202E-04     -0.42490886E-03
     213     -0.78202516E-09     -0.84192277E-09     -0.36157362E-04     -0.42490886E-03
     214     -0.78202764E-09     -0.84192277E-09     -0.36169332E-04     -0.42490886E-03
     215     -0.78203903E-09     -0.84192277E-09     -0.36222000E-04     -0.42490886E-03
     216     -0.78208944E-09     -0.84192277E-09     -0.36374926E-04     -0.42490886E-03
     217     -0.78209334E-09     -0.84192277E-09     -0.36399083E-04     -0.42490886E-03
     218     -0.78210174E-09     -0.84192277E-09     -0.36450335E-04     -0.42490886E-03
     219     -0.78210562E-09     -0.84192277E-09     -0.36472230E-04     -0.42490886E-03
     220     -0.78212730E-09     -0.84192277E-09     -0.36559337E-04     -0.42490886E-03
     221     -0.78216568E-09     -0.84192277E-09     -0.36675555E-04     -0.42490886E-03
     222     -0.78216860E-09     -0.84192277E-09     -0.36686582E-04     -0.42490886E-03
     223     -0.78217210E-09     -0.84192277E-09     -0.36699136E-04     -0.42490886E-03
     224     -0.78217351E-09     -0.84192277E-09     -0.36705609E-04     -0.42490886E-03
     225     -0.78219165E-09     -0.84192277E-09     -0.36771451E-04     -0.42490886E-03
     226     -0.78222434E-09     -0.84192277E-09     -0.36938505E-04     -0.42490886E-03
     227     -0.78222566E-09     -0.84192277E-09     -0.36945571E-04     -0.42490886E-03
     228     -0.78223011E-09     -0.84192277E-09     -0.36976307E-04     -0.42490886E-03
     229     -0.78224161E-09     -0.84192277E-09     -0.37104056E-04     -0.42490886E-03
     230     -0.78225798E-09     -0.84192277E-09     -0.37198247E-04     -0.42490886E-03
     231     -0.78227307E-09     -0.84192277E-09     -0.37298669E-04     -0.42490886E-03
     232     -0.78227481E-09     -0.84192277E-09     -0.37308581E-04     -0.42490886E-03
     233     -0.78227910E-09     -0.84192277E-09     -0.37333844E-04     -0.42490886E-03
     234     -0.78228584E-09     -0.84192277E-09     -0.37365055E-04     -0.42490886E-03
     235     -0.78228991E-09     -0.84192277E-09     -0.37373389E-04     -0.42490886E-03
     236     -0.78229262E-09     -0.84192277E-09     -0.37380597E-04     -0.42490886E-03
     237     -0.78229519E-09     -0.84192277E-09     -0.37397129E-04     -0.42490886E-03
     238     -0.78230177E-09     -0.84192277E-09     -0.37418253E-04     -0.42490886E-03
     239     -0.78232143E-09     -0.84192277E-09     -0.37533135E-04     -0.42490886E-03
     240     -0.78232794E-09     -0.84192277E-09     -0.37561327E-04     -0.42490886E-03
     241     -0.78234945E-09     -0.84192277E-09     -0.37681120E-04     -0.42490886E-03
     242     -0.78236783E-09     -0.84192277E-09     -0.37776120E-04     -0.42490886E-03
     243     -0.78238242E-09     -0.84192277E-09     -0.37851676E-04     -0.42490886E-03
     244     -0.78242416E-09     -0.84192277E-09     -0.38049891E-04     -0.42490886E-03
     245     -0.78244102E-09     -0.84192277E-09     -0.38173936E-04     -0.42490886E-03
     246     -0.78246060E-09     -0.84192277E-09     -0.38289973E-04     -0.42490886E-03
     247     -0.78246849E-09     -0.84192277E-09     -0.38397165E-04     -0.42490886E-03
     248     -0.78247290E-09     -0.84192277E-09     -0.38412862E-04     -0.42490886E-03
     249     -0.78248574E-09     -0.84192277E-09     -0.38503057E-04     -0.42490886E-03
     250     -0.78249323E-09     -0.84192277E-09     -0.38547239E-04     -0.42490886E-03
     251     -0.78249686E-09     -0.84192277E-09     -0.38563393E-04     -0.42490886E-03
     252     -0.78250187E-09     -0.84192277E-09     -0.38590937E-04     -0.42490886E-03
     253     -0.78251106E-09     -0.84192277E-09     -0.38624812E-04     -0.42490886E-03
     254     -0.78252489E-09     -0.84192277E-09     -0.38751900E-04     -0.42490886E-03
     255     -0.78254287E-09     -0.84192277E-09     -0.38822701E-04     -0.42490886E-03
     256     -0.78255300E-09     -0.84192277E-09     -0.38868040E-04     -0.42490886E-03
     257     -0.78257289E-09     -0.84192277E-09     -0.38925477E-04     -0.42490886E-03
     258     -0.78258128E-09     -0.84192277E-09     -0.38951232E-04     -0.42490886E-03
     259     -0.78262820E-09     -0.84192277E-09     -0.39087356E-04     -0.42490886E-03
     260     -0.78266448E-09     -0.84192277E-09     -0.39187899E-04     -0.42490886E-03
     261     -0.78267165E-09     -0.84192277E-09     -0.39211534E-04     -0.42490886E-03
     262     -0.78271789E-09     -0.84192277E-09     -0.39359877E-04     -0.42490886E-03
     263     -0.78276150E-09     -0.84192277E-09     -0.39486926E-04     -0.42490886E-03
     264     -0.78276822E-09     -0.84192277E-09     -0.39508574E-04     -0.42490886E-03
     265     -0.78279051E-09     -0.84192277E-09     -0.39569696E-04     -0.42490886E-03
     266     -0.78281512E-09     -0.84192277E-09     -0.39638666E-04     -0.42490886E-03
     267     -0.78283210E-09     -0.84192277E-09     -0.39699037E-04     -0.42490886E-03
     268     -0.78287684E-09     -0.84192277E-09     -0.39861625E-04     -0.42490886E-03
     269     -0.78288922E-09     -0.84192277E-09     -0.39901813E-04     -0.42490886E-03
     270     -0.78290082E-09     -0.84192277E-09     -0.39935383E-04     -0.42490886E-03
     271     -0.78292314E-09     -0.84192277E-09     -0.39991639E-04     -0.42490886E-03
     272     -0.78293294E-09     -0.84192277E-09     -0.40022327E-04     -0.42490886E-03
     273     -0.78296788E-09     -0.84192277E-09     -0.40170121E-04     -0.42490886E-03
     274     -0.78302335E-09     -0.84192277E-09     -0.40313123E-04     -0.42490886E-03
     275     -0.78306415E-09     -0.84192277E-09     -0.40416670E-04     -0.42490886E-03
     276     -0.78309862E-09     -0.84192277E-09     -0.40504059E-04     -0.42490886E-03
     277     -0.78315468E-09     -0.84192277E-09     -0.40664470E-04     -0.42490886E-03
     278     -0.78318711E-09     -0.84192277E-09     -0.40768588E-04     -0.42490886E-03
     279     -0.78321108E-09     -0.84192277E-09     -0.40829294E-04     -0.42490886E-03
     280     -0.78321896E-09     -0.84192277E-09     -0.40849949E-04     -0.42490886E-03
     281     -0.78323429E-09     -0.84192277E-09     -0.40886275E-04     -0.42490886E-03
     282     -0.78324073E-09     -0.84192277E-09     -0.40906705E-04     -0.42490886E-03
     283     -0.78325677E-09     -0.84192277E-09     -0.40947039E-04     -0.42490886E-03
     284     -0.78326462E-09     -0.84192277E-09     -0.40971299E-04     -0.42490886E-03
     285     -0.78326981E-09     -0.84192277E-09     -0.40999925E-04     -0.42490886E-03
     286     -0.78327409E-09     -0.84192277E-09     -0.41012845E-04     -0.42490886E-03
     287     -0.78327806E-09     -0.84192277E-09     -0.41032037E-04     -0.42490886E-03
     288     -0.78328876E-09     -0.84192277E-09     -0.41070729E-04     -0.42490886E-03
     289     -0.78331836E-09     -0.84192277E-09     -0.41155420E-04     -0.42490886E-03
     290     -0.78335853E-09     -0.84192277E-09     -0.41277184E-04     -0.42490886E-03
     291     -0.78337622E-09     -0.84192277E-09     -0.41328203E-04     -0.42490886E-03
     292     -0.78339292E-09     -0.84192277E-09     -0.41408649E-04     -0.42490886E-03
     293     -0.78344783E-09     -0.84192277E-09     -0.41575943E-04     -0.42490886E-03
     294     -0.78350971E-09     -0.84192277E-09     -0.41776631E-04     -0.42490886E-03
     295     -0.78352372E-09     -0.84192277E-09     -0.41805985E-04     -0.42490886E-03
     296     -0.78352630E-09     -0.84192277E-09     -0.41811958E-04     -0.42490886E-03
     297     -0.78353373E-09     -0.84192277E-09     -0.41828898E-04     -0.42490886E-03
     298     -0.78353515E-09     -0.84192277E-09     -0.41833008E-04     -0.42490886E-03
     299     -0.78353771E-09     -0.84192277E-09     -0.41840203E-04     -0.42490886E-03
     300     -0.78355047E-09     -0.84192277E-09     -0.41954545E-04     -0.42490886E-03
     301     -0.78355576E-09     -0.84192277E-09     -0.41975084E-04     -0.42490886E-03
     302     -0.78356297E-09     -0.84192277E-09     -0.42089403E-04     -0.42490886E-03
     303     -0.78356636E-09     -0.84192277E-09     -0.42103802E-04     -0.42490886E-03
     304     -0.78356834E-09     -0.84192277E-09     -0.42109893E-04     -0.42490886E-03
     305     -0.78357111E-09     -0.84192277E-09     -0.42117489E-04     -0.42490886E-03
     306     -0.78357425E-09     -0.84192277E-09     -0.42134323E-04     -0.42490886E-03
     307     -0.78357988E-09     -0.84192277E-09     -0.42158541E-04     -0.42490886E-03
     308     -0.78360520E-09     -0.84192277E-09     -0.42279773E-04     -0.42490886E-03
     309     -0.78360648E-09     -0.84192277E-09     -0.42282317E-04     -0.42490886E-03
     310     -0.78361161E-09     -0.84192277E-09     -0.42297126E-04     -0.42490886E-03
     311     -0.78363330E-09     -0.84192277E-09     -0.42376349E-04     -0.42490886E-03
     312     -0.78364115E-09     -0.84192277E-09     -0.42397300E-04     -0.42490886E-03
     313     -0.78364386E-09     -0.84192277E-09     -0.42403869E-04     -0.42490886E-03
     314     -0.78365695E-09     -0.84192277E-09     -0.42449015E-04     -0.42490886E-03
     315     -0.78366317E-09     -0.84192277E-09     -0.42471338E-04     -0.42490886E-03
     316     -0.78366796E-09     -0.84192277E-09     -0.42487048E-04     -0.42490886E-03
     317     -0.78367211E-09     -0.84192277E-09     -0.42497820E-04     -0.42490886E-03
     318     -0.78367397E-09     -0.84192277E-09     -0.42504397E-04     -0.42490886E-03
     319     -0.78367798E-09     -0.84192277E-09     -0.42515183E-04     -0.42490886E-03
     320     -0.78372618E-09     -0.84192277E-09     -0.42640473E-04     -0.42490886E-03
     321     -0.78377693E-09     -0.84192277E-09     -0.42766892E-04     -0.42490886E-03
     322     -0.78378521E-09     -0.84192277E-09     -0.42786456E-04     -0.42490886E-03
     323     -0.78380525E-09     -0.84192277E-09     -0.42837133E-04     -0.42490886E-03
     324     -0.78380998E-09     -0.84192277E-09     -0.42851981E-04     -0.42490886E-03
     325     -0.78385314E-09     -0.84192277E-09     -0.42957138E-04     -0.42490886E-03
     326     -0.78388017E-09     -0.84192277E-09     -0.43028228E-04     -0.42490886E-03
     327     -0.78389633E-09     -0.84192277E-09     -0.43069637E-04     -0.42490886E-03
     328     -0.78389917E-09     -0.84192277E-09     -0.43079754E-04     -0.42490886E-03
     329     -0.78390185E-09     -0.84192277E-09     -0.43090187E-04     -0.42490886E-03
     330     -0.78391313E-09     -0.84192277E-09     -0.43120151E-04     -0.42490886E-03
     331     -0.78391697E-09     -0.84192277E-09     -0.43130703E-04     -0.42490886E-03
     332     -0.78392482E-09     -0.84192277E-09     -0.43155300E-04     -0.42490886E-03
     333     -0.78392827E-09     -0.84192277E-09     -0.43164465E-04     -0.42490886E-03
     334     -0.78393894E-09     -0.84192277E-09     -0.43201575E-04     -0.42490886E-03
     335     -0.78394340E-09     -0.84192277E-09     -0.43213505E-04     -0.42490886E-03
     336     -0.78394684E-09     -0.84192277E-09     -0.43224011E-04     -0.42490886E-03
     337     -0.78395279E-09     -0.84192277E-09     -0.43238632E-04     -0.42490886E-03
     338     -0.78396094E-09     -0.84192277E-09     -0.43264199E-04     -0.42490886E-03
     339     -0.78396796E-09     -0.84192277E-09     -0.43278833E-04     -0.42490886E-03
     340     -0.78398392E-09     -0.84192277E-09     -0.43340164E-04     -0.42490886E-03
     341     -0.78400906E-09     -0.84192277E-09     -0.43438597E-04     -0.42490886E-03
     342     -0.78401617E-09     -0.84192277E-09     -0.43453471E-04     -0.42490886E-03
     343     -0.78404068E-09     -0.84192277E-09     -0.43525924E-04     -0.42490886E-03
     344     -0.78405224E-09     -0.84192277E-09     -0.43548476E-04     -0.42490886E-03
     345     -0.78406659E-09     -0.84192277E-09     -0.43580791E-04     -0.42490886E-03
     346     -0.78410474E-09     -0.84192277E-09     -0.43669325E-04     -0.42490886E-03
     347     -0.78415143E-09     -0.84192277E-09     -0.43775088E-04     -0.42490886E-03
     348     -0.78416710E-09     -0.84192277E-09     -0.43872850E-04     -0.42490886E-03
     349     -0.78416931E-09     -0.84192277E-09     -0.43879944E-04     -0.42490886E-03
     350     -0.78418328E-09     -0.84192277E-09     -0.43968130E-04     -0.42490886E-03
     351     -0.78419508E-09     -0.84192277E-09     -0.44044925E-04     -0.42490886E-03
     352     -0.78420978E-09     -0.84192277E-09     -0.44100428E-04     -0.42490886E-03
     353     -0.78422396E-09     -0.84192277E-09     -0.44138494E-04     -0.42490886E-03
     354     -0.78424004E-09     -0.84192277E-09     -0.44176220E-04     -0.42490886E-03
     355     -0.78425612E-09     -0.84192277E-09     -0.44219698E-04     -0.42490886E-03
     356     -0.78428292E-09     -0.84192277E-09     -0.44343305E-04     -0.42490886E-03
     357     -0.78431864E-09     -0.84192277E-09     -0.44469532E-04     -0.42490886E-03
     358     -0.78433237E-09     -0.84192277E-09     -0.44498447E-04     -0.42490886E-03
     359     -0.78434980E-09     -0.84192277E-09     -0.44553159E-04     -0.42490886E-03
     360     -0.78436131E-09     -0.84192277E-09     -0.44578589E-04     -0.42490886E-03
     361     -0.78437471E-09     -0.84192277E-09     -0.44611077E-04     -0.42490886E-03
     362     -0.78438073E-09     -0.84192277E-09     -0.44622042E-04     -0.42490886E-03
     363     -0.78439369E-09     -0.84192277E-09     -0.44653615E-04     -0.42490886E-03
     364     -0.78439848E-09     -0.84192277E-09     -0.44672432E-04     -0.42490886E-03
     365     -0.78439985E-09     -0.84192277E-09     -0.44688538E-04     -0.42490886E-03
     366     -0.78440354E-09     -0.84192277E-09     -0.44697077E-04     -0.42490886E-03
     367     -0.78440747E-09     -0.84192277E-09     -0.44708653E-04     -0.42490886E-03
     368     -0.78441546E-09     -0.84192277E-09     -0.44726517E-04     -0.42490886E-03
     369     -0.78442505E-09     -0.84192277E-09     -0.44750730E-04     -0.42490886E-03
     370     -0.78442731E-09     -0.84192277E-09     -0.44755610E-04     -0.42490886E-03
     371     -0.78443727E-09     -0.84192277E-09     -0.44779568E-04     -0.42490886E-03
     372     -0.78444167E-09     -0.84192277E-09     -0.44787563E-04     -0.42490886E-03
     373     -0.78444551E-09     -0.84192277E-09     -0.44798325E-04     -0.42490886E-03
     374     -0.78444766E-09     -0.84192277E-09     -0.44802209E-04     -0.42490886E-03
     375     -0.78446112E-09     -0.84192277E-09     -0.44826112E-04     -0.42490886E-03
     376     -0.78451908E-09     -0.84192277E-09     -0.44941960E-04     -0.42490886E-03
     377     -0.78458495E-09     -0.84192277E-09     -0.45039880E-04     -0.42490886E-03
     378     -0.78463613E-09     -0.84192277E-09     -0.45092234E-04     -0.42490886E-03
     379     -0.78466809E-09     -0.84192277E-09     -0.45146494E-04     -0.42490886E-03
     380     -0.78468521E-09     -0.84192277E-09     -0.45174289E-04     -0.42490886E-03
     381     -0.78480763E-09     -0.84192277E-09     -0.45260383E-04     -0.42490886E-03
     382     -0.78485776E-09     -0.84192277E-09     -0.45312864E-04     -0.42490886E-03
     383     -0.78487590E-09     -0.84192277E-09     -0.45356514E-04     -0.42490886E-03
     384     -0.78490119E-09     -0.84192277E-09     -0.45417802E-04     -0.42490886E-03
     385     -0.78491230E-09     -0.84192277E-09     -0.45447434E-04     -0.42490886E-03
     386     -0.78492636E-09     -0.84192277E-09     -0.45480634E-04     -0.42490886E-03
     387     -0.78494432E-09     -0.84192277E-09     -0.45523620E-04     -0.42490886E-03
     388     -0.78496535E-09     -0.84192277E-09     -0.45595640E-04     -0.42490886E-03
     389     -0.78497746E-09     -0.84192277E-09     -0.45655498E-04     -0.42490886E-03
     390     -0.78500573E-09     -0.84192277E-09     -0.45701616E-04     -0.42490886E-03
     391     -0.78502066E-09     -0.84192277E-09     -0.45738489E-04     -0.42490886E-03
     392     -0.78503025E-09     -0.84192277E-09     -0.45799521E-04     -0.42490886E-03
     393     -0.78504123E-09     -0.84192277E-09     -0.45846683E-04     -0.42490886E-03
     394     -0.78504650E-09     -0.84192277E-09     -0.45875098E-04     -0.42490886E-03
     395     -0.78505077E-09     -0.84192277E-09     -0.45891576E-04     -0.42490886E-03
     396     -0.78506684E-09     -0.84192277E-09     -0.45942056E-04     -0.42490886E-03
     397     -0.78510031E-09     -0.84192277E-09     -0.46007397E-04     -0.42490886E-03
     398     -0.78517243E-09     -0.84192277E-09     -0.46074915E-04     -0.42490886E-03
     399     -0.78520846E-09     -0.84192277E-09     -0.46152639E-04     -0.42490886E-03
     400     -0.78525279E-09     -0.84192277E-09     -0.46227597E-04     -0.42490886E-03
     401     -0.78526886E-09     -0.84192277E-09     -0.46280426E-04     -0.42490886E-03
     402     -0.78529275E-09     -0.84192277E-09     -0.46354377E-04     -0.42490886E-03
     403     -0.78530522E-09     -0.84192277E-09     -0.46389607E-04     -0.42490886E-03
     404     -0.78530885E-09     -0.84192277E-09     -0.46402370E-04     -0.42490886E-03
     405     -0.78532640E-09     -0.84192277E-09     -0.46449592E-04     -0.42490886E-03
     406     -0.78534774E-09     -0.84192277E-09     -0.46531524E-04     -0.42490886E-03
     407     -0.78538567E-09     -0.84192277E-09     -0.46622053E-04     -0.42490886E-03
     408     -0.78539131E-09     -0.84192277E-09     -0.46643419E-04     -0.42490886E-03
     409     -0.78539882E-09     -0.84192277E-09     -0.46663827E-04     -0.42490886E-03
     410     -0.78541576E-09     -0.84192277E-09     -0.46706944E-04     -0.42490886E-03
     411     -0.78544631E-09     -0.84192277E-09     -0.46770961E-04     -0.42490886E-03
     412     -0.78546238E-09     -0.84192277E-09     -0.46801648E-04     -0.42490886E-03
     413     -0.78552660E-09     -0.84192277E-09     -0.46930100E-04     -0.42490886E-03
     414     -0.78555826E-09     -0.84192277E-09     -0.47009510E-04     -0.42490886E-03
     415     -0.78559481E-09     -0.84192277E-09     -0.47118872E-04     -0.42490886E-03
     416     -0.78564562E-09     -0.84192277E-09     -0.47221541E-04     -0.42490886E-03
     417     -0.78569733E-09     -0.84192277E-09     -0.47336210E-04     -0.42490886E-03
     418     -0.78573436E-09     -0.84192277E-09     -0.47437175E-04     -0.42490886E-03
     419     -0.78576557E-09     -0.84192277E-09     -0.47540641E-04     -0.42490886E-03
     420     -0.78579289E-09     -0.84192277E-09     -0.47638897E-04     -0.42490886E-03
     421     -0.78584294E-09     -0.84192277E-09     -0.47780580E-04     -0.42490886E-03
     422     -0.78592156E-09     -0.84192277E-09     -0.47900009E-04     -0.42490886E-03
     423     -0.78595154E-09     -0.84192277E-09     -0.47940224E-04     -0.42490886E-03
     424     -0.78604768E-09     -0.84192277E-09     -0.48056233E-04     -0.42490886E-03
     425     -0.78608620E-09     -0.84192277E-09     -0.48097088E-04     -0.42490886E-03
     426     -0.78609701E-09     -0.84192277E-09     -0.48126492E-04     -0.42490886E-03
     427     -0.78614589E-09     -0.84192277E-09     -0.48210279E-04     -0.42490886E-03
     428     -0.78620955E-09     -0.84192277E-09     -0.48349156E-04     -0.42490886E-03
     429     -0.78623248E-09     -0.84192277E-09     -0.48475149E-04     -0.42490886E-03
     430     -0.78631656E-09     -0.84192277E-09     -0.48593764E-04     -0.42490886E-03
     431     -0.78641318E-09     -0.84192277E-09     -0.48723641E-04     -0.42490886E-03
     432     -0.78648053E-09     -0.84192277E-09     -0.48810319E-04     -0.42490886E-03
     433     -0.78653182E-09     -0.84192277E-09     -0.48915042E-04     -0.42490886E-03
     434     -0.78658634E-09     -0.84192277E-09     -0.49034432E-04     -0.42490886E-03
     435     -0.78663778E-09     -0.84192277E-09     -0.49093832E-04     -0.42490886E-03
     436     -0.78671098E-09     -0.84192277E-09     -0.49205818E-04     -0.42490886E-03
     437     -0.78683533E-09     -0.84192277E-09     -0.49344785E-04     -0.42490886E-03
     438     -0.78690517E-09     -0.84192277E-09     -0.49408729E-04     -0.42490886E-03
     439     -0.78697333E-09     -0.84192277E-09     -0.49489089E-04     -0.42490886E-03
     440     -0.78706553E-09     -0.84192277E-09     -0.49577105E-04     -0.42490886E-03
     441     -0.78714531E-09     -0.84192277E-09     -0.49642724E-04     -0.42490886E-03
     442     -0.78720431E-09     -0.84192277E-09     -0.49707873E-04     -0.42490886E-03
     443     -0.78724868E-09     -0.84192277E-09     -0.49744052E-04     -0.42490886E-03
     444     -0.78725774E-09     -0.84192277E-09     -0.49756200E-04     -0.42490886E-03
     445     -0.78738598E-09     -0.84192277E-09     -0.49888762E-04     -0.42490886E-03
     446     -0.78742761E-09     -0.84192277E-09     -0.49931330E-04     -0.42490886E-03
     447     -0.78746494E-09     -0.84192277E-09     -0.49969921E-04     -0.42490886E-03
     448     -0.78750927E-09     -0.84192277E-09     -0.50016661E-04     -0.42490886E-03
     449     -0.78757328E-09     -0.84192277E-09     -0.50087351E-04     -0.42490886E-03
     450     -0.78758357E-09     -0.84192277E-09     -0.50100774E-04     -0.42490886E-03
     451     -0.78759030E-09     -0.84192277E-09     -0.50112069E-04     -0.42490886E-03
     452     -0.78770436E-09     -0.84192277E-09     -0.50262152E-04     -0.42490886E-03
     453     -0.78774956E-09     -0.84192277E-09     -0.50332248E-04     -0.42490886E-03
     454     -0.78776309E-09     -0.84192277E-09     -0.50349416E-04     -0.42490886E-03
     455     -0.78789310E-09     -0.84192277E-09     -0.50513868E-04     -0.42490886E-03
     456     -0.78798685E-09     -0.84192277E-09     -0.50619791E-04     -0.42490886E-03
     457     -0.78799511E-09     -0.84192277E-09     -0.50637985E-04     -0.42490886E-03
     458     -0.78800348E-09     -0.84192277E-09     -0.50660128E-04     -0.42490886E-03
     459     -0.78801166E-09     -0.84192277E-09     -0.50677725E-04     -0.42490886E-03
     460     -0.78805139E-09     -0.84192277E-09     -0.50726582E-04     -0.42490886E-03
     461     -0.78807305E-09     -0.84192277E-09     -0.50753118E-04     -0.42490886E-03
     462     -0.78809912E-09     -0.84192277E-09     -0.50783488E-04     -0.42490886E-03
     463     -0.78810929E-09     -0.84192277E-09     -0.50798542E-04     -0.42490886E-03
     464     -0.78813894E-09     -0.84192277E-09     -0.50838333E-04     -0.42490886E-03
     465     -0.78814122E-09     -0.84192277E-09     -0.50843782E-04     -0.42490886E-03
     466     -0.78814673E-09     -0.84192277E-09     -0.50852100E-04     -0.42490886E-03
     467     -0.78815213E-09     -0.84192277E-09     -0.50858981E-04     -0.42490886E-03
     468     -0.78815540E-09     -0.84192277E-09     -0.50866892E-04     -0.42490886E-03
     469     -0.78815883E-09     -0.84192277E-09     -0.50878255E-04     -0.42490886E-03
     470     -0.78816345E-09     -0.84192277E-09     -0.50887947E-04     -0.42490886E-03
     471     -0.78816742E-09     -0.84192277E-09     -0.50897474E-04     -0.42490886E-03
     472     -0.78817019E-09     -0.84192277E-09     -0.50904369E-04     -0.42490886E-03
     473     -0.78817502E-09     -0.84192277E-09     -0.50913254E-04     -0.42490886E-03
     474     -0.78817835E-09     -0.84192277E-09     -0.50918888E-04     -0.42490886E-03
     475     -0.78818352E-09     -0.84192277E-09     -0.50927715E-04     -0.42490886E-03
     476     -0.78818661E-09     -0.84192277E-09     -0.50934429E-04     -0.42490886E-03
     477     -0.78818983E-09     -0.84192277E-09     -0.50940323E-04     -0.42490886E-03
     478     -0.78819347E-09     -0.84192277E-09     -0.50945308E-04     -0.42490886E-03
     479     -0.78820133E-09     -0.84192277E-09     -0.50955920E-04     -0.42490886E-03
     480     -0.78820501E-09     -0.84192277E-09     -0.50961713E-04     -0.42490886E-03
     481     -0.78820758E-09     -0.84192277E-09     -0.50969949E-04     -0.42490886E-03
     482     -0.78821131E-09     -0.84192277E-09     -0.50978945E-04     -0.42490886E-03
     483     -0.78821554E-09     -0.84192277E-09     -0.50986497E-04     -0.42490886E-03
     484     -0.78821835E-09     -0.84192277E-09     -0.50991372E-04     -0.42490886E-03
     485     -0.78822284E-09     -0.84192277E-09     -0.50998912E-04     -0.42490886E-03
     486     -0.78822672E-09     -0.84192277E-09     -0.51007236E-04     -0.42490886E-03
     487     -0.78822882E-09     -0.84192277E-09     -0.51012945E-04     -0.42490886E-03
     488     -0.78823113E-09     -0.84192277E-09     -0.51017882E-04     -0.42490886E-03
     489     -0.78823582E-09     -0.84192277E-09     -0.51025954E-04     -0.42490886E-03
     490     -0.78823811E-09     -0.84192277E-09     -0.51036140E-04     -0.42490886E-03
     491     -0.78824038E-09     -0.84192277E-09     -0.51042531E-04     -0.42490886E-03
     492     -0.78824161E-09     -0.84192277E-09     -0.51046296E-04     -0.42490886E-03
     493     -0.78824323E-09     -0.84192277E-09     -0.51054790E-04     -0.42490886E-03
     494     -0.78824497E-09     -0.84192277E-09     -0.51058242E-04     -0.42490886E-03
     495     -0.78824630E-09     -0.84192277E-09     -0.51060917E-04     -0.42490886E-03
     496     -0.78824945E-09     -0.84192277E-09     -0.51064150E-04     -0.42490886E-03
     497     -0.78825018E-09     -0.84192277E-09     -0.51065403E-04     -0.42490886E-03
     498     -0.78825439E-09     -0.84192277E-09     -0.51072957E-04     -0.42490886E-03
     499     -0.78825710E-09     -0.84192277E-09     -0.51081308E-04     -0.42490886E-03
     500     -0.78826156E-09     -0.84192277E-09     -0.51089401E-04     -0.42490886E-03
     501     -0.78826582E-09     -0.84192277E-09     -0.51095602E-04     -0.42490886E-03
     502     -0.78826822E-09     -0.84192277E-09     -0.51099378E-04     -0.42490886E-03
     503     -0.78827415E-09     -0.84192277E-09     -0.51107323E-04     -0.42490886E-03
     504     -0.78827642E-09     -0.84192277E-09     -0.51112057E-04     -0.42490886E-03
     505     -0.78827768E-09     -0.84192277E-09     -0.51115801E-04     -0.42490886E-03
     506     -0.78829140E-09     -0.84192277E-09     -0.51129208E-04     -0.42490886E-03
     507     -0.78829842E-09     -0.84192277E-09     -0.51138032E-04     -0.42490886E-03
     508     -0.78830551E-09     -0.84192277E-09     -0.51149656E-04     -0.42490886E-03
     509     -0.78830943E-09     -0.84192277E-09     -0.51159153E-04     -0.42490886E-03
     510     -0.78832283E-09     -0.84192277E-09     -0.51172978E-04     -0.42490886E-03
     511     -0.78832566E-09     -0.84192277E-09     -0.51177380E-04     -0.42490886E-03
     512     -0.78833251E-09     -0.84192277E-09     -0.51185959E-04     -0.42490886E-03
     513     -0.78833839E-09     -0.84192277E-09     -0.51196804E-04     -0.42490886E-03
     514     -0.78834160E-09     -0.84192277E-09     -0.51206580E-04     -0.42490886E-03
     515     -0.78835389E-09     -0.84192277E-09     -0.51220678E-04     -0.42490886E-03
     516     -0.78836094E-09     -0.84192277E-09     -0.51230380E-04     -0.42490886E-03
     517     -0.78838287E-09     -0.84192277E-09     -0.51254914E-04     -0.42490886E-03
     518     -0.78839232E-09     -0.84192277E-09     -0.51267435E-04     -0.42490886E-03
     519     -0.78840397E-09     -0.84192277E-09     -0.51281890E-04     -0.42490886E-03
     520     -0.78841892E-09     -0.84192277E-09     -0.51298538E-04     -0.42490886E-03
     521     -0.78842615E-09     -0.84192277E-09     -0.51306870E-04     -0.42490886E-03
     522     -0.78843290E-09     -0.84192277E-09     -0.51316063E-04     -0.42490886E-03
     523     -0.78845541E-09     -0.84192277E-09     -0.51339990E-04     -0.42490886E-03
     524     -0.78846147E-09     -0.84192277E-09     -0.51353279E-04     -0.42490886E-03
     525     -0.78849849E-09     -0.84192277E-09     -0.51398084E-04     -0.42490886E-03
     526     -0.78850687E-09     -0.84192277E-09     -0.51410376E-04     -0.42490886E-03
     527     -0.78855269E-09     -0.84192277E-09     -0.51453157E-04     -0.42490886E-03
     528     -0.78857472E-09     -0.84192277E-09     -0.51478581E-04     -0.42490886E-03
     529     -0.78859014E-09     -0.84192277E-09     -0.51495621E-04     -0.42490886E-03
     530     -0.78860818E-09     -0.84192277E-09     -0.51514568E-04     -0.42490886E-03
     531     -0.78862591E-09     -0.84192277E-09     -0.51533095E-04     -0.42490886E-03
     532     -0.78867417E-09     -0.84192277E-09     -0.51578300E-04     -0.42490886E-03
     533     -0.78869158E-09     -0.84192277E-09     -0.51596444E-04     -0.42490886E-03
     534     -0.78871324E-09     -0.84192277E-09     -0.51619177E-04     -0.42490886E-03
     535     -0.78873364E-09     -0.84192277E-09     -0.51644737E-04     -0.42490886E-03
     536     -0.78875854E-09     -0.84192277E-09     -0.51671852E-04     -0.42490886E-03
     537     -0.78877584E-09     -0.84192277E-09     -0.51691134E-04     -0.42490886E-03
     538     -0.78878165E-09     -0.84192277E-09     -0.51698479E-04     -0.42490886E-03
     539     -0.78878498E-09     -0.84192277E-09     -0.51703258E-04     -0.42490886E-03
     540     -0.78892886E-09     -0.84192277E-09     -0.51826039E-04     -0.42490886E-03
     541     -0.78902143E-09     -0.84192277E-09     -0.51917471E-04     -0.42490886E-03
     542     -0.78906900E-09     -0.84192277E-09     -0.51966966E-04     -0.42490886E-03
     543     -0.78921999E-09     -0.84192277E-09     -0.52119868E-04     -0.42490886E-03
     544     -0.78925917E-09     -0.84192277E-09     -0.52149047E-04     -0.42490886E-03
     545     -0.78930064E-09     -0.84192277E-09     -0.52183086E-04     -0.42490886E-03
     546     -0.78940402E-09     -0.84192277E-09     -0.52286647E-04     -0.42490886E-03
     547     -0.78944592E-09     -0.84192277E-09     -0.52301614E-04     -0.42490886E-03
     548     -0.78950658E-09     -0.84192277E-09     -0.52326801E-04     -0.42490886E-03
     549     -0.78964310E-09     -0.84192277E-09     -0.52428677E-04     -0.42490886E-03
     550     -0.78969312E-09     -0.84192277E-09     -0.52478111E-04     -0.42490886E-03
     551     -0.78970046E-09     -0.84192277E-09     -0.52490917E-04     -0.42490886E-03
     552     -0.78976430E-09     -0.84192277E-09     -0.52544428E-04     -0.42490886E-03
     553     -0.78978120E-09     -0.84192277E-09     -0.52564203E-04     -0.42490886E-03
     554     -0.78979048E-09     -0.84192277E-09     -0.52582654E-04     -0.42490886E-03
     555     -0.78980320E-09     -0.84192277E-09     -0.52606667E-04     -0.42490886E-03
     556     -0.78985095E-09     -0.84192277E-09     -0.52661339E-04     -0.42490886E-03
     557     -0.78987845E-09     -0.84192277E-09     -0.52697668E-04     -0.42490886E-03
     558     -0.78999874E-09     -0.84192277E-09     -0.52808774E-04     -0.42490886E-03
     559     -0.79006523E-09     -0.84192277E-09     -0.52875594E-04     -0.42490886E-03
     560     -0.79008083E-09     -0.84192277E-09     -0.52896904E-04     -0.42490886E-03
     561     -0.79009736E-09     -0.84192277E-09     -0.52917818E-04     -0.42490886E-03
     562     -0.79014017E-09     -0.84192277E-09     -0.52947197E-04     -0.42490886E-03
     563     -0.79020007E-09     -0.84192277E-09     -0.52996771E-04     -0.42490886E-03
     564     -0.79025324E-09     -0.84192277E-09     -0.53037947E-04     -0.42490886E-03
     565     -0.79029096E-09     -0.84192277E-09     -0.53072281E-04     -0.42490886E-03
     566     -0.79031733E-09     -0.84192277E-09     -0.53091463E-04     -0.42490886E-03
     567     -0.79035136E-09     -0.84192277E-09     -0.53115911E-04     -0.42490886E-03
     568     -0.79037137E-09     -0.84192277E-09     -0.53135147E-04     -0.42490886E-03
     569     -0.79038334E-09     -0.84192277E-09     -0.53146298E-04     -0.42490886E-03
     570     -0.79050569E-09     -0.84192277E-09     -0.53264069E-04     -0.42490886E-03
     571     -0.79056267E-09     -0.84192277E-09     -0.53304561E-04     -0.42490886E-03
     572     -0.79059610E-09     -0.84192277E-09     -0.53325143E-04     -0.42490886E-03
     573     -0.79073726E-09     -0.84192277E-09     -0.53454364E-04     -0.42490886E-03
     574     -0.79076231E-09     -0.84192277E-09     -0.53471971E-04     -0.42490886E-03
     575     -0.79080303E-09     -0.84192277E-09     -0.53512953E-04     -0.42490886E-03
     576     -0.79084055E-09     -0.84192277E-09     -0.53553570E-04     -0.42490886E-03
     577     -0.79087877E-09     -0.84192277E-09     -0.53578126E-04     -0.42490886E-03
     578     -0.79090984E-09     -0.84192277E-09     -0.53594053E-04     -0.42490886E-03
     579     -0.79093560E-09     -0.84192277E-09     -0.53618834E-04     -0.42490886E-03
     580     -0.79095692E-09     -0.84192277E-09     -0.53640505E-04     -0.42490886E-03
     581     -0.79098383E-09     -0.84192277E-09     -0.53662149E-04     -0.42490886E-03
     582     -0.79102074E-09     -0.84192277E-09     -0.53685204E-04     -0.42490886E-03
     583     -0.79107751E-09     -0.84192277E-09     -0.53713571E-04     -0.42490886E-03
     584     -0.79112033E-09     -0.84192277E-09     -0.53745197E-04     -0.42490886E-03
     585     -0.79118655E-09     -0.84192277E-09     -0.53806783E-04     -0.42490886E-03
     586     -0.79119847E-09     -0.84192277E-09     -0.53822970E-04     -0.42490886E-03
     587     -0.79122375E-09     -0.84192277E-09     -0.53854461E-04     -0.42490886E-03
     588     -0.79132435E-09     -0.84192277E-09     -0.53950490E-04     -0.42490886E-03
     589     -0.79138506E-09     -0.84192277E-09     -0.54019361E-04     -0.42490886E-03
     590     -0.79140314E-09     -0.84192277E-09     -0.54054731E-04     -0.42490886E-03
     591     -0.79143808E-09     -0.84192277E-09     -0.54082579E-04     -0.42490886E-03
     592     -0.79152367E-09     -0.84192277E-09     -0.54153816E-04     -0.42490886E-03
     593     -0.79156792E-09     -0.84192277E-09     -0.54200920E-04     -0.42490886E-03
     594     -0.79161605E-09     -0.84192277E-09     -0.54239800E-04     -0.42490886E-03
     595     -0.79166654E-09     -0.84192277E-09     -0.54288268E-04     -0.42490886E-03
     596     -0.79174651E-09     -0.84192277E-09     -0.54369334E-04     -0.42490886E-03
     597     -0.79180920E-09     -0.84192277E-09     -0.54435970E-04     -0.42490886E-03
     598     -0.79183167E-09     -0.84192277E-09     -0.54458105E-04     -0.42490886E-03
     599     -0.79185703E-09     -0.84192277E-09     -0.54478761E-04     -0.42490886E-03
     600     -0.79191340E-09     -0.84192277E-09     -0.54500546E-04     -0.42490886E-03
     601     -0.79195354E-09     -0.84192277E-09     -0.54543013E-04     -0.42490886E-03
     602     -0.79210420E-09     -0.84192277E-09     -0.54703720E-04     -0.42490886E-03
     603     -0.79216060E-09     -0.84192277E-09     -0.54731346E-04     -0.42490886E-03
     604     -0.79223603E-09     -0.84192277E-09     -0.54762125E-04     -0.42490886E-03
     605     -0.79225258E-09     -0.84192277E-09     -0.54775198E-04     -0.42490886E-03
     606     -0.79226801E-09     -0.84192277E-09     -0.54788627E-04     -0.42490886E-03
     607     -0.79238007E-09     -0.84192277E-09     -0.54833093E-04     -0.42490886E-03
     608     -0.79241336E-09     -0.84192277E-09     -0.54857564E-04     -0.42490886E-03
     609     -0.79243791E-09     -0.84192277E-09     -0.54879329E-04     -0.42490886E-03
     610     -0.79246615E-09     -0.84192277E-09     -0.54897419E-04     -0.42490886E-03
     611     -0.79251111E-09     -0.84192277E-09     -0.54933572E-04     -0.42490886E-03
     612     -0.79256471E-09     -0.84192277E-09     -0.54962215E-04     -0.42490886E-03
     613     -0.79260459E-09     -0.84192277E-09     -0.54985313E-04     -0.42490886E-03
     614     -0.79265474E-09     -0.84192277E-09     -0.55011301E-04     -0.42490886E-03
     615     -0.79267379E-09     -0.84192277E-09     -0.55035559E-04     -0.42490886E-03
     616     -0.79268520E-09     -0.84192277E-09     -0.55046942E-04     -0.42490886E-03
     617     -0.79270585E-09     -0.84192277E-09     -0.55061351E-04     -0.42490886E-03
     618     -0.79276956E-09     -0.84192277E-09     -0.55086330E-04     -0.42490886E-03
     619     -0.79285488E-09     -0.84192277E-09     -0.55119030E-04     -0.42490886E-03
     620     -0.79291839E-09     -0.84192277E-09     -0.55144322E-04     -0.42490886E-03
     621     -0.79296696E-09     -0.84192277E-09     -0.55165258E-04     -0.42490886E-03
     622     -0.79302547E-09     -0.84192277E-09     -0.55198633E-04     -0.42490886E-03
     623     -0.79315154E-09     -0.84192277E-09     -0.55260151E-04     -0.42490886E-03
     624     -0.79325711E-09     -0.84192277E-09     -0.55351745E-04     -0.42490886E-03
     625     -0.79335450E-09     -0.84192277E-09     -0.55425632E-04     -0.42490886E-03
     626     -0.79340905E-09     -0.84192277E-09     -0.55476440E-04     -0.42490886E-03
     627     -0.79351610E-09     -0.84192277E-09     -0.55526214E-04     -0.42490886E-03
     628     -0.79354396E-09     -0.84192277E-09     -0.55553809E-04     -0.42490886E-03
     629     -0.79355463E-09     -0.84192277E-09     -0.55565551E-04     -0.42490886E-03
     630     -0.79359121E-09     -0.84192277E-09     -0.55593268E-04     -0.42490886E-03
     631     -0.79361800E-09     -0.84192277E-09     -0.55628544E-04     -0.42490886E-03
     632     -0.79371736E-09     -0.84192277E-09     -0.55684624E-04     -0.42490886E-03
     633     -0.79376623E-09     -0.84192277E-09     -0.55729751E-04     -0.42490886E-03
     634     -0.79386672E-09     -0.84192277E-09     -0.55785394E-04     -0.42490886E-03
     635     -0.79393291E-09     -0.84192277E-09     -0.55820596E-04     -0.42490886E-03
     636     -0.79397774E-09     -0.84192277E-09     -0.55852157E-04     -0.42490886E-03
     637     -0.79401201E-09     -0.84192277E-09     -0.55883514E-04     -0.42490886E-03
     638     -0.79406589E-09     -0.84192277E-09     -0.55920856E-04     -0.42490886E-03
     639     -0.79408993E-09     -0.84192277E-09     -0.55946796E-04     -0.42490886E-03
     640     -0.79412030E-09     -0.84192277E-09     -0.55972230E-04     -0.42490886E-03
     641     -0.79415841E-09     -0.84192277E-09     -0.56005143E-04     -0.42490886E-03
     642     -0.79417944E-09     -0.84192277E-09     -0.56029397E-04     -0.42490886E-03
     643     -0.79426633E-09     -0.84192277E-09     -0.56118155E-04     -0.42490886E-03
     644     -0.79431304E-09     -0.84192277E-09     -0.56147298E-04     -0.42490886E-03
     645     -0.79437767E-09     -0.84192277E-09     -0.56194535E-04     -0.42490886E-03
     646     -0.79443526E-09     -0.84192277E-09     -0.56231783E-04     -0.42490886E-03
     647     -0.79447708E-09     -0.84192277E-09     -0.56271735E-04     -0.42490886E-03
     648     -0.79452573E-09     -0.84192277E-09     -0.56310304E-04     -0.42490886E-03
     649     -0.79457243E-09     -0.84192277E-09     -0.56348472E-04     -0.42490886E-03
     650     -0.79463246E-09     -0.84192277E-09     -0.56395994E-04     -0.42490886E-03
     651     -0.79467384E-09     -0.84192277E-09     -0.56439686E-04     -0.42490886E-03
     652     -0.79470315E-09     -0.84192277E-09     -0.56474892E-04     -0.42490886E-03
     653     -0.79474503E-09     -0.84192277E-09     -0.56509772E-04     -0.42490886E-03
     654     -0.79481056E-09     -0.84192277E-09     -0.56585388E-04     -0.42490886E-03
     655     -0.79490655E-09     -0.84192277E-09     -0.56695126E-04     -0.42490886E-03
     656     -0.79493969E-09     -0.84192277E-09     -0.56740657E-04     -0.42490886E-03
     657     -0.79497180E-09     -0.84192277E-09     -0.56787308E-04     -0.42490886E-03
     658     -0.79502548E-09     -0.84192277E-09     -0.56830856E-04     -0.42490886E-03
     659     -0.79507956E-09     -0.84192277E-09     -0.56863409E-04     -0.42490886E-03
     660     -0.79510748E-09     -0.84192277E-09     -0.56883116E-04     -0.42490886E-03
     661     -0.79514213E-09     -0.84192277E-09     -0.56913030E-04     -0.42490886E-03
     662     -0.79520023E-09     -0.84192277E-09     -0.56990395E-04     -0.42490886E-03
     663     -0.79527730E-09     -0.84192277E-09     -0.57088542E-04     -0.42490886E-03
     664     -0.79534660E-09     -0.84192277E-09     -0.57144863E-04     -0.42490886E-03
     665     -0.79542770E-09     -0.84192277E-09     -0.57191425E-04     -0.42490886E-03
     666     -0.79547867E-09     -0.84192277E-09     -0.57222036E-04     -0.42490886E-03
     667     -0.79554486E-09     -0.84192277E-09     -0.57264776E-04     -0.42490886E-03
     668     -0.79564941E-09     -0.84192277E-09     -0.57324416E-04     -0.42490886E-03
     669     -0.79574058E-09     -0.84192277E-09     -0.57390278E-04     -0.42490886E-03
     670     -0.79577597E-09     -0.84192277E-09     -0.57445706E-04     -0.42490886E-03
     671     -0.79582733E-09     -0.84192277E-09     -0.57531396E-04     -0.42490886E-03
     672     -0.79592230E-09     -0.84192277E-09     -0.57582766E-04     -0.42490886E-03
     673     -0.79595154E-09     -0.84192277E-09     -0.57629395E-04     -0.42490886E-03
     674     -0.79598407E-09     -0.84192277E-09     -0.57672904E-04     -0.42490886E-03
     675     -0.79603189E-09     -0.84192277E-09     -0.57742704E-04     -0.42490886E-03
     676     -0.79605816E-09     -0.84192277E-09     -0.57768948E-04     -0.42490886E-03
     677     -0.79608793E-09     -0.84192277E-09     -0.57792997E-04     -0.42490886E-03
     678     -0.79611479E-09     -0.84192277E-09     -0.57828365E-04     -0.42490886E-03
     679     -0.79617929E-09     -0.84192277E-09     -0.57870300E-04     -0.42490886E-03
     680     -0.79621500E-09     -0.84192277E-09     -0.57895914E-04     -0.42490886E-03
     681     -0.79625303E-09     -0.84192277E-09     -0.57936323E-04     -0.42490886E-03
     682     -0.79628974E-09     -0.84192277E-09     -0.57963608E-04     -0.42490886E-03
     683     -0.79636371E-09     -0.84192277E-09     -0.58013565E-04     -0.42490886E-03
     684     -0.79641214E-09     -0.84192277E-09     -0.58048137E-04     -0.42490886E-03
     685     -0.79643857E-09     -0.84192277E-09     -0.58078876E-04     -0.42490886E-03
     686     -0.79649507E-09     -0.84192277E-09     -0.58109967E-04     -0.42490886E-03
     687     -0.79659095E-09     -0.84192277E-09     -0.58143328E-04     -0.42490886E-03
     688     -0.79663095E-09     -0.84192277E-09     -0.58165738E-04     -0.42490886E-03
     689     -0.79668726E-09     -0.84192277E-09     -0.58218199E-04     -0.42490886E-03
     690     -0.79670549E-09     -0.84192277E-09     -0.58240967E-04     -0.42490886E-03
     691     -0.79673608E-09     -0.84192277E-09     -0.58277798E-04     -0.42490886E-03
     692     -0.79675742E-09     -0.84192277E-09     -0.58328626E-04     -0.42490886E-03
     693     -0.79676873E-09     -0.84192277E-09     -0.58346249E-04     -0.42490886E-03
     694     -0.79678139E-09     -0.84192277E-09     -0.58365891E-04     -0.42490886E-03
     695     -0.79681131E-09     -0.84192277E-09     -0.58393206E-04     -0.42490886E-03
     696     -0.79684216E-09     -0.84192277E-09     -0.58416555E-04     -0.42490886E-03
     697     -0.79687583E-09     -0.84192277E-09     -0.58435331E-04     -0.42490886E-03
     698     -0.79690673E-09     -0.84192277E-09     -0.58463780E-04     -0.42490886E-03
     699     -0.79693184E-09     -0.84192277E-09     -0.58488834E-04     -0.42490886E-03
     700     -0.79695565E-09     -0.84192277E-09     -0.58523801E-04     -0.42490886E-03
     701     -0.79700928E-09     -0.84192277E-09     -0.58565603E-04     -0.42490886E-03
     702     -0.79704437E-09     -0.84192277E-09     -0.58613584E-04     -0.42490886E-03
     703     -0.79708421E-09     -0.84192277E-09     -0.58659626E-04     -0.42490886E-03
     704     -0.79711118E-09     -0.84192277E-09     -0.58689060E-04     -0.42490886E-03
     705     -0.79715505E-09     -0.84192277E-09     -0.58747993E-04     -0.42490886E-03
     706     -0.79721481E-09     -0.84192277E-09     -0.58780897E-04     -0.42490886E-03
     707     -0.79724766E-09     -0.84192277E-09     -0.58813540E-04     -0.42490886E-03
     708     -0.79727230E-09     -0.84192277E-09     -0.58838973E-04     -0.42490886E-03
     709     -0.79731086E-09     -0.84192277E-09     -0.58878197E-04     -0.42490886E-03
     710     -0.79733917E-09     -0.84192277E-09     -0.58911392E-04     -0.42490886E-03
     711     -0.79737633E-09     -0.84192277E-09     -0.58956852E-04     -0.42490886E-03
     712     -0.79739888E-09     -0.84192277E-09     -0.58989979E-04     -0.42490886E-03
     713     -0.79743697E-09     -0.84192277E-09     -0.59012631E-04     -0.42490886E-03
     714     -0.79746894E-09     -0.84192277E-09     -0.59042872E-04     -0.42490886E-03
     715     -0.79757720E-09     -0.84192277E-09     -0.59174561E-04     -0.42490886E-03
     716     -0.79763350E-09     -0.84192277E-09     -0.59226971E-04     -0.42490886E-03
     717     -0.79768943E-09     -0.84192277E-09     -0.59292886E-04     -0.42490886E-03
     718     -0.79776043E-09     -0.84192277E-09     -0.59398421E-04     -0.42490886E-03
     719     -0.79782246E-09     -0.84192277E-09     -0.59471638E-04     -0.42490886E-03
     720     -0.79788980E-09     -0.84192277E-09     -0.59539104E-04     -0.42490886E-03
     721     -0.79793944E-09     -0.84192277E-09     -0.59634062E-04     -0.42490886E-03
     722     -0.79798060E-09     -0.84192277E-09     -0.59713910E-04     -0.42490886E-03
     723     -0.79802823E-09     -0.84192277E-09     -0.59762203E-04     -0.42490886E-03
     724     -0.79809826E-09     -0.84192277E-09     -0.59812559E-04     -0.42490886E-03
     725     -0.79810882E-09     -0.84192277E-09     -0.59828483E-04     -0.42490886E-03
     726     -0.79813593E-09     -0.84192277E-09     -0.59864277E-04     -0.42490886E-03
     727     -0.79820999E-09     -0.84192277E-09     -0.59942813E-04     -0.42490886E-03
     728     -0.79823667E-09     -0.84192277E-09     -0.59978257E-04     -0.42490886E-03
     729     -0.79825660E-09     -0.84192277E-09     -0.60007356E-04     -0.42490886E-03
     730     -0.79828581E-09     -0.84192277E-09     -0.60045301E-04     -0.42490886E-03
     731     -0.79835200E-09     -0.84192277E-09     -0.60088312E-04     -0.42490886E-03
     732     -0.79842120E-09     -0.84192277E-09     -0.60162990E-04     -0.42490886E-03
     733     -0.79850959E-09     -0.84192277E-09     -0.60226750E-04     -0.42490886E-03
     734     -0.79859090E-09     -0.84192277E-09     -0.60314400E-04     -0.42490886E-03
     735     -0.79866027E-09     -0.84192277E-09     -0.60388382E-04     -0.42490886E-03
     736     -0.79871847E-09     -0.84192277E-09     -0.60453586E-04     -0.42490886E-03
     737     -0.79878704E-09     -0.84192277E-09     -0.60525747E-04     -0.42490886E-03
     738     -0.79884606E-09     -0.84192277E-09     -0.60598827E-04     -0.42490886E-03
     739     -0.79888098E-09     -0.84192277E-09     -0.60667554E-04     -0.42490886E-03
     740     -0.79891057E-09     -0.84192277E-09     -0.60724865E-04     -0.42490886E-03
     741     -0.79894289E-09     -0.84192277E-09     -0.60752485E-04     -0.42490886E-03
     742     -0.79900816E-09     -0.84192277E-09     -0.60818497E-04     -0.42490886E-03
     743     -0.79904255E-09     -0.84192277E-09     -0.60863478E-04     -0.42490886E-03
     744     -0.79907739E-09     -0.84192277E-09     -0.60892048E-04     -0.42490886E-03
     745     -0.79916023E-09     -0.84192277E-09     -0.61024922E-04     -0.42490886E-03
     746     -0.79920333E-09     -0.84192277E-09     -0.61103445E-04     -0.42490886E-03
     747     -0.79923587E-09     -0.84192277E-09     -0.61133928E-04     -0.42490886E-03
     748     -0.79929141E-09     -0.84192277E-09     -0.61226520E-04     -0.42490886E-03
     749     -0.79932010E-09     -0.84192277E-09     -0.61274268E-04     -0.42490886E-03
     750     -0.79938941E-09     -0.84192277E-09     -0.61432296E-04     -0.42490886E-03
     751     -0.79941040E-09     -0.84192277E-09     -0.61474392E-04     -0.42490886E-03
     752     -0.79942778E-09     -0.84192277E-09     -0.61508746E-04     -0.42490886E-03
     753     -0.79946298E-09     -0.84192277E-09     -0.61585761E-04     -0.42490886E-03
     754     -0.79954017E-09     -0.84192277E-09     -0.61740111E-04     -0.42490886E-03
     755     -0.79971716E-09     -0.84192277E-09     -0.62084967E-04     -0.42490886E-03
     756     -0.79985891E-09     -0.84192277E-09     -0.62345836E-04     -0.42490886E-03
     757     -0.80019601E-09     -0.84192277E-09     -0.63006025E-04     -0.42490886E-03
     758     -0.80043851E-09     -0.84192277E-09     -0.63447068E-04     -0.42490886E-03
     759     -0.80067596E-09     -0.84192277E-09     -0.63899675E-04     -0.42490886E-03
     760     -0.80085266E-09     -0.84192277E-09     -0.64248899E-04     -0.42490886E-03
     761     -0.80091653E-09     -0.84192277E-09     -0.64365823E-04     -0.42490886E-03
     762     -0.80105642E-09     -0.84192277E-09     -0.64623082E-04     -0.42490886E-03
     763     -0.80109752E-09     -0.84192277E-09     -0.64677291E-04     -0.42490886E-03
     764     -0.80118096E-09     -0.84192277E-09     -0.64841096E-04     -0.42490886E-03
     765     -0.80123157E-09     -0.84192277E-09     -0.64916600E-04     -0.42490886E-03
     766     -0.80130208E-09     -0.84192277E-09     -0.65000911E-04     -0.42490886E-03
     767     -0.80134081E-09     -0.84192277E-09     -0.65068311E-04     -0.42490886E-03
     768     -0.80142936E-09     -0.84192277E-09     -0.65172779E-04     -0.42490886E-03
     769     -0.80148674E-09     -0.84192277E-09     -0.65245615E-04     -0.42490886E-03
     770     -0.80159945E-09     -0.84192277E-09     -0.65385630E-04     -0.42490886E-03
     771     -0.80167263E-09     -0.84192277E-09     -0.65488221E-04     -0.42490886E-03
     772     -0.80175068E-09     -0.84192277E-09     -0.65586755E-04     -0.42490886E-03
     773     -0.80180301E-09     -0.84192277E-09     -0.65662435E-04     -0.42490886E-03
     774     -0.80186164E-09     -0.84192277E-09     -0.65758134E-04     -0.42490886E-03
     775     -0.80191723E-09     -0.84192277E-09     -0.65807571E-04     -0.42490886E-03
     776     -0.80201286E-09     -0.84192277E-09     -0.65984231E-04     -0.42490886E-03
     777     -0.80215401E-09     -0.84192277E-09     -0.66234554E-04     -0.42490886E-03
     778     -0.80219198E-09     -0.84192277E-09     -0.66273437E-04     -0.42490886E-03
     779     -0.80226293E-09     -0.84192277E-09     -0.66384109E-04     -0.42490886E-03
     780     -0.80228410E-09     -0.84192277E-09     -0.66404719E-04     -0.42490886E-03
     781     -0.80230310E-09     -0.84192277E-09     -0.66427511E-04     -0.42490886E-03
     782     -0.80232888E-09     -0.84192277E-09     -0.66454855E-04     -0.42490886E-03
     783     -0.80235697E-09     -0.84192277E-09     -0.66486229E-04     -0.42490886E-03
     784     -0.80240663E-09     -0.84192277E-09     -0.66532277E-04     -0.42490886E-03
     785     -0.80246230E-09     -0.84192277E-09     -0.66580147E-04     -0.42490886E-03
     786     -0.80251132E-09     -0.84192277E-09     -0.66626924E-04     -0.42490886E-03
     787     -0.80262515E-09     -0.84192277E-09     -0.66699811E-04     -0.42490886E-03
     788     -0.80263968E-09     -0.84192277E-09     -0.66720583E-04     -0.42490886E-03
     789     -0.80266042E-09     -0.84192277E-09     -0.66742840E-04     -0.42490886E-03
     790     -0.80271042E-09     -0.84192277E-09     -0.66804426E-04     -0.42490886E-03
     791     -0.80275910E-09     -0.84192277E-09     -0.66890196E-04     -0.42490886E-03
     792     -0.80278900E-09     -0.84192277E-09     -0.66921922E-04     -0.42490886E-03
     793     -0.80288212E-09     -0.84192277E-09     -0.67002281E-04     -0.42490886E-03
     794     -0.80304402E-09     -0.84192277E-09     -0.67097448E-04     -0.42490886E-03
     795     -0.80314448E-09     -0.84192277E-09     -0.67152082E-04     -0.42490886E-03
     796     -0.80320103E-09     -0.84192277E-09     -0.67190665E-04     -0.42490886E-03
     797     -0.80327587E-09     -0.84192277E-09     -0.67246771E-04     -0.42490886E-03
     798     -0.80340463E-09     -0.84192277E-09     -0.67393814E-04     -0.42490886E-03
     799     -0.80350293E-09     -0.84192277E-09     -0.67566128E-04     -0.42490886E-03
     800     -0.80357008E-09     -0.84192277E-09     -0.67656652E-04     -0.42490886E-03
     801     -0.80368480E-09     -0.84192277E-09     -0.67855511E-04     -0.42490886E-03
     802     -0.80377659E-09     -0.84192277E-09     -0.68046671E-04     -0.42490886E-03
     803     -0.80392617E-09     -0.84192277E-09     -0.68214595E-04     -0.42490886E-03
     804     -0.80400668E-09     -0.84192277E-09     -0.68298318E-04     -0.42490886E-03
     805     -0.80406246E-09     -0.84192277E-09     -0.68356640E-04     -0.42490886E-03
     806     -0.80412005E-09     -0.84192277E-09     -0.68408606E-04     -0.42490886E-03
     807     -0.80413826E-09     -0.84192277E-09     -0.68432049E-04     -0.42490886E-03
     808     -0.80418336E-09     -0.84192277E-09     -0.68456538E-04     -0.42490886E-03
     809     -0.80420167E-09     -0.84192277E-09     -0.68477361E-04     -0.42490886E-03
     810     -0.80423217E-09     -0.84192277E-09     -0.68505554E-04     -0.42490886E-03
     811     -0.80426431E-09     -0.84192277E-09     -0.68534833E-04     -0.42490886E-03
     812     -0.80428748E-09     -0.84192277E-09     -0.68573279E-04     -0.42490886E-03
     813     -0.80433408E-09     -0.84192277E-09     -0.68621979E-04     -0.42490886E-03
     814     -0.80435524E-09     -0.84192277E-09     -0.68655988E-04     -0.42490886E-03
     815     -0.80438946E-09     -0.84192277E-09     -0.68707010E-04     -0.42490886E-03
     816     -0.80441247E-09     -0.84192277E-09     -0.68739088E-04     -0.42490886E-03
     817     -0.80447291E-09     -0.84192277E-09     -0.68840962E-04     -0.42490886E-03
     818     -0.80452709E-09     -0.84192277E-09     -0.68929659E-04     -0.42490886E-03
     819     -0.80458626E-09     -0.84192277E-09     -0.69012645E-04     -0.42490886E-03
     820     -0.80467173E-09     -0.84192277E-09     -0.69118890E-04     -0.42490886E-03
     821     -0.80481869E-09     -0.84192277E-09     -0.69277102E-04     -0.42490886E-03
     822     -0.80489297E-09     -0.84192277E-09     -0.69412446E-04     -0.42490886E-03
     823     -0.80493439E-09     -0.84192277E-09     -0.69501868E-04     -0.42490886E-03
     824     -0.80503768E-09     -0.84192277E-09     -0.69606475E-04     -0.42490886E-03
     825     -0.80509977E-09     -0.84192277E-09     -0.69668723E-04     -0.42490886E-03
     826     -0.80514690E-09     -0.84192277E-09     -0.69720342E-04     -0.42490886E-03
     827     -0.80522547E-09     -0.84192277E-09     -0.69774618E-04     -0.42490886E-03
     828     -0.80525001E-09     -0.84192277E-09     -0.69797722E-04     -0.42490886E-03
     829     -0.80536160E-09     -0.84192277E-09     -0.69871796E-04     -0.42490886E-03
     830     -0.80543184E-09     -0.84192277E-09     -0.69942435E-04     -0.42490886E-03
     831     -0.80549777E-09     -0.84192277E-09     -0.70018054E-04     -0.42490886E-03
     832     -0.80554242E-09     -0.84192277E-09     -0.70100074E-04     -0.42490886E-03
     833     -0.80565296E-09     -0.84192277E-09     -0.70203808E-04     -0.42490886E-03
     834     -0.80574058E-09     -0.84192277E-09     -0.70352814E-04     -0.42490886E-03
     835     -0.80581129E-09     -0.84192277E-09     -0.70445972E-04     -0.42490886E-03
     836     -0.80586568E-09     -0.84192277E-09     -0.70529482E-04     -0.42490886E-03
     837     -0.80591110E-09     -0.84192277E-09     -0.70627062E-04     -0.42490886E-03
     838     -0.80594578E-09     -0.84192277E-09     -0.70659425E-04     -0.42490886E-03
     839     -0.80607673E-09     -0.84192277E-09     -0.70724690E-04     -0.42490886E-03
     840     -0.80609499E-09     -0.84192277E-09     -0.70742292E-04     -0.42490886E-03
     841     -0.80610442E-09     -0.84192277E-09     -0.70757019E-04     -0.42490886E-03
     842     -0.80611672E-09     -0.84192277E-09     -0.70774920E-04     -0.42490886E-03
     843     -0.80613557E-09     -0.84192277E-09     -0.70798047E-04     -0.42490886E-03
     844     -0.80615565E-09     -0.84192277E-09     -0.70832861E-04     -0.42490886E-03
     845     -0.80616753E-09     -0.84192277E-09     -0.70855817E-04     -0.42490886E-03
     846     -0.80618581E-09     -0.84192277E-09     -0.70889857E-04     -0.42490886E-03
     847     -0.80620282E-09     -0.84192277E-09     -0.70923353E-04     -0.42490886E-03
     848     -0.80621764E-09     -0.84192277E-09     -0.70951105E-04     -0.42490886E-03
     849     -0.80623558E-09     -0.84192277E-09     -0.70987045E-04     -0.42490886E-03
     850     -0.80624733E-09     -0.84192277E-09     -0.71010587E-04     -0.42490886E-03
     851     -0.80626240E-09     -0.84192277E-09     -0.71043462E-04     -0.42490886E-03
     852     -0.80627978E-09     -0.84192277E-09     -0.71076685E-04     -0.42490886E-03
     853     -0.80629745E-09     -0.84192277E-09     -0.71106895E-04     -0.42490886E-03
     854     -0.80631489E-09     -0.84192277E-09     -0.71137197E-04     -0.42490886E-03
     855     -0.80635521E-09     -0.84192277E-09     -0.71213235E-04     -0.42490886E-03
     856     -0.80638480E-09     -0.84192277E-09     -0.71271539E-04     -0.42490886E-03
     857     -0.80640276E-09     -0.84192277E-09     -0.71297944E-04     -0.42490886E-03
     858     -0.80643173E-09     -0.84192277E-09     -0.71339694E-04     -0.42490886E-03
     859     -0.80646670E-09     -0.84192277E-09     -0.71380676E-04     -0.42490886E-03
     860     -0.80649265E-09     -0.84192277E-09     -0.71439452E-04     -0.42490886E-03
     861     -0.80654974E-09     -0.84192277E-09     -0.71548149E-04     -0.42490886E-03
     862     -0.80659280E-09     -0.84192277E-09     -0.71611349E-04     -0.42490886E-03
     863     -0.80665324E-09     -0.84192277E-09     -0.71780101E-04     -0.42490886E-03
     864     -0.80668076E-09     -0.84192277E-09     -0.71831747E-04     -0.42490886E-03
     865     -0.80672991E-09     -0.84192277E-09     -0.71917216E-04     -0.42490886E-03
     866     -0.80677543E-09     -0.84192277E-09     -0.72029237E-04     -0.42490886E-03
     867     -0.80682744E-09     -0.84192277E-09     -0.72113422E-04     -0.42490886E-03
     868     -0.80689640E-09     -0.84192277E-09     -0.72203167E-04     -0.42490886E-03
     869     -0.80697741E-09     -0.84192277E-09     -0.72269226E-04     -0.42490886E-03
     870     -0.80702123E-09     -0.84192277E-09     -0.72317492E-04     -0.42490886E-03
     871     -0.80706401E-09     -0.84192277E-09     -0.72386987E-04     -0.42490886E-03
     872     -0.80708462E-09     -0.84192277E-09     -0.72419628E-04     -0.42490886E-03
     873     -0.80711001E-09     -0.84192277E-09     -0.72471689E-04     -0.42490886E-03
     874     -0.80713643E-09     -0.84192277E-09     -0.72522481E-04     -0.42490886E-03
     875     -0.80716874E-09     -0.84192277E-09     -0.72569336E-04     -0.42490886E-03
     876     -0.80720348E-09     -0.84192277E-09     -0.72628282E-04     -0.42490886E-03
     877     -0.80725380E-09     -0.84192277E-09     -0.72710193E-04     -0.42490886E-03
     878     -0.80727246E-09     -0.84192277E-09     -0.72743711E-04     -0.42490886E-03
     879     -0.80730639E-09     -0.84192277E-09     -0.72772086E-04     -0.42490886E-03
     880     -0.80732410E-09     -0.84192277E-09     -0.72795453E-04     -0.42490886E-03
     881     -0.80736629E-09     -0.84192277E-09     -0.72840707E-04     -0.42490886E-03
     882     -0.80740221E-09     -0.84192277E-09     -0.72893731E-04     -0.42490886E-03
     883     -0.80742006E-09     -0.84192277E-09     -0.72916977E-04     -0.42490886E-03
     884     -0.80745965E-09     -0.84192277E-09     -0.72956096E-04     -0.42490886E-03
     885     -0.80749817E-09     -0.84192277E-09     -0.73016508E-04     -0.42490886E-03
     886     -0.80755355E-09     -0.84192277E-09     -0.73059463E-04     -0.42490886E-03
     887     -0.80759764E-09     -0.84192277E-09     -0.73108994E-04     -0.42490886E-03
     888     -0.80766311E-09     -0.84192277E-09     -0.73199655E-04     -0.42490886E-03
     889     -0.80771804E-09     -0.84192277E-09     -0.73274016E-04     -0.42490886E-03
     890     -0.80776882E-09     -0.84192277E-09     -0.73347982E-04     -0.42490886E-03
     891     -0.80783593E-09     -0.84192277E-09     -0.73458184E-04     -0.42490886E-03
     892     -0.80789281E-09     -0.84192277E-09     -0.73552028E-04     -0.42490886E-03
     893     -0.80794467E-09     -0.84192277E-09     -0.73651848E-04     -0.42490886E-03
     894     -0.80797992E-09     -0.84192277E-09     -0.73728088E-04     -0.42490886E-03
     895     -0.80802442E-09     -0.84192277E-09     -0.73776226E-04     -0.42490886E-03
     896     -0.80805099E-09     -0.84192277E-09     -0.73812627E-04     -0.42490886E-03
     897     -0.80809656E-09     -0.84192277E-09     -0.73876274E-04     -0.42490886E-03
     898     -0.80812958E-09     -0.84192277E-09     -0.73931012E-04     -0.42490886E-03
     899     -0.80817804E-09     -0.84192277E-09     -0.73987170E-04     -0.42490886E-03
     900     -0.80821258E-09     -0.84192277E-09     -0.74041698E-04     -0.42490886E-03
     901     -0.80824372E-09     -0.84192277E-09     -0.74082093E-04     -0.42490886E-03
     902     -0.80827882E-09     -0.84192277E-09     -0.74140189E-04     -0.42490886E-03
     903     -0.80831457E-09     -0.84192277E-09     -0.74178307E-04     -0.42490886E-03
     904     -0.80833541E-09     -0.84192277E-09     -0.74218946E-04     -0.42490886E-03
     905     -0.80835276E-09     -0.84192277E-09     -0.74246274E-04     -0.42490886E-03
     906     -0.80837245E-09     -0.84192277E-09     -0.74287456E-04     -0.42490886E-03
     907     -0.80840262E-09     -0.84192277E-09     -0.74325626E-04     -0.42490886E-03
     908     -0.80845571E-09     -0.84192277E-09     -0.74409894E-04     -0.42490886E-03
     909     -0.80849576E-09     -0.84192277E-09     -0.74467252E-04     -0.42490886E-03
     910     -0.80853070E-09     -0.84192277E-09     -0.74545775E-04     -0.42490886E-03
     911     -0.80855975E-09     -0.84192277E-09     -0.74596039E-04     -0.42490886E-03
     912     -0.80862943E-09     -0.84192277E-09     -0.74674311E-04     -0.42490886E-03
     913     -0.80870738E-09     -0.84192277E-09     -0.74804507E-04     -0.42490886E-03
     914     -0.80879526E-09     -0.84192277E-09     -0.74911498E-04     -0.42490886E-03
     915     -0.80888135E-09     -0.84192277E-09     -0.75025994E-04     -0.42490886E-03
     916     -0.80895423E-09     -0.84192277E-09     -0.75155568E-04     -0.42490886E-03
     917     -0.80898208E-09     -0.84192277E-09     -0.75193457E-04     -0.42490886E-03
     918     -0.80904087E-09     -0.84192277E-09     -0.75363953E-04     -0.42490886E-03
     919     -0.80908280E-09     -0.84192277E-09     -0.75421171E-04     -0.42490886E-03
     920     -0.80915653E-09     -0.84192277E-09     -0.75530046E-04     -0.42490886E-03
     921     -0.80920535E-09     -0.84192277E-09     -0.75601901E-04     -0.42490886E-03
     922     -0.80926938E-09     -0.84192277E-09     -0.75691790E-04     -0.42490886E-03
     923     -0.80932370E-09     -0.84192277E-09     -0.75781401E-04     -0.42490886E-03
     924     -0.80935931E-09     -0.84192277E-09     -0.75838742E-04     -0.42490886E-03
     925     -0.80941793E-09     -0.84192277E-09     -0.75933872E-04     -0.42490886E-03
     926     -0.80946830E-09     -0.84192277E-09     -0.76025793E-04     -0.42490886E-03
     927     -0.80949296E-09     -0.84192277E-09     -0.76064613E-04     -0.42490886E-03
     928     -0.80954912E-09     -0.84192277E-09     -0.76143486E-04     -0.42490886E-03
     929     -0.80958888E-09     -0.84192277E-09     -0.76216607E-04     -0.42490886E-03
     930     -0.80962343E-09     -0.84192277E-09     -0.76262583E-04     -0.42490886E-03
     931     -0.80966038E-09     -0.84192277E-09     -0.76320174E-04     -0.42490886E-03
     932     -0.80970310E-09     -0.84192277E-09     -0.76381641E-04     -0.42490886E-03
     933     -0.80974077E-09     -0.84192277E-09     -0.76428510E-04     -0.42490886E-03
     934     -0.80978499E-09     -0.84192277E-09     -0.76508497E-04     -0.42490886E-03
     935     -0.80981984E-09     -0.84192277E-09     -0.76583676E-04     -0.42490886E-03
     936     -0.80988455E-09     -0.84192277E-09     -0.76722644E-04     -0.42490886E-03
     937     -0.80996150E-09     -0.84192277E-09     -0.76862453E-04     -0.42490886E-03
     938     -0.81004687E-09     -0.84192277E-09     -0.77084495E-04     -0.42490886E-03
     939     -0.81015979E-09     -0.84192277E-09     -0.77347001E-04     -0.42490886E-03
     940     -0.81022715E-09     -0.84192277E-09     -0.77457392E-04     -0.42490886E-03
     941     -0.81031983E-09     -0.84192277E-09     -0.77692708E-04     -0.42490886E-03
     942     -0.81049571E-09     -0.84192277E-09     -0.78199112E-04     -0.42490886E-03
     943     -0.81059373E-09     -0.84192277E-09     -0.78472485E-04     -0.42490886E-03
     944     -0.81068279E-09     -0.84192277E-09     -0.78683909E-04     -0.42490886E-03
     945     -0.81077823E-09     -0.84192277E-09     -0.78914321E-04     -0.42490886E-03
     946     -0.81085309E-09     -0.84192277E-09     -0.79085978E-04     -0.42490886E-03
     947     -0.81090932E-09     -0.84192277E-09     -0.79215262E-04     -0.42490886E-03
     948     -0.81097077E-09     -0.84192277E-09     -0.79325717E-04     -0.42490886E-03
     949     -0.81102709E-09     -0.84192277E-09     -0.79422430E-04     -0.42490886E-03
     950     -0.81106369E-09     -0.84192277E-09     -0.79528547E-04     -0.42490886E-03
     951     -0.81111119E-09     -0.84192277E-09     -0.79650755E-04     -0.42490886E-03
     952     -0.81123425E-09     -0.84192277E-09     -0.79996484E-04     -0.42490886E-03
     953     -0.81132467E-09     -0.84192277E-09     -0.80242479E-04     -0.42490886E-03
     954     -0.81139056E-09     -0.84192277E-09     -0.80415169E-04     -0.42490886E-03
     955     -0.81152408E-09     -0.84192277E-09     -0.80786522E-04     -0.42490886E-03
     956     -0.81162571E-09     -0.84192277E-09     -0.81066240E-04     -0.42490886E-03
     957     -0.81170108E-09     -0.84192277E-09     -0.81256750E-04     -0.42490886E-03
     958     -0.81176464E-09     -0.84192277E-09     -0.81374928E-04     -0.42490886E-03
     959     -0.81180830E-09     -0.84192277E-09     -0.81477899E-04     -0.42490886E-03
     960     -0.81186249E-09     -0.84192277E-09     -0.81606820E-04     -0.42490886E-03
     961     -0.81189862E-09     -0.84192277E-09     -0.81696738E-04     -0.42490886E-03
     962     -0.81196037E-09     -0.84192277E-09     -0.81854487E-04     -0.42490886E-03
     963     -0.81203332E-09     -0.84192277E-09     -0.82018410E-04     -0.42490886E-03
     964     -0.81209314E-09     -0.84192277E-09     -0.82156262E-04     -0.42490886E-03
     965     -0.81214633E-09     -0.84192277E-09     -0.82282032E-04     -0.42490886E-03
     966     -0.81220363E-09     -0.84192277E-09     -0.82407972E-04     -0.42490886E-03
     967     -0.81228068E-09     -0.84192277E-09     -0.82609510E-04     -0.42490886E-03
     968     -0.81239700E-09     -0.84192277E-09     -0.82882253E-04     -0.42490886E-03
     969     -0.81245656E-09     -0.84192277E-09     -0.83008127E-04     -0.42490886E-03
     970     -0.81252825E-09     -0.84192277E-09     -0.83183537E-04     -0.42490886E-03
     971     -0.81257839E-09     -0.84192277E-09     -0.83309229E-04     -0.42490886E-03
     972     -0.81262124E-09     -0.84192277E-09     -0.83388615E-04     -0.42490886E-03
     973     -0.81274010E-09     -0.84192277E-09     -0.83692765E-04     -0.42490886E-03
     974     -0.81278769E-09     -0.84192277E-09     -0.83794641E-04     -0.42490886E-03
     975     -0.81281732E-09     -0.84192277E-09     -0.83867222E-04     -0.42490886E-03
     976     -0.81285825E-09     -0.84192277E-09     -0.83988863E-04     -0.42490886E-03
     977     -0.81290496E-09     -0.84192277E-09     -0.84082792E-04     -0.42490886E-03
     978     -0.81296490E-09     -0.84192277E-09     -0.84196686E-04     -0.42490886E-03
     979     -0.81305087E-09     -0.84192277E-09     -0.84291075E-04     -0.42490886E-03
     980     -0.81314574E-09     -0.84192277E-09     -0.84522857E-04     -0.42490886E-03
     981     -0.81321985E-09     -0.84192277E-09     -0.84720293E-04     -0.42490886E-03
     982     -0.81329004E-09     -0.84192277E-09     -0.84890676E-04     -0.42490886E-03
     983     -0.81338245E-09     -0.84192277E-09     -0.85076207E-04     -0.42490886E-03
     984     -0.81348206E-09     -0.84192277E-09     -0.85279463E-04     -0.42490886E-03
     985     -0.81352311E-09     -0.84192277E-09     -0.85383822E-04     -0.42490886E-03
     986     -0.81362214E-09     -0.84192277E-09     -0.85494481E-04     -0.42490886E-03
     987     -0.81365351E-09     -0.84192277E-09     -0.85572756E-04     -0.42490886E-03
     988     -0.81370609E-09     -0.84192277E-09     -0.85616324E-04     -0.42490886E-03
     989     -0.81373197E-09     -0.84192277E-09     -0.85645930E-04     -0.42490886E-03
     990     -0.81376579E-09     -0.84192277E-09     -0.85682843E-04     -0.42490886E-03
     991     -0.81379398E-09     -0.84192277E-09     -0.85722468E-04     -0.42490886E-03
     992     -0.81387163E-09     -0.84192277E-09     -0.85817335E-04     -0.42490886E-03
     993     -0.81390488E-09     -0.84192277E-09     -0.85854810E-04     -0.42490886E-03
     994     -0.81394003E-09     -0.84192277E-09     -0.85905888E-04     -0.42490886E-03
     995     -0.81400033E-09     -0.84192277E-09     -0.85967903E-04     -0.42490886E-03
     996     -0.81403062E-09     -0.84192277E-09     -0.85995726E-04     -0.42490886E-03
     997     -0.81405737E-09     -0.84192277E-09     -0.86036711E-04     -0.42490886E-03
     998     -0.81409041E-09     -0.84192277E-09     -0.86098681E-04     -0.42490886E-03
     999     -0.81413406E-09     -0.84192277E-09     -0.86165774E-04     -0.42490886E-03
    1000     -0.81417839E-09     -0.84192277E-09     -0.86231382E-04     -0.42490886E-03
    1001     -0.81423337E-09     -0.84192277E-09     -0.86350659E-04     -0.42490886E-03
    1002     -0.81428617E-09     -0.84192277E-09     -0.86458379E-04     -0.42490886E-03
    1003     -0.81432284E-09     -0.84192277E-09     -0.86535498E-04     -0.42490886E-03
    1004     -0.81436358E-09     -0.84192277E-09     -0.86610957E-04     -0.42490886E-03
    1005     -0.81442035E-09     -0.84192277E-09     -0.86690058E-04     -0.42490886E-03
    1006     -0.81445793E-09     -0.84192277E-09     -0.86749660E-04     -0.42490886E-03
    1007     -0.81450035E-09     -0.84192277E-09     -0.86834654E-04     -0.42490886E-03
    1008     -0.81455238E-09     -0.84192277E-09     -0.86912520E-04     -0.42490886E-03
    1009     -0.81464477E-09     -0.84192277E-09     -0.86988998E-04     -0.42490886E-03
    1010     -0.81471877E-09     -0.84192277E-09     -0.87054985E-04     -0.42490886E-03
    1011     -0.81483595E-09     -0.84192277E-09     -0.87302003E-04     -0.42490886E-03
    1012     -0.81488126E-09     -0.84192277E-09     -0.87352198E-04     -0.42490886E-03
    1013     -0.81492473E-09     -0.84192277E-09     -0.87411459E-04     -0.42490886E-03
    1014     -0.81498620E-09     -0.84192277E-09     -0.87504602E-04     -0.42490886E-03
    1015     -0.81508902E-09     -0.84192277E-09     -0.87604803E-04     -0.42490886E-03
    1016     -0.81514376E-09     -0.84192277E-09     -0.87670056E-04     -0.42490886E-03
    1017     -0.81519682E-09     -0.84192277E-09     -0.87737820E-04     -0.42490886E-03
    1018     -0.81532419E-09     -0.84192277E-09     -0.87830861E-04     -0.42490886E-03
    1019     -0.81535885E-09     -0.84192277E-09     -0.87875479E-04     -0.42490886E-03
    1020     -0.81542900E-09     -0.84192277E-09     -0.87952591E-04     -0.42490886E-03
    1021     -0.81549927E-09     -0.84192277E-09     -0.88022102E-04     -0.42490886E-03
    1022     -0.81562084E-09     -0.84192277E-09     -0.88108338E-04     -0.42490886E-03
    1023     -0.81565680E-09     -0.84192277E-09     -0.88163810E-04     -0.42490886E-03
    1024     -0.81569932E-09     -0.84192277E-09     -0.88234935E-04     -0.42490886E-03
    1025     -0.81574334E-09     -0.84192277E-09     -0.88298064E-04     -0.42490886E-03
    1026     -0.81577455E-09     -0.84192277E-09     -0.88352328E-04     -0.42490886E-03
    1027     -0.81583671E-09     -0.84192277E-09     -0.88427001E-04     -0.42490886E-03
    1028     -0.81593676E-09     -0.84192277E-09     -0.88538259E-04     -0.42490886E-03
    1029     -0.81600105E-09     -0.84192277E-09     -0.88634814E-04     -0.42490886E-03
    1030     -0.81605544E-09     -0.84192277E-09     -0.88783717E-04     -0.42490886E-03
    1031     -0.81609686E-09     -0.84192277E-09     -0.88856074E-04     -0.42490886E-03
    1032     -0.81612954E-09     -0.84192277E-09     -0.88888639E-04     -0.42490886E-03
    1033     -0.81616862E-09     -0.84192277E-09     -0.88949217E-04     -0.42490886E-03
    1034     -0.81621272E-09     -0.84192277E-09     -0.89023516E-04     -0.42490886E-03
    1035     -0.81625785E-09     -0.84192277E-09     -0.89076676E-04     -0.42490886E-03
    1036     -0.81628268E-09     -0.84192277E-09     -0.89118667E-04     -0.42490886E-03
    1037     -0.81630102E-09     -0.84192277E-09     -0.89146735E-04     -0.42490886E-03
    1038     -0.81632349E-09     -0.84192277E-09     -0.89201682E-04     -0.42490886E-03
    1039     -0.81635341E-09     -0.84192277E-09     -0.89234722E-04     -0.42490886E-03
    1040     -0.81638618E-09     -0.84192277E-09     -0.89284936E-04     -0.42490886E-03
    1041     -0.81642545E-09     -0.84192277E-09     -0.89387010E-04     -0.42490886E-03
    1042     -0.81645638E-09     -0.84192277E-09     -0.89447038E-04     -0.42490886E-03
    1043     -0.81648137E-09     -0.84192277E-09     -0.89488669E-04     -0.42490886E-03
    1044     -0.81652986E-09     -0.84192277E-09     -0.89552353E-04     -0.42490886E-03
    1045     -0.81655772E-09     -0.84192277E-09     -0.89608998E-04     -0.42490886E-03
    1046     -0.81659241E-09     -0.84192277E-09     -0.89662704E-04     -0.42490886E-03
    1047     -0.81662416E-09     -0.84192277E-09     -0.89746578E-04     -0.42490886E-03
    1048     -0.81666568E-09     -0.84192277E-09     -0.89830038E-04     -0.42490886E-03
    1049     -0.81669871E-09     -0.84192277E-09     -0.89880863E-04     -0.42490886E-03
    1050     -0.81673077E-09     -0.84192277E-09     -0.89930950E-04     -0.42490886E-03
    1051     -0.81679892E-09     -0.84192277E-09     -0.90106105E-04     -0.42490886E-03
    1052     -0.81683707E-09     -0.84192277E-09     -0.90188915E-04     -0.42490886E-03
    1053     -0.81688242E-09     -0.84192277E-09     -0.90236710E-04     -0.42490886E-03
    1054     -0.81690750E-09     -0.84192277E-09     -0.90287387E-04     -0.42490886E-03
    1055     -0.81699170E-09     -0.84192277E-09     -0.90545201E-04     -0.42490886E-03
    1056     -0.81702450E-09     -0.84192277E-09     -0.90628010E-04     -0.42490886E-03
    1057     -0.81704305E-09     -0.84192277E-09     -0.90670520E-04     -0.42490886E-03
    1058     -0.81706435E-09     -0.84192277E-09     -0.90703191E-04     -0.42490886E-03
    1059     -0.81709654E-09     -0.84192277E-09     -0.90755647E-04     -0.42490886E-03
    1060     -0.81711683E-09     -0.84192277E-09     -0.90787173E-04     -0.42490886E-03
    1061     -0.81714343E-09     -0.84192277E-09     -0.90840859E-04     -0.42490886E-03
    1062     -0.81715707E-09     -0.84192277E-09     -0.90867895E-04     -0.42490886E-03
    1063     -0.81718009E-09     -0.84192277E-09     -0.90912869E-04     -0.42490886E-03
    1064     -0.81722198E-09     -0.84192277E-09     -0.90977668E-04     -0.42490886E-03
    1065     -0.81723646E-09     -0.84192277E-09     -0.91001146E-04     -0.42490886E-03
    1066     -0.81725903E-09     -0.84192277E-09     -0.91039216E-04     -0.42490886E-03
    1067     -0.81728313E-09     -0.84192277E-09     -0.91100028E-04     -0.42490886E-03
    1068     -0.81732992E-09     -0.84192277E-09     -0.91158699E-04     -0.42490886E-03
    1069     -0.81735196E-09     -0.84192277E-09     -0.91210347E-04     -0.42490886E-03
    1070     -0.81737366E-09     -0.84192277E-09     -0.91254740E-04     -0.42490886E-03
    1071     -0.81740786E-09     -0.84192277E-09     -0.91319235E-04     -0.42490886E-03
    1072     -0.81744069E-09     -0.84192277E-09     -0.91367411E-04     -0.42490886E-03
    1073     -0.81746976E-09     -0.84192277E-09     -0.91416201E-04     -0.42490886E-03
    1074     -0.81750212E-09     -0.84192277E-09     -0.91464708E-04     -0.42490886E-03
    1075     -0.81753694E-09     -0.84192277E-09     -0.91505977E-04     -0.42490886E-03
    1076     -0.81758942E-09     -0.84192277E-09     -0.91572877E-04     -0.42490886E-03
    1077     -0.81761600E-09     -0.84192277E-09     -0.91608415E-04     -0.42490886E-03
    1078     -0.81763822E-09     -0.84192277E-09     -0.91652877E-04     -0.42490886E-03
    1079     -0.81766330E-09     -0.84192277E-09     -0.91686611E-04     -0.42490886E-03
    1080     -0.81768639E-09     -0.84192277E-09     -0.91729773E-04     -0.42490886E-03
    1081     -0.81771034E-09     -0.84192277E-09     -0.91762158E-04     -0.42490886E-03
    1082     -0.81777781E-09     -0.84192277E-09     -0.91852199E-04     -0.42490886E-03
    1083     -0.81779937E-09     -0.84192277E-09     -0.91888672E-04     -0.42490886E-03
    1084     -0.81781998E-09     -0.84192277E-09     -0.91919412E-04     -0.42490886E-03
    1085     -0.81784242E-09     -0.84192277E-09     -0.91948276E-04     -0.42490886E-03
    1086     -0.81787002E-09     -0.84192277E-09     -0.92009758E-04     -0.42490886E-03
    1087     -0.81791871E-09     -0.84192277E-09     -0.92062940E-04     -0.42490886E-03
    1088     -0.81795284E-09     -0.84192277E-09     -0.92108943E-04     -0.42490886E-03
    1089     -0.81800909E-09     -0.84192277E-09     -0.92170393E-04     -0.42490886E-03
    1090     -0.81804451E-09     -0.84192277E-09     -0.92217217E-04     -0.42490886E-03
    1091     -0.81808973E-09     -0.84192277E-09     -0.92264401E-04     -0.42490886E-03
    1092     -0.81812162E-09     -0.84192277E-09     -0.92312845E-04     -0.42490886E-03
    1093     -0.81815238E-09     -0.84192277E-09     -0.92357767E-04     -0.42490886E-03
    1094     -0.81818209E-09     -0.84192277E-09     -0.92414909E-04     -0.42490886E-03
    1095     -0.81826371E-09     -0.84192277E-09     -0.92636188E-04     -0.42490886E-03
    1096     -0.81835664E-09     -0.84192277E-09     -0.92879910E-04     -0.42490886E-03
    1097     -0.81841364E-09     -0.84192277E-09     -0.92995601E-04     -0.42490886E-03
    1098     -0.81848473E-09     -0.84192277E-09     -0.93094185E-04     -0.42490886E-03
    1099     -0.81852164E-09     -0.84192277E-09     -0.93168547E-04     -0.42490886E-03
    1100     -0.81856565E-09     -0.84192277E-09     -0.93242635E-04     -0.42490886E-03
    1101     -0.81861199E-09     -0.84192277E-09     -0.93325413E-04     -0.42490886E-03
    1102     -0.81864091E-09     -0.84192277E-09     -0.93375534E-04     -0.42490886E-03
    1103     -0.81867759E-09     -0.84192277E-09     -0.93442935E-04     -0.42490886E-03
    1104     -0.81870772E-09     -0.84192277E-09     -0.93517462E-04     -0.42490886E-03
    1105     -0.81873981E-09     -0.84192277E-09     -0.93643269E-04     -0.42490886E-03
    1106     -0.81876182E-09     -0.84192277E-09     -0.93715428E-04     -0.42490886E-03
    1107     -0.81879110E-09     -0.84192277E-09     -0.93821078E-04     -0.42490886E-03
    1108     -0.81882939E-09     -0.84192277E-09     -0.93969808E-04     -0.42490886E-03
    1109     -0.81885668E-09     -0.84192277E-09     -0.94025630E-04     -0.42490886E-03
    1110     -0.81890075E-09     -0.84192277E-09     -0.94148675E-04     -0.42490886E-03
    1111     -0.81893631E-09     -0.84192277E-09     -0.94240476E-04     -0.42490886E-03
    1112     -0.81895681E-09     -0.84192277E-09     -0.94302843E-04     -0.42490886E-03
    1113     -0.81899610E-09     -0.84192277E-09     -0.94395874E-04     -0.42490886E-03
    1114     -0.81903377E-09     -0.84192277E-09     -0.94470181E-04     -0.42490886E-03
    1115     -0.81906206E-09     -0.84192277E-09     -0.94534895E-04     -0.42490886E-03
    1116     -0.81909581E-09     -0.84192277E-09     -0.94598948E-04     -0.42490886E-03
    1117     -0.81911841E-09     -0.84192277E-09     -0.94645240E-04     -0.42490886E-03
    1118     -0.81915211E-09     -0.84192277E-09     -0.94711346E-04     -0.42490886E-03
    1119     -0.81918055E-09     -0.84192277E-09     -0.94793539E-04     -0.42490886E-03
    1120     -0.81922101E-09     -0.84192277E-09     -0.94934551E-04     -0.42490886E-03
    1121     -0.81926355E-09     -0.84192277E-09     -0.95048460E-04     -0.42490886E-03
    1122     -0.81930189E-09     -0.84192277E-09     -0.95122847E-04     -0.42490886E-03
    1123     -0.81933971E-09     -0.84192277E-09     -0.95238777E-04     -0.42490886E-03
    1124     -0.81936577E-09     -0.84192277E-09     -0.95288635E-04     -0.42490886E-03
    1125     -0.81938952E-09     -0.84192277E-09     -0.95341656E-04     -0.42490886E-03
    1126     -0.81943669E-09     -0.84192277E-09     -0.95453864E-04     -0.42490886E-03
    1127     -0.81947902E-09     -0.84192277E-09     -0.95606362E-04     -0.42490886E-03
    1128     -0.81949980E-09     -0.84192277E-09     -0.95661211E-04     -0.42490886E-03
    1129     -0.81952868E-09     -0.84192277E-09     -0.95731508E-04     -0.42490886E-03
    1130     -0.81958104E-09     -0.84192277E-09     -0.95816991E-04     -0.42490886E-03
    1131     -0.81960596E-09     -0.84192277E-09     -0.95865550E-04     -0.42490886E-03
    1132     -0.81960895E-09     -0.84192277E-09     -0.95881010E-04     -0.42490886E-03
    1133     -0.81962085E-09     -0.84192277E-09     -0.95906816E-04     -0.42490886E-03
    1134     -0.81963835E-09     -0.84192277E-09     -0.95935782E-04     -0.42490886E-03
    1135     -0.81965380E-09     -0.84192277E-09     -0.95987648E-04     -0.42490886E-03
    1136     -0.81966798E-09     -0.84192277E-09     -0.96025798E-04     -0.42490886E-03
    1137     -0.81968801E-09     -0.84192277E-09     -0.96062752E-04     -0.42490886E-03
    1138     -0.81970265E-09     -0.84192277E-09     -0.96093660E-04     -0.42490886E-03
    1139     -0.81971479E-09     -0.84192277E-09     -0.96124089E-04     -0.42490886E-03
    1140     -0.81972451E-09     -0.84192277E-09     -0.96156428E-04     -0.42490886E-03
    1141     -0.81974004E-09     -0.84192277E-09     -0.96203580E-04     -0.42490886E-03
    1142     -0.81975622E-09     -0.84192277E-09     -0.96236997E-04     -0.42490886E-03
    1143     -0.81976798E-09     -0.84192277E-09     -0.96276899E-04     -0.42490886E-03
    1144     -0.81979436E-09     -0.84192277E-09     -0.96319736E-04     -0.42490886E-03
    1145     -0.81980673E-09     -0.84192277E-09     -0.96344855E-04     -0.42490886E-03
    1146     -0.81982603E-09     -0.84192277E-09     -0.96381052E-04     -0.42490886E-03
    1147     -0.81984072E-09     -0.84192277E-09     -0.96407891E-04     -0.42490886E-03
    1148     -0.81986148E-09     -0.84192277E-09     -0.96448111E-04     -0.42490886E-03
    1149     -0.81988412E-09     -0.84192277E-09     -0.96494133E-04     -0.42490886E-03
    1150     -0.81991338E-09     -0.84192277E-09     -0.96551040E-04     -0.42490886E-03
    1151     -0.81995631E-09     -0.84192277E-09     -0.96612811E-04     -0.42490886E-03
    1152     -0.81998092E-09     -0.84192277E-09     -0.96661668E-04     -0.42490886E-03
    1153     -0.82000409E-09     -0.84192277E-09     -0.96715014E-04     -0.42490886E-03
    1154     -0.82003413E-09     -0.84192277E-09     -0.96780868E-04     -0.42490886E-03
    1155     -0.82006402E-09     -0.84192277E-09     -0.96832259E-04     -0.42490886E-03
    1156     -0.82008476E-09     -0.84192277E-09     -0.96882078E-04     -0.42490886E-03
    1157     -0.82010380E-09     -0.84192277E-09     -0.96942489E-04     -0.42490886E-03
    1158     -0.82011810E-09     -0.84192277E-09     -0.96976762E-04     -0.42490886E-03
    1159     -0.82016009E-09     -0.84192277E-09     -0.97024324E-04     -0.42490886E-03
    1160     -0.82018331E-09     -0.84192277E-09     -0.97062915E-04     -0.42490886E-03
    1161     -0.82021373E-09     -0.84192277E-09     -0.97101370E-04     -0.42490886E-03
    1162     -0.82023622E-09     -0.84192277E-09     -0.97133272E-04     -0.42490886E-03
    1163     -0.82024380E-09     -0.84192277E-09     -0.97153029E-04     -0.42490886E-03
    1164     -0.82026952E-09     -0.84192277E-09     -0.97204541E-04     -0.42490886E-03
    1165     -0.82029433E-09     -0.84192277E-09     -0.97242044E-04     -0.42490886E-03
    1166     -0.82035259E-09     -0.84192277E-09     -0.97319959E-04     -0.42490886E-03
    1167     -0.82038246E-09     -0.84192277E-09     -0.97364106E-04     -0.42490886E-03
    1168     -0.82043976E-09     -0.84192277E-09     -0.97430819E-04     -0.42490886E-03
    1169     -0.82048220E-09     -0.84192277E-09     -0.97491083E-04     -0.42490886E-03
    1170     -0.82053638E-09     -0.84192277E-09     -0.97560535E-04     -0.42490886E-03
    1171     -0.82056907E-09     -0.84192277E-09     -0.97601291E-04     -0.42490886E-03
    1172     -0.82062690E-09     -0.84192277E-09     -0.97658670E-04     -0.42490886E-03
    1173     -0.82067483E-09     -0.84192277E-09     -0.97708953E-04     -0.42490886E-03
    1174     -0.82076073E-09     -0.84192277E-09     -0.97780083E-04     -0.42490886E-03
    1175     -0.82080023E-09     -0.84192277E-09     -0.97829972E-04     -0.42490886E-03
    1176     -0.82085134E-09     -0.84192277E-09     -0.97900662E-04     -0.42490886E-03
    1177     -0.82091329E-09     -0.84192277E-09     -0.97982894E-04     -0.42490886E-03
    1178     -0.82099875E-09     -0.84192277E-09     -0.98058282E-04     -0.42490886E-03
    1179     -0.82103083E-09     -0.84192277E-09     -0.98114651E-04     -0.42490886E-03
    1180     -0.82109294E-09     -0.84192277E-09     -0.98181875E-04     -0.42490886E-03
    1181     -0.82113903E-09     -0.84192277E-09     -0.98243175E-04     -0.42490886E-03
    1182     -0.82117035E-09     -0.84192277E-09     -0.98296886E-04     -0.42490886E-03
    1183     -0.82119952E-09     -0.84192277E-09     -0.98336089E-04     -0.42490886E-03
    1184     -0.82122585E-09     -0.84192277E-09     -0.98410067E-04     -0.42490886E-03
    1185     -0.82125447E-09     -0.84192277E-09     -0.98492411E-04     -0.42490886E-03
    1186     -0.82129711E-09     -0.84192277E-09     -0.98568561E-04     -0.42490886E-03
    1187     -0.82132379E-09     -0.84192277E-09     -0.98609363E-04     -0.42490886E-03
    1188     -0.82133537E-09     -0.84192277E-09     -0.98649405E-04     -0.42490886E-03
    1189     -0.82140059E-09     -0.84192277E-09     -0.98722016E-04     -0.42490886E-03
    1190     -0.82145192E-09     -0.84192277E-09     -0.98810887E-04     -0.42490886E-03
    1191     -0.82151679E-09     -0.84192277E-09     -0.98892858E-04     -0.42490886E-03
    1192     -0.82156947E-09     -0.84192277E-09     -0.98945722E-04     -0.42490886E-03
    1193     -0.82165011E-09     -0.84192277E-09     -0.99004718E-04     -0.42490886E-03
    1194     -0.82170954E-09     -0.84192277E-09     -0.99092218E-04     -0.42490886E-03
    1195     -0.82177926E-09     -0.84192277E-09     -0.99155166E-04     -0.42490886E-03
    1196     -0.82180174E-09     -0.84192277E-09     -0.99191817E-04     -0.42490886E-03
    1197     -0.82184900E-09     -0.84192277E-09     -0.99232110E-04     -0.42490886E-03
    1198     -0.82192854E-09     -0.84192277E-09     -0.99281510E-04     -0.42490886E-03
    1199     -0.82194828E-09     -0.84192277E-09     -0.99328200E-04     -0.42490886E-03
    1200     -0.82196241E-09     -0.84192277E-09     -0.99367596E-04     -0.42490886E-03
    1201     -0.82197827E-09     -0.84192277E-09     -0.99406962E-04     -0.42490886E-03
    1202     -0.82199899E-09     -0.84192277E-09     -0.99448437E-04     -0.42490886E-03
    1203     -0.82202706E-09     -0.84192277E-09     -0.99496555E-04     -0.42490886E-03
    1204     -0.82204852E-09     -0.84192277E-09     -0.99535191E-04     -0.42490886E-03
    1205     -0.82206697E-09     -0.84192277E-09     -0.99577283E-04     -0.42490886E-03
    1206     -0.82208099E-09     -0.84192277E-09     -0.99604203E-04     -0.42490886E-03
    1207     -0.82209179E-09     -0.84192277E-09     -0.99628642E-04     -0.42490886E-03
    1208     -0.82213304E-09     -0.84192277E-09     -0.99668437E-04     -0.42490886E-03
    1209     -0.82219362E-09     -0.84192277E-09     -0.99709777E-04     -0.42490886E-03
    1210     -0.82226459E-09     -0.84192277E-09     -0.99762606E-04     -0.42490886E-03
    1211     -0.82228243E-09     -0.84192277E-09     -0.99784147E-04     -0.42490886E-03
    1212     -0.82233632E-09     -0.84192277E-09     -0.99830735E-04     -0.42490886E-03
    1213     -0.82238538E-09     -0.84192277E-09     -0.99875665E-04     -0.42490886E-03
    1214     -0.82243892E-09     -0.84192277E-09     -0.99919415E-04     -0.42490886E-03
    1215     -0.82249970E-09     -0.84192277E-09     -0.99990675E-04     -0.42490886E-03
    1216     -0.82251382E-09     -0.84192277E-09     -0.10003144E-03     -0.42490886E-03
    1217     -0.82253971E-09     -0.84192277E-09     -0.10007956E-03     -0.42490886E-03
    1218     -0.82260236E-09     -0.84192277E-09     -0.10016095E-03     -0.42490886E-03
    1219     -0.82264855E-09     -0.84192277E-09     -0.10022258E-03     -0.42490886E-03
    1220     -0.82267208E-09     -0.84192277E-09     -0.10026922E-03     -0.42490886E-03
    1221     -0.82269707E-09     -0.84192277E-09     -0.10030731E-03     -0.42490886E-03
    1222     -0.82271243E-09     -0.84192277E-09     -0.10033504E-03     -0.42490886E-03
    1223     -0.82272990E-09     -0.84192277E-09     -0.10036689E-03     -0.42490886E-03
    1224     -0.82276760E-09     -0.84192277E-09     -0.10040784E-03     -0.42490886E-03
    1225     -0.82278985E-09     -0.84192277E-09     -0.10044630E-03     -0.42490886E-03
    1226     -0.82280586E-09     -0.84192277E-09     -0.10047854E-03     -0.42490886E-03
    1227     -0.82281847E-09     -0.84192277E-09     -0.10050693E-03     -0.42490886E-03
    1228     -0.82284830E-09     -0.84192277E-09     -0.10056041E-03     -0.42490886E-03
    1229     -0.82288015E-09     -0.84192277E-09     -0.10062567E-03     -0.42490886E-03
    1230     -0.82289685E-09     -0.84192277E-09     -0.10066373E-03     -0.42490886E-03
    1231     -0.82291333E-09     -0.84192277E-09     -0.10069286E-03     -0.42490886E-03
    1232     -0.82295119E-09     -0.84192277E-09     -0.10073822E-03     -0.42490886E-03
    1233     -0.82297333E-09     -0.84192277E-09     -0.10076340E-03     -0.42490886E-03
    1234     -0.82299088E-09     -0.84192277E-09     -0.10079302E-03     -0.42490886E-03
    1235     -0.82302594E-09     -0.84192277E-09     -0.10082674E-03     -0.42490886E-03
    1236     -0.82304713E-09     -0.84192277E-09     -0.10085329E-03     -0.42490886E-03
    1237     -0.82305460E-09     -0.84192277E-09     -0.10086898E-03     -0.42490886E-03
    1238     -0.82309671E-09     -0.84192277E-09     -0.10090992E-03     -0.42490886E-03
    1239     -0.82312180E-09     -0.84192277E-09     -0.10094193E-03     -0.42490886E-03
    1240     -0.82320322E-09     -0.84192277E-09     -0.10100810E-03     -0.42490886E-03
    1241     -0.82325859E-09     -0.84192277E-09     -0.10106075E-03     -0.42490886E-03
    1242     -0.82327978E-09     -0.84192277E-09     -0.10108558E-03     -0.42490886E-03
    1243     -0.82330726E-09     -0.84192277E-09     -0.10111556E-03     -0.42490886E-03
    1244     -0.82332169E-09     -0.84192277E-09     -0.10113959E-03     -0.42490886E-03
    1245     -0.82334714E-09     -0.84192277E-09     -0.10116793E-03     -0.42490886E-03
    1246     -0.82336202E-09     -0.84192277E-09     -0.10119901E-03     -0.42490886E-03
    1247     -0.82337999E-09     -0.84192277E-09     -0.10122036E-03     -0.42490886E-03
    1248     -0.82338908E-09     -0.84192277E-09     -0.10124232E-03     -0.42490886E-03
    1249     -0.82344185E-09     -0.84192277E-09     -0.10130301E-03     -0.42490886E-03
    1250     -0.82348294E-09     -0.84192277E-09     -0.10134060E-03     -0.42490886E-03
    1251     -0.82356225E-09     -0.84192277E-09     -0.10139931E-03     -0.42490886E-03
    1252     -0.82361867E-09     -0.84192277E-09     -0.10145340E-03     -0.42490886E-03
    1253     -0.82364337E-09     -0.84192277E-09     -0.10147972E-03     -0.42490886E-03
    1254     -0.82371531E-09     -0.84192277E-09     -0.10152630E-03     -0.42490886E-03
    1255     -0.82376427E-09     -0.84192277E-09     -0.10156513E-03     -0.42490886E-03
    1256     -0.82387818E-09     -0.84192277E-09     -0.10163297E-03     -0.42490886E-03
    1257     -0.82391764E-09     -0.84192277E-09     -0.10167231E-03     -0.42490886E-03
    1258     -0.82392986E-09     -0.84192277E-09     -0.10169847E-03     -0.42490886E-03
    1259     -0.82395143E-09     -0.84192277E-09     -0.10172540E-03     -0.42490886E-03
    1260     -0.82396314E-09     -0.84192277E-09     -0.10174917E-03     -0.42490886E-03
    1261     -0.82399914E-09     -0.84192277E-09     -0.10178865E-03     -0.42490886E-03
    1262     -0.82402598E-09     -0.84192277E-09     -0.10183461E-03     -0.42490886E-03
    1263     -0.82405915E-09     -0.84192277E-09     -0.10187467E-03     -0.42490886E-03
    1264     -0.82409583E-09     -0.84192277E-09     -0.10192342E-03     -0.42490886E-03
    1265     -0.82411719E-09     -0.84192277E-09     -0.10195647E-03     -0.42490886E-03
    1266     -0.82425636E-09     -0.84192277E-09     -0.10202997E-03     -0.42490886E-03
    1267     -0.82435024E-09     -0.84192277E-09     -0.10209135E-03     -0.42490886E-03
    1268     -0.82436156E-09     -0.84192277E-09     -0.10211463E-03     -0.42490886E-03
    1269     -0.82437271E-09     -0.84192277E-09     -0.10214099E-03     -0.42490886E-03
    1270     -0.82438253E-09     -0.84192277E-09     -0.10215907E-03     -0.42490886E-03
    1271     -0.82439838E-09     -0.84192277E-09     -0.10218701E-03     -0.42490886E-03
    1272     -0.82441353E-09     -0.84192277E-09     -0.10221186E-03     -0.42490886E-03
    1273     -0.82443387E-09     -0.84192277E-09     -0.10225357E-03     -0.42490886E-03
    1274     -0.82450480E-09     -0.84192277E-09     -0.10232162E-03     -0.42490886E-03
    1275     -0.82453217E-09     -0.84192277E-09     -0.10236059E-03     -0.42490886E-03
    1276     -0.82456191E-09     -0.84192277E-09     -0.10240240E-03     -0.42490886E-03
    1277     -0.82458073E-09     -0.84192277E-09     -0.10247436E-03     -0.42490886E-03
    1278     -0.82460635E-09     -0.84192277E-09     -0.10255749E-03     -0.42490886E-03
    1279     -0.82464198E-09     -0.84192277E-09     -0.10259280E-03     -0.42490886E-03
    1280     -0.82465668E-09     -0.84192277E-09     -0.10265554E-03     -0.42490886E-03
    1281     -0.82469900E-09     -0.84192277E-09     -0.10274499E-03     -0.42490886E-03
    1282     -0.82471234E-09     -0.84192277E-09     -0.10278293E-03     -0.42490886E-03
    1283     -0.82473212E-09     -0.84192277E-09     -0.10282880E-03     -0.42490886E-03
    1284     -0.82480479E-09     -0.84192277E-09     -0.10289577E-03     -0.42490886E-03
    1285     -0.82485453E-09     -0.84192277E-09     -0.10294494E-03     -0.42490886E-03
    1286     -0.82487271E-09     -0.84192277E-09     -0.10297893E-03     -0.42490886E-03
    1287     -0.82489548E-09     -0.84192277E-09     -0.10301552E-03     -0.42490886E-03
    1288     -0.82490699E-09     -0.84192277E-09     -0.10304118E-03     -0.42490886E-03
    1289     -0.82492585E-09     -0.84192277E-09     -0.10307232E-03     -0.42490886E-03
    1290     -0.82493924E-09     -0.84192277E-09     -0.10309475E-03     -0.42490886E-03
    1291     -0.82496015E-09     -0.84192277E-09     -0.10312490E-03     -0.42490886E-03
    1292     -0.82496960E-09     -0.84192277E-09     -0.10315145E-03     -0.42490886E-03
    1293     -0.82497730E-09     -0.84192277E-09     -0.10317084E-03     -0.42490886E-03
    1294     -0.82499717E-09     -0.84192277E-09     -0.10321457E-03     -0.42490886E-03
    1295     -0.82501238E-09     -0.84192277E-09     -0.10325155E-03     -0.42490886E-03
    1296     -0.82502668E-09     -0.84192277E-09     -0.10328850E-03     -0.42490886E-03
    1297     -0.82505693E-09     -0.84192277E-09     -0.10336078E-03     -0.42490886E-03
    1298     -0.82509037E-09     -0.84192277E-09     -0.10344091E-03     -0.42490886E-03
    1299     -0.82513083E-09     -0.84192277E-09     -0.10354356E-03     -0.42490886E-03
    1300     -0.82513846E-09     -0.84192277E-09     -0.10356735E-03     -0.42490886E-03
    1301     -0.82515812E-09     -0.84192277E-09     -0.10362759E-03     -0.42490886E-03
    1302     -0.82520453E-09     -0.84192277E-09     -0.10371031E-03     -0.42490886E-03
    1303     -0.82522658E-09     -0.84192277E-09     -0.10377317E-03     -0.42490886E-03
    1304     -0.82527605E-09     -0.84192277E-09     -0.10389463E-03     -0.42490886E-03
    1305     -0.82533632E-09     -0.84192277E-09     -0.10397679E-03     -0.42490886E-03
    1306     -0.82536789E-09     -0.84192277E-09     -0.10403602E-03     -0.42490886E-03
    1307     -0.82539114E-09     -0.84192277E-09     -0.10411121E-03     -0.42490886E-03
    1308     -0.82551018E-09     -0.84192277E-09     -0.10421783E-03     -0.42490886E-03
    1309     -0.82555048E-09     -0.84192277E-09     -0.10427828E-03     -0.42490886E-03
    1310     -0.82561595E-09     -0.84192277E-09     -0.10435820E-03     -0.42490886E-03
    1311     -0.82567330E-09     -0.84192277E-09     -0.10442698E-03     -0.42490886E-03
    1312     -0.82583288E-09     -0.84192277E-09     -0.10452234E-03     -0.42490886E-03
    1313     -0.82586533E-09     -0.84192277E-09     -0.10456307E-03     -0.42490886E-03
    1314     -0.82590593E-09     -0.84192277E-09     -0.10460808E-03     -0.42490886E-03
    1315     -0.82593132E-09     -0.84192277E-09     -0.10464907E-03     -0.42490886E-03
    1316     -0.82595198E-09     -0.84192277E-09     -0.10469040E-03     -0.42490886E-03
    1317     -0.82600415E-09     -0.84192277E-09     -0.10474559E-03     -0.42490886E-03
    1318     -0.82601188E-09     -0.84192277E-09     -0.10477039E-03     -0.42490886E-03
    1319     -0.82603103E-09     -0.84192277E-09     -0.10480015E-03     -0.42490886E-03
    1320     -0.82604834E-09     -0.84192277E-09     -0.10484023E-03     -0.42490886E-03
    1321     -0.82606465E-09     -0.84192277E-09     -0.10487688E-03     -0.42490886E-03
    1322     -0.82607592E-09     -0.84192277E-09     -0.10490595E-03     -0.42490886E-03
    1323     -0.82611491E-09     -0.84192277E-09     -0.10499337E-03     -0.42490886E-03
    1324     -0.82614277E-09     -0.84192277E-09     -0.10506066E-03     -0.42490886E-03
    1325     -0.82615991E-09     -0.84192277E-09     -0.10509793E-03     -0.42490886E-03
    1326     -0.82618626E-09     -0.84192277E-09     -0.10515535E-03     -0.42490886E-03
    1327     -0.82622380E-09     -0.84192277E-09     -0.10523578E-03     -0.42490886E-03
    1328     -0.82623711E-09     -0.84192277E-09     -0.10526949E-03     -0.42490886E-03
    1329     -0.82625355E-09     -0.84192277E-09     -0.10530618E-03     -0.42490886E-03
    1330     -0.82626279E-09     -0.84192277E-09     -0.10533116E-03     -0.42490886E-03
    1331     -0.82627409E-09     -0.84192277E-09     -0.10536361E-03     -0.42490886E-03
    1332     -0.82629207E-09     -0.84192277E-09     -0.10540942E-03     -0.42490886E-03
    1333     -0.82631503E-09     -0.84192277E-09     -0.10547490E-03     -0.42490886E-03
    1334     -0.82633548E-09     -0.84192277E-09     -0.10552341E-03     -0.42490886E-03
    1335     -0.82635475E-09     -0.84192277E-09     -0.10560106E-03     -0.42490886E-03
    1336     -0.82637322E-09     -0.84192277E-09     -0.10565381E-03     -0.42490886E-03
    1337     -0.82638359E-09     -0.84192277E-09     -0.10567921E-03     -0.42490886E-03
    1338     -0.82639592E-09     -0.84192277E-09     -0.10571332E-03     -0.42490886E-03
    1339     -0.82640796E-09     -0.84192277E-09     -0.10574901E-03     -0.42490886E-03
    1340     -0.82641933E-09     -0.84192277E-09     -0.10578082E-03     -0.42490886E-03
    1341     -0.82643130E-09     -0.84192277E-09     -0.10581023E-03     -0.42490886E-03
    1342     -0.82644163E-09     -0.84192277E-09     -0.10583952E-03     -0.42490886E-03
    1343     -0.82645713E-09     -0.84192277E-09     -0.10588283E-03     -0.42490886E-03
    1344     -0.82646609E-09     -0.84192277E-09     -0.10591071E-03     -0.42490886E-03
    1345     -0.82647511E-09     -0.84192277E-09     -0.10593797E-03     -0.42490886E-03
    1346     -0.82648421E-09     -0.84192277E-09     -0.10596729E-03     -0.42490886E-03
    1347     -0.82649322E-09     -0.84192277E-09     -0.10599610E-03     -0.42490886E-03
    1348     -0.82649791E-09     -0.84192277E-09     -0.10601320E-03     -0.42490886E-03
    1349     -0.82651496E-09     -0.84192277E-09     -0.10605827E-03     -0.42490886E-03
    1350     -0.82652089E-09     -0.84192277E-09     -0.10607900E-03     -0.42490886E-03
    1351     -0.82652798E-09     -0.84192277E-09     -0.10609962E-03     -0.42490886E-03
    1352     -0.82653884E-09     -0.84192277E-09     -0.10613291E-03     -0.42490886E-03
    1353     -0.82654788E-09     -0.84192277E-09     -0.10615359E-03     -0.42490886E-03
    1354     -0.82656668E-09     -0.84192277E-09     -0.10620700E-03     -0.42490886E-03
    1355     -0.82659838E-09     -0.84192277E-09     -0.10624589E-03     -0.42490886E-03
    1356     -0.82664513E-09     -0.84192277E-09     -0.10629715E-03     -0.42490886E-03
    1357     -0.82665471E-09     -0.84192277E-09     -0.10632503E-03     -0.42490886E-03
    1358     -0.82666348E-09     -0.84192277E-09     -0.10635306E-03     -0.42490886E-03
    1359     -0.82668810E-09     -0.84192277E-09     -0.10639707E-03     -0.42490886E-03
    1360     -0.82670363E-09     -0.84192277E-09     -0.10642452E-03     -0.42490886E-03
    1361     -0.82679168E-09     -0.84192277E-09     -0.10652451E-03     -0.42490886E-03
    1362     -0.82682056E-09     -0.84192277E-09     -0.10657111E-03     -0.42490886E-03
    1363     -0.82683766E-09     -0.84192277E-09     -0.10661580E-03     -0.42490886E-03
    1364     -0.82685290E-09     -0.84192277E-09     -0.10664785E-03     -0.42490886E-03
    1365     -0.82685992E-09     -0.84192277E-09     -0.10667289E-03     -0.42490886E-03
    1366     -0.82687079E-09     -0.84192277E-09     -0.10670195E-03     -0.42490886E-03
    1367     -0.82688423E-09     -0.84192277E-09     -0.10673580E-03     -0.42490886E-03
    1368     -0.82693981E-09     -0.84192277E-09     -0.10679318E-03     -0.42490886E-03
    1369     -0.82696368E-09     -0.84192277E-09     -0.10683357E-03     -0.42490886E-03
    1370     -0.82697148E-09     -0.84192277E-09     -0.10685965E-03     -0.42490886E-03
    1371     -0.82699371E-09     -0.84192277E-09     -0.10688707E-03     -0.42490886E-03
    1372     -0.82700383E-09     -0.84192277E-09     -0.10691189E-03     -0.42490886E-03
    1373     -0.82701835E-09     -0.84192277E-09     -0.10693604E-03     -0.42490886E-03
    1374     -0.82702749E-09     -0.84192277E-09     -0.10696102E-03     -0.42490886E-03
    1375     -0.82703360E-09     -0.84192277E-09     -0.10698015E-03     -0.42490886E-03
    1376     -0.82711983E-09     -0.84192277E-09     -0.10705237E-03     -0.42490886E-03
    1377     -0.82715208E-09     -0.84192277E-09     -0.10709504E-03     -0.42490886E-03
    1378     -0.82719254E-09     -0.84192277E-09     -0.10714217E-03     -0.42490886E-03
    1379     -0.82720102E-09     -0.84192277E-09     -0.10716468E-03     -0.42490886E-03
    1380     -0.82720756E-09     -0.84192277E-09     -0.10718651E-03     -0.42490886E-03
    1381     -0.82722108E-09     -0.84192277E-09     -0.10722011E-03     -0.42490886E-03
    1382     -0.82722791E-09     -0.84192277E-09     -0.10723786E-03     -0.42490886E-03
    1383     -0.82723479E-09     -0.84192277E-09     -0.10726095E-03     -0.42490886E-03
    1384     -0.82724604E-09     -0.84192277E-09     -0.10729333E-03     -0.42490886E-03
    1385     -0.82726376E-09     -0.84192277E-09     -0.10734057E-03     -0.42490886E-03
    1386     -0.82727527E-09     -0.84192277E-09     -0.10738397E-03     -0.42490886E-03
    1387     -0.82728980E-09     -0.84192277E-09     -0.10743082E-03     -0.42490886E-03
    1388     -0.82731996E-09     -0.84192277E-09     -0.10757685E-03     -0.42490886E-03
    1389     -0.82732877E-09     -0.84192277E-09     -0.10761129E-03     -0.42490886E-03
    1390     -0.82733897E-09     -0.84192277E-09     -0.10765336E-03     -0.42490886E-03
    1391     -0.82738122E-09     -0.84192277E-09     -0.10782205E-03     -0.42490886E-03
    1392     -0.82740583E-09     -0.84192277E-09     -0.10789782E-03     -0.42490886E-03
    1393     -0.82742379E-09     -0.84192277E-09     -0.10797224E-03     -0.42490886E-03
    1394     -0.82743998E-09     -0.84192277E-09     -0.10801701E-03     -0.42490886E-03
    1395     -0.82745170E-09     -0.84192277E-09     -0.10805352E-03     -0.42490886E-03
    1396     -0.82746909E-09     -0.84192277E-09     -0.10809847E-03     -0.42490886E-03
    1397     -0.82747700E-09     -0.84192277E-09     -0.10813163E-03     -0.42490886E-03
    1398     -0.82748433E-09     -0.84192277E-09     -0.10815611E-03     -0.42490886E-03
    1399     -0.82749610E-09     -0.84192277E-09     -0.10821301E-03     -0.42490886E-03
    1400     -0.82750474E-09     -0.84192277E-09     -0.10826357E-03     -0.42490886E-03
    1401     -0.82751878E-09     -0.84192277E-09     -0.10829767E-03     -0.42490886E-03
    1402     -0.82753037E-09     -0.84192277E-09     -0.10833732E-03     -0.42490886E-03
    1403     -0.82756314E-09     -0.84192277E-09     -0.10840753E-03     -0.42490886E-03
    1404     -0.82761358E-09     -0.84192277E-09     -0.10853298E-03     -0.42490886E-03
    1405     -0.82764316E-09     -0.84192277E-09     -0.10861319E-03     -0.42490886E-03
    1406     -0.82770242E-09     -0.84192277E-09     -0.10877442E-03     -0.42490886E-03
    1407     -0.82775520E-09     -0.84192277E-09     -0.10893861E-03     -0.42490886E-03
    1408     -0.82778659E-09     -0.84192277E-09     -0.10902675E-03     -0.42490886E-03
    1409     -0.82780275E-09     -0.84192277E-09     -0.10908735E-03     -0.42490886E-03
    1410     -0.82781218E-09     -0.84192277E-09     -0.10912304E-03     -0.42490886E-03
    1411     -0.82781898E-09     -0.84192277E-09     -0.10914957E-03     -0.42490886E-03
    1412     -0.82783163E-09     -0.84192277E-09     -0.10919496E-03     -0.42490886E-03
    1413     -0.82784181E-09     -0.84192277E-09     -0.10923266E-03     -0.42490886E-03
    1414     -0.82785004E-09     -0.84192277E-09     -0.10926213E-03     -0.42490886E-03
    1415     -0.82785584E-09     -0.84192277E-09     -0.10928448E-03     -0.42490886E-03
    1416     -0.82786216E-09     -0.84192277E-09     -0.10931343E-03     -0.42490886E-03
    1417     -0.82787594E-09     -0.84192277E-09     -0.10936869E-03     -0.42490886E-03
    1418     -0.82789138E-09     -0.84192277E-09     -0.10944782E-03     -0.42490886E-03
    1419     -0.82790031E-09     -0.84192277E-09     -0.10949152E-03     -0.42490886E-03
    1420     -0.82791658E-09     -0.84192277E-09     -0.10957827E-03     -0.42490886E-03
    1421     -0.82793150E-09     -0.84192277E-09     -0.10965901E-03     -0.42490886E-03
    1422     -0.82796314E-09     -0.84192277E-09     -0.10984042E-03     -0.42490886E-03
    1423     -0.82798049E-09     -0.84192277E-09     -0.10993464E-03     -0.42490886E-03
    1424     -0.82799312E-09     -0.84192277E-09     -0.10999182E-03     -0.42490886E-03
    1425     -0.82799849E-09     -0.84192277E-09     -0.11001339E-03     -0.42490886E-03
    1426     -0.82800530E-09     -0.84192277E-09     -0.11004180E-03     -0.42490886E-03
    1427     -0.82801399E-09     -0.84192277E-09     -0.11006961E-03     -0.42490886E-03
    1428     -0.82801918E-09     -0.84192277E-09     -0.11008707E-03     -0.42490886E-03
    1429     -0.82802827E-09     -0.84192277E-09     -0.11011593E-03     -0.42490886E-03
    1430     -0.82803997E-09     -0.84192277E-09     -0.11014876E-03     -0.42490886E-03
    1431     -0.82805197E-09     -0.84192277E-09     -0.11018036E-03     -0.42490886E-03
    1432     -0.82806034E-09     -0.84192277E-09     -0.11021130E-03     -0.42490886E-03
    1433     -0.82806950E-09     -0.84192277E-09     -0.11024836E-03     -0.42490886E-03
    1434     -0.82807778E-09     -0.84192277E-09     -0.11027520E-03     -0.42490886E-03
    1435     -0.82808740E-09     -0.84192277E-09     -0.11030326E-03     -0.42490886E-03
    1436     -0.82812286E-09     -0.84192277E-09     -0.11035448E-03     -0.42490886E-03
    1437     -0.82813358E-09     -0.84192277E-09     -0.11038266E-03     -0.42490886E-03
    1438     -0.82815216E-09     -0.84192277E-09     -0.11046023E-03     -0.42490886E-03
    1439     -0.82816013E-09     -0.84192277E-09     -0.11048923E-03     -0.42490886E-03
    1440     -0.82817203E-09     -0.84192277E-09     -0.11051728E-03     -0.42490886E-03
    1441     -0.82818853E-09     -0.84192277E-09     -0.11060398E-03     -0.42490886E-03
    1442     -0.82821384E-09     -0.84192277E-09     -0.11066889E-03     -0.42490886E-03
    1443     -0.82822434E-09     -0.84192277E-09     -0.11070698E-03     -0.42490886E-03
    1444     -0.82823930E-09     -0.84192277E-09     -0.11077047E-03     -0.42490886E-03
    1445     -0.82825204E-09     -0.84192277E-09     -0.11083816E-03     -0.42490886E-03
    1446     -0.82826197E-09     -0.84192277E-09     -0.11087051E-03     -0.42490886E-03
    1447     -0.82827985E-09     -0.84192277E-09     -0.11090765E-03     -0.42490886E-03
    1448     -0.82832960E-09     -0.84192277E-09     -0.11098466E-03     -0.42490886E-03
    1449     -0.82834362E-09     -0.84192277E-09     -0.11102062E-03     -0.42490886E-03
    1450     -0.82836070E-09     -0.84192277E-09     -0.11105525E-03     -0.42490886E-03
    1451     -0.82837919E-09     -0.84192277E-09     -0.11109448E-03     -0.42490886E-03
    1452     -0.82839664E-09     -0.84192277E-09     -0.11114584E-03     -0.42490886E-03
    1453     -0.82843300E-09     -0.84192277E-09     -0.11122859E-03     -0.42490886E-03
    1454     -0.82846390E-09     -0.84192277E-09     -0.11130795E-03     -0.42490886E-03
    1455     -0.82847243E-09     -0.84192277E-09     -0.11135430E-03     -0.42490886E-03
    1456     -0.82850088E-09     -0.84192277E-09     -0.11142950E-03     -0.42490886E-03
    1457     -0.82852185E-09     -0.84192277E-09     -0.11151115E-03     -0.42490886E-03
    1458     -0.82854145E-09     -0.84192277E-09     -0.11162317E-03     -0.42490886E-03
    1459     -0.82856409E-09     -0.84192277E-09     -0.11172637E-03     -0.42490886E-03
    1460     -0.82858254E-09     -0.84192277E-09     -0.11181400E-03     -0.42490886E-03
    1461     -0.82859016E-09     -0.84192277E-09     -0.11184293E-03     -0.42490886E-03
    1462     -0.82860691E-09     -0.84192277E-09     -0.11188926E-03     -0.42490886E-03
    1463     -0.82863620E-09     -0.84192277E-09     -0.11204552E-03     -0.42490886E-03
    1464     -0.82864519E-09     -0.84192277E-09     -0.11209054E-03     -0.42490886E-03
    1465     -0.82865455E-09     -0.84192277E-09     -0.11213302E-03     -0.42490886E-03
    1466     -0.82866847E-09     -0.84192277E-09     -0.11221075E-03     -0.42490886E-03
    1467     -0.82869674E-09     -0.84192277E-09     -0.11235401E-03     -0.42490886E-03
    1468     -0.82870491E-09     -0.84192277E-09     -0.11239407E-03     -0.42490886E-03
    1469     -0.82871884E-09     -0.84192277E-09     -0.11247542E-03     -0.42490886E-03
    1470     -0.82872753E-09     -0.84192277E-09     -0.11253033E-03     -0.42490886E-03
    1471     -0.82873043E-09     -0.84192277E-09     -0.11255127E-03     -0.42490886E-03
    1472     -0.82873687E-09     -0.84192277E-09     -0.11258687E-03     -0.42490886E-03
    1473     -0.82874678E-09     -0.84192277E-09     -0.11264128E-03     -0.42490886E-03
    1474     -0.82875246E-09     -0.84192277E-09     -0.11267657E-03     -0.42490886E-03
    1475     -0.82876366E-09     -0.84192277E-09     -0.11273929E-03     -0.42490886E-03
    1476     -0.82878507E-09     -0.84192277E-09     -0.11284165E-03     -0.42490886E-03
    1477     -0.82880108E-09     -0.84192277E-09     -0.11294491E-03     -0.42490886E-03
    1478     -0.82883572E-09     -0.84192277E-09     -0.11315402E-03     -0.42490886E-03
    1479     -0.82886853E-09     -0.84192277E-09     -0.11338567E-03     -0.42490886E-03
    1480     -0.82888848E-09     -0.84192277E-09     -0.11352030E-03     -0.42490886E-03
    1481     -0.82890075E-09     -0.84192277E-09     -0.11359800E-03     -0.42490886E-03
    1482     -0.82891900E-09     -0.84192277E-09     -0.11371980E-03     -0.42490886E-03
    1483     -0.82893724E-09     -0.84192277E-09     -0.11383714E-03     -0.42490886E-03
    1484     -0.82894681E-09     -0.84192277E-09     -0.11389880E-03     -0.42490886E-03
    1485     -0.82895547E-09     -0.84192277E-09     -0.11394748E-03     -0.42490886E-03
    1486     -0.82896275E-09     -0.84192277E-09     -0.11398790E-03     -0.42490886E-03
    1487     -0.82896929E-09     -0.84192277E-09     -0.11402970E-03     -0.42490886E-03
    1488     -0.82897955E-09     -0.84192277E-09     -0.11407812E-03     -0.42490886E-03
    1489     -0.82898563E-09     -0.84192277E-09     -0.11411975E-03     -0.42490886E-03
    1490     -0.82899184E-09     -0.84192277E-09     -0.11415921E-03     -0.42490886E-03
    1491     -0.82899663E-09     -0.84192277E-09     -0.11418717E-03     -0.42490886E-03
    1492     -0.82901153E-09     -0.84192277E-09     -0.11427370E-03     -0.42490886E-03
    1493     -0.82902028E-09     -0.84192277E-09     -0.11432116E-03     -0.42490886E-03
    1494     -0.82903901E-09     -0.84192277E-09     -0.11440358E-03     -0.42490886E-03
    1495     -0.82906195E-09     -0.84192277E-09     -0.11456100E-03     -0.42490886E-03
    1496     -0.82907722E-09     -0.84192277E-09     -0.11465442E-03     -0.42490886E-03
    1497     -0.82909582E-09     -0.84192277E-09     -0.11476464E-03     -0.42490886E-03
    1498     -0.82910502E-09     -0.84192277E-09     -0.11481899E-03     -0.42490886E-03
    1499     -0.82913623E-09     -0.84192277E-09     -0.11498192E-03     -0.42490886E-03
    1500     -0.82915993E-09     -0.84192277E-09     -0.11510752E-03     -0.42490886E-03
    1501     -0.82917425E-09     -0.84192277E-09     -0.11518862E-03     -0.42490886E-03
    1502     -0.82919159E-09     -0.84192277E-09     -0.11526936E-03     -0.42490886E-03
    1503     -0.82920281E-09     -0.84192277E-09     -0.11532257E-03     -0.42490886E-03
    1504     -0.82923154E-09     -0.84192277E-09     -0.11554285E-03     -0.42490886E-03
    1505     -0.82924262E-09     -0.84192277E-09     -0.11560864E-03     -0.42490886E-03
    1506     -0.82925593E-09     -0.84192277E-09     -0.11566592E-03     -0.42490886E-03
    1507     -0.82926979E-09     -0.84192277E-09     -0.11571926E-03     -0.42490886E-03
    1508     -0.82927762E-09     -0.84192277E-09     -0.11575479E-03     -0.42490886E-03
    1509     -0.82930265E-09     -0.84192277E-09     -0.11583333E-03     -0.42490886E-03
    1510     -0.82932070E-09     -0.84192277E-09     -0.11591010E-03     -0.42490886E-03
    1511     -0.82932835E-09     -0.84192277E-09     -0.11594143E-03     -0.42490886E-03
    1512     -0.82934621E-09     -0.84192277E-09     -0.11604869E-03     -0.42490886E-03
    1513     -0.82937388E-09     -0.84192277E-09     -0.11617099E-03     -0.42490886E-03
    1514     -0.82938641E-09     -0.84192277E-09     -0.11622664E-03     -0.42490886E-03
    1515     -0.82940041E-09     -0.84192277E-09     -0.11629556E-03     -0.42490886E-03
    1516     -0.82941323E-09     -0.84192277E-09     -0.11635033E-03     -0.42490886E-03
    1517     -0.82942281E-09     -0.84192277E-09     -0.11640827E-03     -0.42490886E-03
    1518     -0.82942963E-09     -0.84192277E-09     -0.11645440E-03     -0.42490886E-03
    1519     -0.82943576E-09     -0.84192277E-09     -0.11650198E-03     -0.42490886E-03
    1520     -0.82944258E-09     -0.84192277E-09     -0.11654392E-03     -0.42490886E-03
    1521     -0.82944609E-09     -0.84192277E-09     -0.11656610E-03     -0.42490886E-03
    1522     -0.82945659E-09     -0.84192277E-09     -0.11661689E-03     -0.42490886E-03
    1523     -0.82946778E-09     -0.84192277E-09     -0.11666168E-03     -0.42490886E-03
    1524     -0.82947825E-09     -0.84192277E-09     -0.11669490E-03     -0.42490886E-03
    1525     -0.82948177E-09     -0.84192277E-09     -0.11671666E-03     -0.42490886E-03
    1526     -0.82948564E-09     -0.84192277E-09     -0.11674245E-03     -0.42490886E-03
    1527     -0.82949821E-09     -0.84192277E-09     -0.11680304E-03     -0.42490886E-03
    1528     -0.82951182E-09     -0.84192277E-09     -0.11689817E-03     -0.42490886E-03
    1529     -0.82952593E-09     -0.84192277E-09     -0.11694112E-03     -0.42490886E-03
    1530     -0.82953972E-09     -0.84192277E-09     -0.11699051E-03     -0.42490886E-03
    1531     -0.82954641E-09     -0.84192277E-09     -0.11701421E-03     -0.42490886E-03
    1532     -0.82957516E-09     -0.84192277E-09     -0.11708552E-03     -0.42490886E-03
    1533     -0.82958162E-09     -0.84192277E-09     -0.11711689E-03     -0.42490886E-03
    1534     -0.82959622E-09     -0.84192277E-09     -0.11717774E-03     -0.42490886E-03
    1535     -0.82961039E-09     -0.84192277E-09     -0.11722798E-03     -0.42490886E-03
    1536     -0.82962522E-09     -0.84192277E-09     -0.11727870E-03     -0.42490886E-03
    1537     -0.82965270E-09     -0.84192277E-09     -0.11736975E-03     -0.42490886E-03
    1538     -0.82966170E-09     -0.84192277E-09     -0.11740171E-03     -0.42490886E-03
    1539     -0.82970127E-09     -0.84192277E-09     -0.11752546E-03     -0.42490886E-03
    1540     -0.82976654E-09     -0.84192277E-09     -0.11772883E-03     -0.42490886E-03
    1541     -0.82978123E-09     -0.84192277E-09     -0.11779275E-03     -0.42490886E-03
    1542     -0.82979356E-09     -0.84192277E-09     -0.11783956E-03     -0.42490886E-03
    1543     -0.82980323E-09     -0.84192277E-09     -0.11787778E-03     -0.42490886E-03
    1544     -0.82981740E-09     -0.84192277E-09     -0.11791723E-03     -0.42490886E-03
    1545     -0.82986669E-09     -0.84192277E-09     -0.11803217E-03     -0.42490886E-03
    1546     -0.82987709E-09     -0.84192277E-09     -0.11807420E-03     -0.42490886E-03
    1547     -0.82988664E-09     -0.84192277E-09     -0.11810580E-03     -0.42490886E-03
    1548     -0.82989728E-09     -0.84192277E-09     -0.11814670E-03     -0.42490886E-03
    1549     -0.82990544E-09     -0.84192277E-09     -0.11818495E-03     -0.42490886E-03
    1550     -0.82990942E-09     -0.84192277E-09     -0.11820432E-03     -0.42490886E-03
    1551     -0.82991764E-09     -0.84192277E-09     -0.11823594E-03     -0.42490886E-03
    1552     -0.82992223E-09     -0.84192277E-09     -0.11825744E-03     -0.42490886E-03
    1553     -0.82992617E-09     -0.84192277E-09     -0.11827545E-03     -0.42490886E-03
    1554     -0.82993349E-09     -0.84192277E-09     -0.11830601E-03     -0.42490886E-03
    1555     -0.82993884E-09     -0.84192277E-09     -0.11833068E-03     -0.42490886E-03
    1556     -0.82994737E-09     -0.84192277E-09     -0.11837006E-03     -0.42490886E-03
    1557     -0.82995299E-09     -0.84192277E-09     -0.11839472E-03     -0.42490886E-03
    1558     -0.82995927E-09     -0.84192277E-09     -0.11842782E-03     -0.42490886E-03
    1559     -0.82997403E-09     -0.84192277E-09     -0.11848910E-03     -0.42490886E-03
    1560     -0.82998194E-09     -0.84192277E-09     -0.11853080E-03     -0.42490886E-03
    1561     -0.83000195E-09     -0.84192277E-09     -0.11862682E-03     -0.42490886E-03
    1562     -0.83001445E-09     -0.84192277E-09     -0.11868794E-03     -0.42490886E-03
    1563     -0.83002135E-09     -0.84192277E-09     -0.11871858E-03     -0.42490886E-03
    1564     -0.83002819E-09     -0.84192277E-09     -0.11875197E-03     -0.42490886E-03
    1565     -0.83003286E-09     -0.84192277E-09     -0.11877412E-03     -0.42490886E-03
    1566     -0.83004142E-09     -0.84192277E-09     -0.11880795E-03     -0.42490886E-03
    1567     -0.83004731E-09     -0.84192277E-09     -0.11883437E-03     -0.42490886E-03
    1568     -0.83005122E-09     -0.84192277E-09     -0.11885109E-03     -0.42490886E-03
    1569     -0.83006704E-09     -0.84192277E-09     -0.11890170E-03     -0.42490886E-03
    1570     -0.83007542E-09     -0.84192277E-09     -0.11892565E-03     -0.42490886E-03
    1571     -0.83008794E-09     -0.84192277E-09     -0.11896031E-03     -0.42490886E-03
    1572     -0.83009631E-09     -0.84192277E-09     -0.11898828E-03     -0.42490886E-03
    1573     -0.83010515E-09     -0.84192277E-09     -0.11902836E-03     -0.42490886E-03
    1574     -0.83010946E-09     -0.84192277E-09     -0.11904571E-03     -0.42490886E-03
    1575     -0.83012055E-09     -0.84192277E-09     -0.11908169E-03     -0.42490886E-03
    1576     -0.83012864E-09     -0.84192277E-09     -0.11910795E-03     -0.42490886E-03
    1577     -0.83014256E-09     -0.84192277E-09     -0.11915017E-03     -0.42490886E-03
    1578     -0.83014669E-09     -0.84192277E-09     -0.11916879E-03     -0.42490886E-03
    1579     -0.83014952E-09     -0.84192277E-09     -0.11918616E-03     -0.42490886E-03
    1580     -0.83016087E-09     -0.84192277E-09     -0.11922618E-03     -0.42490886E-03
    1581     -0.83017086E-09     -0.84192277E-09     -0.11926406E-03     -0.42490886E-03
    1582     -0.83018103E-09     -0.84192277E-09     -0.11931098E-03     -0.42490886E-03
    1583     -0.83019381E-09     -0.84192277E-09     -0.11936543E-03     -0.42490886E-03
    1584     -0.83020048E-09     -0.84192277E-09     -0.11939507E-03     -0.42490886E-03
    1585     -0.83021009E-09     -0.84192277E-09     -0.11943624E-03     -0.42490886E-03
    1586     -0.83021413E-09     -0.84192277E-09     -0.11946092E-03     -0.42490886E-03
    1587     -0.83022427E-09     -0.84192277E-09     -0.11950318E-03     -0.42490886E-03
    1588     -0.83022972E-09     -0.84192277E-09     -0.11953173E-03     -0.42490886E-03
    1589     -0.83023521E-09     -0.84192277E-09     -0.11956031E-03     -0.42490886E-03
    1590     -0.83024111E-09     -0.84192277E-09     -0.11958712E-03     -0.42490886E-03
    1591     -0.83024472E-09     -0.84192277E-09     -0.11961182E-03     -0.42490886E-03
    1592     -0.83024810E-09     -0.84192277E-09     -0.11963394E-03     -0.42490886E-03
    1593     -0.83025107E-09     -0.84192277E-09     -0.11965346E-03     -0.42490886E-03
    1594     -0.83025570E-09     -0.84192277E-09     -0.11967903E-03     -0.42490886E-03
    1595     -0.83025859E-09     -0.84192277E-09     -0.11970027E-03     -0.42490886E-03
    1596     -0.83026680E-09     -0.84192277E-09     -0.11973436E-03     -0.42490886E-03
    1597     -0.83027139E-09     -0.84192277E-09     -0.11975867E-03     -0.42490886E-03
    1598     -0.83027575E-09     -0.84192277E-09     -0.11979328E-03     -0.42490886E-03
    1599     -0.83028163E-09     -0.84192277E-09     -0.11983159E-03     -0.42490886E-03
    1600     -0.83030996E-09     -0.84192277E-09     -0.11994161E-03     -0.42490886E-03
    1601     -0.83032769E-09     -0.84192277E-09     -0.12001004E-03     -0.42490886E-03
    1602     -0.83034334E-09     -0.84192277E-09     -0.12007771E-03     -0.42490886E-03
    1603     -0.83037233E-09     -0.84192277E-09     -0.12018982E-03     -0.42490886E-03
    1604     -0.83038009E-09     -0.84192277E-09     -0.12024962E-03     -0.42490886E-03
    1605     -0.83039389E-09     -0.84192277E-09     -0.12032452E-03     -0.42490886E-03
    1606     -0.83040272E-09     -0.84192277E-09     -0.12037591E-03     -0.42490886E-03
    1607     -0.83041371E-09     -0.84192277E-09     -0.12042666E-03     -0.42490886E-03
    1608     -0.83043523E-09     -0.84192277E-09     -0.12050314E-03     -0.42490886E-03
    1609     -0.83044481E-09     -0.84192277E-09     -0.12054497E-03     -0.42490886E-03
    1610     -0.83046491E-09     -0.84192277E-09     -0.12061887E-03     -0.42490886E-03
    1611     -0.83048446E-09     -0.84192277E-09     -0.12069055E-03     -0.42490886E-03
    1612     -0.83049062E-09     -0.84192277E-09     -0.12072795E-03     -0.42490886E-03
    1613     -0.83049914E-09     -0.84192277E-09     -0.12077719E-03     -0.42490886E-03
    1614     -0.83050737E-09     -0.84192277E-09     -0.12082318E-03     -0.42490886E-03
    1615     -0.83051420E-09     -0.84192277E-09     -0.12087414E-03     -0.42490886E-03
    1616     -0.83052484E-09     -0.84192277E-09     -0.12092755E-03     -0.42490886E-03
    1617     -0.83053745E-09     -0.84192277E-09     -0.12098007E-03     -0.42490886E-03
    1618     -0.83054761E-09     -0.84192277E-09     -0.12106763E-03     -0.42490886E-03
    1619     -0.83055350E-09     -0.84192277E-09     -0.12111533E-03     -0.42490886E-03
    1620     -0.83055750E-09     -0.84192277E-09     -0.12114144E-03     -0.42490886E-03
    1621     -0.83056211E-09     -0.84192277E-09     -0.12117712E-03     -0.42490886E-03
    1622     -0.83056638E-09     -0.84192277E-09     -0.12120871E-03     -0.42490886E-03
    1623     -0.83057157E-09     -0.84192277E-09     -0.12127136E-03     -0.42490886E-03
    1624     -0.83057656E-09     -0.84192277E-09     -0.12132228E-03     -0.42490886E-03
    1625     -0.83058110E-09     -0.84192277E-09     -0.12135654E-03     -0.42490886E-03
    1626     -0.83058689E-09     -0.84192277E-09     -0.12140134E-03     -0.42490886E-03
    1627     -0.83059125E-09     -0.84192277E-09     -0.12143147E-03     -0.42490886E-03
    1628     -0.83060486E-09     -0.84192277E-09     -0.12151245E-03     -0.42490886E-03
    1629     -0.83060858E-09     -0.84192277E-09     -0.12154123E-03     -0.42490886E-03
    1630     -0.83061392E-09     -0.84192277E-09     -0.12157878E-03     -0.42490886E-03
    1631     -0.83061847E-09     -0.84192277E-09     -0.12160661E-03     -0.42490886E-03
    1632     -0.83062322E-09     -0.84192277E-09     -0.12163649E-03     -0.42490886E-03
    1633     -0.83062792E-09     -0.84192277E-09     -0.12167107E-03     -0.42490886E-03
    1634     -0.83063196E-09     -0.84192277E-09     -0.12170006E-03     -0.42490886E-03
    1635     -0.83064423E-09     -0.84192277E-09     -0.12176632E-03     -0.42490886E-03
    1636     -0.83064956E-09     -0.84192277E-09     -0.12180173E-03     -0.42490886E-03
    1637     -0.83065274E-09     -0.84192277E-09     -0.12182533E-03     -0.42490886E-03
    1638     -0.83065598E-09     -0.84192277E-09     -0.12185384E-03     -0.42490886E-03
    1639     -0.83066096E-09     -0.84192277E-09     -0.12188733E-03     -0.42490886E-03
    1640     -0.83066575E-09     -0.84192277E-09     -0.12192984E-03     -0.42490886E-03
    1641     -0.83066947E-09     -0.84192277E-09     -0.12195670E-03     -0.42490886E-03
    1642     -0.83067912E-09     -0.84192277E-09     -0.12201188E-03     -0.42490886E-03
    1643     -0.83068653E-09     -0.84192277E-09     -0.12205359E-03     -0.42490886E-03
    1644     -0.83069226E-09     -0.84192277E-09     -0.12208283E-03     -0.42490886E-03
    1645     -0.83069895E-09     -0.84192277E-09     -0.12212695E-03     -0.42490886E-03
    1646     -0.83070321E-09     -0.84192277E-09     -0.12215161E-03     -0.42490886E-03
    1647     -0.83070780E-09     -0.84192277E-09     -0.12218504E-03     -0.42490886E-03
    1648     -0.83071318E-09     -0.84192277E-09     -0.12222756E-03     -0.42490886E-03
    1649     -0.83072075E-09     -0.84192277E-09     -0.12227825E-03     -0.42490886E-03
    1650     -0.83072355E-09     -0.84192277E-09     -0.12229720E-03     -0.42490886E-03
    1651     -0.83072733E-09     -0.84192277E-09     -0.12231716E-03     -0.42490886E-03
    1652     -0.83073251E-09     -0.84192277E-09     -0.12235998E-03     -0.42490886E-03
    1653     -0.83073791E-09     -0.84192277E-09     -0.12239558E-03     -0.42490886E-03
    1654     -0.83074302E-09     -0.84192277E-09     -0.12243130E-03     -0.42490886E-03
    1655     -0.83074968E-09     -0.84192277E-09     -0.12247600E-03     -0.42490886E-03
    1656     -0.83075970E-09     -0.84192277E-09     -0.12254297E-03     -0.42490886E-03
    1657     -0.83076747E-09     -0.84192277E-09     -0.12259967E-03     -0.42490886E-03
    1658     -0.83077830E-09     -0.84192277E-09     -0.12266384E-03     -0.42490886E-03
    1659     -0.83078237E-09     -0.84192277E-09     -0.12269159E-03     -0.42490886E-03
    1660     -0.83078918E-09     -0.84192277E-09     -0.12273966E-03     -0.42490886E-03
    1661     -0.83079793E-09     -0.84192277E-09     -0.12280023E-03     -0.42490886E-03
    1662     -0.83080303E-09     -0.84192277E-09     -0.12284232E-03     -0.42490886E-03
    1663     -0.83081125E-09     -0.84192277E-09     -0.12289059E-03     -0.42490886E-03
    1664     -0.83081840E-09     -0.84192277E-09     -0.12293120E-03     -0.42490886E-03
    1665     -0.83083597E-09     -0.84192277E-09     -0.12302835E-03     -0.42490886E-03
    1666     -0.83084250E-09     -0.84192277E-09     -0.12307131E-03     -0.42490886E-03
    1667     -0.83085615E-09     -0.84192277E-09     -0.12314463E-03     -0.42490886E-03
    1668     -0.83086333E-09     -0.84192277E-09     -0.12318188E-03     -0.42490886E-03
    1669     -0.83087731E-09     -0.84192277E-09     -0.12325873E-03     -0.42490886E-03
    1670     -0.83088871E-09     -0.84192277E-09     -0.12331749E-03     -0.42490886E-03
    1671     -0.83089541E-09     -0.84192277E-09     -0.12335625E-03     -0.42490886E-03
    1672     -0.83090971E-09     -0.84192277E-09     -0.12341554E-03     -0.42490886E-03
    1673     -0.83091754E-09     -0.84192277E-09     -0.12345522E-03     -0.42490886E-03
    1674     -0.83092307E-09     -0.84192277E-09     -0.12348330E-03     -0.42490886E-03
    1675     -0.83092700E-09     -0.84192277E-09     -0.12350921E-03     -0.42490886E-03
    1676     -0.83093246E-09     -0.84192277E-09     -0.12354056E-03     -0.42490886E-03
    1677     -0.83093851E-09     -0.84192277E-09     -0.12357483E-03     -0.42490886E-03
    1678     -0.83093958E-09     -0.84192277E-09     -0.12358329E-03     -0.42490886E-03
    1679     -0.83094641E-09     -0.84192277E-09     -0.12361574E-03     -0.42490886E-03
    1680     -0.83095223E-09     -0.84192277E-09     -0.12364947E-03     -0.42490886E-03
    1681     -0.83096190E-09     -0.84192277E-09     -0.12371004E-03     -0.42490886E-03
    1682     -0.83096622E-09     -0.84192277E-09     -0.12373923E-03     -0.42490886E-03
    1683     -0.83097003E-09     -0.84192277E-09     -0.12376723E-03     -0.42490886E-03
    1684     -0.83098125E-09     -0.84192277E-09     -0.12383693E-03     -0.42490886E-03
    1685     -0.83098619E-09     -0.84192277E-09     -0.12386711E-03     -0.42490886E-03
    1686     -0.83099785E-09     -0.84192277E-09     -0.12393166E-03     -0.42490886E-03
    1687     -0.83100128E-09     -0.84192277E-09     -0.12395233E-03     -0.42490886E-03
    1688     -0.83100554E-09     -0.84192277E-09     -0.12397460E-03     -0.42490886E-03
    1689     -0.83101433E-09     -0.84192277E-09     -0.12402725E-03     -0.42490886E-03
    1690     -0.83102263E-09     -0.84192277E-09     -0.12407530E-03     -0.42490886E-03
    1691     -0.83103123E-09     -0.84192277E-09     -0.12412610E-03     -0.42490886E-03
    1692     -0.83103667E-09     -0.84192277E-09     -0.12416212E-03     -0.42490886E-03
    1693     -0.83104365E-09     -0.84192277E-09     -0.12420123E-03     -0.42490886E-03
    1694     -0.83104786E-09     -0.84192277E-09     -0.12423046E-03     -0.42490886E-03
    1695     -0.83105536E-09     -0.84192277E-09     -0.12427347E-03     -0.42490886E-03
    1696     -0.83106452E-09     -0.84192277E-09     -0.12432921E-03     -0.42490886E-03
    1697     -0.83107296E-09     -0.84192277E-09     -0.12438241E-03     -0.42490886E-03
    1698     -0.83107878E-09     -0.84192277E-09     -0.12441461E-03     -0.42490886E-03
    1699     -0.83108547E-09     -0.84192277E-09     -0.12445703E-03     -0.42490886E-03
    1700     -0.83109172E-09     -0.84192277E-09     -0.12450052E-03     -0.42490886E-03
    1701     -0.83109488E-09     -0.84192277E-09     -0.12452357E-03     -0.42490886E-03
    1702     -0.83110048E-09     -0.84192277E-09     -0.12456434E-03     -0.42490886E-03
    1703     -0.83111059E-09     -0.84192277E-09     -0.12463532E-03     -0.42490886E-03
    1704     -0.83111372E-09     -0.84192277E-09     -0.12466296E-03     -0.42490886E-03
    1705     -0.83112161E-09     -0.84192277E-09     -0.12471332E-03     -0.42490886E-03
    1706     -0.83112883E-09     -0.84192277E-09     -0.12476889E-03     -0.42490886E-03
    1707     -0.83113564E-09     -0.84192277E-09     -0.12482868E-03     -0.42490886E-03
    1708     -0.83113938E-09     -0.84192277E-09     -0.12487713E-03     -0.42490886E-03
    1709     -0.83114188E-09     -0.84192277E-09     -0.12490069E-03     -0.42490886E-03
    1710     -0.83114869E-09     -0.84192277E-09     -0.12494444E-03     -0.42490886E-03
    1711     -0.83115025E-09     -0.84192277E-09     -0.12496387E-03     -0.42490886E-03
    1712     -0.83115849E-09     -0.84192277E-09     -0.12502908E-03     -0.42490886E-03
    1713     -0.83116249E-09     -0.84192277E-09     -0.12506120E-03     -0.42490886E-03
    1714     -0.83116653E-09     -0.84192277E-09     -0.12510079E-03     -0.42490886E-03
    1715     -0.83117060E-09     -0.84192277E-09     -0.12513204E-03     -0.42490886E-03
    1716     -0.83117577E-09     -0.84192277E-09     -0.12516652E-03     -0.42490886E-03
    1717     -0.83118134E-09     -0.84192277E-09     -0.12520864E-03     -0.42490886E-03
    1718     -0.83118463E-09     -0.84192277E-09     -0.12523735E-03     -0.42490886E-03
    1719     -0.83119101E-09     -0.84192277E-09     -0.12528232E-03     -0.42490886E-03
    1720     -0.83119419E-09     -0.84192277E-09     -0.12530668E-03     -0.42490886E-03
    1721     -0.83119939E-09     -0.84192277E-09     -0.12534182E-03     -0.42490886E-03
    1722     -0.83120680E-09     -0.84192277E-09     -0.12539519E-03     -0.42490886E-03
    1723     -0.83121123E-09     -0.84192277E-09     -0.12543006E-03     -0.42490886E-03
    1724     -0.83121850E-09     -0.84192277E-09     -0.12547920E-03     -0.42490886E-03
    1725     -0.83122306E-09     -0.84192277E-09     -0.12551413E-03     -0.42490886E-03
    1726     -0.83122613E-09     -0.84192277E-09     -0.12554038E-03     -0.42490886E-03
    1727     -0.83123337E-09     -0.84192277E-09     -0.12559209E-03     -0.42490886E-03
    1728     -0.83123930E-09     -0.84192277E-09     -0.12562512E-03     -0.42490886E-03
    1729     -0.83124220E-09     -0.84192277E-09     -0.12564609E-03     -0.42490886E-03
    1730     -0.83124722E-09     -0.84192277E-09     -0.12568289E-03     -0.42490886E-03
    1731     -0.83125435E-09     -0.84192277E-09     -0.12572819E-03     -0.42490886E-03
    1732     -0.83127439E-09     -0.84192277E-09     -0.12583922E-03     -0.42490886E-03
    1733     -0.83128283E-09     -0.84192277E-09     -0.12589914E-03     -0.42490886E-03
    1734     -0.83128855E-09     -0.84192277E-09     -0.12592915E-03     -0.42490886E-03
    1735     -0.83130253E-09     -0.84192277E-09     -0.12601340E-03     -0.42490886E-03
    1736     -0.83132575E-09     -0.84192277E-09     -0.12614337E-03     -0.42490886E-03
    1737     -0.83134385E-09     -0.84192277E-09     -0.12624841E-03     -0.42490886E-03
    1738     -0.83135989E-09     -0.84192277E-09     -0.12632965E-03     -0.42490886E-03
    1739     -0.83136908E-09     -0.84192277E-09     -0.12637839E-03     -0.42490886E-03
    1740     -0.83138312E-09     -0.84192277E-09     -0.12646004E-03     -0.42490886E-03
    1741     -0.83139418E-09     -0.84192277E-09     -0.12652460E-03     -0.42490886E-03
    1742     -0.83141395E-09     -0.84192277E-09     -0.12663442E-03     -0.42490886E-03
    1743     -0.83142379E-09     -0.84192277E-09     -0.12670163E-03     -0.42490886E-03
    1744     -0.83143195E-09     -0.84192277E-09     -0.12676372E-03     -0.42490886E-03
    1745     -0.83144354E-09     -0.84192277E-09     -0.12685202E-03     -0.42490886E-03
    1746     -0.83146054E-09     -0.84192277E-09     -0.12696974E-03     -0.42490886E-03
    1747     -0.83147606E-09     -0.84192277E-09     -0.12708516E-03     -0.42490886E-03
    1748     -0.83148220E-09     -0.84192277E-09     -0.12712754E-03     -0.42490886E-03
    1749     -0.83149046E-09     -0.84192277E-09     -0.12719541E-03     -0.42490886E-03
    1750     -0.83150208E-09     -0.84192277E-09     -0.12728640E-03     -0.42490886E-03
    1751     -0.83150619E-09     -0.84192277E-09     -0.12732683E-03     -0.42490886E-03
    1752     -0.83151176E-09     -0.84192277E-09     -0.12736778E-03     -0.42490886E-03
    1753     -0.83151836E-09     -0.84192277E-09     -0.12742674E-03     -0.42490886E-03
    1754     -0.83152911E-09     -0.84192277E-09     -0.12751763E-03     -0.42490886E-03
    1755     -0.83153362E-09     -0.84192277E-09     -0.12755778E-03     -0.42490886E-03
    1756     -0.83154040E-09     -0.84192277E-09     -0.12761330E-03     -0.42490886E-03
    1757     -0.83154406E-09     -0.84192277E-09     -0.12764565E-03     -0.42490886E-03
    1758     -0.83155106E-09     -0.84192277E-09     -0.12770061E-03     -0.42490886E-03
    1759     -0.83156429E-09     -0.84192277E-09     -0.12781309E-03     -0.42490886E-03
    1760     -0.83157356E-09     -0.84192277E-09     -0.12788591E-03     -0.42490886E-03
    1761     -0.83158198E-09     -0.84192277E-09     -0.12795133E-03     -0.42490886E-03
    1762     -0.83159406E-09     -0.84192277E-09     -0.12804538E-03     -0.42490886E-03
    1763     -0.83160465E-09     -0.84192277E-09     -0.12812946E-03     -0.42490886E-03
    1764     -0.83160926E-09     -0.84192277E-09     -0.12816549E-03     -0.42490886E-03
    1765     -0.83161230E-09     -0.84192277E-09     -0.12818824E-03     -0.42490886E-03
    1766     -0.83161692E-09     -0.84192277E-09     -0.12822463E-03     -0.42490886E-03
    1767     -0.83162244E-09     -0.84192277E-09     -0.12826803E-03     -0.42490886E-03
    1768     -0.83162932E-09     -0.84192277E-09     -0.12832427E-03     -0.42490886E-03
    1769     -0.83163502E-09     -0.84192277E-09     -0.12836912E-03     -0.42490886E-03
    1770     -0.83164040E-09     -0.84192277E-09     -0.12841046E-03     -0.42490886E-03
    1771     -0.83164378E-09     -0.84192277E-09     -0.12843921E-03     -0.42490886E-03
    1772     -0.83165005E-09     -0.84192277E-09     -0.12848710E-03     -0.42490886E-03
    1773     -0.83165337E-09     -0.84192277E-09     -0.12851403E-03     -0.42490886E-03
    1774     -0.83165684E-09     -0.84192277E-09     -0.12854551E-03     -0.42490886E-03
    1775     -0.83166122E-09     -0.84192277E-09     -0.12858819E-03     -0.42490886E-03
    1776     -0.83167237E-09     -0.84192277E-09     -0.12868493E-03     -0.42490886E-03
    1777     -0.83167492E-09     -0.84192277E-09     -0.12871055E-03     -0.42490886E-03
    1778     -0.83167798E-09     -0.84192277E-09     -0.12873662E-03     -0.42490886E-03
    1779     -0.83168962E-09     -0.84192277E-09     -0.12884443E-03     -0.42490886E-03
    1780     -0.83169702E-09     -0.84192277E-09     -0.12893036E-03     -0.42490886E-03
    1781     -0.83170346E-09     -0.84192277E-09     -0.12899910E-03     -0.42490886E-03
    1782     -0.83170872E-09     -0.84192277E-09     -0.12903797E-03     -0.42490886E-03
    1783     -0.83171348E-09     -0.84192277E-09     -0.12908352E-03     -0.42490886E-03
    1784     -0.83171966E-09     -0.84192277E-09     -0.12914629E-03     -0.42490886E-03
    1785     -0.83172623E-09     -0.84192277E-09     -0.12920314E-03     -0.42490886E-03
    1786     -0.83173538E-09     -0.84192277E-09     -0.12929039E-03     -0.42490886E-03
    1787     -0.83174257E-09     -0.84192277E-09     -0.12935009E-03     -0.42490886E-03
    1788     -0.83175277E-09     -0.84192277E-09     -0.12943900E-03     -0.42490886E-03
    1789     -0.83176429E-09     -0.84192277E-09     -0.12954507E-03     -0.42490886E-03
    1790     -0.83177449E-09     -0.84192277E-09     -0.12962933E-03     -0.42490886E-03
    1791     -0.83178029E-09     -0.84192277E-09     -0.12967984E-03     -0.42490886E-03
    1792     -0.83178911E-09     -0.84192277E-09     -0.12975726E-03     -0.42490886E-03
    1793     -0.83179557E-09     -0.84192277E-09     -0.12981706E-03     -0.42490886E-03
    1794     -0.83180093E-09     -0.84192277E-09     -0.12986396E-03     -0.42490886E-03
    1795     -0.83180822E-09     -0.84192277E-09     -0.12992531E-03     -0.42490886E-03
    1796     -0.83181727E-09     -0.84192277E-09     -0.13001750E-03     -0.42490886E-03
    1797     -0.83182288E-09     -0.84192277E-09     -0.13006653E-03     -0.42490886E-03
    1798     -0.83182773E-09     -0.84192277E-09     -0.13012104E-03     -0.42490886E-03
    1799     -0.83183766E-09     -0.84192277E-09     -0.13020746E-03     -0.42490886E-03
    1800     -0.83184421E-09     -0.84192277E-09     -0.13027390E-03     -0.42490886E-03
    1801     -0.83184834E-09     -0.84192277E-09     -0.13030985E-03     -0.42490886E-03
    1802     -0.83185202E-09     -0.84192277E-09     -0.13035248E-03     -0.42490886E-03
    1803     -0.83185506E-09     -0.84192277E-09     -0.13038913E-03     -0.42490886E-03
    1804     -0.83186222E-09     -0.84192277E-09     -0.13044925E-03     -0.42490886E-03
    1805     -0.83186815E-09     -0.84192277E-09     -0.13049682E-03     -0.42490886E-03
    1806     -0.83187689E-09     -0.84192277E-09     -0.13055969E-03     -0.42490886E-03
    1807     -0.83188620E-09     -0.84192277E-09     -0.13061904E-03     -0.42490886E-03
    1808     -0.83190334E-09     -0.84192277E-09     -0.13070916E-03     -0.42490886E-03
    1809     -0.83190864E-09     -0.84192277E-09     -0.13075452E-03     -0.42490886E-03
    1810     -0.83191436E-09     -0.84192277E-09     -0.13079999E-03     -0.42490886E-03
    1811     -0.83192131E-09     -0.84192277E-09     -0.13084282E-03     -0.42490886E-03
    1812     -0.83194383E-09     -0.84192277E-09     -0.13096297E-03     -0.42490886E-03
    1813     -0.83194913E-09     -0.84192277E-09     -0.13100878E-03     -0.42490886E-03
    1814     -0.83195648E-09     -0.84192277E-09     -0.13106038E-03     -0.42490886E-03
    1815     -0.83196223E-09     -0.84192277E-09     -0.13110197E-03     -0.42490886E-03
    1816     -0.83196610E-09     -0.84192277E-09     -0.13113681E-03     -0.42490886E-03
    1817     -0.83197285E-09     -0.84192277E-09     -0.13117749E-03     -0.42490886E-03
    1818     -0.83197576E-09     -0.84192277E-09     -0.13120753E-03     -0.42490886E-03
    1819     -0.83198022E-09     -0.84192277E-09     -0.13124313E-03     -0.42490886E-03
    1820     -0.83198535E-09     -0.84192277E-09     -0.13128241E-03     -0.42490886E-03
    1821     -0.83198974E-09     -0.84192277E-09     -0.13131751E-03     -0.42490886E-03
    1822     -0.83199439E-09     -0.84192277E-09     -0.13135290E-03     -0.42490886E-03
    1823     -0.83199870E-09     -0.84192277E-09     -0.13138950E-03     -0.42490886E-03
    1824     -0.83200335E-09     -0.84192277E-09     -0.13142716E-03     -0.42490886E-03
    1825     -0.83200730E-09     -0.84192277E-09     -0.13146352E-03     -0.42490886E-03
    1826     -0.83201288E-09     -0.84192277E-09     -0.13151088E-03     -0.42490886E-03
    1827     -0.83201582E-09     -0.84192277E-09     -0.13153991E-03     -0.42490886E-03
    1828     -0.83201965E-09     -0.84192277E-09     -0.13157994E-03     -0.42490886E-03
    1829     -0.83202338E-09     -0.84192277E-09     -0.13160941E-03     -0.42490886E-03
    1830     -0.83202763E-09     -0.84192277E-09     -0.13165061E-03     -0.42490886E-03
    1831     -0.83203235E-09     -0.84192277E-09     -0.13169369E-03     -0.42490886E-03
    1832     -0.83203721E-09     -0.84192277E-09     -0.13174390E-03     -0.42490886E-03
    1833     -0.83204212E-09     -0.84192277E-09     -0.13178845E-03     -0.42490886E-03
    1834     -0.83204532E-09     -0.84192277E-09     -0.13182223E-03     -0.42490886E-03
    1835     -0.83204922E-09     -0.84192277E-09     -0.13185665E-03     -0.42490886E-03
    1836     -0.83205294E-09     -0.84192277E-09     -0.13190528E-03     -0.42490886E-03
    1837     -0.83205514E-09     -0.84192277E-09     -0.13192858E-03     -0.42490886E-03
    1838     -0.83205792E-09     -0.84192277E-09     -0.13196143E-03     -0.42490886E-03
    1839     -0.83206135E-09     -0.84192277E-09     -0.13200779E-03     -0.42490886E-03
    1840     -0.83206560E-09     -0.84192277E-09     -0.13206256E-03     -0.42490886E-03
    1841     -0.83206826E-09     -0.84192277E-09     -0.13209267E-03     -0.42490886E-03
    1842     -0.83206991E-09     -0.84192277E-09     -0.13211295E-03     -0.42490886E-03
    1843     -0.83207361E-09     -0.84192277E-09     -0.13215402E-03     -0.42490886E-03
    1844     -0.83207768E-09     -0.84192277E-09     -0.13219569E-03     -0.42490886E-03
    1845     -0.83208145E-09     -0.84192277E-09     -0.13223433E-03     -0.42490886E-03
    1846     -0.83208423E-09     -0.84192277E-09     -0.13226538E-03     -0.42490886E-03
    1847     -0.83208954E-09     -0.84192277E-09     -0.13234996E-03     -0.42490886E-03
    1848     -0.83209296E-09     -0.84192277E-09     -0.13238745E-03     -0.42490886E-03
    1849     -0.83209500E-09     -0.84192277E-09     -0.13241064E-03     -0.42490886E-03
    1850     -0.83209850E-09     -0.84192277E-09     -0.13245198E-03     -0.42490886E-03
    1851     -0.83210095E-09     -0.84192277E-09     -0.13247951E-03     -0.42490886E-03
    1852     -0.83210418E-09     -0.84192277E-09     -0.13251283E-03     -0.42490886E-03
    1853     -0.83210690E-09     -0.84192277E-09     -0.13255463E-03     -0.42490886E-03
    1854     -0.83210922E-09     -0.84192277E-09     -0.13257451E-03     -0.42490886E-03
    1855     -0.83211208E-09     -0.84192277E-09     -0.13261609E-03     -0.42490886E-03
    1856     -0.83211565E-09     -0.84192277E-09     -0.13266400E-03     -0.42490886E-03
    1857     -0.83211879E-09     -0.84192277E-09     -0.13270458E-03     -0.42490886E-03
    1858     -0.83212122E-09     -0.84192277E-09     -0.13272823E-03     -0.42490886E-03
    1859     -0.83212251E-09     -0.84192277E-09     -0.13274411E-03     -0.42490886E-03
    1860     -0.83212459E-09     -0.84192277E-09     -0.13276530E-03     -0.42490886E-03
    1861     -0.83212657E-09     -0.84192277E-09     -0.13279035E-03     -0.42490886E-03
    1862     -0.83212842E-09     -0.84192277E-09     -0.13281295E-03     -0.42490886E-03
    1863     -0.83213128E-09     -0.84192277E-09     -0.13284726E-03     -0.42490886E-03
    1864     -0.83213408E-09     -0.84192277E-09     -0.13287830E-03     -0.42490886E-03
    1865     -0.83213669E-09     -0.84192277E-09     -0.13290475E-03     -0.42490886E-03
    1866     -0.83214009E-09     -0.84192277E-09     -0.13293637E-03     -0.42490886E-03
    1867     -0.83214360E-09     -0.84192277E-09     -0.13296643E-03     -0.42490886E-03
    1868     -0.83214706E-09     -0.84192277E-09     -0.13299660E-03     -0.42490886E-03
    1869     -0.83215028E-09     -0.84192277E-09     -0.13302539E-03     -0.42490886E-03
    1870     -0.83215399E-09     -0.84192277E-09     -0.13306052E-03     -0.42490886E-03
    1871     -0.83215701E-09     -0.84192277E-09     -0.13308891E-03     -0.42490886E-03
    1872     -0.83216122E-09     -0.84192277E-09     -0.13312717E-03     -0.42490886E-03
    1873     -0.83216481E-09     -0.84192277E-09     -0.13316221E-03     -0.42490886E-03
    1874     -0.83216875E-09     -0.84192277E-09     -0.13319605E-03     -0.42490886E-03
    1875     -0.83217263E-09     -0.84192277E-09     -0.13323732E-03     -0.42490886E-03
    1876     -0.83217597E-09     -0.84192277E-09     -0.13327375E-03     -0.42490886E-03
    1877     -0.83218131E-09     -0.84192277E-09     -0.13332883E-03     -0.42490886E-03
    1878     -0.83218490E-09     -0.84192277E-09     -0.13336220E-03     -0.42490886E-03
    1879     -0.83218820E-09     -0.84192277E-09     -0.13339429E-03     -0.42490886E-03
    1880     -0.83219342E-09     -0.84192277E-09     -0.13344512E-03     -0.42490886E-03
    1881     -0.83219938E-09     -0.84192277E-09     -0.13349838E-03     -0.42490886E-03
    1882     -0.83220400E-09     -0.84192277E-09     -0.13353894E-03     -0.42490886E-03
    1883     -0.83220898E-09     -0.84192277E-09     -0.13358610E-03     -0.42490886E-03
    1884     -0.83221145E-09     -0.84192277E-09     -0.13361398E-03     -0.42490886E-03
    1885     -0.83221780E-09     -0.84192277E-09     -0.13366672E-03     -0.42490886E-03
    1886     -0.83223399E-09     -0.84192277E-09     -0.13378261E-03     -0.42490886E-03
    1887     -0.83223692E-09     -0.84192277E-09     -0.13381467E-03     -0.42490886E-03
    1888     -0.83224533E-09     -0.84192277E-09     -0.13388549E-03     -0.42490886E-03
    1889     -0.83225033E-09     -0.84192277E-09     -0.13393356E-03     -0.42490886E-03
    1890     -0.83226239E-09     -0.84192277E-09     -0.13404072E-03     -0.42490886E-03
    1891     -0.83226948E-09     -0.84192277E-09     -0.13409555E-03     -0.42490886E-03
    1892     -0.83227829E-09     -0.84192277E-09     -0.13417444E-03     -0.42490886E-03
    1893     -0.83228374E-09     -0.84192277E-09     -0.13422592E-03     -0.42490886E-03
    1894     -0.83229180E-09     -0.84192277E-09     -0.13429822E-03     -0.42490886E-03
    1895     -0.83230068E-09     -0.84192277E-09     -0.13438953E-03     -0.42490886E-03
    1896     -0.83230833E-09     -0.84192277E-09     -0.13446177E-03     -0.42490886E-03
    1897     -0.83231542E-09     -0.84192277E-09     -0.13453532E-03     -0.42490886E-03
    1898     -0.83232071E-09     -0.84192277E-09     -0.13459190E-03     -0.42490886E-03
    1899     -0.83232648E-09     -0.84192277E-09     -0.13464770E-03     -0.42490886E-03
    1900     -0.83233289E-09     -0.84192277E-09     -0.13471981E-03     -0.42490886E-03
    1901     -0.83233835E-09     -0.84192277E-09     -0.13477137E-03     -0.42490886E-03
    1902     -0.83234404E-09     -0.84192277E-09     -0.13483383E-03     -0.42490886E-03
    1903     -0.83235011E-09     -0.84192277E-09     -0.13490673E-03     -0.42490886E-03
    1904     -0.83235597E-09     -0.84192277E-09     -0.13496601E-03     -0.42490886E-03
    1905     -0.83235937E-09     -0.84192277E-09     -0.13500341E-03     -0.42490886E-03
    1906     -0.83236402E-09     -0.84192277E-09     -0.13506066E-03     -0.42490886E-03
    1907     -0.83237117E-09     -0.84192277E-09     -0.13513411E-03     -0.42490886E-03
    1908     -0.83237556E-09     -0.84192277E-09     -0.13519857E-03     -0.42490886E-03
    1909     -0.83238050E-09     -0.84192277E-09     -0.13525424E-03     -0.42490886E-03
    1910     -0.83238451E-09     -0.84192277E-09     -0.13529965E-03     -0.42490886E-03
    1911     -0.83238966E-09     -0.84192277E-09     -0.13537361E-03     -0.42490886E-03
    1912     -0.83239420E-09     -0.84192277E-09     -0.13543234E-03     -0.42490886E-03
    1913     -0.83239757E-09     -0.84192277E-09     -0.13547372E-03     -0.42490886E-03
    1914     -0.83240166E-09     -0.84192277E-09     -0.13553101E-03     -0.42490886E-03
    1915     -0.83240497E-09     -0.84192277E-09     -0.13557605E-03     -0.42490886E-03
    1916     -0.83240802E-09     -0.84192277E-09     -0.13560381E-03     -0.42490886E-03
    1917     -0.83241219E-09     -0.84192277E-09     -0.13564650E-03     -0.42490886E-03
    1918     -0.83241572E-09     -0.84192277E-09     -0.13568523E-03     -0.42490886E-03
    1919     -0.83241872E-09     -0.84192277E-09     -0.13571447E-03     -0.42490886E-03
    1920     -0.83242194E-09     -0.84192277E-09     -0.13575074E-03     -0.42490886E-03
    1921     -0.83242525E-09     -0.84192277E-09     -0.13578670E-03     -0.42490886E-03
    1922     -0.83242781E-09     -0.84192277E-09     -0.13581120E-03     -0.42490886E-03
    1923     -0.83243106E-09     -0.84192277E-09     -0.13584323E-03     -0.42490886E-03
    1924     -0.83243387E-09     -0.84192277E-09     -0.13588093E-03     -0.42490886E-03
    1925     -0.83243620E-09     -0.84192277E-09     -0.13591174E-03     -0.42490886E-03
    1926     -0.83243940E-09     -0.84192277E-09     -0.13595124E-03     -0.42490886E-03
    1927     -0.83244208E-09     -0.84192277E-09     -0.13598855E-03     -0.42490886E-03
    1928     -0.83244486E-09     -0.84192277E-09     -0.13601295E-03     -0.42490886E-03
    1929     -0.83244779E-09     -0.84192277E-09     -0.13604050E-03     -0.42490886E-03
    1930     -0.83245005E-09     -0.84192277E-09     -0.13606537E-03     -0.42490886E-03
    1931     -0.83245286E-09     -0.84192277E-09     -0.13609083E-03     -0.42490886E-03
    1932     -0.83245561E-09     -0.84192277E-09     -0.13611993E-03     -0.42490886E-03
    1933     -0.83245766E-09     -0.84192277E-09     -0.13614536E-03     -0.42490886E-03
    1934     -0.83245968E-09     -0.84192277E-09     -0.13617271E-03     -0.42490886E-03
    1935     -0.83246229E-09     -0.84192277E-09     -0.13620083E-03     -0.42490886E-03
    1936     -0.83246777E-09     -0.84192277E-09     -0.13624649E-03     -0.42490886E-03
    1937     -0.83247109E-09     -0.84192277E-09     -0.13628633E-03     -0.42490886E-03
    1938     -0.83247346E-09     -0.84192277E-09     -0.13631304E-03     -0.42490886E-03
    1939     -0.83247605E-09     -0.84192277E-09     -0.13634207E-03     -0.42490886E-03
    1940     -0.83247925E-09     -0.84192277E-09     -0.13637269E-03     -0.42490886E-03
    1941     -0.83248523E-09     -0.84192277E-09     -0.13643299E-03     -0.42490886E-03
    1942     -0.83249445E-09     -0.84192277E-09     -0.13651229E-03     -0.42490886E-03
    1943     -0.83250493E-09     -0.84192277E-09     -0.13659745E-03     -0.42490886E-03
    1944     -0.83251505E-09     -0.84192277E-09     -0.13668751E-03     -0.42490886E-03
    1945     -0.83251828E-09     -0.84192277E-09     -0.13671595E-03     -0.42490886E-03
    1946     -0.83253102E-09     -0.84192277E-09     -0.13682334E-03     -0.42490886E-03
    1947     -0.83253682E-09     -0.84192277E-09     -0.13687382E-03     -0.42490886E-03
    1948     -0.83254841E-09     -0.84192277E-09     -0.13697087E-03     -0.42490886E-03
    1949     -0.83255180E-09     -0.84192277E-09     -0.13700302E-03     -0.42490886E-03
    1950     -0.83255802E-09     -0.84192277E-09     -0.13705255E-03     -0.42490886E-03
    1951     -0.83256313E-09     -0.84192277E-09     -0.13711348E-03     -0.42490886E-03
    1952     -0.83257641E-09     -0.84192277E-09     -0.13723128E-03     -0.42490886E-03
    1953     -0.83258563E-09     -0.84192277E-09     -0.13731883E-03     -0.42490886E-03
    1954     -0.83259333E-09     -0.84192277E-09     -0.13740305E-03     -0.42490886E-03
    1955     -0.83261009E-09     -0.84192277E-09     -0.13753311E-03     -0.42490886E-03
    1956     -0.83261991E-09     -0.84192277E-09     -0.13763683E-03     -0.42490886E-03
    1957     -0.83263241E-09     -0.84192277E-09     -0.13774681E-03     -0.42490886E-03
    1958     -0.83264090E-09     -0.84192277E-09     -0.13783207E-03     -0.42490886E-03
    1959     -0.83264718E-09     -0.84192277E-09     -0.13790346E-03     -0.42490886E-03
    1960     -0.83265340E-09     -0.84192277E-09     -0.13797404E-03     -0.42490886E-03
    1961     -0.83266216E-09     -0.84192277E-09     -0.13807526E-03     -0.42490886E-03
    1962     -0.83266779E-09     -0.84192277E-09     -0.13814361E-03     -0.42490886E-03
    1963     -0.83267279E-09     -0.84192277E-09     -0.13820835E-03     -0.42490886E-03
    1964     -0.83268394E-09     -0.84192277E-09     -0.13835653E-03     -0.42490886E-03
    1965     -0.83269018E-09     -0.84192277E-09     -0.13842985E-03     -0.42490886E-03
    1966     -0.83269743E-09     -0.84192277E-09     -0.13851439E-03     -0.42490886E-03
    1967     -0.83270364E-09     -0.84192277E-09     -0.13857693E-03     -0.42490886E-03
    1968     -0.83270950E-09     -0.84192277E-09     -0.13863110E-03     -0.42490886E-03
    1969     -0.83271741E-09     -0.84192277E-09     -0.13872179E-03     -0.42490886E-03
    1970     -0.83272417E-09     -0.84192277E-09     -0.13879480E-03     -0.42490886E-03
    1971     -0.83272852E-09     -0.84192277E-09     -0.13885960E-03     -0.42490886E-03
    1972     -0.83273444E-09     -0.84192277E-09     -0.13893928E-03     -0.42490886E-03
    1973     -0.83274174E-09     -0.84192277E-09     -0.13904357E-03     -0.42490886E-03
    1974     -0.83274673E-09     -0.84192277E-09     -0.13911401E-03     -0.42490886E-03
    1975     -0.83275192E-09     -0.84192277E-09     -0.13918307E-03     -0.42490886E-03
    1976     -0.83275739E-09     -0.84192277E-09     -0.13926891E-03     -0.42490886E-03
    1977     -0.83276516E-09     -0.84192277E-09     -0.13937999E-03     -0.42490886E-03
    1978     -0.83277309E-09     -0.84192277E-09     -0.13949379E-03     -0.42490886E-03
    1979     -0.83277793E-09     -0.84192277E-09     -0.13956368E-03     -0.42490886E-03
    1980     -0.83278170E-09     -0.84192277E-09     -0.13961113E-03     -0.42490886E-03
    1981     -0.83278476E-09     -0.84192277E-09     -0.13965683E-03     -0.42490886E-03
    1982     -0.83278989E-09     -0.84192277E-09     -0.13972614E-03     -0.42490886E-03
    1983     -0.83279221E-09     -0.84192277E-09     -0.13975314E-03     -0.42490886E-03
    1984     -0.83279585E-09     -0.84192277E-09     -0.13980063E-03     -0.42490886E-03
    1985     -0.83280024E-09     -0.84192277E-09     -0.13985815E-03     -0.42490886E-03
    1986     -0.83280315E-09     -0.84192277E-09     -0.13989323E-03     -0.42490886E-03
    1987     -0.83280610E-09     -0.84192277E-09     -0.13992947E-03     -0.42490886E-03
    1988     -0.83280988E-09     -0.84192277E-09     -0.13997442E-03     -0.42490886E-03
    1989     -0.83281375E-09     -0.84192277E-09     -0.14002067E-03     -0.42490886E-03
    1990     -0.83281778E-09     -0.84192277E-09     -0.14007720E-03     -0.42490886E-03
    1991     -0.83282017E-09     -0.84192277E-09     -0.14010756E-03     -0.42490886E-03
    1992     -0.83282322E-09     -0.84192277E-09     -0.14014907E-03     -0.42490886E-03
    1993     -0.83282632E-09     -0.84192277E-09     -0.14018914E-03     -0.42490886E-03
    1994     -0.83282877E-09     -0.84192277E-09     -0.14022459E-03     -0.42490886E-03
    1995     -0.83283119E-09     -0.84192277E-09     -0.14025527E-03     -0.42490886E-03
    1996     -0.83283454E-09     -0.84192277E-09     -0.14029993E-03     -0.42490886E-03
    1997     -0.83283738E-09     -0.84192277E-09     -0.14033570E-03     -0.42490886E-03
    1998     -0.83284120E-09     -0.84192277E-09     -0.14038393E-03     -0.42490886E-03
    1999     -0.83284428E-09     -0.84192277E-09     -0.14042408E-03     -0.42490886E-03
    2000     -0.83284688E-09     -0.84192277E-09     -0.14045680E-03     -0.42490886E-03
    2001     -0.83285021E-09     -0.84192277E-09     -0.14049371E-03     -0.42490886E-03
    2002     -0.83285429E-09     -0.84192277E-09     -0.14054549E-03     -0.42490886E-03
    2003     -0.83285766E-09     -0.84192277E-09     -0.14059306E-03     -0.42490886E-03
    2004     -0.83286102E-09     -0.84192277E-09     -0.14064212E-03     -0.42490886E-03
    2005     -0.83286385E-09     -0.84192277E-09     -0.14067786E-03     -0.42490886E-03
    2006     -0.83286787E-09     -0.84192277E-09     -0.14072949E-03     -0.42490886E-03
    2007     -0.83287137E-09     -0.84192277E-09     -0.14077438E-03     -0.42490886E-03
    2008     -0.83287668E-09     -0.84192277E-09     -0.14085088E-03     -0.42490886E-03
    2009     -0.83288039E-09     -0.84192277E-09     -0.14090605E-03     -0.42490886E-03
    2010     -0.83288431E-09     -0.84192277E-09     -0.14096543E-03     -0.42490886E-03
    2011     -0.83288744E-09     -0.84192277E-09     -0.14100522E-03     -0.42490886E-03
    2012     -0.83289139E-09     -0.84192277E-09     -0.14106717E-03     -0.42490886E-03
    2013     -0.83289725E-09     -0.84192277E-09     -0.14115002E-03     -0.42490886E-03
    2014     -0.83290208E-09     -0.84192277E-09     -0.14123148E-03     -0.42490886E-03
    2015     -0.83290841E-09     -0.84192277E-09     -0.14133094E-03     -0.42490886E-03
    2016     -0.83291301E-09     -0.84192277E-09     -0.14139986E-03     -0.42490886E-03
    2017     -0.83291788E-09     -0.84192277E-09     -0.14146995E-03     -0.42490886E-03
    2018     -0.83292277E-09     -0.84192277E-09     -0.14153391E-03     -0.42490886E-03
    2019     -0.83292654E-09     -0.84192277E-09     -0.14157590E-03     -0.42490886E-03
    2020     -0.83293052E-09     -0.84192277E-09     -0.14162671E-03     -0.42490886E-03
    2021     -0.83293365E-09     -0.84192277E-09     -0.14166885E-03     -0.42490886E-03
    2022     -0.83293851E-09     -0.84192277E-09     -0.14174361E-03     -0.42490886E-03
    2023     -0.83294243E-09     -0.84192277E-09     -0.14179967E-03     -0.42490886E-03
    2024     -0.83294872E-09     -0.84192277E-09     -0.14190321E-03     -0.42490886E-03
    2025     -0.83295466E-09     -0.84192277E-09     -0.14197741E-03     -0.42490886E-03
    2026     -0.83296017E-09     -0.84192277E-09     -0.14204882E-03     -0.42490886E-03
    2027     -0.83296460E-09     -0.84192277E-09     -0.14210754E-03     -0.42490886E-03
    2028     -0.83297053E-09     -0.84192277E-09     -0.14218489E-03     -0.42490886E-03
    2029     -0.83297532E-09     -0.84192277E-09     -0.14225139E-03     -0.42490886E-03
    2030     -0.83298157E-09     -0.84192277E-09     -0.14233945E-03     -0.42490886E-03
    2031     -0.83298493E-09     -0.84192277E-09     -0.14237992E-03     -0.42490886E-03
    2032     -0.83299251E-09     -0.84192277E-09     -0.14247279E-03     -0.42490886E-03
    2033     -0.83299934E-09     -0.84192277E-09     -0.14255842E-03     -0.42490886E-03
    2034     -0.83300504E-09     -0.84192277E-09     -0.14263265E-03     -0.42490886E-03
    2035     -0.83301056E-09     -0.84192277E-09     -0.14270375E-03     -0.42490886E-03
    2036     -0.83301845E-09     -0.84192277E-09     -0.14279076E-03     -0.42490886E-03
    2037     -0.83302421E-09     -0.84192277E-09     -0.14285296E-03     -0.42490886E-03
    2038     -0.83302856E-09     -0.84192277E-09     -0.14291532E-03     -0.42490886E-03
    2039     -0.83303694E-09     -0.84192277E-09     -0.14300319E-03     -0.42490886E-03
    2040     -0.83304191E-09     -0.84192277E-09     -0.14305944E-03     -0.42490886E-03
    2041     -0.83305672E-09     -0.84192277E-09     -0.14318092E-03     -0.42490886E-03
    2042     -0.83306454E-09     -0.84192277E-09     -0.14326552E-03     -0.42490886E-03
    2043     -0.83306761E-09     -0.84192277E-09     -0.14330284E-03     -0.42490886E-03
    2044     -0.83307579E-09     -0.84192277E-09     -0.14340010E-03     -0.42490886E-03
    2045     -0.83308041E-09     -0.84192277E-09     -0.14346012E-03     -0.42490886E-03
    2046     -0.83308492E-09     -0.84192277E-09     -0.14352522E-03     -0.42490886E-03
    2047     -0.83308729E-09     -0.84192277E-09     -0.14356036E-03     -0.42490886E-03
    2048     -0.83308874E-09     -0.84192277E-09     -0.14358479E-03     -0.42490886E-03
    2049     -0.83309195E-09     -0.84192277E-09     -0.14362556E-03     -0.42490886E-03
    2050     -0.83309873E-09     -0.84192277E-09     -0.14371929E-03     -0.42490886E-03
    2051     -0.83310325E-09     -0.84192277E-09     -0.14377472E-03     -0.42490886E-03
    2052     -0.83310751E-09     -0.84192277E-09     -0.14382971E-03     -0.42490886E-03
    2053     -0.83311332E-09     -0.84192277E-09     -0.14390887E-03     -0.42490886E-03
    2054     -0.83311693E-09     -0.84192277E-09     -0.14396761E-03     -0.42490886E-03
    2055     -0.83312411E-09     -0.84192277E-09     -0.14407615E-03     -0.42490886E-03
    2056     -0.83312752E-09     -0.84192277E-09     -0.14412483E-03     -0.42490886E-03
    2057     -0.83313152E-09     -0.84192277E-09     -0.14417589E-03     -0.42490886E-03
    2058     -0.83313819E-09     -0.84192277E-09     -0.14423490E-03     -0.42490886E-03
    2059     -0.83314491E-09     -0.84192277E-09     -0.14430870E-03     -0.42490886E-03
    2060     -0.83314916E-09     -0.84192277E-09     -0.14437364E-03     -0.42490886E-03
    2061     -0.83315505E-09     -0.84192277E-09     -0.14443879E-03     -0.42490886E-03
    2062     -0.83315950E-09     -0.84192277E-09     -0.14449984E-03     -0.42490886E-03
    2063     -0.83316361E-09     -0.84192277E-09     -0.14456431E-03     -0.42490886E-03
    2064     -0.83316613E-09     -0.84192277E-09     -0.14459924E-03     -0.42490886E-03
    2065     -0.83316908E-09     -0.84192277E-09     -0.14463906E-03     -0.42490886E-03
    2066     -0.83317454E-09     -0.84192277E-09     -0.14471673E-03     -0.42490886E-03
    2067     -0.83317772E-09     -0.84192277E-09     -0.14475922E-03     -0.42490886E-03
    2068     -0.83318213E-09     -0.84192277E-09     -0.14481210E-03     -0.42490886E-03
    2069     -0.83318575E-09     -0.84192277E-09     -0.14485931E-03     -0.42490886E-03
    2070     -0.83319013E-09     -0.84192277E-09     -0.14492757E-03     -0.42490886E-03
    2071     -0.83319332E-09     -0.84192277E-09     -0.14496689E-03     -0.42490886E-03
    2072     -0.83319637E-09     -0.84192277E-09     -0.14500168E-03     -0.42490886E-03
    2073     -0.83320008E-09     -0.84192277E-09     -0.14505786E-03     -0.42490886E-03
    2074     -0.83320197E-09     -0.84192277E-09     -0.14508217E-03     -0.42490886E-03
    2075     -0.83320379E-09     -0.84192277E-09     -0.14510678E-03     -0.42490886E-03
    2076     -0.83320664E-09     -0.84192277E-09     -0.14514394E-03     -0.42490886E-03
    2077     -0.83320954E-09     -0.84192277E-09     -0.14518077E-03     -0.42490886E-03
    2078     -0.83321358E-09     -0.84192277E-09     -0.14523271E-03     -0.42490886E-03
    2079     -0.83321717E-09     -0.84192277E-09     -0.14528163E-03     -0.42490886E-03
    2080     -0.83322008E-09     -0.84192277E-09     -0.14532395E-03     -0.42490886E-03
    2081     -0.83322344E-09     -0.84192277E-09     -0.14536406E-03     -0.42490886E-03
    2082     -0.83322766E-09     -0.84192277E-09     -0.14543329E-03     -0.42490886E-03
    2083     -0.83323131E-09     -0.84192277E-09     -0.14547312E-03     -0.42490886E-03
    2084     -0.83323466E-09     -0.84192277E-09     -0.14552452E-03     -0.42490886E-03
    2085     -0.83323827E-09     -0.84192277E-09     -0.14558767E-03     -0.42490886E-03
    2086     -0.83324179E-09     -0.84192277E-09     -0.14563681E-03     -0.42490886E-03
    2087     -0.83324664E-09     -0.84192277E-09     -0.14571765E-03     -0.42490886E-03
    2088     -0.83325212E-09     -0.84192277E-09     -0.14579950E-03     -0.42490886E-03
    2089     -0.83325556E-09     -0.84192277E-09     -0.14587068E-03     -0.42490886E-03
    2090     -0.83326025E-09     -0.84192277E-09     -0.14596404E-03     -0.42490886E-03
    2091     -0.83326503E-09     -0.84192277E-09     -0.14603807E-03     -0.42490886E-03
    2092     -0.83326939E-09     -0.84192277E-09     -0.14610608E-03     -0.42490886E-03
    2093     -0.83327245E-09     -0.84192277E-09     -0.14615110E-03     -0.42490886E-03
    2094     -0.83327683E-09     -0.84192277E-09     -0.14622057E-03     -0.42490886E-03
    2095     -0.83328118E-09     -0.84192277E-09     -0.14628437E-03     -0.42490886E-03
    2096     -0.83328911E-09     -0.84192277E-09     -0.14640907E-03     -0.42490886E-03
    2097     -0.83329413E-09     -0.84192277E-09     -0.14648011E-03     -0.42490886E-03
    2098     -0.83330349E-09     -0.84192277E-09     -0.14665278E-03     -0.42490886E-03
    2099     -0.83330921E-09     -0.84192277E-09     -0.14674088E-03     -0.42490886E-03
    2100     -0.83332029E-09     -0.84192277E-09     -0.14693092E-03     -0.42490886E-03
    2101     -0.83332749E-09     -0.84192277E-09     -0.14704019E-03     -0.42490886E-03
    2102     -0.83333244E-09     -0.84192277E-09     -0.14710395E-03     -0.42490886E-03
    2103     -0.83333982E-09     -0.84192277E-09     -0.14720824E-03     -0.42490886E-03
    2104     -0.83334567E-09     -0.84192277E-09     -0.14729803E-03     -0.42490886E-03
    2105     -0.83335283E-09     -0.84192277E-09     -0.14740915E-03     -0.42490886E-03
    2106     -0.83335837E-09     -0.84192277E-09     -0.14748820E-03     -0.42490886E-03
    2107     -0.83336720E-09     -0.84192277E-09     -0.14760712E-03     -0.42490886E-03
    2108     -0.83337212E-09     -0.84192277E-09     -0.14767043E-03     -0.42490886E-03
    2109     -0.83337604E-09     -0.84192277E-09     -0.14772975E-03     -0.42490886E-03
    2110     -0.83338191E-09     -0.84192277E-09     -0.14782029E-03     -0.42490886E-03
    2111     -0.83338917E-09     -0.84192277E-09     -0.14792578E-03     -0.42490886E-03
    2112     -0.83339621E-09     -0.84192277E-09     -0.14800845E-03     -0.42490886E-03
    2113     -0.83340254E-09     -0.84192277E-09     -0.14808816E-03     -0.42490886E-03
    2114     -0.83340613E-09     -0.84192277E-09     -0.14814245E-03     -0.42490886E-03
    2115     -0.83341100E-09     -0.84192277E-09     -0.14820412E-03     -0.42490886E-03
    2116     -0.83341786E-09     -0.84192277E-09     -0.14830913E-03     -0.42490886E-03
    2117     -0.83342283E-09     -0.84192277E-09     -0.14837450E-03     -0.42490886E-03
    2118     -0.83343182E-09     -0.84192277E-09     -0.14848551E-03     -0.42490886E-03
    2119     -0.83343945E-09     -0.84192277E-09     -0.14858330E-03     -0.42490886E-03
    2120     -0.83344277E-09     -0.84192277E-09     -0.14862320E-03     -0.42490886E-03
    2121     -0.83344948E-09     -0.84192277E-09     -0.14870319E-03     -0.42490886E-03
    2122     -0.83345294E-09     -0.84192277E-09     -0.14875522E-03     -0.42490886E-03
    2123     -0.83345664E-09     -0.84192277E-09     -0.14881660E-03     -0.42490886E-03
    2124     -0.83346030E-09     -0.84192277E-09     -0.14886577E-03     -0.42490886E-03
    2125     -0.83346427E-09     -0.84192277E-09     -0.14892693E-03     -0.42490886E-03
    2126     -0.83346699E-09     -0.84192277E-09     -0.14896973E-03     -0.42490886E-03
    2127     -0.83347021E-09     -0.84192277E-09     -0.14901839E-03     -0.42490886E-03
    2128     -0.83347284E-09     -0.84192277E-09     -0.14905504E-03     -0.42490886E-03
    2129     -0.83347542E-09     -0.84192277E-09     -0.14908799E-03     -0.42490886E-03
    2130     -0.83347758E-09     -0.84192277E-09     -0.14911647E-03     -0.42490886E-03
    2131     -0.83347959E-09     -0.84192277E-09     -0.14914699E-03     -0.42490886E-03
    2132     -0.83348190E-09     -0.84192277E-09     -0.14917440E-03     -0.42490886E-03
    2133     -0.83348419E-09     -0.84192277E-09     -0.14920035E-03     -0.42490886E-03
    2134     -0.83348644E-09     -0.84192277E-09     -0.14922958E-03     -0.42490886E-03
    2135     -0.83348983E-09     -0.84192277E-09     -0.14927328E-03     -0.42490886E-03
    2136     -0.83349300E-09     -0.84192277E-09     -0.14931277E-03     -0.42490886E-03
    2137     -0.83349563E-09     -0.84192277E-09     -0.14935033E-03     -0.42490886E-03
    2138     -0.83349880E-09     -0.84192277E-09     -0.14939170E-03     -0.42490886E-03
    2139     -0.83350184E-09     -0.84192277E-09     -0.14943353E-03     -0.42490886E-03
    2140     -0.83350484E-09     -0.84192277E-09     -0.14947060E-03     -0.42490886E-03
    2141     -0.83350710E-09     -0.84192277E-09     -0.14950281E-03     -0.42490886E-03
    2142     -0.83350869E-09     -0.84192277E-09     -0.14952797E-03     -0.42490886E-03
    2143     -0.83351087E-09     -0.84192277E-09     -0.14955835E-03     -0.42490886E-03
    2144     -0.83351334E-09     -0.84192277E-09     -0.14958883E-03     -0.42490886E-03
    2145     -0.83351538E-09     -0.84192277E-09     -0.14962053E-03     -0.42490886E-03
    2146     -0.83351758E-09     -0.84192277E-09     -0.14965121E-03     -0.42490886E-03
    2147     -0.83352038E-09     -0.84192277E-09     -0.14968390E-03     -0.42490886E-03
    2148     -0.83352326E-09     -0.84192277E-09     -0.14971930E-03     -0.42490886E-03
    2149     -0.83352547E-09     -0.84192277E-09     -0.14974778E-03     -0.42490886E-03
    2150     -0.83352805E-09     -0.84192277E-09     -0.14977835E-03     -0.42490886E-03
    2151     -0.83352957E-09     -0.84192277E-09     -0.14979863E-03     -0.42490886E-03
    2152     -0.83353310E-09     -0.84192277E-09     -0.14983512E-03     -0.42490886E-03
    2153     -0.83353525E-09     -0.84192277E-09     -0.14986731E-03     -0.42490886E-03
    2154     -0.83353768E-09     -0.84192277E-09     -0.14990001E-03     -0.42490886E-03
    2155     -0.83353935E-09     -0.84192277E-09     -0.14992329E-03     -0.42490886E-03
    2156     -0.83354216E-09     -0.84192277E-09     -0.14995744E-03     -0.42490886E-03
    2157     -0.83354495E-09     -0.84192277E-09     -0.14999217E-03     -0.42490886E-03
    2158     -0.83354754E-09     -0.84192277E-09     -0.15002571E-03     -0.42490886E-03
    2159     -0.83355004E-09     -0.84192277E-09     -0.15006262E-03     -0.42490886E-03
    2160     -0.83355261E-09     -0.84192277E-09     -0.15010102E-03     -0.42490886E-03
    2161     -0.83355519E-09     -0.84192277E-09     -0.15013487E-03     -0.42490886E-03
    2162     -0.83355731E-09     -0.84192277E-09     -0.15016899E-03     -0.42490886E-03
    2163     -0.83356061E-09     -0.84192277E-09     -0.15021530E-03     -0.42490886E-03
    2164     -0.83356363E-09     -0.84192277E-09     -0.15026176E-03     -0.42490886E-03
    2165     -0.83356661E-09     -0.84192277E-09     -0.15030449E-03     -0.42490886E-03
    2166     -0.83356999E-09     -0.84192277E-09     -0.15035561E-03     -0.42490886E-03
    2167     -0.83357324E-09     -0.84192277E-09     -0.15040178E-03     -0.42490886E-03
    2168     -0.83357808E-09     -0.84192277E-09     -0.15046676E-03     -0.42490886E-03
    2169     -0.83358220E-09     -0.84192277E-09     -0.15052429E-03     -0.42490886E-03
    2170     -0.83358638E-09     -0.84192277E-09     -0.15058467E-03     -0.42490886E-03
    2171     -0.83358986E-09     -0.84192277E-09     -0.15064254E-03     -0.42490886E-03
    2172     -0.83359406E-09     -0.84192277E-09     -0.15070894E-03     -0.42490886E-03
    2173     -0.83359922E-09     -0.84192277E-09     -0.15077639E-03     -0.42490886E-03
    2174     -0.83360447E-09     -0.84192277E-09     -0.15085452E-03     -0.42490886E-03
    2175     -0.83360899E-09     -0.84192277E-09     -0.15092244E-03     -0.42490886E-03
    2176     -0.83361355E-09     -0.84192277E-09     -0.15098039E-03     -0.42490886E-03
    2177     -0.83361756E-09     -0.84192277E-09     -0.15103713E-03     -0.42490886E-03
    2178     -0.83362137E-09     -0.84192277E-09     -0.15108560E-03     -0.42490886E-03
    2179     -0.83362705E-09     -0.84192277E-09     -0.15116771E-03     -0.42490886E-03
    2180     -0.83363237E-09     -0.84192277E-09     -0.15124178E-03     -0.42490886E-03
    2181     -0.83363723E-09     -0.84192277E-09     -0.15133272E-03     -0.42490886E-03
    2182     -0.83364337E-09     -0.84192277E-09     -0.15142510E-03     -0.42490886E-03
    2183     -0.83364827E-09     -0.84192277E-09     -0.15149243E-03     -0.42490886E-03
    2184     -0.83365259E-09     -0.84192277E-09     -0.15155810E-03     -0.42490886E-03
    2185     -0.83366083E-09     -0.84192277E-09     -0.15168066E-03     -0.42490886E-03
    2186     -0.83366682E-09     -0.84192277E-09     -0.15177550E-03     -0.42490886E-03
    2187     -0.83367726E-09     -0.84192277E-09     -0.15189235E-03     -0.42490886E-03
    2188     -0.83368307E-09     -0.84192277E-09     -0.15197600E-03     -0.42490886E-03
    2189     -0.83369139E-09     -0.84192277E-09     -0.15210247E-03     -0.42490886E-03
    2190     -0.83369874E-09     -0.84192277E-09     -0.15221694E-03     -0.42490886E-03
    2191     -0.83370210E-09     -0.84192277E-09     -0.15226101E-03     -0.42490886E-03
    2192     -0.83370479E-09     -0.84192277E-09     -0.15230383E-03     -0.42490886E-03
    2193     -0.83371148E-09     -0.84192277E-09     -0.15239525E-03     -0.42490886E-03
    2194     -0.83371499E-09     -0.84192277E-09     -0.15244924E-03     -0.42490886E-03
    2195     -0.83371812E-09     -0.84192277E-09     -0.15249847E-03     -0.42490886E-03
    2196     -0.83372133E-09     -0.84192277E-09     -0.15255030E-03     -0.42490886E-03
    2197     -0.83372455E-09     -0.84192277E-09     -0.15260981E-03     -0.42490886E-03
    2198     -0.83372895E-09     -0.84192277E-09     -0.15266823E-03     -0.42490886E-03
    2199     -0.83373227E-09     -0.84192277E-09     -0.15271691E-03     -0.42490886E-03
    2200     -0.83373719E-09     -0.84192277E-09     -0.15278273E-03     -0.42490886E-03
    2201     -0.83373930E-09     -0.84192277E-09     -0.15281227E-03     -0.42490886E-03
    2202     -0.83374355E-09     -0.84192277E-09     -0.15287722E-03     -0.42490886E-03
    2203     -0.83374883E-09     -0.84192277E-09     -0.15296433E-03     -0.42490886E-03
    2204     -0.83375231E-09     -0.84192277E-09     -0.15300916E-03     -0.42490886E-03
    2205     -0.83375391E-09     -0.84192277E-09     -0.15303203E-03     -0.42490886E-03
    2206     -0.83375757E-09     -0.84192277E-09     -0.15308242E-03     -0.42490886E-03
    2207     -0.83376149E-09     -0.84192277E-09     -0.15313612E-03     -0.42490886E-03
    2208     -0.83376677E-09     -0.84192277E-09     -0.15323244E-03     -0.42490886E-03
    2209     -0.83376988E-09     -0.84192277E-09     -0.15327894E-03     -0.42490886E-03
    2210     -0.83377311E-09     -0.84192277E-09     -0.15332352E-03     -0.42490886E-03
    2211     -0.83377563E-09     -0.84192277E-09     -0.15336493E-03     -0.42490886E-03
    2212     -0.83377866E-09     -0.84192277E-09     -0.15341085E-03     -0.42490886E-03
    2213     -0.83378298E-09     -0.84192277E-09     -0.15348573E-03     -0.42490886E-03
    2214     -0.83378569E-09     -0.84192277E-09     -0.15352887E-03     -0.42490886E-03
    2215     -0.83378821E-09     -0.84192277E-09     -0.15357461E-03     -0.42490886E-03
    2216     -0.83379190E-09     -0.84192277E-09     -0.15363658E-03     -0.42490886E-03
    2217     -0.83379552E-09     -0.84192277E-09     -0.15369314E-03     -0.42490886E-03
    2218     -0.83379858E-09     -0.84192277E-09     -0.15374418E-03     -0.42490886E-03
    2219     -0.83380235E-09     -0.84192277E-09     -0.15380866E-03     -0.42490886E-03
    2220     -0.83380946E-09     -0.84192277E-09     -0.15393291E-03     -0.42490886E-03
    2221     -0.83381565E-09     -0.84192277E-09     -0.15405909E-03     -0.42490886E-03
    2222     -0.83381986E-09     -0.84192277E-09     -0.15413383E-03     -0.42490886E-03
    2223     -0.83382534E-09     -0.84192277E-09     -0.15423604E-03     -0.42490886E-03
    2224     -0.83382944E-09     -0.84192277E-09     -0.15430401E-03     -0.42490886E-03
    2225     -0.83383484E-09     -0.84192277E-09     -0.15440074E-03     -0.42490886E-03
    2226     -0.83383885E-09     -0.84192277E-09     -0.15447381E-03     -0.42490886E-03
    2227     -0.83384316E-09     -0.84192277E-09     -0.15455064E-03     -0.42490886E-03
    2228     -0.83384651E-09     -0.84192277E-09     -0.15460765E-03     -0.42490886E-03
    2229     -0.83384992E-09     -0.84192277E-09     -0.15465624E-03     -0.42490886E-03
    2230     -0.83385448E-09     -0.84192277E-09     -0.15471995E-03     -0.42490886E-03
    2231     -0.83385834E-09     -0.84192277E-09     -0.15477416E-03     -0.42490886E-03
    2232     -0.83386268E-09     -0.84192277E-09     -0.15484257E-03     -0.42490886E-03
    2233     -0.83386759E-09     -0.84192277E-09     -0.15491931E-03     -0.42490886E-03
    2234     -0.83387067E-09     -0.84192277E-09     -0.15496936E-03     -0.42490886E-03
    2235     -0.83387736E-09     -0.84192277E-09     -0.15508096E-03     -0.42490886E-03
    2236     -0.83388168E-09     -0.84192277E-09     -0.15513944E-03     -0.42490886E-03
    2237     -0.83388574E-09     -0.84192277E-09     -0.15518929E-03     -0.42490886E-03
    2238     -0.83389041E-09     -0.84192277E-09     -0.15526205E-03     -0.42490886E-03
    2239     -0.83389575E-09     -0.84192277E-09     -0.15534030E-03     -0.42490886E-03
    2240     -0.83389964E-09     -0.84192277E-09     -0.15539423E-03     -0.42490886E-03
    2241     -0.83390550E-09     -0.84192277E-09     -0.15548899E-03     -0.42490886E-03
    2242     -0.83390856E-09     -0.84192277E-09     -0.15553243E-03     -0.42490886E-03
    2243     -0.83391548E-09     -0.84192277E-09     -0.15564656E-03     -0.42490886E-03
    2244     -0.83391862E-09     -0.84192277E-09     -0.15568506E-03     -0.42490886E-03
    2245     -0.83392305E-09     -0.84192277E-09     -0.15575076E-03     -0.42490886E-03
    2246     -0.83392692E-09     -0.84192277E-09     -0.15580131E-03     -0.42490886E-03
    2247     -0.83392976E-09     -0.84192277E-09     -0.15583764E-03     -0.42490886E-03
    2248     -0.83393253E-09     -0.84192277E-09     -0.15587712E-03     -0.42490886E-03
    2249     -0.83393657E-09     -0.84192277E-09     -0.15592125E-03     -0.42490886E-03
    2250     -0.83394017E-09     -0.84192277E-09     -0.15596985E-03     -0.42490886E-03
    2251     -0.83394290E-09     -0.84192277E-09     -0.15600858E-03     -0.42490886E-03
    2252     -0.83394621E-09     -0.84192277E-09     -0.15605439E-03     -0.42490886E-03
    2253     -0.83395024E-09     -0.84192277E-09     -0.15611580E-03     -0.42490886E-03
    2254     -0.83395351E-09     -0.84192277E-09     -0.15616514E-03     -0.42490886E-03
    2255     -0.83395756E-09     -0.84192277E-09     -0.15623597E-03     -0.42490886E-03
    2256     -0.83396069E-09     -0.84192277E-09     -0.15628213E-03     -0.42490886E-03
    2257     -0.83396414E-09     -0.84192277E-09     -0.15633555E-03     -0.42490886E-03
    2258     -0.83396766E-09     -0.84192277E-09     -0.15639263E-03     -0.42490886E-03
    2259     -0.83397036E-09     -0.84192277E-09     -0.15643550E-03     -0.42490886E-03
    2260     -0.83397384E-09     -0.84192277E-09     -0.15648957E-03     -0.42490886E-03
    2261     -0.83397674E-09     -0.84192277E-09     -0.15653487E-03     -0.42490886E-03
    2262     -0.83397976E-09     -0.84192277E-09     -0.15658524E-03     -0.42490886E-03
    2263     -0.83398363E-09     -0.84192277E-09     -0.15662821E-03     -0.42490886E-03
    2264     -0.83398576E-09     -0.84192277E-09     -0.15666176E-03     -0.42490886E-03
    2265     -0.83398687E-09     -0.84192277E-09     -0.15668224E-03     -0.42490886E-03
    2266     -0.83398887E-09     -0.84192277E-09     -0.15671594E-03     -0.42490886E-03
    2267     -0.83399124E-09     -0.84192277E-09     -0.15675507E-03     -0.42490886E-03
    2268     -0.83399351E-09     -0.84192277E-09     -0.15679137E-03     -0.42490886E-03
    2269     -0.83399651E-09     -0.84192277E-09     -0.15682653E-03     -0.42490886E-03
    2270     -0.83399988E-09     -0.84192277E-09     -0.15687093E-03     -0.42490886E-03
    2271     -0.83400288E-09     -0.84192277E-09     -0.15692134E-03     -0.42490886E-03
    2272     -0.83400606E-09     -0.84192277E-09     -0.15696912E-03     -0.42490886E-03
    2273     -0.83400907E-09     -0.84192277E-09     -0.15700665E-03     -0.42490886E-03
    2274     -0.83401492E-09     -0.84192277E-09     -0.15711150E-03     -0.42490886E-03
    2275     -0.83402133E-09     -0.84192277E-09     -0.15722168E-03     -0.42490886E-03
    2276     -0.83402671E-09     -0.84192277E-09     -0.15730869E-03     -0.42490886E-03
    2277     -0.83403132E-09     -0.84192277E-09     -0.15738651E-03     -0.42490886E-03
    2278     -0.83403619E-09     -0.84192277E-09     -0.15747363E-03     -0.42490886E-03
    2279     -0.83404353E-09     -0.84192277E-09     -0.15760243E-03     -0.42490886E-03
    2280     -0.83404840E-09     -0.84192277E-09     -0.15768483E-03     -0.42490886E-03
    2281     -0.83405508E-09     -0.84192277E-09     -0.15779361E-03     -0.42490886E-03
    2282     -0.83405913E-09     -0.84192277E-09     -0.15786580E-03     -0.42490886E-03
    2283     -0.83406349E-09     -0.84192277E-09     -0.15794010E-03     -0.42490886E-03
    2284     -0.83406635E-09     -0.84192277E-09     -0.15798332E-03     -0.42490886E-03
    2285     -0.83407257E-09     -0.84192277E-09     -0.15809324E-03     -0.42490886E-03
    2286     -0.83407538E-09     -0.84192277E-09     -0.15813960E-03     -0.42490886E-03
    2287     -0.83408008E-09     -0.84192277E-09     -0.15821859E-03     -0.42490886E-03
    2288     -0.83408289E-09     -0.84192277E-09     -0.15826134E-03     -0.42490886E-03
    2289     -0.83408874E-09     -0.84192277E-09     -0.15835765E-03     -0.42490886E-03
    2290     -0.83409204E-09     -0.84192277E-09     -0.15840413E-03     -0.42490886E-03
    2291     -0.83409665E-09     -0.84192277E-09     -0.15846941E-03     -0.42490886E-03
    2292     -0.83409960E-09     -0.84192277E-09     -0.15850554E-03     -0.42490886E-03
    2293     -0.83410513E-09     -0.84192277E-09     -0.15859723E-03     -0.42490886E-03
    2294     -0.83410889E-09     -0.84192277E-09     -0.15865522E-03     -0.42490886E-03
    2295     -0.83411096E-09     -0.84192277E-09     -0.15868492E-03     -0.42490886E-03
    2296     -0.83411483E-09     -0.84192277E-09     -0.15873413E-03     -0.42490886E-03
    2297     -0.83411775E-09     -0.84192277E-09     -0.15878069E-03     -0.42490886E-03
    2298     -0.83412145E-09     -0.84192277E-09     -0.15884490E-03     -0.42490886E-03
    2299     -0.83412514E-09     -0.84192277E-09     -0.15889644E-03     -0.42490886E-03
    2300     -0.83412737E-09     -0.84192277E-09     -0.15893552E-03     -0.42490886E-03
    2301     -0.83412955E-09     -0.84192277E-09     -0.15896632E-03     -0.42490886E-03
    2302     -0.83413197E-09     -0.84192277E-09     -0.15900531E-03     -0.42490886E-03
    2303     -0.83413776E-09     -0.84192277E-09     -0.15910085E-03     -0.42490886E-03
    2304     -0.83414150E-09     -0.84192277E-09     -0.15916086E-03     -0.42490886E-03
    2305     -0.83414483E-09     -0.84192277E-09     -0.15921058E-03     -0.42490886E-03
    2306     -0.83414739E-09     -0.84192277E-09     -0.15926010E-03     -0.42490886E-03
    2307     -0.83415013E-09     -0.84192277E-09     -0.15929985E-03     -0.42490886E-03
    2308     -0.83415319E-09     -0.84192277E-09     -0.15934181E-03     -0.42490886E-03
    2309     -0.83415634E-09     -0.84192277E-09     -0.15938167E-03     -0.42490886E-03
    2310     -0.83416023E-09     -0.84192277E-09     -0.15943899E-03     -0.42490886E-03
    2311     -0.83416351E-09     -0.84192277E-09     -0.15949105E-03     -0.42490886E-03
    2312     -0.83417110E-09     -0.84192277E-09     -0.15958921E-03     -0.42490886E-03
    2313     -0.83417521E-09     -0.84192277E-09     -0.15964677E-03     -0.42490886E-03
    2314     -0.83417860E-09     -0.84192277E-09     -0.15969918E-03     -0.42490886E-03
    2315     -0.83418237E-09     -0.84192277E-09     -0.15975013E-03     -0.42490886E-03
    2316     -0.83418602E-09     -0.84192277E-09     -0.15981607E-03     -0.42490886E-03
    2317     -0.83418837E-09     -0.84192277E-09     -0.15985408E-03     -0.42490886E-03
    2318     -0.83419580E-09     -0.84192277E-09     -0.15996088E-03     -0.42490886E-03
    2319     -0.83420006E-09     -0.84192277E-09     -0.16003938E-03     -0.42490886E-03
    2320     -0.83420520E-09     -0.84192277E-09     -0.16010964E-03     -0.42490886E-03
    2321     -0.83421123E-09     -0.84192277E-09     -0.16020262E-03     -0.42490886E-03
    2322     -0.83421438E-09     -0.84192277E-09     -0.16025416E-03     -0.42490886E-03
    2323     -0.83421853E-09     -0.84192277E-09     -0.16031881E-03     -0.42490886E-03
    2324     -0.83422219E-09     -0.84192277E-09     -0.16038032E-03     -0.42490886E-03
    2325     -0.83422577E-09     -0.84192277E-09     -0.16043304E-03     -0.42490886E-03
    2326     -0.83422852E-09     -0.84192277E-09     -0.16047103E-03     -0.42490886E-03
    2327     -0.83423342E-09     -0.84192277E-09     -0.16055032E-03     -0.42490886E-03
    2328     -0.83423562E-09     -0.84192277E-09     -0.16059123E-03     -0.42490886E-03
    2329     -0.83423867E-09     -0.84192277E-09     -0.16063620E-03     -0.42490886E-03
    2330     -0.83424175E-09     -0.84192277E-09     -0.16068750E-03     -0.42490886E-03
    2331     -0.83424424E-09     -0.84192277E-09     -0.16072378E-03     -0.42490886E-03
    2332     -0.83424763E-09     -0.84192277E-09     -0.16078165E-03     -0.42490886E-03
    2333     -0.83425043E-09     -0.84192277E-09     -0.16082251E-03     -0.42490886E-03
    2334     -0.83425457E-09     -0.84192277E-09     -0.16089065E-03     -0.42490886E-03
    2335     -0.83425826E-09     -0.84192277E-09     -0.16094428E-03     -0.42490886E-03
    2336     -0.83426002E-09     -0.84192277E-09     -0.16097606E-03     -0.42490886E-03
    2337     -0.83426282E-09     -0.84192277E-09     -0.16101370E-03     -0.42490886E-03
    2338     -0.83426600E-09     -0.84192277E-09     -0.16106225E-03     -0.42490886E-03
    2339     -0.83426909E-09     -0.84192277E-09     -0.16110925E-03     -0.42490886E-03
    2340     -0.83427161E-09     -0.84192277E-09     -0.16114449E-03     -0.42490886E-03
    2341     -0.83427390E-09     -0.84192277E-09     -0.16118093E-03     -0.42490886E-03
    2342     -0.83427655E-09     -0.84192277E-09     -0.16121813E-03     -0.42490886E-03
    2343     -0.83427968E-09     -0.84192277E-09     -0.16126739E-03     -0.42490886E-03
    2344     -0.83428092E-09     -0.84192277E-09     -0.16128675E-03     -0.42490886E-03
    2345     -0.83428331E-09     -0.84192277E-09     -0.16131993E-03     -0.42490886E-03
    2346     -0.83428558E-09     -0.84192277E-09     -0.16134835E-03     -0.42490886E-03
    2347     -0.83428732E-09     -0.84192277E-09     -0.16137631E-03     -0.42490886E-03
    2348     -0.83428961E-09     -0.84192277E-09     -0.16140820E-03     -0.42490886E-03
    2349     -0.83429261E-09     -0.84192277E-09     -0.16144964E-03     -0.42490886E-03
    2350     -0.83429518E-09     -0.84192277E-09     -0.16148461E-03     -0.42490886E-03
    2351     -0.83429782E-09     -0.84192277E-09     -0.16151540E-03     -0.42490886E-03
    2352     -0.83430041E-09     -0.84192277E-09     -0.16155456E-03     -0.42490886E-03
    2353     -0.83430334E-09     -0.84192277E-09     -0.16158866E-03     -0.42490886E-03
    2354     -0.83430676E-09     -0.84192277E-09     -0.16163351E-03     -0.42490886E-03
    2355     -0.83430925E-09     -0.84192277E-09     -0.16166899E-03     -0.42490886E-03
    2356     -0.83431226E-09     -0.84192277E-09     -0.16171236E-03     -0.42490886E-03
    2357     -0.83431550E-09     -0.84192277E-09     -0.16175687E-03     -0.42490886E-03
    2358     -0.83431792E-09     -0.84192277E-09     -0.16179335E-03     -0.42490886E-03
    2359     -0.83432036E-09     -0.84192277E-09     -0.16182671E-03     -0.42490886E-03
    2360     -0.83432356E-09     -0.84192277E-09     -0.16187190E-03     -0.42490886E-03
    2361     -0.83432602E-09     -0.84192277E-09     -0.16190825E-03     -0.42490886E-03
    2362     -0.83432890E-09     -0.84192277E-09     -0.16194434E-03     -0.42490886E-03
    2363     -0.83433049E-09     -0.84192277E-09     -0.16196765E-03     -0.42490886E-03
    2364     -0.83433338E-09     -0.84192277E-09     -0.16201240E-03     -0.42490886E-03
    2365     -0.83433646E-09     -0.84192277E-09     -0.16206195E-03     -0.42490886E-03
    2366     -0.83433857E-09     -0.84192277E-09     -0.16209657E-03     -0.42490886E-03
    2367     -0.83434120E-09     -0.84192277E-09     -0.16212370E-03     -0.42490886E-03
    2368     -0.83434428E-09     -0.84192277E-09     -0.16215669E-03     -0.42490886E-03
    2369     -0.83434683E-09     -0.84192277E-09     -0.16219289E-03     -0.42490886E-03
    2370     -0.83434882E-09     -0.84192277E-09     -0.16222021E-03     -0.42490886E-03
    2371     -0.83435155E-09     -0.84192277E-09     -0.16225289E-03     -0.42490886E-03
    2372     -0.83435372E-09     -0.84192277E-09     -0.16227932E-03     -0.42490886E-03
    2373     -0.83435491E-09     -0.84192277E-09     -0.16230038E-03     -0.42490886E-03
    2374     -0.83435782E-09     -0.84192277E-09     -0.16234382E-03     -0.42490886E-03
    2375     -0.83436022E-09     -0.84192277E-09     -0.16237176E-03     -0.42490886E-03
    2376     -0.83436299E-09     -0.84192277E-09     -0.16240414E-03     -0.42490886E-03
    2377     -0.83436593E-09     -0.84192277E-09     -0.16244365E-03     -0.42490886E-03
    2378     -0.83436938E-09     -0.84192277E-09     -0.16248390E-03     -0.42490886E-03
    2379     -0.83437218E-09     -0.84192277E-09     -0.16252641E-03     -0.42490886E-03
    2380     -0.83437496E-09     -0.84192277E-09     -0.16256209E-03     -0.42490886E-03
    2381     -0.83437795E-09     -0.84192277E-09     -0.16260154E-03     -0.42490886E-03
    2382     -0.83438047E-09     -0.84192277E-09     -0.16263621E-03     -0.42490886E-03
    2383     -0.83438290E-09     -0.84192277E-09     -0.16267213E-03     -0.42490886E-03
    2384     -0.83438577E-09     -0.84192277E-09     -0.16270948E-03     -0.42490886E-03
    2385     -0.83438815E-09     -0.84192277E-09     -0.16274686E-03     -0.42490886E-03
    2386     -0.83439004E-09     -0.84192277E-09     -0.16277530E-03     -0.42490886E-03
    2387     -0.83439195E-09     -0.84192277E-09     -0.16280749E-03     -0.42490886E-03
    2388     -0.83439421E-09     -0.84192277E-09     -0.16284324E-03     -0.42490886E-03
    2389     -0.83439743E-09     -0.84192277E-09     -0.16289351E-03     -0.42490886E-03
    2390     -0.83439921E-09     -0.84192277E-09     -0.16292227E-03     -0.42490886E-03
    2391     -0.83440157E-09     -0.84192277E-09     -0.16295926E-03     -0.42490886E-03
    2392     -0.83440431E-09     -0.84192277E-09     -0.16300502E-03     -0.42490886E-03
    2393     -0.83440684E-09     -0.84192277E-09     -0.16304220E-03     -0.42490886E-03
    2394     -0.83440947E-09     -0.84192277E-09     -0.16307845E-03     -0.42490886E-03
    2395     -0.83441261E-09     -0.84192277E-09     -0.16312485E-03     -0.42490886E-03
    2396     -0.83441607E-09     -0.84192277E-09     -0.16316852E-03     -0.42490886E-03
    2397     -0.83441982E-09     -0.84192277E-09     -0.16322776E-03     -0.42490886E-03
    2398     -0.83442235E-09     -0.84192277E-09     -0.16325847E-03     -0.42490886E-03
    2399     -0.83442494E-09     -0.84192277E-09     -0.16328722E-03     -0.42490886E-03
    2400     -0.83442830E-09     -0.84192277E-09     -0.16333705E-03     -0.42490886E-03
    2401     -0.83443147E-09     -0.84192277E-09     -0.16338953E-03     -0.42490886E-03
    2402     -0.83443482E-09     -0.84192277E-09     -0.16343551E-03     -0.42490886E-03
    2403     -0.83443724E-09     -0.84192277E-09     -0.16347561E-03     -0.42490886E-03
    2404     -0.83444305E-09     -0.84192277E-09     -0.16357736E-03     -0.42490886E-03
    2405     -0.83444597E-09     -0.84192277E-09     -0.16361903E-03     -0.42490886E-03
    2406     -0.83444894E-09     -0.84192277E-09     -0.16365054E-03     -0.42490886E-03
    2407     -0.83445142E-09     -0.84192277E-09     -0.16368736E-03     -0.42490886E-03
    2408     -0.83445920E-09     -0.84192277E-09     -0.16382546E-03     -0.42490886E-03
    2409     -0.83446256E-09     -0.84192277E-09     -0.16387613E-03     -0.42490886E-03
    2410     -0.83446570E-09     -0.84192277E-09     -0.16392570E-03     -0.42490886E-03
    2411     -0.83446950E-09     -0.84192277E-09     -0.16400419E-03     -0.42490886E-03
    2412     -0.83447221E-09     -0.84192277E-09     -0.16404724E-03     -0.42490886E-03
    2413     -0.83447468E-09     -0.84192277E-09     -0.16408547E-03     -0.42490886E-03
    2414     -0.83447813E-09     -0.84192277E-09     -0.16413439E-03     -0.42490886E-03
    2415     -0.83448153E-09     -0.84192277E-09     -0.16419443E-03     -0.42490886E-03
    2416     -0.83448458E-09     -0.84192277E-09     -0.16424578E-03     -0.42490886E-03
    2417     -0.83448747E-09     -0.84192277E-09     -0.16429575E-03     -0.42490886E-03
    2418     -0.83448965E-09     -0.84192277E-09     -0.16432605E-03     -0.42490886E-03
    2419     -0.83449232E-09     -0.84192277E-09     -0.16436724E-03     -0.42490886E-03
    2420     -0.83449484E-09     -0.84192277E-09     -0.16440788E-03     -0.42490886E-03
    2421     -0.83449812E-09     -0.84192277E-09     -0.16445386E-03     -0.42490886E-03
    2422     -0.83450200E-09     -0.84192277E-09     -0.16450457E-03     -0.42490886E-03
    2423     -0.83450447E-09     -0.84192277E-09     -0.16453934E-03     -0.42490886E-03
    2424     -0.83450766E-09     -0.84192277E-09     -0.16459074E-03     -0.42490886E-03
    2425     -0.83451110E-09     -0.84192277E-09     -0.16465165E-03     -0.42490886E-03
    2426     -0.83451444E-09     -0.84192277E-09     -0.16469241E-03     -0.42490886E-03
    2427     -0.83451736E-09     -0.84192277E-09     -0.16473370E-03     -0.42490886E-03
    2428     -0.83451996E-09     -0.84192277E-09     -0.16477266E-03     -0.42490886E-03
    2429     -0.83452417E-09     -0.84192277E-09     -0.16483435E-03     -0.42490886E-03
    2430     -0.83452786E-09     -0.84192277E-09     -0.16487623E-03     -0.42490886E-03
    2431     -0.83453313E-09     -0.84192277E-09     -0.16495278E-03     -0.42490886E-03
    2432     -0.83453663E-09     -0.84192277E-09     -0.16499413E-03     -0.42490886E-03
    2433     -0.83454100E-09     -0.84192277E-09     -0.16503706E-03     -0.42490886E-03
    2434     -0.83454433E-09     -0.84192277E-09     -0.16507124E-03     -0.42490886E-03
    2435     -0.83454741E-09     -0.84192277E-09     -0.16510611E-03     -0.42490886E-03
    2436     -0.83455170E-09     -0.84192277E-09     -0.16515669E-03     -0.42490886E-03
    2437     -0.83455471E-09     -0.84192277E-09     -0.16519529E-03     -0.42490886E-03
    2438     -0.83455805E-09     -0.84192277E-09     -0.16523868E-03     -0.42490886E-03
    2439     -0.83456134E-09     -0.84192277E-09     -0.16527134E-03     -0.42490886E-03
    2440     -0.83456609E-09     -0.84192277E-09     -0.16531219E-03     -0.42490886E-03
    2441     -0.83456845E-09     -0.84192277E-09     -0.16534553E-03     -0.42490886E-03
    2442     -0.83457092E-09     -0.84192277E-09     -0.16537634E-03     -0.42490886E-03
    2443     -0.83457659E-09     -0.84192277E-09     -0.16542889E-03     -0.42490886E-03
    2444     -0.83457896E-09     -0.84192277E-09     -0.16546534E-03     -0.42490886E-03
    2445     -0.83458142E-09     -0.84192277E-09     -0.16549413E-03     -0.42490886E-03
    2446     -0.83458436E-09     -0.84192277E-09     -0.16552649E-03     -0.42490886E-03
    2447     -0.83458778E-09     -0.84192277E-09     -0.16556736E-03     -0.42490886E-03
    2448     -0.83459081E-09     -0.84192277E-09     -0.16560539E-03     -0.42490886E-03
    2449     -0.83459581E-09     -0.84192277E-09     -0.16565217E-03     -0.42490886E-03
    2450     -0.83459910E-09     -0.84192277E-09     -0.16569346E-03     -0.42490886E-03
    2451     -0.83460569E-09     -0.84192277E-09     -0.16575918E-03     -0.42490886E-03
    2452     -0.83460946E-09     -0.84192277E-09     -0.16581360E-03     -0.42490886E-03
    2453     -0.83461495E-09     -0.84192277E-09     -0.16586920E-03     -0.42490886E-03
    2454     -0.83461890E-09     -0.84192277E-09     -0.16590835E-03     -0.42490886E-03
    2455     -0.83462239E-09     -0.84192277E-09     -0.16594681E-03     -0.42490886E-03
    2456     -0.83462675E-09     -0.84192277E-09     -0.16599718E-03     -0.42490886E-03
    2457     -0.83462988E-09     -0.84192277E-09     -0.16603327E-03     -0.42490886E-03
    2458     -0.83463196E-09     -0.84192277E-09     -0.16606201E-03     -0.42490886E-03
    2459     -0.83463610E-09     -0.84192277E-09     -0.16611890E-03     -0.42490886E-03
    2460     -0.83463964E-09     -0.84192277E-09     -0.16616308E-03     -0.42490886E-03
    2461     -0.83464295E-09     -0.84192277E-09     -0.16619609E-03     -0.42490886E-03
    2462     -0.83464708E-09     -0.84192277E-09     -0.16624526E-03     -0.42490886E-03
    2463     -0.83464921E-09     -0.84192277E-09     -0.16627563E-03     -0.42490886E-03
    2464     -0.83465161E-09     -0.84192277E-09     -0.16631037E-03     -0.42490886E-03
    2465     -0.83465915E-09     -0.84192277E-09     -0.16637032E-03     -0.42490886E-03
    2466     -0.83466308E-09     -0.84192277E-09     -0.16642962E-03     -0.42490886E-03
    2467     -0.83466652E-09     -0.84192277E-09     -0.16648408E-03     -0.42490886E-03
    2468     -0.83467168E-09     -0.84192277E-09     -0.16654003E-03     -0.42490886E-03
    2469     -0.83467811E-09     -0.84192277E-09     -0.16659853E-03     -0.42490886E-03
    2470     -0.83468303E-09     -0.84192277E-09     -0.16664858E-03     -0.42490886E-03
    2471     -0.83469014E-09     -0.84192277E-09     -0.16672294E-03     -0.42490886E-03
    2472     -0.83469606E-09     -0.84192277E-09     -0.16677788E-03     -0.42490886E-03
    2473     -0.83470091E-09     -0.84192277E-09     -0.16684021E-03     -0.42490886E-03
    2474     -0.83470671E-09     -0.84192277E-09     -0.16690303E-03     -0.42490886E-03
    2475     -0.83471206E-09     -0.84192277E-09     -0.16696579E-03     -0.42490886E-03
    2476     -0.83471725E-09     -0.84192277E-09     -0.16701821E-03     -0.42490886E-03
    2477     -0.83472094E-09     -0.84192277E-09     -0.16706714E-03     -0.42490886E-03
    2478     -0.83472722E-09     -0.84192277E-09     -0.16712686E-03     -0.42490886E-03
    2479     -0.83473059E-09     -0.84192277E-09     -0.16716905E-03     -0.42490886E-03
    2480     -0.83473467E-09     -0.84192277E-09     -0.16721762E-03     -0.42490886E-03
    2481     -0.83473884E-09     -0.84192277E-09     -0.16726451E-03     -0.42490886E-03
    2482     -0.83474352E-09     -0.84192277E-09     -0.16732037E-03     -0.42490886E-03
    2483     -0.83474950E-09     -0.84192277E-09     -0.16737748E-03     -0.42490886E-03
    2484     -0.83475721E-09     -0.84192277E-09     -0.16744585E-03     -0.42490886E-03
    2485     -0.83476416E-09     -0.84192277E-09     -0.16751127E-03     -0.42490886E-03
    2486     -0.83476767E-09     -0.84192277E-09     -0.16755630E-03     -0.42490886E-03
    2487     -0.83477259E-09     -0.84192277E-09     -0.16760470E-03     -0.42490886E-03
    2488     -0.83477625E-09     -0.84192277E-09     -0.16764508E-03     -0.42490886E-03
    2489     -0.83478275E-09     -0.84192277E-09     -0.16770800E-03     -0.42490886E-03
    2490     -0.83479194E-09     -0.84192277E-09     -0.16778738E-03     -0.42490886E-03
    2491     -0.83479835E-09     -0.84192277E-09     -0.16785442E-03     -0.42490886E-03
    2492     -0.83480585E-09     -0.84192277E-09     -0.16791374E-03     -0.42490886E-03
    2493     -0.83481066E-09     -0.84192277E-09     -0.16795939E-03     -0.42490886E-03
    2494     -0.83481576E-09     -0.84192277E-09     -0.16800195E-03     -0.42490886E-03
    2495     -0.83482090E-09     -0.84192277E-09     -0.16805852E-03     -0.42490886E-03
    2496     -0.83482607E-09     -0.84192277E-09     -0.16811256E-03     -0.42490886E-03
    2497     -0.83483033E-09     -0.84192277E-09     -0.16815149E-03     -0.42490886E-03
    2498     -0.83483694E-09     -0.84192277E-09     -0.16821701E-03     -0.42490886E-03
    2499     -0.83483997E-09     -0.84192277E-09     -0.16825245E-03     -0.42490886E-03
    2500     -0.83484418E-09     -0.84192277E-09     -0.16829819E-03     -0.42490886E-03
    2501     -0.83484796E-09     -0.84192277E-09     -0.16834016E-03     -0.42490886E-03
    2502     -0.83485303E-09     -0.84192277E-09     -0.16839396E-03     -0.42490886E-03
    2503     -0.83485887E-09     -0.84192277E-09     -0.16844726E-03     -0.42490886E-03
    2504     -0.83486521E-09     -0.84192277E-09     -0.16850525E-03     -0.42490886E-03
    2505     -0.83487372E-09     -0.84192277E-09     -0.16857332E-03     -0.42490886E-03
    2506     -0.83488249E-09     -0.84192277E-09     -0.16863809E-03     -0.42490886E-03
    2507     -0.83489237E-09     -0.84192277E-09     -0.16872059E-03     -0.42490886E-03
    2508     -0.83489831E-09     -0.84192277E-09     -0.16877186E-03     -0.42490886E-03
    2509     -0.83490305E-09     -0.84192277E-09     -0.16882415E-03     -0.42490886E-03
    2510     -0.83490796E-09     -0.84192277E-09     -0.16887113E-03     -0.42490886E-03
    2511     -0.83491366E-09     -0.84192277E-09     -0.16893715E-03     -0.42490886E-03
    2512     -0.83492009E-09     -0.84192277E-09     -0.16899414E-03     -0.42490886E-03
    2513     -0.83492834E-09     -0.84192277E-09     -0.16906815E-03     -0.42490886E-03
    2514     -0.83493313E-09     -0.84192277E-09     -0.16910627E-03     -0.42490886E-03
    2515     -0.83493654E-09     -0.84192277E-09     -0.16914636E-03     -0.42490886E-03
    2516     -0.83493934E-09     -0.84192277E-09     -0.16918330E-03     -0.42490886E-03
    2517     -0.83494588E-09     -0.84192277E-09     -0.16924138E-03     -0.42490886E-03
    2518     -0.83494987E-09     -0.84192277E-09     -0.16929199E-03     -0.42490886E-03
    2519     -0.83495562E-09     -0.84192277E-09     -0.16934832E-03     -0.42490886E-03
    2520     -0.83495861E-09     -0.84192277E-09     -0.16937895E-03     -0.42490886E-03
    2521     -0.83496550E-09     -0.84192277E-09     -0.16943516E-03     -0.42490886E-03
    2522     -0.83496951E-09     -0.84192277E-09     -0.16947464E-03     -0.42490886E-03
    2523     -0.83497462E-09     -0.84192277E-09     -0.16952079E-03     -0.42490886E-03
    2524     -0.83498195E-09     -0.84192277E-09     -0.16957762E-03     -0.42490886E-03
    2525     -0.83498965E-09     -0.84192277E-09     -0.16964474E-03     -0.42490886E-03
    2526     -0.83499671E-09     -0.84192277E-09     -0.16970896E-03     -0.42490886E-03
    2527     -0.83500168E-09     -0.84192277E-09     -0.16975685E-03     -0.42490886E-03
    2528     -0.83500649E-09     -0.84192277E-09     -0.16980139E-03     -0.42490886E-03
    2529     -0.83501426E-09     -0.84192277E-09     -0.16986676E-03     -0.42490886E-03
    2530     -0.83501921E-09     -0.84192277E-09     -0.16990753E-03     -0.42490886E-03
    2531     -0.83502555E-09     -0.84192277E-09     -0.16995956E-03     -0.42490886E-03
    2532     -0.83503397E-09     -0.84192277E-09     -0.17002599E-03     -0.42490886E-03
    2533     -0.83503829E-09     -0.84192277E-09     -0.17007058E-03     -0.42490886E-03
    2534     -0.83504427E-09     -0.84192277E-09     -0.17011971E-03     -0.42490886E-03
    2535     -0.83504853E-09     -0.84192277E-09     -0.17016278E-03     -0.42490886E-03
    2536     -0.83505219E-09     -0.84192277E-09     -0.17020336E-03     -0.42490886E-03
    2537     -0.83505898E-09     -0.84192277E-09     -0.17025604E-03     -0.42490886E-03
    2538     -0.83506499E-09     -0.84192277E-09     -0.17031328E-03     -0.42490886E-03
    2539     -0.83507539E-09     -0.84192277E-09     -0.17038375E-03     -0.42490886E-03
    2540     -0.83508171E-09     -0.84192277E-09     -0.17043761E-03     -0.42490886E-03
    2541     -0.83508899E-09     -0.84192277E-09     -0.17051058E-03     -0.42490886E-03
    2542     -0.83509456E-09     -0.84192277E-09     -0.17057092E-03     -0.42490886E-03
    2543     -0.83510324E-09     -0.84192277E-09     -0.17064130E-03     -0.42490886E-03
    2544     -0.83510863E-09     -0.84192277E-09     -0.17069123E-03     -0.42490886E-03
    2545     -0.83511646E-09     -0.84192277E-09     -0.17076457E-03     -0.42490886E-03
    2546     -0.83512559E-09     -0.84192277E-09     -0.17084400E-03     -0.42490886E-03
    2547     -0.83513443E-09     -0.84192277E-09     -0.17092379E-03     -0.42490886E-03
    2548     -0.83514052E-09     -0.84192277E-09     -0.17097653E-03     -0.42490886E-03
    2549     -0.83514672E-09     -0.84192277E-09     -0.17102534E-03     -0.42490886E-03
    2550     -0.83515241E-09     -0.84192277E-09     -0.17107573E-03     -0.42490886E-03
    2551     -0.83516684E-09     -0.84192277E-09     -0.17116977E-03     -0.42490886E-03
    2552     -0.83517196E-09     -0.84192277E-09     -0.17121718E-03     -0.42490886E-03
    2553     -0.83517784E-09     -0.84192277E-09     -0.17127073E-03     -0.42490886E-03
    2554     -0.83518618E-09     -0.84192277E-09     -0.17134125E-03     -0.42490886E-03
    2555     -0.83519077E-09     -0.84192277E-09     -0.17138693E-03     -0.42490886E-03
    2556     -0.83519509E-09     -0.84192277E-09     -0.17143817E-03     -0.42490886E-03
    2557     -0.83520418E-09     -0.84192277E-09     -0.17150934E-03     -0.42490886E-03
    2558     -0.83521405E-09     -0.84192277E-09     -0.17158247E-03     -0.42490886E-03
    2559     -0.83522356E-09     -0.84192277E-09     -0.17166728E-03     -0.42490886E-03
    2560     -0.83522966E-09     -0.84192277E-09     -0.17174181E-03     -0.42490886E-03
    2561     -0.83523870E-09     -0.84192277E-09     -0.17182758E-03     -0.42490886E-03
    2562     -0.83524734E-09     -0.84192277E-09     -0.17191818E-03     -0.42490886E-03
    2563     -0.83525697E-09     -0.84192277E-09     -0.17200346E-03     -0.42490886E-03
    2564     -0.83526443E-09     -0.84192277E-09     -0.17207949E-03     -0.42490886E-03
    2565     -0.83527535E-09     -0.84192277E-09     -0.17217690E-03     -0.42490886E-03
    2566     -0.83528318E-09     -0.84192277E-09     -0.17225082E-03     -0.42490886E-03
    2567     -0.83529730E-09     -0.84192277E-09     -0.17234941E-03     -0.42490886E-03
    2568     -0.83530998E-09     -0.84192277E-09     -0.17245178E-03     -0.42490886E-03
    2569     -0.83531952E-09     -0.84192277E-09     -0.17253460E-03     -0.42490886E-03
    2570     -0.83532695E-09     -0.84192277E-09     -0.17259901E-03     -0.42490886E-03
    2571     -0.83533898E-09     -0.84192277E-09     -0.17269099E-03     -0.42490886E-03
    2572     -0.83534525E-09     -0.84192277E-09     -0.17277019E-03     -0.42490886E-03
    2573     -0.83535297E-09     -0.84192277E-09     -0.17285194E-03     -0.42490886E-03
    2574     -0.83535984E-09     -0.84192277E-09     -0.17291212E-03     -0.42490886E-03
    2575     -0.83536642E-09     -0.84192277E-09     -0.17297554E-03     -0.42490886E-03
    2576     -0.83537577E-09     -0.84192277E-09     -0.17305750E-03     -0.42490886E-03
    2577     -0.83538000E-09     -0.84192277E-09     -0.17310768E-03     -0.42490886E-03
    2578     -0.83538496E-09     -0.84192277E-09     -0.17316244E-03     -0.42490886E-03
    2579     -0.83539063E-09     -0.84192277E-09     -0.17322217E-03     -0.42490886E-03
    2580     -0.83539627E-09     -0.84192277E-09     -0.17329592E-03     -0.42490886E-03
    2581     -0.83540309E-09     -0.84192277E-09     -0.17336217E-03     -0.42490886E-03
    2582     -0.83541176E-09     -0.84192277E-09     -0.17343290E-03     -0.42490886E-03
    2583     -0.83542087E-09     -0.84192277E-09     -0.17350931E-03     -0.42490886E-03
    2584     -0.83542642E-09     -0.84192277E-09     -0.17357379E-03     -0.42490886E-03
    2585     -0.83543186E-09     -0.84192277E-09     -0.17363552E-03     -0.42490886E-03
    2586     -0.83543830E-09     -0.84192277E-09     -0.17369594E-03     -0.42490886E-03
    2587     -0.83544341E-09     -0.84192277E-09     -0.17377307E-03     -0.42490886E-03
    2588     -0.83544778E-09     -0.84192277E-09     -0.17382677E-03     -0.42490886E-03
    2589     -0.83545390E-09     -0.84192277E-09     -0.17392007E-03     -0.42490886E-03
    2590     -0.83545864E-09     -0.84192277E-09     -0.17398196E-03     -0.42490886E-03
    2591     -0.83546467E-09     -0.84192277E-09     -0.17405710E-03     -0.42490886E-03
    2592     -0.83547093E-09     -0.84192277E-09     -0.17415847E-03     -0.42490886E-03
    2593     -0.83548049E-09     -0.84192277E-09     -0.17427720E-03     -0.42490886E-03
    2594     -0.83548619E-09     -0.84192277E-09     -0.17438584E-03     -0.42490886E-03
    2595     -0.83549082E-09     -0.84192277E-09     -0.17444899E-03     -0.42490886E-03
    2596     -0.83549609E-09     -0.84192277E-09     -0.17451825E-03     -0.42490886E-03
    2597     -0.83550282E-09     -0.84192277E-09     -0.17458792E-03     -0.42490886E-03
    2598     -0.83550645E-09     -0.84192277E-09     -0.17463563E-03     -0.42490886E-03
    2599     -0.83551186E-09     -0.84192277E-09     -0.17470347E-03     -0.42490886E-03
    2600     -0.83552067E-09     -0.84192277E-09     -0.17477801E-03     -0.42490886E-03
    2601     -0.83552561E-09     -0.84192277E-09     -0.17485134E-03     -0.42490886E-03
    2602     -0.83552990E-09     -0.84192277E-09     -0.17491940E-03     -0.42490886E-03
    2603     -0.83553392E-09     -0.84192277E-09     -0.17496811E-03     -0.42490886E-03
    2604     -0.83554040E-09     -0.84192277E-09     -0.17503795E-03     -0.42490886E-03
    2605     -0.83554519E-09     -0.84192277E-09     -0.17509595E-03     -0.42490886E-03
    2606     -0.83555037E-09     -0.84192277E-09     -0.17515958E-03     -0.42490886E-03
    2607     -0.83555810E-09     -0.84192277E-09     -0.17522973E-03     -0.42490886E-03
    2608     -0.83556242E-09     -0.84192277E-09     -0.17528433E-03     -0.42490886E-03
    2609     -0.83556796E-09     -0.84192277E-09     -0.17535424E-03     -0.42490886E-03
    2610     -0.83557395E-09     -0.84192277E-09     -0.17541665E-03     -0.42490886E-03
    2611     -0.83557894E-09     -0.84192277E-09     -0.17546927E-03     -0.42490886E-03
    2612     -0.83558338E-09     -0.84192277E-09     -0.17552512E-03     -0.42490886E-03
    2613     -0.83558710E-09     -0.84192277E-09     -0.17557428E-03     -0.42490886E-03
    2614     -0.83559452E-09     -0.84192277E-09     -0.17565785E-03     -0.42490886E-03
    2615     -0.83560271E-09     -0.84192277E-09     -0.17574792E-03     -0.42490886E-03
    2616     -0.83561294E-09     -0.84192277E-09     -0.17584426E-03     -0.42490886E-03
    2617     -0.83561918E-09     -0.84192277E-09     -0.17591214E-03     -0.42490886E-03
    2618     -0.83563055E-09     -0.84192277E-09     -0.17602081E-03     -0.42490886E-03
    2619     -0.83563964E-09     -0.84192277E-09     -0.17610591E-03     -0.42490886E-03
    2620     -0.83564962E-09     -0.84192277E-09     -0.17619873E-03     -0.42490886E-03
    2621     -0.83565524E-09     -0.84192277E-09     -0.17625380E-03     -0.42490886E-03
    2622     -0.83566223E-09     -0.84192277E-09     -0.17631835E-03     -0.42490886E-03
    2623     -0.83567445E-09     -0.84192277E-09     -0.17641993E-03     -0.42490886E-03
    2624     -0.83568659E-09     -0.84192277E-09     -0.17653838E-03     -0.42490886E-03
    2625     -0.83569376E-09     -0.84192277E-09     -0.17660947E-03     -0.42490886E-03
    2626     -0.83570000E-09     -0.84192277E-09     -0.17668521E-03     -0.42490886E-03
    2627     -0.83571424E-09     -0.84192277E-09     -0.17680265E-03     -0.42490886E-03
    2628     -0.83572333E-09     -0.84192277E-09     -0.17688225E-03     -0.42490886E-03
    2629     -0.83573237E-09     -0.84192277E-09     -0.17697240E-03     -0.42490886E-03
    2630     -0.83574029E-09     -0.84192277E-09     -0.17704373E-03     -0.42490886E-03
    2631     -0.83574909E-09     -0.84192277E-09     -0.17712685E-03     -0.42490886E-03
    2632     -0.83575496E-09     -0.84192277E-09     -0.17718886E-03     -0.42490886E-03
    2633     -0.83576433E-09     -0.84192277E-09     -0.17727564E-03     -0.42490886E-03
    2634     -0.83576981E-09     -0.84192277E-09     -0.17733319E-03     -0.42490886E-03
    2635     -0.83577410E-09     -0.84192277E-09     -0.17738919E-03     -0.42490886E-03
    2636     -0.83577825E-09     -0.84192277E-09     -0.17744201E-03     -0.42490886E-03
    2637     -0.83578258E-09     -0.84192277E-09     -0.17749448E-03     -0.42490886E-03
    2638     -0.83579092E-09     -0.84192277E-09     -0.17758491E-03     -0.42490886E-03
    2639     -0.83579813E-09     -0.84192277E-09     -0.17767304E-03     -0.42490886E-03
    2640     -0.83580554E-09     -0.84192277E-09     -0.17775091E-03     -0.42490886E-03
    2641     -0.83581167E-09     -0.84192277E-09     -0.17782155E-03     -0.42490886E-03
    2642     -0.83581576E-09     -0.84192277E-09     -0.17787426E-03     -0.42490886E-03
    2643     -0.83582387E-09     -0.84192277E-09     -0.17796909E-03     -0.42490886E-03
    2644     -0.83583002E-09     -0.84192277E-09     -0.17804400E-03     -0.42490886E-03
    2645     -0.83583592E-09     -0.84192277E-09     -0.17811560E-03     -0.42490886E-03
    2646     -0.83584235E-09     -0.84192277E-09     -0.17818380E-03     -0.42490886E-03
    2647     -0.83584761E-09     -0.84192277E-09     -0.17825524E-03     -0.42490886E-03
    2648     -0.83585128E-09     -0.84192277E-09     -0.17830043E-03     -0.42490886E-03
    2649     -0.83585674E-09     -0.84192277E-09     -0.17837096E-03     -0.42490886E-03
    2650     -0.83586130E-09     -0.84192277E-09     -0.17842863E-03     -0.42490886E-03
    2651     -0.83586535E-09     -0.84192277E-09     -0.17847235E-03     -0.42490886E-03
    2652     -0.83587010E-09     -0.84192277E-09     -0.17853527E-03     -0.42490886E-03
    2653     -0.83587576E-09     -0.84192277E-09     -0.17860349E-03     -0.42490886E-03
    2654     -0.83587882E-09     -0.84192277E-09     -0.17864959E-03     -0.42490886E-03
    2655     -0.83588539E-09     -0.84192277E-09     -0.17873419E-03     -0.42490886E-03
    2656     -0.83588961E-09     -0.84192277E-09     -0.17879278E-03     -0.42490886E-03
    2657     -0.83589426E-09     -0.84192277E-09     -0.17885361E-03     -0.42490886E-03
    2658     -0.83590131E-09     -0.84192277E-09     -0.17892440E-03     -0.42490886E-03
    2659     -0.83590615E-09     -0.84192277E-09     -0.17898085E-03     -0.42490886E-03
    2660     -0.83591128E-09     -0.84192277E-09     -0.17903683E-03     -0.42490886E-03
    2661     -0.83591760E-09     -0.84192277E-09     -0.17909765E-03     -0.42490886E-03
    2662     -0.83592027E-09     -0.84192277E-09     -0.17913357E-03     -0.42490886E-03
    2663     -0.83592594E-09     -0.84192277E-09     -0.17918728E-03     -0.42490886E-03
    2664     -0.83592900E-09     -0.84192277E-09     -0.17922854E-03     -0.42490886E-03
    2665     -0.83593124E-09     -0.84192277E-09     -0.17925825E-03     -0.42490886E-03
    2666     -0.83594026E-09     -0.84192277E-09     -0.17934547E-03     -0.42490886E-03
    2667     -0.83594966E-09     -0.84192277E-09     -0.17943366E-03     -0.42490886E-03
    2668     -0.83595414E-09     -0.84192277E-09     -0.17948592E-03     -0.42490886E-03
    2669     -0.83596276E-09     -0.84192277E-09     -0.17955991E-03     -0.42490886E-03
    2670     -0.83596931E-09     -0.84192277E-09     -0.17962235E-03     -0.42490886E-03
    2671     -0.83598188E-09     -0.84192277E-09     -0.17972103E-03     -0.42490886E-03
    2672     -0.83599127E-09     -0.84192277E-09     -0.17980417E-03     -0.42490886E-03
    2673     -0.83599773E-09     -0.84192277E-09     -0.17986650E-03     -0.42490886E-03
    2674     -0.83600250E-09     -0.84192277E-09     -0.17991836E-03     -0.42490886E-03
    2675     -0.83602266E-09     -0.84192277E-09     -0.18005797E-03     -0.42490886E-03
    2676     -0.83602770E-09     -0.84192277E-09     -0.18010731E-03     -0.42490886E-03
    2677     -0.83603139E-09     -0.84192277E-09     -0.18014876E-03     -0.42490886E-03
    2678     -0.83603587E-09     -0.84192277E-09     -0.18020186E-03     -0.42490886E-03
    2679     -0.83604039E-09     -0.84192277E-09     -0.18025391E-03     -0.42490886E-03
    2680     -0.83604570E-09     -0.84192277E-09     -0.18031201E-03     -0.42490886E-03
    2681     -0.83605240E-09     -0.84192277E-09     -0.18038978E-03     -0.42490886E-03
    2682     -0.83606003E-09     -0.84192277E-09     -0.18047576E-03     -0.42490886E-03
    2683     -0.83606544E-09     -0.84192277E-09     -0.18053845E-03     -0.42490886E-03
    2684     -0.83607029E-09     -0.84192277E-09     -0.18059546E-03     -0.42490886E-03
    2685     -0.83607317E-09     -0.84192277E-09     -0.18063625E-03     -0.42490886E-03
    2686     -0.83607708E-09     -0.84192277E-09     -0.18068348E-03     -0.42490886E-03
    2687     -0.83608198E-09     -0.84192277E-09     -0.18074421E-03     -0.42490886E-03
    2688     -0.83608556E-09     -0.84192277E-09     -0.18079109E-03     -0.42490886E-03
    2689     -0.83608820E-09     -0.84192277E-09     -0.18082983E-03     -0.42490886E-03
    2690     -0.83609204E-09     -0.84192277E-09     -0.18088403E-03     -0.42490886E-03
    2691     -0.83609543E-09     -0.84192277E-09     -0.18093076E-03     -0.42490886E-03
    2692     -0.83609947E-09     -0.84192277E-09     -0.18097801E-03     -0.42490886E-03
    2693     -0.83610351E-09     -0.84192277E-09     -0.18103187E-03     -0.42490886E-03
    2694     -0.83610640E-09     -0.84192277E-09     -0.18107501E-03     -0.42490886E-03
    2695     -0.83611109E-09     -0.84192277E-09     -0.18113842E-03     -0.42490886E-03
    2696     -0.83611417E-09     -0.84192277E-09     -0.18118873E-03     -0.42490886E-03
    2697     -0.83611828E-09     -0.84192277E-09     -0.18124762E-03     -0.42490886E-03
    2698     -0.83612208E-09     -0.84192277E-09     -0.18129981E-03     -0.42490886E-03
    2699     -0.83612515E-09     -0.84192277E-09     -0.18134271E-03     -0.42490886E-03
    2700     -0.83612805E-09     -0.84192277E-09     -0.18138485E-03     -0.42490886E-03
    2701     -0.83613099E-09     -0.84192277E-09     -0.18142943E-03     -0.42490886E-03
    2702     -0.83613551E-09     -0.84192277E-09     -0.18149115E-03     -0.42490886E-03
    2703     -0.83613849E-09     -0.84192277E-09     -0.18153426E-03     -0.42490886E-03
    2704     -0.83614167E-09     -0.84192277E-09     -0.18158000E-03     -0.42490886E-03
    2705     -0.83614641E-09     -0.84192277E-09     -0.18164935E-03     -0.42490886E-03
    2706     -0.83614939E-09     -0.84192277E-09     -0.18169701E-03     -0.42490886E-03
    2707     -0.83615356E-09     -0.84192277E-09     -0.18176014E-03     -0.42490886E-03
    2708     -0.83615730E-09     -0.84192277E-09     -0.18181601E-03     -0.42490886E-03
    2709     -0.83616023E-09     -0.84192277E-09     -0.18185820E-03     -0.42490886E-03
    2710     -0.83616329E-09     -0.84192277E-09     -0.18190123E-03     -0.42490886E-03
    2711     -0.83616703E-09     -0.84192277E-09     -0.18194615E-03     -0.42490886E-03
    2712     -0.83617408E-09     -0.84192277E-09     -0.18203093E-03     -0.42490886E-03
    2713     -0.83617871E-09     -0.84192277E-09     -0.18209316E-03     -0.42490886E-03
    2714     -0.83618206E-09     -0.84192277E-09     -0.18214256E-03     -0.42490886E-03
    2715     -0.83619041E-09     -0.84192277E-09     -0.18221577E-03     -0.42490886E-03
    2716     -0.83619683E-09     -0.84192277E-09     -0.18228357E-03     -0.42490886E-03
    2717     -0.83620044E-09     -0.84192277E-09     -0.18233428E-03     -0.42490886E-03
    2718     -0.83620488E-09     -0.84192277E-09     -0.18239028E-03     -0.42490886E-03
    2719     -0.83620831E-09     -0.84192277E-09     -0.18243770E-03     -0.42490886E-03
    2720     -0.83621110E-09     -0.84192277E-09     -0.18248622E-03     -0.42490886E-03
    2721     -0.83621472E-09     -0.84192277E-09     -0.18252706E-03     -0.42490886E-03
    2722     -0.83621790E-09     -0.84192277E-09     -0.18257577E-03     -0.42490886E-03
    2723     -0.83622166E-09     -0.84192277E-09     -0.18262833E-03     -0.42490886E-03
    2724     -0.83622652E-09     -0.84192277E-09     -0.18268495E-03     -0.42490886E-03
    2725     -0.83623614E-09     -0.84192277E-09     -0.18277187E-03     -0.42490886E-03
    2726     -0.83623885E-09     -0.84192277E-09     -0.18280476E-03     -0.42490886E-03
    2727     -0.83624404E-09     -0.84192277E-09     -0.18285241E-03     -0.42490886E-03
    2728     -0.83624733E-09     -0.84192277E-09     -0.18289572E-03     -0.42490886E-03
    2729     -0.83625190E-09     -0.84192277E-09     -0.18296761E-03     -0.42490886E-03
    2730     -0.83625750E-09     -0.84192277E-09     -0.18302166E-03     -0.42490886E-03
    2731     -0.83626218E-09     -0.84192277E-09     -0.18307244E-03     -0.42490886E-03
    2732     -0.83626606E-09     -0.84192277E-09     -0.18313395E-03     -0.42490886E-03
    2733     -0.83626885E-09     -0.84192277E-09     -0.18319591E-03     -0.42490886E-03
    2734     -0.83627188E-09     -0.84192277E-09     -0.18324009E-03     -0.42490886E-03
    2735     -0.83627453E-09     -0.84192277E-09     -0.18329259E-03     -0.42490886E-03
    2736     -0.83627754E-09     -0.84192277E-09     -0.18334648E-03     -0.42490886E-03
    2737     -0.83628068E-09     -0.84192277E-09     -0.18339924E-03     -0.42490886E-03
    2738     -0.83628382E-09     -0.84192277E-09     -0.18345424E-03     -0.42490886E-03
    2739     -0.83628733E-09     -0.84192277E-09     -0.18350829E-03     -0.42490886E-03
    2740     -0.83628979E-09     -0.84192277E-09     -0.18355063E-03     -0.42490886E-03
    2741     -0.83629251E-09     -0.84192277E-09     -0.18360067E-03     -0.42490886E-03
    2742     -0.83629571E-09     -0.84192277E-09     -0.18365377E-03     -0.42490886E-03
    2743     -0.83629924E-09     -0.84192277E-09     -0.18371101E-03     -0.42490886E-03
    2744     -0.83630157E-09     -0.84192277E-09     -0.18375053E-03     -0.42490886E-03
    2745     -0.83630468E-09     -0.84192277E-09     -0.18380718E-03     -0.42490886E-03
    2746     -0.83630742E-09     -0.84192277E-09     -0.18385005E-03     -0.42490886E-03
    2747     -0.83631066E-09     -0.84192277E-09     -0.18390254E-03     -0.42490886E-03
    2748     -0.83631387E-09     -0.84192277E-09     -0.18396089E-03     -0.42490886E-03
    2749     -0.83631691E-09     -0.84192277E-09     -0.18401441E-03     -0.42490886E-03
    2750     -0.83631964E-09     -0.84192277E-09     -0.18406198E-03     -0.42490886E-03
    2751     -0.83632275E-09     -0.84192277E-09     -0.18411953E-03     -0.42490886E-03
    2752     -0.83632562E-09     -0.84192277E-09     -0.18416520E-03     -0.42490886E-03
    2753     -0.83632867E-09     -0.84192277E-09     -0.18421986E-03     -0.42490886E-03
    2754     -0.83633162E-09     -0.84192277E-09     -0.18427141E-03     -0.42490886E-03
    2755     -0.83633476E-09     -0.84192277E-09     -0.18432618E-03     -0.42490886E-03
    2756     -0.83633776E-09     -0.84192277E-09     -0.18438450E-03     -0.42490886E-03
    2757     -0.83634014E-09     -0.84192277E-09     -0.18442770E-03     -0.42490886E-03
    2758     -0.83634295E-09     -0.84192277E-09     -0.18448570E-03     -0.42490886E-03
    2759     -0.83634566E-09     -0.84192277E-09     -0.18453535E-03     -0.42490886E-03
    2760     -0.83634898E-09     -0.84192277E-09     -0.18460658E-03     -0.42490886E-03
    2761     -0.83635171E-09     -0.84192277E-09     -0.18466852E-03     -0.42490886E-03
    2762     -0.83635437E-09     -0.84192277E-09     -0.18472562E-03     -0.42490886E-03
    2763     -0.83635850E-09     -0.84192277E-09     -0.18481750E-03     -0.42490886E-03
    2764     -0.83636064E-09     -0.84192277E-09     -0.18486353E-03     -0.42490886E-03
    2765     -0.83636390E-09     -0.84192277E-09     -0.18493632E-03     -0.42490886E-03
    2766     -0.83636660E-09     -0.84192277E-09     -0.18498734E-03     -0.42490886E-03
    2767     -0.83636830E-09     -0.84192277E-09     -0.18501763E-03     -0.42490886E-03
    2768     -0.83637095E-09     -0.84192277E-09     -0.18505649E-03     -0.42490886E-03
    2769     -0.83637288E-09     -0.84192277E-09     -0.18509458E-03     -0.42490886E-03
    2770     -0.83637562E-09     -0.84192277E-09     -0.18513581E-03     -0.42490886E-03
    2771     -0.83637842E-09     -0.84192277E-09     -0.18519299E-03     -0.42490886E-03
    2772     -0.83638085E-09     -0.84192277E-09     -0.18522604E-03     -0.42490886E-03
    2773     -0.83638396E-09     -0.84192277E-09     -0.18528137E-03     -0.42490886E-03
    2774     -0.83638596E-09     -0.84192277E-09     -0.18531842E-03     -0.42490886E-03
    2775     -0.83638813E-09     -0.84192277E-09     -0.18535477E-03     -0.42490886E-03
    2776     -0.83639052E-09     -0.84192277E-09     -0.18539626E-03     -0.42490886E-03
    2777     -0.83639265E-09     -0.84192277E-09     -0.18543211E-03     -0.42490886E-03
    2778     -0.83639495E-09     -0.84192277E-09     -0.18547387E-03     -0.42490886E-03
    2779     -0.83639724E-09     -0.84192277E-09     -0.18551641E-03     -0.42490886E-03
    2780     -0.83639897E-09     -0.84192277E-09     -0.18554597E-03     -0.42490886E-03
    2781     -0.83640103E-09     -0.84192277E-09     -0.18558678E-03     -0.42490886E-03
    2782     -0.83640356E-09     -0.84192277E-09     -0.18562213E-03     -0.42490886E-03
    2783     -0.83640535E-09     -0.84192277E-09     -0.18565407E-03     -0.42490886E-03
    2784     -0.83640717E-09     -0.84192277E-09     -0.18568298E-03     -0.42490886E-03
    2785     -0.83640957E-09     -0.84192277E-09     -0.18572627E-03     -0.42490886E-03
    2786     -0.83641219E-09     -0.84192277E-09     -0.18576890E-03     -0.42490886E-03
    2787     -0.83641408E-09     -0.84192277E-09     -0.18580500E-03     -0.42490886E-03
    2788     -0.83641656E-09     -0.84192277E-09     -0.18584831E-03     -0.42490886E-03
    2789     -0.83641880E-09     -0.84192277E-09     -0.18588848E-03     -0.42490886E-03
    2790     -0.83642087E-09     -0.84192277E-09     -0.18592547E-03     -0.42490886E-03
    2791     -0.83642331E-09     -0.84192277E-09     -0.18596933E-03     -0.42490886E-03
    2792     -0.83642568E-09     -0.84192277E-09     -0.18601426E-03     -0.42490886E-03
    2793     -0.83642806E-09     -0.84192277E-09     -0.18605012E-03     -0.42490886E-03
    2794     -0.83643122E-09     -0.84192277E-09     -0.18610227E-03     -0.42490886E-03
    2795     -0.83643399E-09     -0.84192277E-09     -0.18614775E-03     -0.42490886E-03
    2796     -0.83643629E-09     -0.84192277E-09     -0.18618933E-03     -0.42490886E-03
    2797     -0.83643882E-09     -0.84192277E-09     -0.18623696E-03     -0.42490886E-03
    2798     -0.83644152E-09     -0.84192277E-09     -0.18629140E-03     -0.42490886E-03
    2799     -0.83644419E-09     -0.84192277E-09     -0.18634328E-03     -0.42490886E-03
    2800     -0.83644627E-09     -0.84192277E-09     -0.18637988E-03     -0.42490886E-03
    2801     -0.83644961E-09     -0.84192277E-09     -0.18644590E-03     -0.42490886E-03
    2802     -0.83645228E-09     -0.84192277E-09     -0.18649378E-03     -0.42490886E-03
    2803     -0.83645472E-09     -0.84192277E-09     -0.18653605E-03     -0.42490886E-03
    2804     -0.83645696E-09     -0.84192277E-09     -0.18658049E-03     -0.42490886E-03
    2805     -0.83645926E-09     -0.84192277E-09     -0.18661666E-03     -0.42490886E-03
    2806     -0.83646065E-09     -0.84192277E-09     -0.18664517E-03     -0.42490886E-03
    2807     -0.83646421E-09     -0.84192277E-09     -0.18670967E-03     -0.42490886E-03
    2808     -0.83646708E-09     -0.84192277E-09     -0.18676107E-03     -0.42490886E-03
    2809     -0.83646937E-09     -0.84192277E-09     -0.18680018E-03     -0.42490886E-03
    2810     -0.83647204E-09     -0.84192277E-09     -0.18684980E-03     -0.42490886E-03
    2811     -0.83647529E-09     -0.84192277E-09     -0.18691734E-03     -0.42490886E-03
    2812     -0.83647778E-09     -0.84192277E-09     -0.18696418E-03     -0.42490886E-03
    2813     -0.83648045E-09     -0.84192277E-09     -0.18701668E-03     -0.42490886E-03
    2814     -0.83648386E-09     -0.84192277E-09     -0.18707381E-03     -0.42490886E-03
    2815     -0.83648654E-09     -0.84192277E-09     -0.18712728E-03     -0.42490886E-03
    2816     -0.83649038E-09     -0.84192277E-09     -0.18719088E-03     -0.42490886E-03
    2817     -0.83649387E-09     -0.84192277E-09     -0.18724707E-03     -0.42490886E-03
    2818     -0.83650123E-09     -0.84192277E-09     -0.18733995E-03     -0.42490886E-03
    2819     -0.83650503E-09     -0.84192277E-09     -0.18740788E-03     -0.42490886E-03
    2820     -0.83651283E-09     -0.84192277E-09     -0.18751800E-03     -0.42490886E-03
    2821     -0.83651917E-09     -0.84192277E-09     -0.18760791E-03     -0.42490886E-03
    2822     -0.83652226E-09     -0.84192277E-09     -0.18766067E-03     -0.42490886E-03
    2823     -0.83652917E-09     -0.84192277E-09     -0.18775243E-03     -0.42490886E-03
    2824     -0.83653725E-09     -0.84192277E-09     -0.18786901E-03     -0.42490886E-03
    2825     -0.83654193E-09     -0.84192277E-09     -0.18794629E-03     -0.42490886E-03
    2826     -0.83654499E-09     -0.84192277E-09     -0.18800773E-03     -0.42490886E-03
    2827     -0.83654793E-09     -0.84192277E-09     -0.18805950E-03     -0.42490886E-03
    2828     -0.83655078E-09     -0.84192277E-09     -0.18811300E-03     -0.42490886E-03
    2829     -0.83655376E-09     -0.84192277E-09     -0.18816471E-03     -0.42490886E-03
    2830     -0.83655598E-09     -0.84192277E-09     -0.18821242E-03     -0.42490886E-03
    2831     -0.83655943E-09     -0.84192277E-09     -0.18827889E-03     -0.42490886E-03
    2832     -0.83656346E-09     -0.84192277E-09     -0.18835096E-03     -0.42490886E-03
    2833     -0.83656626E-09     -0.84192277E-09     -0.18841817E-03     -0.42490886E-03
    2834     -0.83657006E-09     -0.84192277E-09     -0.18848470E-03     -0.42490886E-03
    2835     -0.83657268E-09     -0.84192277E-09     -0.18854230E-03     -0.42490886E-03
    2836     -0.83657570E-09     -0.84192277E-09     -0.18859977E-03     -0.42490886E-03
    2837     -0.83658006E-09     -0.84192277E-09     -0.18867299E-03     -0.42490886E-03
    2838     -0.83658941E-09     -0.84192277E-09     -0.18879653E-03     -0.42490886E-03
    2839     -0.83659772E-09     -0.84192277E-09     -0.18889664E-03     -0.42490886E-03
    2840     -0.83660338E-09     -0.84192277E-09     -0.18898140E-03     -0.42490886E-03
    2841     -0.83661144E-09     -0.84192277E-09     -0.18908570E-03     -0.42490886E-03
    2842     -0.83661626E-09     -0.84192277E-09     -0.18916713E-03     -0.42490886E-03
    2843     -0.83662192E-09     -0.84192277E-09     -0.18925463E-03     -0.42490886E-03
    2844     -0.83662989E-09     -0.84192277E-09     -0.18936937E-03     -0.42490886E-03
    2845     -0.83663527E-09     -0.84192277E-09     -0.18945906E-03     -0.42490886E-03
    2846     -0.83663987E-09     -0.84192277E-09     -0.18952448E-03     -0.42490886E-03
    2847     -0.83664215E-09     -0.84192277E-09     -0.18957269E-03     -0.42490886E-03
    2848     -0.83664539E-09     -0.84192277E-09     -0.18963676E-03     -0.42490886E-03
    2849     -0.83665130E-09     -0.84192277E-09     -0.18972652E-03     -0.42490886E-03
    2850     -0.83665321E-09     -0.84192277E-09     -0.18976016E-03     -0.42490886E-03
    2851     -0.83665586E-09     -0.84192277E-09     -0.18981815E-03     -0.42490886E-03
    2852     -0.83665946E-09     -0.84192277E-09     -0.18989460E-03     -0.42490886E-03
    2853     -0.83666231E-09     -0.84192277E-09     -0.18995752E-03     -0.42490886E-03
    2854     -0.83666603E-09     -0.84192277E-09     -0.19003352E-03     -0.42490886E-03
    2855     -0.83666895E-09     -0.84192277E-09     -0.19010033E-03     -0.42490886E-03
    2856     -0.83667175E-09     -0.84192277E-09     -0.19016089E-03     -0.42490886E-03
    2857     -0.83667456E-09     -0.84192277E-09     -0.19022841E-03     -0.42490886E-03
    2858     -0.83667757E-09     -0.84192277E-09     -0.19029544E-03     -0.42490886E-03
    2859     -0.83668080E-09     -0.84192277E-09     -0.19036595E-03     -0.42490886E-03
    2860     -0.83668374E-09     -0.84192277E-09     -0.19042597E-03     -0.42490886E-03
    2861     -0.83668585E-09     -0.84192277E-09     -0.19047104E-03     -0.42490886E-03
    2862     -0.83668929E-09     -0.84192277E-09     -0.19054188E-03     -0.42490886E-03
    2863     -0.83669133E-09     -0.84192277E-09     -0.19057824E-03     -0.42490886E-03
    2864     -0.83669416E-09     -0.84192277E-09     -0.19063172E-03     -0.42490886E-03
    2865     -0.83669619E-09     -0.84192277E-09     -0.19066983E-03     -0.42490886E-03
    2866     -0.83669797E-09     -0.84192277E-09     -0.19070232E-03     -0.42490886E-03
    2867     -0.83670012E-09     -0.84192277E-09     -0.19074702E-03     -0.42490886E-03
    2868     -0.83670210E-09     -0.84192277E-09     -0.19078932E-03     -0.42490886E-03
    2869     -0.83670420E-09     -0.84192277E-09     -0.19083423E-03     -0.42490886E-03
    2870     -0.83670616E-09     -0.84192277E-09     -0.19087097E-03     -0.42490886E-03
    2871     -0.83670840E-09     -0.84192277E-09     -0.19091780E-03     -0.42490886E-03
    2872     -0.83671017E-09     -0.84192277E-09     -0.19095941E-03     -0.42490886E-03
    2873     -0.83671275E-09     -0.84192277E-09     -0.19101020E-03     -0.42490886E-03
    2874     -0.83671626E-09     -0.84192277E-09     -0.19107068E-03     -0.42490886E-03
    2875     -0.83671836E-09     -0.84192277E-09     -0.19111358E-03     -0.42490886E-03
    2876     -0.83672176E-09     -0.84192277E-09     -0.19117693E-03     -0.42490886E-03
    2877     -0.83672437E-09     -0.84192277E-09     -0.19123014E-03     -0.42490886E-03
    2878     -0.83672758E-09     -0.84192277E-09     -0.19129908E-03     -0.42490886E-03
    2879     -0.83673200E-09     -0.84192277E-09     -0.19137364E-03     -0.42490886E-03
    2880     -0.83673619E-09     -0.84192277E-09     -0.19145041E-03     -0.42490886E-03
    2881     -0.83673901E-09     -0.84192277E-09     -0.19150438E-03     -0.42490886E-03
    2882     -0.83674162E-09     -0.84192277E-09     -0.19156286E-03     -0.42490886E-03
    2883     -0.83674673E-09     -0.84192277E-09     -0.19164920E-03     -0.42490886E-03
    2884     -0.83675098E-09     -0.84192277E-09     -0.19172995E-03     -0.42490886E-03
    2885     -0.83675294E-09     -0.84192277E-09     -0.19177583E-03     -0.42490886E-03
    2886     -0.83675570E-09     -0.84192277E-09     -0.19184337E-03     -0.42490886E-03
    2887     -0.83676229E-09     -0.84192277E-09     -0.19195980E-03     -0.42490886E-03
    2888     -0.83676939E-09     -0.84192277E-09     -0.19208251E-03     -0.42490886E-03
    2889     -0.83677299E-09     -0.84192277E-09     -0.19216424E-03     -0.42490886E-03
    2890     -0.83678098E-09     -0.84192277E-09     -0.19229817E-03     -0.42490886E-03
    2891     -0.83678373E-09     -0.84192277E-09     -0.19235999E-03     -0.42490886E-03
    2892     -0.83678791E-09     -0.84192277E-09     -0.19244407E-03     -0.42490886E-03
    2893     -0.83679063E-09     -0.84192277E-09     -0.19250562E-03     -0.42490886E-03
    2894     -0.83679489E-09     -0.84192277E-09     -0.19259087E-03     -0.42490886E-03
    2895     -0.83679854E-09     -0.84192277E-09     -0.19266644E-03     -0.42490886E-03
    2896     -0.83680119E-09     -0.84192277E-09     -0.19272415E-03     -0.42490886E-03
    2897     -0.83680472E-09     -0.84192277E-09     -0.19279772E-03     -0.42490886E-03
    2898     -0.83680908E-09     -0.84192277E-09     -0.19289179E-03     -0.42490886E-03
    2899     -0.83681149E-09     -0.84192277E-09     -0.19294150E-03     -0.42490886E-03
    2900     -0.83681442E-09     -0.84192277E-09     -0.19299920E-03     -0.42490886E-03
    2901     -0.83681759E-09     -0.84192277E-09     -0.19307406E-03     -0.42490886E-03
    2902     -0.83682016E-09     -0.84192277E-09     -0.19313815E-03     -0.42490886E-03
    2903     -0.83682338E-09     -0.84192277E-09     -0.19320247E-03     -0.42490886E-03
    2904     -0.83682567E-09     -0.84192277E-09     -0.19324831E-03     -0.42490886E-03
    2905     -0.83682813E-09     -0.84192277E-09     -0.19329955E-03     -0.42490886E-03
    2906     -0.83683031E-09     -0.84192277E-09     -0.19334179E-03     -0.42490886E-03
    2907     -0.83683343E-09     -0.84192277E-09     -0.19340937E-03     -0.42490886E-03
    2908     -0.83683603E-09     -0.84192277E-09     -0.19346210E-03     -0.42490886E-03
    2909     -0.83683854E-09     -0.84192277E-09     -0.19351649E-03     -0.42490886E-03
    2910     -0.83684094E-09     -0.84192277E-09     -0.19357359E-03     -0.42490886E-03
    2911     -0.83684396E-09     -0.84192277E-09     -0.19363507E-03     -0.42490886E-03
    2912     -0.83684655E-09     -0.84192277E-09     -0.19369322E-03     -0.42490886E-03
    2913     -0.83684920E-09     -0.84192277E-09     -0.19374634E-03     -0.42490886E-03
    2914     -0.83685140E-09     -0.84192277E-09     -0.19379435E-03     -0.42490886E-03
    2915     -0.83685381E-09     -0.84192277E-09     -0.19384238E-03     -0.42490886E-03
    2916     -0.83685596E-09     -0.84192277E-09     -0.19388799E-03     -0.42490886E-03
    2917     -0.83685803E-09     -0.84192277E-09     -0.19393601E-03     -0.42490886E-03
    2918     -0.83685967E-09     -0.84192277E-09     -0.19397113E-03     -0.42490886E-03
    2919     -0.83686149E-09     -0.84192277E-09     -0.19401193E-03     -0.42490886E-03
    2920     -0.83686321E-09     -0.84192277E-09     -0.19405081E-03     -0.42490886E-03
    2921     -0.83686508E-09     -0.84192277E-09     -0.19409412E-03     -0.42490886E-03
    2922     -0.83686699E-09     -0.84192277E-09     -0.19414033E-03     -0.42490886E-03
    2923     -0.83686910E-09     -0.84192277E-09     -0.19418715E-03     -0.42490886E-03
    2924     -0.83687094E-09     -0.84192277E-09     -0.19422467E-03     -0.42490886E-03
    2925     -0.83687267E-09     -0.84192277E-09     -0.19426419E-03     -0.42490886E-03
    2926     -0.83687472E-09     -0.84192277E-09     -0.19431463E-03     -0.42490886E-03
    2927     -0.83687710E-09     -0.84192277E-09     -0.19436257E-03     -0.42490886E-03
    2928     -0.83687958E-09     -0.84192277E-09     -0.19441417E-03     -0.42490886E-03
    2929     -0.83688124E-09     -0.84192277E-09     -0.19445184E-03     -0.42490886E-03
    2930     -0.83688282E-09     -0.84192277E-09     -0.19448661E-03     -0.42490886E-03
    2931     -0.83688445E-09     -0.84192277E-09     -0.19452707E-03     -0.42490886E-03
    2932     -0.83688607E-09     -0.84192277E-09     -0.19457111E-03     -0.42490886E-03
    2933     -0.83688761E-09     -0.84192277E-09     -0.19461088E-03     -0.42490886E-03
    2934     -0.83688930E-09     -0.84192277E-09     -0.19464875E-03     -0.42490886E-03
    2935     -0.83689128E-09     -0.84192277E-09     -0.19469230E-03     -0.42490886E-03
    2936     -0.83689345E-09     -0.84192277E-09     -0.19474672E-03     -0.42490886E-03
    2937     -0.83689515E-09     -0.84192277E-09     -0.19478753E-03     -0.42490886E-03
    2938     -0.83689724E-09     -0.84192277E-09     -0.19483532E-03     -0.42490886E-03
    2939     -0.83689948E-09     -0.84192277E-09     -0.19489293E-03     -0.42490886E-03
    2940     -0.83690120E-09     -0.84192277E-09     -0.19493537E-03     -0.42490886E-03
    2941     -0.83690407E-09     -0.84192277E-09     -0.19500518E-03     -0.42490886E-03
    2942     -0.83690639E-09     -0.84192277E-09     -0.19506251E-03     -0.42490886E-03
    2943     -0.83690793E-09     -0.84192277E-09     -0.19510415E-03     -0.42490886E-03
    2944     -0.83690979E-09     -0.84192277E-09     -0.19514664E-03     -0.42490886E-03
    2945     -0.83691149E-09     -0.84192277E-09     -0.19519165E-03     -0.42490886E-03
    2946     -0.83691304E-09     -0.84192277E-09     -0.19523370E-03     -0.42490886E-03
    2947     -0.83691433E-09     -0.84192277E-09     -0.19527465E-03     -0.42490886E-03
    2948     -0.83691599E-09     -0.84192277E-09     -0.19531636E-03     -0.42490886E-03
    2949     -0.83691763E-09     -0.84192277E-09     -0.19535762E-03     -0.42490886E-03
    2950     -0.83691914E-09     -0.84192277E-09     -0.19539865E-03     -0.42490886E-03
    2951     -0.83692109E-09     -0.84192277E-09     -0.19544732E-03     -0.42490886E-03
    2952     -0.83692282E-09     -0.84192277E-09     -0.19548997E-03     -0.42490886E-03
    2953     -0.83692444E-09     -0.84192277E-09     -0.19553587E-03     -0.42490886E-03
    2954     -0.83692585E-09     -0.84192277E-09     -0.19557214E-03     -0.42490886E-03
    2955     -0.83692764E-09     -0.84192277E-09     -0.19562137E-03     -0.42490886E-03
    2956     -0.83692929E-09     -0.84192277E-09     -0.19566224E-03     -0.42490886E-03
    2957     -0.83693046E-09     -0.84192277E-09     -0.19569382E-03     -0.42490886E-03
    2958     -0.83693246E-09     -0.84192277E-09     -0.19574511E-03     -0.42490886E-03
    2959     -0.83693383E-09     -0.84192277E-09     -0.19577892E-03     -0.42490886E-03
    2960     -0.83693542E-09     -0.84192277E-09     -0.19581317E-03     -0.42490886E-03
    2961     -0.83693709E-09     -0.84192277E-09     -0.19585248E-03     -0.42490886E-03
    2962     -0.83693872E-09     -0.84192277E-09     -0.19589075E-03     -0.42490886E-03
    2963     -0.83694041E-09     -0.84192277E-09     -0.19593184E-03     -0.42490886E-03
    2964     -0.83694206E-09     -0.84192277E-09     -0.19597309E-03     -0.42490886E-03
    2965     -0.83694354E-09     -0.84192277E-09     -0.19600584E-03     -0.42490886E-03
    2966     -0.83694542E-09     -0.84192277E-09     -0.19605141E-03     -0.42490886E-03
    2967     -0.83694697E-09     -0.84192277E-09     -0.19609372E-03     -0.42490886E-03
    2968     -0.83694842E-09     -0.84192277E-09     -0.19613162E-03     -0.42490886E-03
    2969     -0.83695008E-09     -0.84192277E-09     -0.19616858E-03     -0.42490886E-03
    2970     -0.83695144E-09     -0.84192277E-09     -0.19620112E-03     -0.42490886E-03
    2971     -0.83695374E-09     -0.84192277E-09     -0.19624615E-03     -0.42490886E-03
    2972     -0.83695493E-09     -0.84192277E-09     -0.19627450E-03     -0.42490886E-03
    2973     -0.83695670E-09     -0.84192277E-09     -0.19632005E-03     -0.42490886E-03
    2974     -0.83695845E-09     -0.84192277E-09     -0.19636596E-03     -0.42490886E-03
    2975     -0.83696027E-09     -0.84192277E-09     -0.19641089E-03     -0.42490886E-03
    2976     -0.83696220E-09     -0.84192277E-09     -0.19645885E-03     -0.42490886E-03
    2977     -0.83696422E-09     -0.84192277E-09     -0.19650713E-03     -0.42490886E-03
    2978     -0.83696667E-09     -0.84192277E-09     -0.19656317E-03     -0.42490886E-03
    2979     -0.83696890E-09     -0.84192277E-09     -0.19661635E-03     -0.42490886E-03
    2980     -0.83697129E-09     -0.84192277E-09     -0.19667591E-03     -0.42490886E-03
    2981     -0.83697325E-09     -0.84192277E-09     -0.19672644E-03     -0.42490886E-03
    2982     -0.83697586E-09     -0.84192277E-09     -0.19678873E-03     -0.42490886E-03
    2983     -0.83697823E-09     -0.84192277E-09     -0.19685257E-03     -0.42490886E-03
    2984     -0.83698072E-09     -0.84192277E-09     -0.19691857E-03     -0.42490886E-03
    2985     -0.83698288E-09     -0.84192277E-09     -0.19698128E-03     -0.42490886E-03
    2986     -0.83698544E-09     -0.84192277E-09     -0.19706129E-03     -0.42490886E-03
    2987     -0.83698744E-09     -0.84192277E-09     -0.19711214E-03     -0.42490886E-03
    2988     -0.83698952E-09     -0.84192277E-09     -0.19717745E-03     -0.42490886E-03
    2989     -0.83699237E-09     -0.84192277E-09     -0.19725350E-03     -0.42490886E-03
    2990     -0.83699478E-09     -0.84192277E-09     -0.19733447E-03     -0.42490886E-03
    2991     -0.83699738E-09     -0.84192277E-09     -0.19740023E-03     -0.42490886E-03
    2992     -0.83700011E-09     -0.84192277E-09     -0.19748210E-03     -0.42490886E-03
    2993     -0.83700246E-09     -0.84192277E-09     -0.19754401E-03     -0.42490886E-03
    2994     -0.83700448E-09     -0.84192277E-09     -0.19759898E-03     -0.42490886E-03
    2995     -0.83700639E-09     -0.84192277E-09     -0.19765272E-03     -0.42490886E-03
    2996     -0.83700860E-09     -0.84192277E-09     -0.19771608E-03     -0.42490886E-03
    2997     -0.83701087E-09     -0.84192277E-09     -0.19777885E-03     -0.42490886E-03
    2998     -0.83701297E-09     -0.84192277E-09     -0.19783350E-03     -0.42490886E-03
    2999     -0.83701501E-09     -0.84192277E-09     -0.19788994E-03     -0.42490886E-03
    3000     -0.83701671E-09     -0.84192277E-09     -0.19794108E-03     -0.42490886E-03
    3001     -0.83701858E-09     -0.84192277E-09     -0.19799728E-03     -0.42490886E-03
    3002     -0.83702153E-09     -0.84192277E-09     -0.19807093E-03     -0.42490886E-03
    3003     -0.83702409E-09     -0.84192277E-09     -0.19812726E-03     -0.42490886E-03
    3004     -0.83702595E-09     -0.84192277E-09     -0.19817583E-03     -0.42490886E-03
    3005     -0.83702790E-09     -0.84192277E-09     -0.19821850E-03     -0.42490886E-03
    3006     -0.83703017E-09     -0.84192277E-09     -0.19827691E-03     -0.42490886E-03
    3007     -0.83703305E-09     -0.84192277E-09     -0.19834272E-03     -0.42490886E-03
    3008     -0.83703638E-09     -0.84192277E-09     -0.19841397E-03     -0.42490886E-03
    3009     -0.83703806E-09     -0.84192277E-09     -0.19845629E-03     -0.42490886E-03
    3010     -0.83704051E-09     -0.84192277E-09     -0.19851047E-03     -0.42490886E-03
    3011     -0.83704233E-09     -0.84192277E-09     -0.19856230E-03     -0.42490886E-03
    3012     -0.83704405E-09     -0.84192277E-09     -0.19861323E-03     -0.42490886E-03
    3013     -0.83704694E-09     -0.84192277E-09     -0.19867500E-03     -0.42490886E-03
    3014     -0.83704874E-09     -0.84192277E-09     -0.19871836E-03     -0.42490886E-03
    3015     -0.83705262E-09     -0.84192277E-09     -0.19879846E-03     -0.42490886E-03
    3016     -0.83706087E-09     -0.84192277E-09     -0.19893986E-03     -0.42490886E-03
    3017     -0.83706449E-09     -0.84192277E-09     -0.19901734E-03     -0.42490886E-03
    3018     -0.83706666E-09     -0.84192277E-09     -0.19906365E-03     -0.42490886E-03
    3019     -0.83707043E-09     -0.84192277E-09     -0.19914016E-03     -0.42490886E-03
    3020     -0.83707298E-09     -0.84192277E-09     -0.19919215E-03     -0.42490886E-03
    3021     -0.83707568E-09     -0.84192277E-09     -0.19924800E-03     -0.42490886E-03
    3022     -0.83707807E-09     -0.84192277E-09     -0.19930252E-03     -0.42490886E-03
    3023     -0.83708147E-09     -0.84192277E-09     -0.19937186E-03     -0.42490886E-03
    3024     -0.83708411E-09     -0.84192277E-09     -0.19942054E-03     -0.42490886E-03
    3025     -0.83708631E-09     -0.84192277E-09     -0.19947266E-03     -0.42490886E-03
    3026     -0.83708944E-09     -0.84192277E-09     -0.19953669E-03     -0.42490886E-03
    3027     -0.83709139E-09     -0.84192277E-09     -0.19958561E-03     -0.42490886E-03
    3028     -0.83709396E-09     -0.84192277E-09     -0.19963994E-03     -0.42490886E-03
    3029     -0.83709658E-09     -0.84192277E-09     -0.19969521E-03     -0.42490886E-03
    3030     -0.83709875E-09     -0.84192277E-09     -0.19974811E-03     -0.42490886E-03
    3031     -0.83710103E-09     -0.84192277E-09     -0.19980487E-03     -0.42490886E-03
    3032     -0.83710305E-09     -0.84192277E-09     -0.19985891E-03     -0.42490886E-03
    3033     -0.83710481E-09     -0.84192277E-09     -0.19990655E-03     -0.42490886E-03
    3034     -0.83710727E-09     -0.84192277E-09     -0.19996601E-03     -0.42490886E-03
    3035     -0.83710969E-09     -0.84192277E-09     -0.20003673E-03     -0.42490886E-03
    3036     -0.83711169E-09     -0.84192277E-09     -0.20009185E-03     -0.42490886E-03
    3037     -0.83711345E-09     -0.84192277E-09     -0.20014151E-03     -0.42490886E-03
    3038     -0.83711571E-09     -0.84192277E-09     -0.20019772E-03     -0.42490886E-03
    3039     -0.83711842E-09     -0.84192277E-09     -0.20026193E-03     -0.42490886E-03
    3040     -0.83712245E-09     -0.84192277E-09     -0.20034176E-03     -0.42490886E-03
    3041     -0.83712439E-09     -0.84192277E-09     -0.20038412E-03     -0.42490886E-03
    3042     -0.83712635E-09     -0.84192277E-09     -0.20043724E-03     -0.42490886E-03
    3043     -0.83712854E-09     -0.84192277E-09     -0.20048362E-03     -0.42490886E-03
    3044     -0.83713068E-09     -0.84192277E-09     -0.20053895E-03     -0.42490886E-03
    3045     -0.83713273E-09     -0.84192277E-09     -0.20059132E-03     -0.42490886E-03
    3046     -0.83713493E-09     -0.84192277E-09     -0.20063482E-03     -0.42490886E-03
    3047     -0.83713658E-09     -0.84192277E-09     -0.20068237E-03     -0.42490886E-03
    3048     -0.83714478E-09     -0.84192277E-09     -0.20081508E-03     -0.42490886E-03
    3049     -0.83714813E-09     -0.84192277E-09     -0.20088341E-03     -0.42490886E-03
    3050     -0.83715162E-09     -0.84192277E-09     -0.20094987E-03     -0.42490886E-03
    3051     -0.83715375E-09     -0.84192277E-09     -0.20100214E-03     -0.42490886E-03
    3052     -0.83715756E-09     -0.84192277E-09     -0.20107259E-03     -0.42490886E-03
    3053     -0.83716336E-09     -0.84192277E-09     -0.20117499E-03     -0.42490886E-03
    3054     -0.83716588E-09     -0.84192277E-09     -0.20122951E-03     -0.42490886E-03
    3055     -0.83716852E-09     -0.84192277E-09     -0.20128717E-03     -0.42490886E-03
    3056     -0.83717315E-09     -0.84192277E-09     -0.20137233E-03     -0.42490886E-03
    3057     -0.83717611E-09     -0.84192277E-09     -0.20143414E-03     -0.42490886E-03
    3058     -0.83717793E-09     -0.84192277E-09     -0.20148272E-03     -0.42490886E-03
    3059     -0.83718030E-09     -0.84192277E-09     -0.20153811E-03     -0.42490886E-03
    3060     -0.83718205E-09     -0.84192277E-09     -0.20157985E-03     -0.42490886E-03
    3061     -0.83718369E-09     -0.84192277E-09     -0.20162069E-03     -0.42490886E-03
    3062     -0.83718542E-09     -0.84192277E-09     -0.20166048E-03     -0.42490886E-03
    3063     -0.83718806E-09     -0.84192277E-09     -0.20171421E-03     -0.42490886E-03
    3064     -0.83718960E-09     -0.84192277E-09     -0.20175425E-03     -0.42490886E-03
    3065     -0.83719259E-09     -0.84192277E-09     -0.20180954E-03     -0.42490886E-03
    3066     -0.83719439E-09     -0.84192277E-09     -0.20185153E-03     -0.42490886E-03
    3067     -0.83719605E-09     -0.84192277E-09     -0.20189872E-03     -0.42490886E-03
    3068     -0.83719878E-09     -0.84192277E-09     -0.20195552E-03     -0.42490886E-03
    3069     -0.83720071E-09     -0.84192277E-09     -0.20200039E-03     -0.42490886E-03
    3070     -0.83720230E-09     -0.84192277E-09     -0.20204074E-03     -0.42490886E-03
    3071     -0.83720368E-09     -0.84192277E-09     -0.20207110E-03     -0.42490886E-03
    3072     -0.83720521E-09     -0.84192277E-09     -0.20211058E-03     -0.42490886E-03
    3073     -0.83720662E-09     -0.84192277E-09     -0.20214501E-03     -0.42490886E-03
    3074     -0.83720833E-09     -0.84192277E-09     -0.20218484E-03     -0.42490886E-03
    3075     -0.83720985E-09     -0.84192277E-09     -0.20221598E-03     -0.42490886E-03
    3076     -0.83721202E-09     -0.84192277E-09     -0.20226312E-03     -0.42490886E-03
    3077     -0.83721348E-09     -0.84192277E-09     -0.20230383E-03     -0.42490886E-03
    3078     -0.83721527E-09     -0.84192277E-09     -0.20234780E-03     -0.42490886E-03
    3079     -0.83721649E-09     -0.84192277E-09     -0.20238087E-03     -0.42490886E-03
    3080     -0.83721893E-09     -0.84192277E-09     -0.20244172E-03     -0.42490886E-03
    3081     -0.83722136E-09     -0.84192277E-09     -0.20249411E-03     -0.42490886E-03
    3082     -0.83722344E-09     -0.84192277E-09     -0.20254619E-03     -0.42490886E-03
    3083     -0.83722591E-09     -0.84192277E-09     -0.20261365E-03     -0.42490886E-03
    3084     -0.83722844E-09     -0.84192277E-09     -0.20267152E-03     -0.42490886E-03
    3085     -0.83723018E-09     -0.84192277E-09     -0.20271634E-03     -0.42490886E-03
    3086     -0.83723265E-09     -0.84192277E-09     -0.20277731E-03     -0.42490886E-03
    3087     -0.83723446E-09     -0.84192277E-09     -0.20282405E-03     -0.42490886E-03
    3088     -0.83723639E-09     -0.84192277E-09     -0.20287696E-03     -0.42490886E-03
    3089     -0.83723887E-09     -0.84192277E-09     -0.20293695E-03     -0.42490886E-03
    3090     -0.83724168E-09     -0.84192277E-09     -0.20299487E-03     -0.42490886E-03
    3091     -0.83724718E-09     -0.84192277E-09     -0.20310918E-03     -0.42490886E-03
    3092     -0.83725105E-09     -0.84192277E-09     -0.20319653E-03     -0.42490886E-03
    3093     -0.83725305E-09     -0.84192277E-09     -0.20325129E-03     -0.42490886E-03
    3094     -0.83725557E-09     -0.84192277E-09     -0.20331144E-03     -0.42490886E-03
    3095     -0.83725868E-09     -0.84192277E-09     -0.20339117E-03     -0.42490886E-03
    3096     -0.83726342E-09     -0.84192277E-09     -0.20349503E-03     -0.42490886E-03
    3097     -0.83726895E-09     -0.84192277E-09     -0.20362435E-03     -0.42490886E-03
    3098     -0.83727282E-09     -0.84192277E-09     -0.20370520E-03     -0.42490886E-03
    3099     -0.83727493E-09     -0.84192277E-09     -0.20375779E-03     -0.42490886E-03
    3100     -0.83727727E-09     -0.84192277E-09     -0.20382305E-03     -0.42490886E-03
    3101     -0.83727906E-09     -0.84192277E-09     -0.20387052E-03     -0.42490886E-03
    3102     -0.83728061E-09     -0.84192277E-09     -0.20391615E-03     -0.42490886E-03
    3103     -0.83728267E-09     -0.84192277E-09     -0.20398046E-03     -0.42490886E-03
    3104     -0.83728455E-09     -0.84192277E-09     -0.20402787E-03     -0.42490886E-03
    3105     -0.83728679E-09     -0.84192277E-09     -0.20408486E-03     -0.42490886E-03
    3106     -0.83729014E-09     -0.84192277E-09     -0.20416384E-03     -0.42490886E-03
    3107     -0.83729199E-09     -0.84192277E-09     -0.20421555E-03     -0.42490886E-03
    3108     -0.83729395E-09     -0.84192277E-09     -0.20426313E-03     -0.42490886E-03
    3109     -0.83729600E-09     -0.84192277E-09     -0.20431079E-03     -0.42490886E-03
    3110     -0.83729766E-09     -0.84192277E-09     -0.20435126E-03     -0.42490886E-03
    3111     -0.83729928E-09     -0.84192277E-09     -0.20439463E-03     -0.42490886E-03
    3112     -0.83730102E-09     -0.84192277E-09     -0.20444658E-03     -0.42490886E-03
    3113     -0.83730319E-09     -0.84192277E-09     -0.20449926E-03     -0.42490886E-03
    3114     -0.83730487E-09     -0.84192277E-09     -0.20454583E-03     -0.42490886E-03
    3115     -0.83730644E-09     -0.84192277E-09     -0.20458741E-03     -0.42490886E-03
    3116     -0.83730780E-09     -0.84192277E-09     -0.20462308E-03     -0.42490886E-03
    3117     -0.83730952E-09     -0.84192277E-09     -0.20466476E-03     -0.42490886E-03
    3118     -0.83731165E-09     -0.84192277E-09     -0.20472126E-03     -0.42490886E-03
    3119     -0.83731362E-09     -0.84192277E-09     -0.20477505E-03     -0.42490886E-03
    3120     -0.83731581E-09     -0.84192277E-09     -0.20483697E-03     -0.42490886E-03
    3121     -0.83731788E-09     -0.84192277E-09     -0.20489519E-03     -0.42490886E-03
    3122     -0.83731949E-09     -0.84192277E-09     -0.20494624E-03     -0.42490886E-03
    3123     -0.83732113E-09     -0.84192277E-09     -0.20499399E-03     -0.42490886E-03
    3124     -0.83732330E-09     -0.84192277E-09     -0.20504943E-03     -0.42490886E-03
    3125     -0.83732505E-09     -0.84192277E-09     -0.20510950E-03     -0.42490886E-03
    3126     -0.83732717E-09     -0.84192277E-09     -0.20516705E-03     -0.42490886E-03
    3127     -0.83732908E-09     -0.84192277E-09     -0.20522677E-03     -0.42490886E-03
    3128     -0.83733107E-09     -0.84192277E-09     -0.20530237E-03     -0.42490886E-03
    3129     -0.83733343E-09     -0.84192277E-09     -0.20536661E-03     -0.42490886E-03
    3130     -0.83733516E-09     -0.84192277E-09     -0.20541849E-03     -0.42490886E-03
    3131     -0.83733689E-09     -0.84192277E-09     -0.20546547E-03     -0.42490886E-03
    3132     -0.83733899E-09     -0.84192277E-09     -0.20552520E-03     -0.42490886E-03
    3133     -0.83734085E-09     -0.84192277E-09     -0.20557067E-03     -0.42490886E-03
    3134     -0.83734297E-09     -0.84192277E-09     -0.20563343E-03     -0.42490886E-03
    3135     -0.83734461E-09     -0.84192277E-09     -0.20567993E-03     -0.42490886E-03
    3136     -0.83734644E-09     -0.84192277E-09     -0.20572577E-03     -0.42490886E-03
    3137     -0.83734785E-09     -0.84192277E-09     -0.20576147E-03     -0.42490886E-03
    3138     -0.83734950E-09     -0.84192277E-09     -0.20580938E-03     -0.42490886E-03
    3139     -0.83735135E-09     -0.84192277E-09     -0.20585866E-03     -0.42490886E-03
    3140     -0.83735294E-09     -0.84192277E-09     -0.20590183E-03     -0.42490886E-03
    3141     -0.83735448E-09     -0.84192277E-09     -0.20594023E-03     -0.42490886E-03
    3142     -0.83735612E-09     -0.84192277E-09     -0.20599229E-03     -0.42490886E-03
    3143     -0.83735826E-09     -0.84192277E-09     -0.20606830E-03     -0.42490886E-03
    3144     -0.83735969E-09     -0.84192277E-09     -0.20611297E-03     -0.42490886E-03
    3145     -0.83736162E-09     -0.84192277E-09     -0.20617107E-03     -0.42490886E-03
    3146     -0.83736329E-09     -0.84192277E-09     -0.20622102E-03     -0.42490886E-03
    3147     -0.83736479E-09     -0.84192277E-09     -0.20625906E-03     -0.42490886E-03
    3148     -0.83736637E-09     -0.84192277E-09     -0.20630475E-03     -0.42490886E-03
    3149     -0.83736809E-09     -0.84192277E-09     -0.20635816E-03     -0.42490886E-03
    3150     -0.83737008E-09     -0.84192277E-09     -0.20641492E-03     -0.42490886E-03
    3151     -0.83737163E-09     -0.84192277E-09     -0.20646157E-03     -0.42490886E-03
    3152     -0.83737335E-09     -0.84192277E-09     -0.20650885E-03     -0.42490886E-03
    3153     -0.83737526E-09     -0.84192277E-09     -0.20656448E-03     -0.42490886E-03
    3154     -0.83737726E-09     -0.84192277E-09     -0.20663485E-03     -0.42490886E-03
    3155     -0.83737933E-09     -0.84192277E-09     -0.20669334E-03     -0.42490886E-03
    3156     -0.83738099E-09     -0.84192277E-09     -0.20674093E-03     -0.42490886E-03
    3157     -0.83738316E-09     -0.84192277E-09     -0.20681138E-03     -0.42490886E-03
    3158     -0.83738570E-09     -0.84192277E-09     -0.20687508E-03     -0.42490886E-03
    3159     -0.83738782E-09     -0.84192277E-09     -0.20694165E-03     -0.42490886E-03
    3160     -0.83739009E-09     -0.84192277E-09     -0.20701127E-03     -0.42490886E-03
    3161     -0.83739225E-09     -0.84192277E-09     -0.20708086E-03     -0.42490886E-03
    3162     -0.83739506E-09     -0.84192277E-09     -0.20716104E-03     -0.42490886E-03
    3163     -0.83739761E-09     -0.84192277E-09     -0.20723223E-03     -0.42490886E-03
    3164     -0.83739965E-09     -0.84192277E-09     -0.20728942E-03     -0.42490886E-03
    3165     -0.83740160E-09     -0.84192277E-09     -0.20735019E-03     -0.42490886E-03
    3166     -0.83740370E-09     -0.84192277E-09     -0.20741254E-03     -0.42490886E-03
    3167     -0.83740563E-09     -0.84192277E-09     -0.20746524E-03     -0.42490886E-03
    3168     -0.83740737E-09     -0.84192277E-09     -0.20752019E-03     -0.42490886E-03
    3169     -0.83740922E-09     -0.84192277E-09     -0.20757428E-03     -0.42490886E-03
    3170     -0.83741083E-09     -0.84192277E-09     -0.20762158E-03     -0.42490886E-03
    3171     -0.83741236E-09     -0.84192277E-09     -0.20767441E-03     -0.42490886E-03
    3172     -0.83741371E-09     -0.84192277E-09     -0.20771910E-03     -0.42490886E-03
    3173     -0.83741521E-09     -0.84192277E-09     -0.20777703E-03     -0.42490886E-03
    3174     -0.83741676E-09     -0.84192277E-09     -0.20782177E-03     -0.42490886E-03
    3175     -0.83741828E-09     -0.84192277E-09     -0.20787101E-03     -0.42490886E-03
    3176     -0.83741989E-09     -0.84192277E-09     -0.20791843E-03     -0.42490886E-03
    3177     -0.83742167E-09     -0.84192277E-09     -0.20797515E-03     -0.42490886E-03
    3178     -0.83742356E-09     -0.84192277E-09     -0.20803143E-03     -0.42490886E-03
    3179     -0.83742504E-09     -0.84192277E-09     -0.20807671E-03     -0.42490886E-03
    3180     -0.83742667E-09     -0.84192277E-09     -0.20812457E-03     -0.42490886E-03
    3181     -0.83742855E-09     -0.84192277E-09     -0.20818039E-03     -0.42490886E-03
    3182     -0.83743043E-09     -0.84192277E-09     -0.20823398E-03     -0.42490886E-03
    3183     -0.83743239E-09     -0.84192277E-09     -0.20829281E-03     -0.42490886E-03
    3184     -0.83743399E-09     -0.84192277E-09     -0.20834421E-03     -0.42490886E-03
    3185     -0.83743608E-09     -0.84192277E-09     -0.20840479E-03     -0.42490886E-03
    3186     -0.83743830E-09     -0.84192277E-09     -0.20847685E-03     -0.42490886E-03
    3187     -0.83743967E-09     -0.84192277E-09     -0.20851574E-03     -0.42490886E-03
    3188     -0.83744181E-09     -0.84192277E-09     -0.20858157E-03     -0.42490886E-03
    3189     -0.83744419E-09     -0.84192277E-09     -0.20864503E-03     -0.42490886E-03
    3190     -0.83744569E-09     -0.84192277E-09     -0.20869206E-03     -0.42490886E-03
    3191     -0.83744772E-09     -0.84192277E-09     -0.20875384E-03     -0.42490886E-03
    3192     -0.83744946E-09     -0.84192277E-09     -0.20881099E-03     -0.42490886E-03
    3193     -0.83745124E-09     -0.84192277E-09     -0.20886474E-03     -0.42490886E-03
    3194     -0.83745300E-09     -0.84192277E-09     -0.20892019E-03     -0.42490886E-03
    3195     -0.83745449E-09     -0.84192277E-09     -0.20896130E-03     -0.42490886E-03
    3196     -0.83745664E-09     -0.84192277E-09     -0.20904080E-03     -0.42490886E-03
    3197     -0.83745848E-09     -0.84192277E-09     -0.20909699E-03     -0.42490886E-03
    3198     -0.83746037E-09     -0.84192277E-09     -0.20915494E-03     -0.42490886E-03
    3199     -0.83746232E-09     -0.84192277E-09     -0.20921432E-03     -0.42490886E-03
    3200     -0.83746388E-09     -0.84192277E-09     -0.20925935E-03     -0.42490886E-03
    3201     -0.83746576E-09     -0.84192277E-09     -0.20931677E-03     -0.42490886E-03
    3202     -0.83746724E-09     -0.84192277E-09     -0.20936093E-03     -0.42490886E-03
    3203     -0.83746885E-09     -0.84192277E-09     -0.20941358E-03     -0.42490886E-03
    3204     -0.83747041E-09     -0.84192277E-09     -0.20946651E-03     -0.42490886E-03
    3205     -0.83747179E-09     -0.84192277E-09     -0.20950708E-03     -0.42490886E-03
    3206     -0.83747385E-09     -0.84192277E-09     -0.20956576E-03     -0.42490886E-03
    3207     -0.83747528E-09     -0.84192277E-09     -0.20961103E-03     -0.42490886E-03
    3208     -0.83747727E-09     -0.84192277E-09     -0.20966535E-03     -0.42490886E-03
    3209     -0.83747895E-09     -0.84192277E-09     -0.20972107E-03     -0.42490886E-03
    3210     -0.83748078E-09     -0.84192277E-09     -0.20977433E-03     -0.42490886E-03
    3211     -0.83748263E-09     -0.84192277E-09     -0.20982274E-03     -0.42490886E-03
    3212     -0.83748452E-09     -0.84192277E-09     -0.20987995E-03     -0.42490886E-03
    3213     -0.83748648E-09     -0.84192277E-09     -0.20992753E-03     -0.42490886E-03
    3214     -0.83748887E-09     -0.84192277E-09     -0.20999316E-03     -0.42490886E-03
    3215     -0.83749109E-09     -0.84192277E-09     -0.21006662E-03     -0.42490886E-03
    3216     -0.83749301E-09     -0.84192277E-09     -0.21012385E-03     -0.42490886E-03
    3217     -0.83749479E-09     -0.84192277E-09     -0.21017560E-03     -0.42490886E-03
    3218     -0.83749661E-09     -0.84192277E-09     -0.21022884E-03     -0.42490886E-03
    3219     -0.83749819E-09     -0.84192277E-09     -0.21027930E-03     -0.42490886E-03
    3220     -0.83750103E-09     -0.84192277E-09     -0.21036235E-03     -0.42490886E-03
    3221     -0.83750246E-09     -0.84192277E-09     -0.21040401E-03     -0.42490886E-03
    3222     -0.83750406E-09     -0.84192277E-09     -0.21045461E-03     -0.42490886E-03
    3223     -0.83750601E-09     -0.84192277E-09     -0.21051246E-03     -0.42490886E-03
    3224     -0.83750739E-09     -0.84192277E-09     -0.21055731E-03     -0.42490886E-03
    3225     -0.83750883E-09     -0.84192277E-09     -0.21060176E-03     -0.42490886E-03
    3226     -0.83751035E-09     -0.84192277E-09     -0.21065642E-03     -0.42490886E-03
    3227     -0.83751206E-09     -0.84192277E-09     -0.21070419E-03     -0.42490886E-03
    3228     -0.83751357E-09     -0.84192277E-09     -0.21074867E-03     -0.42490886E-03
    3229     -0.83751564E-09     -0.84192277E-09     -0.21080485E-03     -0.42490886E-03
    3230     -0.83751734E-09     -0.84192277E-09     -0.21085117E-03     -0.42490886E-03
    3231     -0.83751952E-09     -0.84192277E-09     -0.21091175E-03     -0.42490886E-03
    3232     -0.83752131E-09     -0.84192277E-09     -0.21096220E-03     -0.42490886E-03
    3233     -0.83752314E-09     -0.84192277E-09     -0.21103022E-03     -0.42490886E-03
    3234     -0.83752452E-09     -0.84192277E-09     -0.21107119E-03     -0.42490886E-03
    3235     -0.83752609E-09     -0.84192277E-09     -0.21111498E-03     -0.42490886E-03
    3236     -0.83752838E-09     -0.84192277E-09     -0.21117254E-03     -0.42490886E-03
    3237     -0.83753041E-09     -0.84192277E-09     -0.21122173E-03     -0.42490886E-03
    3238     -0.83753348E-09     -0.84192277E-09     -0.21129896E-03     -0.42490886E-03
    3239     -0.83753538E-09     -0.84192277E-09     -0.21135083E-03     -0.42490886E-03
    3240     -0.83753708E-09     -0.84192277E-09     -0.21140239E-03     -0.42490886E-03
    3241     -0.83753878E-09     -0.84192277E-09     -0.21145526E-03     -0.42490886E-03
    3242     -0.83754040E-09     -0.84192277E-09     -0.21149998E-03     -0.42490886E-03
    3243     -0.83754237E-09     -0.84192277E-09     -0.21155908E-03     -0.42490886E-03
    3244     -0.83754394E-09     -0.84192277E-09     -0.21160606E-03     -0.42490886E-03
    3245     -0.83754559E-09     -0.84192277E-09     -0.21165526E-03     -0.42490886E-03
    3246     -0.83754703E-09     -0.84192277E-09     -0.21169873E-03     -0.42490886E-03
    3247     -0.83754854E-09     -0.84192277E-09     -0.21174570E-03     -0.42490886E-03
    3248     -0.83754999E-09     -0.84192277E-09     -0.21179068E-03     -0.42490886E-03
    3249     -0.83755136E-09     -0.84192277E-09     -0.21182824E-03     -0.42490886E-03
    3250     -0.83755285E-09     -0.84192277E-09     -0.21187307E-03     -0.42490886E-03
    3251     -0.83755415E-09     -0.84192277E-09     -0.21190808E-03     -0.42490886E-03
    3252     -0.83755545E-09     -0.84192277E-09     -0.21194862E-03     -0.42490886E-03
    3253     -0.83755697E-09     -0.84192277E-09     -0.21199438E-03     -0.42490886E-03
    3254     -0.83755859E-09     -0.84192277E-09     -0.21203695E-03     -0.42490886E-03
    3255     -0.83755995E-09     -0.84192277E-09     -0.21207649E-03     -0.42490886E-03
    3256     -0.83756143E-09     -0.84192277E-09     -0.21212436E-03     -0.42490886E-03
    3257     -0.83756352E-09     -0.84192277E-09     -0.21217855E-03     -0.42490886E-03
    3258     -0.83756504E-09     -0.84192277E-09     -0.21223518E-03     -0.42490886E-03
    3259     -0.83756714E-09     -0.84192277E-09     -0.21230021E-03     -0.42490886E-03
    3260     -0.83756888E-09     -0.84192277E-09     -0.21235977E-03     -0.42490886E-03
    3261     -0.83757081E-09     -0.84192277E-09     -0.21241289E-03     -0.42490886E-03
    3262     -0.83757238E-09     -0.84192277E-09     -0.21245611E-03     -0.42490886E-03
    3263     -0.83757459E-09     -0.84192277E-09     -0.21252528E-03     -0.42490886E-03
    3264     -0.83757614E-09     -0.84192277E-09     -0.21257469E-03     -0.42490886E-03
    3265     -0.83757765E-09     -0.84192277E-09     -0.21262358E-03     -0.42490886E-03
    3266     -0.83757907E-09     -0.84192277E-09     -0.21266730E-03     -0.42490886E-03
    3267     -0.83758103E-09     -0.84192277E-09     -0.21273558E-03     -0.42490886E-03
    3268     -0.83758280E-09     -0.84192277E-09     -0.21278838E-03     -0.42490886E-03
    3269     -0.83758568E-09     -0.84192277E-09     -0.21288909E-03     -0.42490886E-03
    3270     -0.83758865E-09     -0.84192277E-09     -0.21299771E-03     -0.42490886E-03
    3271     -0.83758993E-09     -0.84192277E-09     -0.21304211E-03     -0.42490886E-03
    3272     -0.83759201E-09     -0.84192277E-09     -0.21310763E-03     -0.42490886E-03
    3273     -0.83759423E-09     -0.84192277E-09     -0.21317583E-03     -0.42490886E-03
    3274     -0.83759787E-09     -0.84192277E-09     -0.21328609E-03     -0.42490886E-03
    3275     -0.83760228E-09     -0.84192277E-09     -0.21341593E-03     -0.42490886E-03
    3276     -0.83760467E-09     -0.84192277E-09     -0.21349169E-03     -0.42490886E-03
    3277     -0.83760629E-09     -0.84192277E-09     -0.21354256E-03     -0.42490886E-03
    3278     -0.83760784E-09     -0.84192277E-09     -0.21359446E-03     -0.42490886E-03
    3279     -0.83760978E-09     -0.84192277E-09     -0.21366491E-03     -0.42490886E-03
    3280     -0.83761209E-09     -0.84192277E-09     -0.21374773E-03     -0.42490886E-03
    3281     -0.83761488E-09     -0.84192277E-09     -0.21385225E-03     -0.42490886E-03
    3282     -0.83761759E-09     -0.84192277E-09     -0.21395647E-03     -0.42490886E-03
    3283     -0.83761968E-09     -0.84192277E-09     -0.21402561E-03     -0.42490886E-03
    3284     -0.83762229E-09     -0.84192277E-09     -0.21409306E-03     -0.42490886E-03
    3285     -0.83762368E-09     -0.84192277E-09     -0.21413563E-03     -0.42490886E-03
    3286     -0.83762542E-09     -0.84192277E-09     -0.21418839E-03     -0.42490886E-03
    3287     -0.83762788E-09     -0.84192277E-09     -0.21427658E-03     -0.42490886E-03
    3288     -0.83763004E-09     -0.84192277E-09     -0.21435045E-03     -0.42490886E-03
    3289     -0.83763203E-09     -0.84192277E-09     -0.21440665E-03     -0.42490886E-03
    3290     -0.83763394E-09     -0.84192277E-09     -0.21446881E-03     -0.42490886E-03
    3291     -0.83763529E-09     -0.84192277E-09     -0.21451470E-03     -0.42490886E-03
    3292     -0.83763705E-09     -0.84192277E-09     -0.21456993E-03     -0.42490886E-03
    3293     -0.83763941E-09     -0.84192277E-09     -0.21462974E-03     -0.42490886E-03
    3294     -0.83764093E-09     -0.84192277E-09     -0.21467941E-03     -0.42490886E-03
    3295     -0.83764225E-09     -0.84192277E-09     -0.21471981E-03     -0.42490886E-03
    3296     -0.83764403E-09     -0.84192277E-09     -0.21477451E-03     -0.42490886E-03
    3297     -0.83764523E-09     -0.84192277E-09     -0.21480837E-03     -0.42490886E-03
    3298     -0.83764700E-09     -0.84192277E-09     -0.21485837E-03     -0.42490886E-03
    3299     -0.83764832E-09     -0.84192277E-09     -0.21489916E-03     -0.42490886E-03
    3300     -0.83764951E-09     -0.84192277E-09     -0.21493966E-03     -0.42490886E-03
    3301     -0.83765092E-09     -0.84192277E-09     -0.21498333E-03     -0.42490886E-03
    3302     -0.83765256E-09     -0.84192277E-09     -0.21503602E-03     -0.42490886E-03
    3303     -0.83765389E-09     -0.84192277E-09     -0.21508051E-03     -0.42490886E-03
    3304     -0.83765527E-09     -0.84192277E-09     -0.21511966E-03     -0.42490886E-03
    3305     -0.83765677E-09     -0.84192277E-09     -0.21516065E-03     -0.42490886E-03
    3306     -0.83765799E-09     -0.84192277E-09     -0.21520181E-03     -0.42490886E-03
    3307     -0.83765941E-09     -0.84192277E-09     -0.21524847E-03     -0.42490886E-03
    3308     -0.83766064E-09     -0.84192277E-09     -0.21528420E-03     -0.42490886E-03
    3309     -0.83766228E-09     -0.84192277E-09     -0.21533290E-03     -0.42490886E-03
    3310     -0.83766359E-09     -0.84192277E-09     -0.21536839E-03     -0.42490886E-03
    3311     -0.83766467E-09     -0.84192277E-09     -0.21540223E-03     -0.42490886E-03
    3312     -0.83766596E-09     -0.84192277E-09     -0.21543696E-03     -0.42490886E-03
    3313     -0.83766702E-09     -0.84192277E-09     -0.21547496E-03     -0.42490886E-03
    3314     -0.83766845E-09     -0.84192277E-09     -0.21551262E-03     -0.42490886E-03
    3315     -0.83766986E-09     -0.84192277E-09     -0.21555107E-03     -0.42490886E-03
    3316     -0.83767123E-09     -0.84192277E-09     -0.21558973E-03     -0.42490886E-03
    3317     -0.83767226E-09     -0.84192277E-09     -0.21561983E-03     -0.42490886E-03
    3318     -0.83767347E-09     -0.84192277E-09     -0.21565506E-03     -0.42490886E-03
    3319     -0.83767480E-09     -0.84192277E-09     -0.21569105E-03     -0.42490886E-03
    3320     -0.83767612E-09     -0.84192277E-09     -0.21573683E-03     -0.42490886E-03
    3321     -0.83767734E-09     -0.84192277E-09     -0.21577367E-03     -0.42490886E-03
    3322     -0.83767873E-09     -0.84192277E-09     -0.21581583E-03     -0.42490886E-03
    3323     -0.83768005E-09     -0.84192277E-09     -0.21585515E-03     -0.42490886E-03
    3324     -0.83768152E-09     -0.84192277E-09     -0.21589947E-03     -0.42490886E-03
    3325     -0.83768291E-09     -0.84192277E-09     -0.21594510E-03     -0.42490886E-03
    3326     -0.83768440E-09     -0.84192277E-09     -0.21598695E-03     -0.42490886E-03
    3327     -0.83768563E-09     -0.84192277E-09     -0.21601962E-03     -0.42490886E-03
    3328     -0.83768737E-09     -0.84192277E-09     -0.21606437E-03     -0.42490886E-03
    3329     -0.83768878E-09     -0.84192277E-09     -0.21610643E-03     -0.42490886E-03
    3330     -0.83768988E-09     -0.84192277E-09     -0.21614218E-03     -0.42490886E-03
    3331     -0.83769103E-09     -0.84192277E-09     -0.21617485E-03     -0.42490886E-03
    3332     -0.83769204E-09     -0.84192277E-09     -0.21620521E-03     -0.42490886E-03
    3333     -0.83769286E-09     -0.84192277E-09     -0.21623767E-03     -0.42490886E-03
    3334     -0.83769388E-09     -0.84192277E-09     -0.21626893E-03     -0.42490886E-03
    3335     -0.83769516E-09     -0.84192277E-09     -0.21631170E-03     -0.42490886E-03
    3336     -0.83769648E-09     -0.84192277E-09     -0.21635524E-03     -0.42490886E-03
    3337     -0.83769753E-09     -0.84192277E-09     -0.21638780E-03     -0.42490886E-03
    3338     -0.83769861E-09     -0.84192277E-09     -0.21642354E-03     -0.42490886E-03
    3339     -0.83769933E-09     -0.84192277E-09     -0.21645127E-03     -0.42490886E-03
    3340     -0.83770042E-09     -0.84192277E-09     -0.21648862E-03     -0.42490886E-03
    3341     -0.83770153E-09     -0.84192277E-09     -0.21652470E-03     -0.42490886E-03
    3342     -0.83770266E-09     -0.84192277E-09     -0.21656100E-03     -0.42490886E-03
    3343     -0.83770404E-09     -0.84192277E-09     -0.21659954E-03     -0.42490886E-03
    3344     -0.83770540E-09     -0.84192277E-09     -0.21664335E-03     -0.42490886E-03
    3345     -0.83770680E-09     -0.84192277E-09     -0.21669114E-03     -0.42490886E-03
    3346     -0.83770803E-09     -0.84192277E-09     -0.21672954E-03     -0.42490886E-03
    3347     -0.83770910E-09     -0.84192277E-09     -0.21676945E-03     -0.42490886E-03
    3348     -0.83771078E-09     -0.84192277E-09     -0.21682236E-03     -0.42490886E-03
    3349     -0.83771215E-09     -0.84192277E-09     -0.21686763E-03     -0.42490886E-03
    3350     -0.83771336E-09     -0.84192277E-09     -0.21690986E-03     -0.42490886E-03
    3351     -0.83771481E-09     -0.84192277E-09     -0.21696017E-03     -0.42490886E-03
    3352     -0.83771628E-09     -0.84192277E-09     -0.21700525E-03     -0.42490886E-03
    3353     -0.83771776E-09     -0.84192277E-09     -0.21705658E-03     -0.42490886E-03
    3354     -0.83771922E-09     -0.84192277E-09     -0.21710622E-03     -0.42490886E-03
    3355     -0.83772026E-09     -0.84192277E-09     -0.21714099E-03     -0.42490886E-03
    3356     -0.83772123E-09     -0.84192277E-09     -0.21717419E-03     -0.42490886E-03
    3357     -0.83772274E-09     -0.84192277E-09     -0.21722409E-03     -0.42490886E-03
    3358     -0.83772419E-09     -0.84192277E-09     -0.21727279E-03     -0.42490886E-03
    3359     -0.83772572E-09     -0.84192277E-09     -0.21731998E-03     -0.42490886E-03
    3360     -0.83772718E-09     -0.84192277E-09     -0.21737256E-03     -0.42490886E-03
    3361     -0.83772841E-09     -0.84192277E-09     -0.21741014E-03     -0.42490886E-03
    3362     -0.83772981E-09     -0.84192277E-09     -0.21745592E-03     -0.42490886E-03
    3363     -0.83773125E-09     -0.84192277E-09     -0.21750423E-03     -0.42490886E-03
    3364     -0.83773245E-09     -0.84192277E-09     -0.21754287E-03     -0.42490886E-03
    3365     -0.83773368E-09     -0.84192277E-09     -0.21758467E-03     -0.42490886E-03
    3366     -0.83773490E-09     -0.84192277E-09     -0.21762476E-03     -0.42490886E-03
    3367     -0.83773616E-09     -0.84192277E-09     -0.21766072E-03     -0.42490886E-03
    3368     -0.83773714E-09     -0.84192277E-09     -0.21769600E-03     -0.42490886E-03
    3369     -0.83773834E-09     -0.84192277E-09     -0.21773676E-03     -0.42490886E-03
    3370     -0.83773963E-09     -0.84192277E-09     -0.21777905E-03     -0.42490886E-03
    3371     -0.83774098E-09     -0.84192277E-09     -0.21781838E-03     -0.42490886E-03
    3372     -0.83774244E-09     -0.84192277E-09     -0.21787441E-03     -0.42490886E-03
    3373     -0.83774375E-09     -0.84192277E-09     -0.21792215E-03     -0.42490886E-03
    3374     -0.83774484E-09     -0.84192277E-09     -0.21796108E-03     -0.42490886E-03
    3375     -0.83774598E-09     -0.84192277E-09     -0.21800556E-03     -0.42490886E-03
    3376     -0.83774756E-09     -0.84192277E-09     -0.21805382E-03     -0.42490886E-03
    3377     -0.83774880E-09     -0.84192277E-09     -0.21809778E-03     -0.42490886E-03
    3378     -0.83774977E-09     -0.84192277E-09     -0.21813271E-03     -0.42490886E-03
    3379     -0.83775150E-09     -0.84192277E-09     -0.21818585E-03     -0.42490886E-03
    3380     -0.83775295E-09     -0.84192277E-09     -0.21822920E-03     -0.42490886E-03
    3381     -0.83775415E-09     -0.84192277E-09     -0.21827310E-03     -0.42490886E-03
    3382     -0.83775567E-09     -0.84192277E-09     -0.21832381E-03     -0.42490886E-03
    3383     -0.83775731E-09     -0.84192277E-09     -0.21837229E-03     -0.42490886E-03
    3384     -0.83775853E-09     -0.84192277E-09     -0.21841162E-03     -0.42490886E-03
    3385     -0.83775999E-09     -0.84192277E-09     -0.21846134E-03     -0.42490886E-03
    3386     -0.83776167E-09     -0.84192277E-09     -0.21851204E-03     -0.42490886E-03
    3387     -0.83776328E-09     -0.84192277E-09     -0.21855842E-03     -0.42490886E-03
    3388     -0.83776470E-09     -0.84192277E-09     -0.21860366E-03     -0.42490886E-03
    3389     -0.83776580E-09     -0.84192277E-09     -0.21863437E-03     -0.42490886E-03
    3390     -0.83776723E-09     -0.84192277E-09     -0.21867569E-03     -0.42490886E-03
    3391     -0.83776837E-09     -0.84192277E-09     -0.21871100E-03     -0.42490886E-03
    3392     -0.83776937E-09     -0.84192277E-09     -0.21874225E-03     -0.42490886E-03
    3393     -0.83777087E-09     -0.84192277E-09     -0.21878667E-03     -0.42490886E-03
    3394     -0.83777199E-09     -0.84192277E-09     -0.21882466E-03     -0.42490886E-03
    3395     -0.83777315E-09     -0.84192277E-09     -0.21886596E-03     -0.42490886E-03
    3396     -0.83777457E-09     -0.84192277E-09     -0.21890888E-03     -0.42490886E-03
    3397     -0.83777631E-09     -0.84192277E-09     -0.21896214E-03     -0.42490886E-03
    3398     -0.83777760E-09     -0.84192277E-09     -0.21901057E-03     -0.42490886E-03
    3399     -0.83777911E-09     -0.84192277E-09     -0.21905402E-03     -0.42490886E-03
    3400     -0.83778034E-09     -0.84192277E-09     -0.21909637E-03     -0.42490886E-03
    3401     -0.83778163E-09     -0.84192277E-09     -0.21913663E-03     -0.42490886E-03
    3402     -0.83778319E-09     -0.84192277E-09     -0.21917995E-03     -0.42490886E-03
    3403     -0.83778475E-09     -0.84192277E-09     -0.21922835E-03     -0.42490886E-03
    3404     -0.83778592E-09     -0.84192277E-09     -0.21926267E-03     -0.42490886E-03
    3405     -0.83778745E-09     -0.84192277E-09     -0.21930599E-03     -0.42490886E-03
    3406     -0.83778864E-09     -0.84192277E-09     -0.21934478E-03     -0.42490886E-03
    3407     -0.83778959E-09     -0.84192277E-09     -0.21937478E-03     -0.42490886E-03
    3408     -0.83779084E-09     -0.84192277E-09     -0.21941544E-03     -0.42490886E-03
    3409     -0.83779216E-09     -0.84192277E-09     -0.21946011E-03     -0.42490886E-03
    3410     -0.83779339E-09     -0.84192277E-09     -0.21949823E-03     -0.42490886E-03
    3411     -0.83779446E-09     -0.84192277E-09     -0.21954332E-03     -0.42490886E-03
    3412     -0.83779572E-09     -0.84192277E-09     -0.21958363E-03     -0.42490886E-03
    3413     -0.83779688E-09     -0.84192277E-09     -0.21962158E-03     -0.42490886E-03
    3414     -0.83779831E-09     -0.84192277E-09     -0.21966849E-03     -0.42490886E-03
    3415     -0.83779947E-09     -0.84192277E-09     -0.21970759E-03     -0.42490886E-03
    3416     -0.83780045E-09     -0.84192277E-09     -0.21974083E-03     -0.42490886E-03
    3417     -0.83780166E-09     -0.84192277E-09     -0.21977812E-03     -0.42490886E-03
    3418     -0.83780277E-09     -0.84192277E-09     -0.21981328E-03     -0.42490886E-03
    3419     -0.83780426E-09     -0.84192277E-09     -0.21985585E-03     -0.42490886E-03
    3420     -0.83780543E-09     -0.84192277E-09     -0.21989173E-03     -0.42490886E-03
    3421     -0.83780665E-09     -0.84192277E-09     -0.21992809E-03     -0.42490886E-03
    3422     -0.83780794E-09     -0.84192277E-09     -0.21996403E-03     -0.42490886E-03
    3423     -0.83780892E-09     -0.84192277E-09     -0.21999539E-03     -0.42490886E-03
    3424     -0.83781001E-09     -0.84192277E-09     -0.22003208E-03     -0.42490886E-03
    3425     -0.83781137E-09     -0.84192277E-09     -0.22007306E-03     -0.42490886E-03
    3426     -0.83781260E-09     -0.84192277E-09     -0.22011026E-03     -0.42490886E-03
    3427     -0.83781410E-09     -0.84192277E-09     -0.22015915E-03     -0.42490886E-03
    3428     -0.83781545E-09     -0.84192277E-09     -0.22020546E-03     -0.42490886E-03
    3429     -0.83781662E-09     -0.84192277E-09     -0.22024411E-03     -0.42490886E-03
    3430     -0.83781815E-09     -0.84192277E-09     -0.22028434E-03     -0.42490886E-03
    3431     -0.83781921E-09     -0.84192277E-09     -0.22032097E-03     -0.42490886E-03
    3432     -0.83782037E-09     -0.84192277E-09     -0.22035943E-03     -0.42490886E-03
    3433     -0.83782198E-09     -0.84192277E-09     -0.22040093E-03     -0.42490886E-03
    3434     -0.83782312E-09     -0.84192277E-09     -0.22044321E-03     -0.42490886E-03
    3435     -0.83782467E-09     -0.84192277E-09     -0.22049112E-03     -0.42490886E-03
    3436     -0.83782626E-09     -0.84192277E-09     -0.22054783E-03     -0.42490886E-03
    3437     -0.83782778E-09     -0.84192277E-09     -0.22060294E-03     -0.42490886E-03
    3438     -0.83782948E-09     -0.84192277E-09     -0.22065446E-03     -0.42490886E-03
    3439     -0.83783126E-09     -0.84192277E-09     -0.22071085E-03     -0.42490886E-03
    3440     -0.83783315E-09     -0.84192277E-09     -0.22077025E-03     -0.42490886E-03
    3441     -0.83783422E-09     -0.84192277E-09     -0.22080712E-03     -0.42490886E-03
    3442     -0.83783564E-09     -0.84192277E-09     -0.22085213E-03     -0.42490886E-03
    3443     -0.83783722E-09     -0.84192277E-09     -0.22090517E-03     -0.42490886E-03
    3444     -0.83783829E-09     -0.84192277E-09     -0.22094483E-03     -0.42490886E-03
    3445     -0.83783985E-09     -0.84192277E-09     -0.22099559E-03     -0.42490886E-03
    3446     -0.83784107E-09     -0.84192277E-09     -0.22104041E-03     -0.42490886E-03
    3447     -0.83784276E-09     -0.84192277E-09     -0.22110509E-03     -0.42490886E-03
    3448     -0.83784425E-09     -0.84192277E-09     -0.22115746E-03     -0.42490886E-03
    3449     -0.83784590E-09     -0.84192277E-09     -0.22120728E-03     -0.42490886E-03
    3450     -0.83784723E-09     -0.84192277E-09     -0.22124921E-03     -0.42490886E-03
    3451     -0.83784885E-09     -0.84192277E-09     -0.22130186E-03     -0.42490886E-03
    3452     -0.83785038E-09     -0.84192277E-09     -0.22134561E-03     -0.42490886E-03
    3453     -0.83785194E-09     -0.84192277E-09     -0.22139656E-03     -0.42490886E-03
    3454     -0.83785319E-09     -0.84192277E-09     -0.22143889E-03     -0.42490886E-03
    3455     -0.83785464E-09     -0.84192277E-09     -0.22148584E-03     -0.42490886E-03
    3456     -0.83785577E-09     -0.84192277E-09     -0.22152513E-03     -0.42490886E-03
    3457     -0.83785699E-09     -0.84192277E-09     -0.22157180E-03     -0.42490886E-03
    3458     -0.83785826E-09     -0.84192277E-09     -0.22161921E-03     -0.42490886E-03
    3459     -0.83785954E-09     -0.84192277E-09     -0.22166005E-03     -0.42490886E-03
    3460     -0.83786075E-09     -0.84192277E-09     -0.22170375E-03     -0.42490886E-03
    3461     -0.83786209E-09     -0.84192277E-09     -0.22175131E-03     -0.42490886E-03
    3462     -0.83786349E-09     -0.84192277E-09     -0.22180026E-03     -0.42490886E-03
    3463     -0.83786526E-09     -0.84192277E-09     -0.22186289E-03     -0.42490886E-03
    3464     -0.83786672E-09     -0.84192277E-09     -0.22191468E-03     -0.42490886E-03
    3465     -0.83786848E-09     -0.84192277E-09     -0.22197367E-03     -0.42490886E-03
    3466     -0.83786998E-09     -0.84192277E-09     -0.22202324E-03     -0.42490886E-03
    3467     -0.83787136E-09     -0.84192277E-09     -0.22206977E-03     -0.42490886E-03
    3468     -0.83787305E-09     -0.84192277E-09     -0.22212626E-03     -0.42490886E-03
    3469     -0.83787432E-09     -0.84192277E-09     -0.22216218E-03     -0.42490886E-03
    3470     -0.83787555E-09     -0.84192277E-09     -0.22220349E-03     -0.42490886E-03
    3471     -0.83787756E-09     -0.84192277E-09     -0.22226036E-03     -0.42490886E-03
    3472     -0.83787919E-09     -0.84192277E-09     -0.22230955E-03     -0.42490886E-03
    3473     -0.83788049E-09     -0.84192277E-09     -0.22235163E-03     -0.42490886E-03
    3474     -0.83788181E-09     -0.84192277E-09     -0.22239778E-03     -0.42490886E-03
    3475     -0.83788382E-09     -0.84192277E-09     -0.22246041E-03     -0.42490886E-03
    3476     -0.83788595E-09     -0.84192277E-09     -0.22253016E-03     -0.42490886E-03
    3477     -0.83788761E-09     -0.84192277E-09     -0.22258840E-03     -0.42490886E-03
    3478     -0.83788919E-09     -0.84192277E-09     -0.22264373E-03     -0.42490886E-03
    3479     -0.83789097E-09     -0.84192277E-09     -0.22270093E-03     -0.42490886E-03
    3480     -0.83789217E-09     -0.84192277E-09     -0.22274500E-03     -0.42490886E-03
    3481     -0.83789391E-09     -0.84192277E-09     -0.22281069E-03     -0.42490886E-03
    3482     -0.83789545E-09     -0.84192277E-09     -0.22286610E-03     -0.42490886E-03
    3483     -0.83789683E-09     -0.84192277E-09     -0.22292270E-03     -0.42490886E-03
    3484     -0.83789823E-09     -0.84192277E-09     -0.22297427E-03     -0.42490886E-03
    3485     -0.83789947E-09     -0.84192277E-09     -0.22302125E-03     -0.42490886E-03
    3486     -0.83790074E-09     -0.84192277E-09     -0.22306280E-03     -0.42490886E-03
    3487     -0.83790224E-09     -0.84192277E-09     -0.22311535E-03     -0.42490886E-03
    3488     -0.83790343E-09     -0.84192277E-09     -0.22315239E-03     -0.42490886E-03
    3489     -0.83790477E-09     -0.84192277E-09     -0.22319487E-03     -0.42490886E-03
    3490     -0.83790595E-09     -0.84192277E-09     -0.22323462E-03     -0.42490886E-03
    3491     -0.83790706E-09     -0.84192277E-09     -0.22327461E-03     -0.42490886E-03
    3492     -0.83790837E-09     -0.84192277E-09     -0.22332408E-03     -0.42490886E-03
    3493     -0.83790936E-09     -0.84192277E-09     -0.22335959E-03     -0.42490886E-03
    3494     -0.83791070E-09     -0.84192277E-09     -0.22340890E-03     -0.42490886E-03
    3495     -0.83791228E-09     -0.84192277E-09     -0.22346168E-03     -0.42490886E-03
    3496     -0.83791371E-09     -0.84192277E-09     -0.22351224E-03     -0.42490886E-03
    3497     -0.83791491E-09     -0.84192277E-09     -0.22355521E-03     -0.42490886E-03
    3498     -0.83791600E-09     -0.84192277E-09     -0.22359503E-03     -0.42490886E-03
    3499     -0.83791745E-09     -0.84192277E-09     -0.22364870E-03     -0.42490886E-03
    3500     -0.83791886E-09     -0.84192277E-09     -0.22369701E-03     -0.42490886E-03
    3501     -0.83792019E-09     -0.84192277E-09     -0.22374637E-03     -0.42490886E-03
    3502     -0.83792165E-09     -0.84192277E-09     -0.22379725E-03     -0.42490886E-03
    3503     -0.83792316E-09     -0.84192277E-09     -0.22384377E-03     -0.42490886E-03
    3504     -0.83792428E-09     -0.84192277E-09     -0.22387724E-03     -0.42490886E-03
    3505     -0.83792597E-09     -0.84192277E-09     -0.22393127E-03     -0.42490886E-03
    3506     -0.83792750E-09     -0.84192277E-09     -0.22398810E-03     -0.42490886E-03
    3507     -0.83792902E-09     -0.84192277E-09     -0.22403450E-03     -0.42490886E-03
    3508     -0.83793040E-09     -0.84192277E-09     -0.22408944E-03     -0.42490886E-03
    3509     -0.83793194E-09     -0.84192277E-09     -0.22415412E-03     -0.42490886E-03
    3510     -0.83793343E-09     -0.84192277E-09     -0.22420780E-03     -0.42490886E-03
    3511     -0.83793463E-09     -0.84192277E-09     -0.22425120E-03     -0.42490886E-03
    3512     -0.83793627E-09     -0.84192277E-09     -0.22431049E-03     -0.42490886E-03
    3513     -0.83793790E-09     -0.84192277E-09     -0.22437270E-03     -0.42490886E-03
    3514     -0.83793999E-09     -0.84192277E-09     -0.22444240E-03     -0.42490886E-03
    3515     -0.83794109E-09     -0.84192277E-09     -0.22448309E-03     -0.42490886E-03
    3516     -0.83794263E-09     -0.84192277E-09     -0.22453372E-03     -0.42490886E-03
    3517     -0.83794373E-09     -0.84192277E-09     -0.22457414E-03     -0.42490886E-03
    3518     -0.83794514E-09     -0.84192277E-09     -0.22462601E-03     -0.42490886E-03
    3519     -0.83794661E-09     -0.84192277E-09     -0.22468094E-03     -0.42490886E-03
    3520     -0.83794769E-09     -0.84192277E-09     -0.22471974E-03     -0.42490886E-03
    3521     -0.83794920E-09     -0.84192277E-09     -0.22478093E-03     -0.42490886E-03
    3522     -0.83795068E-09     -0.84192277E-09     -0.22483963E-03     -0.42490886E-03
    3523     -0.83795213E-09     -0.84192277E-09     -0.22488997E-03     -0.42490886E-03
    3524     -0.83795359E-09     -0.84192277E-09     -0.22494679E-03     -0.42490886E-03
    3525     -0.83795502E-09     -0.84192277E-09     -0.22499605E-03     -0.42490886E-03
    3526     -0.83795658E-09     -0.84192277E-09     -0.22505117E-03     -0.42490886E-03
    3527     -0.83795776E-09     -0.84192277E-09     -0.22509370E-03     -0.42490886E-03
    3528     -0.83795943E-09     -0.84192277E-09     -0.22515086E-03     -0.42490886E-03
    3529     -0.83796121E-09     -0.84192277E-09     -0.22521551E-03     -0.42490886E-03
    3530     -0.83796268E-09     -0.84192277E-09     -0.22526539E-03     -0.42490886E-03
    3531     -0.83796402E-09     -0.84192277E-09     -0.22531519E-03     -0.42490886E-03
    3532     -0.83796548E-09     -0.84192277E-09     -0.22536374E-03     -0.42490886E-03
    3533     -0.83796695E-09     -0.84192277E-09     -0.22541437E-03     -0.42490886E-03
    3534     -0.83796829E-09     -0.84192277E-09     -0.22546726E-03     -0.42490886E-03
    3535     -0.83797047E-09     -0.84192277E-09     -0.22554698E-03     -0.42490886E-03
    3536     -0.83797211E-09     -0.84192277E-09     -0.22560141E-03     -0.42490886E-03
    3537     -0.83797331E-09     -0.84192277E-09     -0.22564366E-03     -0.42490886E-03
    3538     -0.83797515E-09     -0.84192277E-09     -0.22569899E-03     -0.42490886E-03
    3539     -0.83797637E-09     -0.84192277E-09     -0.22575495E-03     -0.42490886E-03
    3540     -0.83797761E-09     -0.84192277E-09     -0.22580343E-03     -0.42490886E-03
    3541     -0.83797900E-09     -0.84192277E-09     -0.22586609E-03     -0.42490886E-03
    3542     -0.83798087E-09     -0.84192277E-09     -0.22593734E-03     -0.42490886E-03
    3543     -0.83798217E-09     -0.84192277E-09     -0.22598826E-03     -0.42490886E-03
    3544     -0.83798334E-09     -0.84192277E-09     -0.22603381E-03     -0.42490886E-03
    3545     -0.83798465E-09     -0.84192277E-09     -0.22608112E-03     -0.42490886E-03
    3546     -0.83798620E-09     -0.84192277E-09     -0.22614014E-03     -0.42490886E-03
    3547     -0.83798740E-09     -0.84192277E-09     -0.22618847E-03     -0.42490886E-03
    3548     -0.83798893E-09     -0.84192277E-09     -0.22624923E-03     -0.42490886E-03
    3549     -0.83799009E-09     -0.84192277E-09     -0.22628800E-03     -0.42490886E-03
    3550     -0.83799121E-09     -0.84192277E-09     -0.22633412E-03     -0.42490886E-03
    3551     -0.83799256E-09     -0.84192277E-09     -0.22637960E-03     -0.42490886E-03
    3552     -0.83799361E-09     -0.84192277E-09     -0.22642390E-03     -0.42490886E-03
    3553     -0.83799502E-09     -0.84192277E-09     -0.22648075E-03     -0.42490886E-03
    3554     -0.83799616E-09     -0.84192277E-09     -0.22652135E-03     -0.42490886E-03
    3555     -0.83799729E-09     -0.84192277E-09     -0.22656054E-03     -0.42490886E-03
    3556     -0.83799849E-09     -0.84192277E-09     -0.22660098E-03     -0.42490886E-03
    3557     -0.83799946E-09     -0.84192277E-09     -0.22663543E-03     -0.42490886E-03
    3558     -0.83800064E-09     -0.84192277E-09     -0.22667653E-03     -0.42490886E-03
    3559     -0.83800155E-09     -0.84192277E-09     -0.22671143E-03     -0.42490886E-03
    3560     -0.83800273E-09     -0.84192277E-09     -0.22675743E-03     -0.42490886E-03
    3561     -0.83800388E-09     -0.84192277E-09     -0.22680310E-03     -0.42490886E-03
    3562     -0.83800505E-09     -0.84192277E-09     -0.22684893E-03     -0.42490886E-03
    3563     -0.83800611E-09     -0.84192277E-09     -0.22688492E-03     -0.42490886E-03
    3564     -0.83800714E-09     -0.84192277E-09     -0.22692329E-03     -0.42490886E-03
    3565     -0.83800821E-09     -0.84192277E-09     -0.22696207E-03     -0.42490886E-03
    3566     -0.83800930E-09     -0.84192277E-09     -0.22700116E-03     -0.42490886E-03
    3567     -0.83801035E-09     -0.84192277E-09     -0.22703930E-03     -0.42490886E-03
    3568     -0.83801154E-09     -0.84192277E-09     -0.22708371E-03     -0.42490886E-03
    3569     -0.83801265E-09     -0.84192277E-09     -0.22712901E-03     -0.42490886E-03
    3570     -0.83801356E-09     -0.84192277E-09     -0.22716620E-03     -0.42490886E-03
    3571     -0.83801471E-09     -0.84192277E-09     -0.22721240E-03     -0.42490886E-03
    3572     -0.83801602E-09     -0.84192277E-09     -0.22725760E-03     -0.42490886E-03
    3573     -0.83801695E-09     -0.84192277E-09     -0.22729797E-03     -0.42490886E-03
    3574     -0.83801818E-09     -0.84192277E-09     -0.22735186E-03     -0.42490886E-03
    3575     -0.83801895E-09     -0.84192277E-09     -0.22738856E-03     -0.42490886E-03
    3576     -0.83801991E-09     -0.84192277E-09     -0.22742872E-03     -0.42490886E-03
    3577     -0.83802091E-09     -0.84192277E-09     -0.22746872E-03     -0.42490886E-03
    3578     -0.83802212E-09     -0.84192277E-09     -0.22751878E-03     -0.42490886E-03
    3579     -0.83802370E-09     -0.84192277E-09     -0.22757543E-03     -0.42490886E-03
    3580     -0.83802504E-09     -0.84192277E-09     -0.22762129E-03     -0.42490886E-03
    3581     -0.83802610E-09     -0.84192277E-09     -0.22766336E-03     -0.42490886E-03
    3582     -0.83802714E-09     -0.84192277E-09     -0.22770719E-03     -0.42490886E-03
    3583     -0.83802845E-09     -0.84192277E-09     -0.22775831E-03     -0.42490886E-03
    3584     -0.83802939E-09     -0.84192277E-09     -0.22779978E-03     -0.42490886E-03
    3585     -0.83803066E-09     -0.84192277E-09     -0.22785167E-03     -0.42490886E-03
    3586     -0.83803183E-09     -0.84192277E-09     -0.22790397E-03     -0.42490886E-03
    3587     -0.83803307E-09     -0.84192277E-09     -0.22795161E-03     -0.42490886E-03
    3588     -0.83803420E-09     -0.84192277E-09     -0.22799742E-03     -0.42490886E-03
    3589     -0.83803554E-09     -0.84192277E-09     -0.22805193E-03     -0.42490886E-03
    3590     -0.83803679E-09     -0.84192277E-09     -0.22810316E-03     -0.42490886E-03
    3591     -0.83803818E-09     -0.84192277E-09     -0.22815466E-03     -0.42490886E-03
    3592     -0.83803934E-09     -0.84192277E-09     -0.22819586E-03     -0.42490886E-03
    3593     -0.83804044E-09     -0.84192277E-09     -0.22823335E-03     -0.42490886E-03
    3594     -0.83804140E-09     -0.84192277E-09     -0.22827118E-03     -0.42490886E-03
    3595     -0.83804260E-09     -0.84192277E-09     -0.22831508E-03     -0.42490886E-03
    3596     -0.83804370E-09     -0.84192277E-09     -0.22836060E-03     -0.42490886E-03
    3597     -0.83804466E-09     -0.84192277E-09     -0.22840022E-03     -0.42490886E-03
    3598     -0.83804548E-09     -0.84192277E-09     -0.22843413E-03     -0.42490886E-03
    3599     -0.83804652E-09     -0.84192277E-09     -0.22847778E-03     -0.42490886E-03
    3600     -0.83804759E-09     -0.84192277E-09     -0.22852365E-03     -0.42490886E-03
    3601     -0.83804847E-09     -0.84192277E-09     -0.22855111E-03     -0.42490886E-03
    3602     -0.83804968E-09     -0.84192277E-09     -0.22860136E-03     -0.42490886E-03
    3603     -0.83805056E-09     -0.84192277E-09     -0.22864046E-03     -0.42490886E-03
    3604     -0.83805156E-09     -0.84192277E-09     -0.22868344E-03     -0.42490886E-03
    3605     -0.83805273E-09     -0.84192277E-09     -0.22872508E-03     -0.42490886E-03
    3606     -0.83805388E-09     -0.84192277E-09     -0.22877389E-03     -0.42490886E-03
    3607     -0.83805494E-09     -0.84192277E-09     -0.22881494E-03     -0.42490886E-03
    3608     -0.83805594E-09     -0.84192277E-09     -0.22885493E-03     -0.42490886E-03
    3609     -0.83805751E-09     -0.84192277E-09     -0.22890463E-03     -0.42490886E-03
    3610     -0.83805864E-09     -0.84192277E-09     -0.22894226E-03     -0.42490886E-03
    3611     -0.83805993E-09     -0.84192277E-09     -0.22898562E-03     -0.42490886E-03
    3612     -0.83806082E-09     -0.84192277E-09     -0.22902234E-03     -0.42490886E-03
    3613     -0.83806184E-09     -0.84192277E-09     -0.22906217E-03     -0.42490886E-03
    3614     -0.83806299E-09     -0.84192277E-09     -0.22910141E-03     -0.42490886E-03
    3615     -0.83806382E-09     -0.84192277E-09     -0.22913737E-03     -0.42490886E-03
    3616     -0.83806487E-09     -0.84192277E-09     -0.22917549E-03     -0.42490886E-03
    3617     -0.83806627E-09     -0.84192277E-09     -0.22922580E-03     -0.42490886E-03
    3618     -0.83806721E-09     -0.84192277E-09     -0.22927149E-03     -0.42490886E-03
    3619     -0.83806845E-09     -0.84192277E-09     -0.22932431E-03     -0.42490886E-03
    3620     -0.83806951E-09     -0.84192277E-09     -0.22936516E-03     -0.42490886E-03
    3621     -0.83807076E-09     -0.84192277E-09     -0.22940816E-03     -0.42490886E-03
    3622     -0.83807179E-09     -0.84192277E-09     -0.22945730E-03     -0.42490886E-03
    3623     -0.83807314E-09     -0.84192277E-09     -0.22950319E-03     -0.42490886E-03
    3624     -0.83807487E-09     -0.84192277E-09     -0.22958654E-03     -0.42490886E-03
    3625     -0.83807577E-09     -0.84192277E-09     -0.22962032E-03     -0.42490886E-03
    3626     -0.83807689E-09     -0.84192277E-09     -0.22966900E-03     -0.42490886E-03
    3627     -0.83807799E-09     -0.84192277E-09     -0.22971351E-03     -0.42490886E-03
    3628     -0.83807877E-09     -0.84192277E-09     -0.22974829E-03     -0.42490886E-03
    3629     -0.83807972E-09     -0.84192277E-09     -0.22979435E-03     -0.42490886E-03
    3630     -0.83808071E-09     -0.84192277E-09     -0.22983937E-03     -0.42490886E-03
    3631     -0.83808180E-09     -0.84192277E-09     -0.22988262E-03     -0.42490886E-03
    3632     -0.83808279E-09     -0.84192277E-09     -0.22992205E-03     -0.42490886E-03
    3633     -0.83808391E-09     -0.84192277E-09     -0.22997298E-03     -0.42490886E-03
    3634     -0.83808494E-09     -0.84192277E-09     -0.23002181E-03     -0.42490886E-03
    3635     -0.83808588E-09     -0.84192277E-09     -0.23005661E-03     -0.42490886E-03
    3636     -0.83808765E-09     -0.84192277E-09     -0.23014560E-03     -0.42490886E-03
    3637     -0.83808858E-09     -0.84192277E-09     -0.23018158E-03     -0.42490886E-03
    3638     -0.83808992E-09     -0.84192277E-09     -0.23024927E-03     -0.42490886E-03
    3639     -0.83809081E-09     -0.84192277E-09     -0.23028493E-03     -0.42490886E-03
    3640     -0.83809224E-09     -0.84192277E-09     -0.23035647E-03     -0.42490886E-03
    3641     -0.83809329E-09     -0.84192277E-09     -0.23039870E-03     -0.42490886E-03
    3642     -0.83809426E-09     -0.84192277E-09     -0.23044081E-03     -0.42490886E-03
    3643     -0.83809534E-09     -0.84192277E-09     -0.23049578E-03     -0.42490886E-03
    3644     -0.83809648E-09     -0.84192277E-09     -0.23054235E-03     -0.42490886E-03
    3645     -0.83809763E-09     -0.84192277E-09     -0.23059894E-03     -0.42490886E-03
    3646     -0.83809850E-09     -0.84192277E-09     -0.23064209E-03     -0.42490886E-03
    3647     -0.83809961E-09     -0.84192277E-09     -0.23068585E-03     -0.42490886E-03
    3648     -0.83810049E-09     -0.84192277E-09     -0.23072177E-03     -0.42490886E-03
    3649     -0.83810138E-09     -0.84192277E-09     -0.23076562E-03     -0.42490886E-03
    3650     -0.83810233E-09     -0.84192277E-09     -0.23080720E-03     -0.42490886E-03
    3651     -0.83810326E-09     -0.84192277E-09     -0.23084591E-03     -0.42490886E-03
    3652     -0.83810431E-09     -0.84192277E-09     -0.23088503E-03     -0.42490886E-03
    3653     -0.83810515E-09     -0.84192277E-09     -0.23091716E-03     -0.42490886E-03
    3654     -0.83810590E-09     -0.84192277E-09     -0.23094908E-03     -0.42490886E-03
    3655     -0.83810677E-09     -0.84192277E-09     -0.23098287E-03     -0.42490886E-03
    3656     -0.83810804E-09     -0.84192277E-09     -0.23103410E-03     -0.42490886E-03
    3657     -0.83810901E-09     -0.84192277E-09     -0.23106986E-03     -0.42490886E-03
    3658     -0.83810993E-09     -0.84192277E-09     -0.23111260E-03     -0.42490886E-03
    3659     -0.83811091E-09     -0.84192277E-09     -0.23115452E-03     -0.42490886E-03
    3660     -0.83811184E-09     -0.84192277E-09     -0.23119331E-03     -0.42490886E-03
    3661     -0.83811269E-09     -0.84192277E-09     -0.23123384E-03     -0.42490886E-03
    3662     -0.83811381E-09     -0.84192277E-09     -0.23129618E-03     -0.42490886E-03
    3663     -0.83811492E-09     -0.84192277E-09     -0.23134994E-03     -0.42490886E-03
    3664     -0.83811598E-09     -0.84192277E-09     -0.23139916E-03     -0.42490886E-03
    3665     -0.83811705E-09     -0.84192277E-09     -0.23144075E-03     -0.42490886E-03
    3666     -0.83811801E-09     -0.84192277E-09     -0.23148296E-03     -0.42490886E-03
    3667     -0.83811889E-09     -0.84192277E-09     -0.23152240E-03     -0.42490886E-03
    3668     -0.83811983E-09     -0.84192277E-09     -0.23156295E-03     -0.42490886E-03
    3669     -0.83812089E-09     -0.84192277E-09     -0.23160613E-03     -0.42490886E-03
    3670     -0.83812161E-09     -0.84192277E-09     -0.23164181E-03     -0.42490886E-03
    3671     -0.83812240E-09     -0.84192277E-09     -0.23167344E-03     -0.42490886E-03
    3672     -0.83812328E-09     -0.84192277E-09     -0.23171246E-03     -0.42490886E-03
    3673     -0.83812419E-09     -0.84192277E-09     -0.23174855E-03     -0.42490886E-03
    3674     -0.83812499E-09     -0.84192277E-09     -0.23178648E-03     -0.42490886E-03
    3675     -0.83812581E-09     -0.84192277E-09     -0.23182534E-03     -0.42490886E-03
    3676     -0.83812657E-09     -0.84192277E-09     -0.23185958E-03     -0.42490886E-03
    3677     -0.83812752E-09     -0.84192277E-09     -0.23189577E-03     -0.42490886E-03
    3678     -0.83812829E-09     -0.84192277E-09     -0.23192874E-03     -0.42490886E-03
    3679     -0.83812907E-09     -0.84192277E-09     -0.23196256E-03     -0.42490886E-03
    3680     -0.83812989E-09     -0.84192277E-09     -0.23200466E-03     -0.42490886E-03
    3681     -0.83813073E-09     -0.84192277E-09     -0.23203541E-03     -0.42490886E-03
    3682     -0.83813138E-09     -0.84192277E-09     -0.23207108E-03     -0.42490886E-03
    3683     -0.83813215E-09     -0.84192277E-09     -0.23210805E-03     -0.42490886E-03
    3684     -0.83813289E-09     -0.84192277E-09     -0.23214268E-03     -0.42490886E-03
    3685     -0.83813361E-09     -0.84192277E-09     -0.23217404E-03     -0.42490886E-03
    3686     -0.83813450E-09     -0.84192277E-09     -0.23221247E-03     -0.42490886E-03
    3687     -0.83813523E-09     -0.84192277E-09     -0.23225102E-03     -0.42490886E-03
    3688     -0.83813582E-09     -0.84192277E-09     -0.23228184E-03     -0.42490886E-03
    3689     -0.83813663E-09     -0.84192277E-09     -0.23232460E-03     -0.42490886E-03
    3690     -0.83813766E-09     -0.84192277E-09     -0.23237012E-03     -0.42490886E-03
    3691     -0.83813861E-09     -0.84192277E-09     -0.23241463E-03     -0.42490886E-03
    3692     -0.83813946E-09     -0.84192277E-09     -0.23245572E-03     -0.42490886E-03
    3693     -0.83814066E-09     -0.84192277E-09     -0.23252736E-03     -0.42490886E-03
    3694     -0.83814182E-09     -0.84192277E-09     -0.23258810E-03     -0.42490886E-03
    3695     -0.83814267E-09     -0.84192277E-09     -0.23263686E-03     -0.42490886E-03
    3696     -0.83814341E-09     -0.84192277E-09     -0.23266805E-03     -0.42490886E-03
    3697     -0.83814407E-09     -0.84192277E-09     -0.23270128E-03     -0.42490886E-03
    3698     -0.83814486E-09     -0.84192277E-09     -0.23274144E-03     -0.42490886E-03
    3699     -0.83814573E-09     -0.84192277E-09     -0.23278659E-03     -0.42490886E-03
    3700     -0.83814660E-09     -0.84192277E-09     -0.23282223E-03     -0.42490886E-03
    3701     -0.83814722E-09     -0.84192277E-09     -0.23287937E-03     -0.42490886E-03
    3702     -0.83814829E-09     -0.84192277E-09     -0.23293317E-03     -0.42490886E-03
    3703     -0.83814926E-09     -0.84192277E-09     -0.23297786E-03     -0.42490886E-03
    3704     -0.83815016E-09     -0.84192277E-09     -0.23301614E-03     -0.42490886E-03
    3705     -0.83815101E-09     -0.84192277E-09     -0.23305402E-03     -0.42490886E-03
    3706     -0.83815184E-09     -0.84192277E-09     -0.23309939E-03     -0.42490886E-03
    3707     -0.83815263E-09     -0.84192277E-09     -0.23314623E-03     -0.42490886E-03
    3708     -0.83815368E-09     -0.84192277E-09     -0.23319653E-03     -0.42490886E-03
    3709     -0.83815469E-09     -0.84192277E-09     -0.23324344E-03     -0.42490886E-03
    3710     -0.83815549E-09     -0.84192277E-09     -0.23328477E-03     -0.42490886E-03
    3711     -0.83815626E-09     -0.84192277E-09     -0.23331955E-03     -0.42490886E-03
    3712     -0.83815699E-09     -0.84192277E-09     -0.23335786E-03     -0.42490886E-03
    3713     -0.83815772E-09     -0.84192277E-09     -0.23339273E-03     -0.42490886E-03
    3714     -0.83815874E-09     -0.84192277E-09     -0.23343316E-03     -0.42490886E-03
    3715     -0.83815954E-09     -0.84192277E-09     -0.23347019E-03     -0.42490886E-03
    3716     -0.83816044E-09     -0.84192277E-09     -0.23351171E-03     -0.42490886E-03
    3717     -0.83816113E-09     -0.84192277E-09     -0.23354647E-03     -0.42490886E-03
    3718     -0.83816199E-09     -0.84192277E-09     -0.23358251E-03     -0.42490886E-03
    3719     -0.83816285E-09     -0.84192277E-09     -0.23362228E-03     -0.42490886E-03
    3720     -0.83816362E-09     -0.84192277E-09     -0.23365152E-03     -0.42490886E-03
    3721     -0.83816433E-09     -0.84192277E-09     -0.23368542E-03     -0.42490886E-03
    3722     -0.83816528E-09     -0.84192277E-09     -0.23372723E-03     -0.42490886E-03
    3723     -0.83816627E-09     -0.84192277E-09     -0.23377116E-03     -0.42490886E-03
    3724     -0.83816706E-09     -0.84192277E-09     -0.23380832E-03     -0.42490886E-03
    3725     -0.83816792E-09     -0.84192277E-09     -0.23384400E-03     -0.42490886E-03
    3726     -0.83816876E-09     -0.84192277E-09     -0.23387233E-03     -0.42490886E-03
    3727     -0.83816964E-09     -0.84192277E-09     -0.23390808E-03     -0.42490886E-03
    3728     -0.83817060E-09     -0.84192277E-09     -0.23394809E-03     -0.42490886E-03
    3729     -0.83817149E-09     -0.84192277E-09     -0.23398234E-03     -0.42490886E-03
    3730     -0.83817229E-09     -0.84192277E-09     -0.23401787E-03     -0.42490886E-03
    3731     -0.83817324E-09     -0.84192277E-09     -0.23405740E-03     -0.42490886E-03
    3732     -0.83817434E-09     -0.84192277E-09     -0.23410541E-03     -0.42490886E-03
    3733     -0.83817511E-09     -0.84192277E-09     -0.23413883E-03     -0.42490886E-03
    3734     -0.83817638E-09     -0.84192277E-09     -0.23418659E-03     -0.42490886E-03
    3735     -0.83817727E-09     -0.84192277E-09     -0.23422387E-03     -0.42490886E-03
    3736     -0.83817847E-09     -0.84192277E-09     -0.23426872E-03     -0.42490886E-03
    3737     -0.83817919E-09     -0.84192277E-09     -0.23430648E-03     -0.42490886E-03
    3738     -0.83818001E-09     -0.84192277E-09     -0.23434722E-03     -0.42490886E-03
    3739     -0.83818068E-09     -0.84192277E-09     -0.23437827E-03     -0.42490886E-03
    3740     -0.83818151E-09     -0.84192277E-09     -0.23441109E-03     -0.42490886E-03
    3741     -0.83818237E-09     -0.84192277E-09     -0.23444465E-03     -0.42490886E-03
    3742     -0.83818342E-09     -0.84192277E-09     -0.23448856E-03     -0.42490886E-03
    3743     -0.83818430E-09     -0.84192277E-09     -0.23452878E-03     -0.42490886E-03
    3744     -0.83818502E-09     -0.84192277E-09     -0.23456447E-03     -0.42490886E-03
    3745     -0.83818581E-09     -0.84192277E-09     -0.23460024E-03     -0.42490886E-03
    3746     -0.83818671E-09     -0.84192277E-09     -0.23463543E-03     -0.42490886E-03
    3747     -0.83818759E-09     -0.84192277E-09     -0.23467330E-03     -0.42490886E-03
    3748     -0.83818866E-09     -0.84192277E-09     -0.23471869E-03     -0.42490886E-03
    3749     -0.83818966E-09     -0.84192277E-09     -0.23476108E-03     -0.42490886E-03
    3750     -0.83819060E-09     -0.84192277E-09     -0.23480263E-03     -0.42490886E-03
    3751     -0.83819176E-09     -0.84192277E-09     -0.23485332E-03     -0.42490886E-03
    3752     -0.83819273E-09     -0.84192277E-09     -0.23489651E-03     -0.42490886E-03
    3753     -0.83819394E-09     -0.84192277E-09     -0.23494942E-03     -0.42490886E-03
    3754     -0.83819481E-09     -0.84192277E-09     -0.23499028E-03     -0.42490886E-03
    3755     -0.83819572E-09     -0.84192277E-09     -0.23502862E-03     -0.42490886E-03
    3756     -0.83819689E-09     -0.84192277E-09     -0.23508268E-03     -0.42490886E-03
    3757     -0.83819780E-09     -0.84192277E-09     -0.23512136E-03     -0.42490886E-03
    3758     -0.83819882E-09     -0.84192277E-09     -0.23517526E-03     -0.42490886E-03
    3759     -0.83819983E-09     -0.84192277E-09     -0.23522037E-03     -0.42490886E-03
    3760     -0.83820072E-09     -0.84192277E-09     -0.23525642E-03     -0.42490886E-03
    3761     -0.83820162E-09     -0.84192277E-09     -0.23529261E-03     -0.42490886E-03
    3762     -0.83820255E-09     -0.84192277E-09     -0.23533627E-03     -0.42490886E-03
    3763     -0.83820359E-09     -0.84192277E-09     -0.23538619E-03     -0.42490886E-03
    3764     -0.83820451E-09     -0.84192277E-09     -0.23542634E-03     -0.42490886E-03
    3765     -0.83820558E-09     -0.84192277E-09     -0.23547822E-03     -0.42490886E-03
    3766     -0.83820670E-09     -0.84192277E-09     -0.23553106E-03     -0.42490886E-03
    3767     -0.83820767E-09     -0.84192277E-09     -0.23557503E-03     -0.42490886E-03
    3768     -0.83820849E-09     -0.84192277E-09     -0.23561767E-03     -0.42490886E-03
    3769     -0.83820937E-09     -0.84192277E-09     -0.23565844E-03     -0.42490886E-03
    3770     -0.83821030E-09     -0.84192277E-09     -0.23570308E-03     -0.42490886E-03
    3771     -0.83821122E-09     -0.84192277E-09     -0.23574979E-03     -0.42490886E-03
    3772     -0.83821199E-09     -0.84192277E-09     -0.23578370E-03     -0.42490886E-03
    3773     -0.83821275E-09     -0.84192277E-09     -0.23582143E-03     -0.42490886E-03
    3774     -0.83821394E-09     -0.84192277E-09     -0.23587995E-03     -0.42490886E-03
    3775     -0.83821484E-09     -0.84192277E-09     -0.23592640E-03     -0.42490886E-03
    3776     -0.83821606E-09     -0.84192277E-09     -0.23598595E-03     -0.42490886E-03
    3777     -0.83821724E-09     -0.84192277E-09     -0.23603898E-03     -0.42490886E-03
    3778     -0.83821807E-09     -0.84192277E-09     -0.23607929E-03     -0.42490886E-03
    3779     -0.83821904E-09     -0.84192277E-09     -0.23612500E-03     -0.42490886E-03
    3780     -0.83821999E-09     -0.84192277E-09     -0.23616980E-03     -0.42490886E-03
    3781     -0.83822098E-09     -0.84192277E-09     -0.23621660E-03     -0.42490886E-03
    3782     -0.83822174E-09     -0.84192277E-09     -0.23625583E-03     -0.42490886E-03
    3783     -0.83822264E-09     -0.84192277E-09     -0.23630133E-03     -0.42490886E-03
    3784     -0.83822373E-09     -0.84192277E-09     -0.23637420E-03     -0.42490886E-03
    3785     -0.83822444E-09     -0.84192277E-09     -0.23641473E-03     -0.42490886E-03
    3786     -0.83822502E-09     -0.84192277E-09     -0.23644779E-03     -0.42490886E-03
    3787     -0.83822617E-09     -0.84192277E-09     -0.23649804E-03     -0.42490886E-03
    3788     -0.83822715E-09     -0.84192277E-09     -0.23654315E-03     -0.42490886E-03
    3789     -0.83822804E-09     -0.84192277E-09     -0.23658365E-03     -0.42490886E-03
    3790     -0.83822901E-09     -0.84192277E-09     -0.23663551E-03     -0.42490886E-03
    3791     -0.83823002E-09     -0.84192277E-09     -0.23668980E-03     -0.42490886E-03
    3792     -0.83823109E-09     -0.84192277E-09     -0.23674345E-03     -0.42490886E-03
    3793     -0.83823196E-09     -0.84192277E-09     -0.23678262E-03     -0.42490886E-03
    3794     -0.83823326E-09     -0.84192277E-09     -0.23684070E-03     -0.42490886E-03
    3795     -0.83823431E-09     -0.84192277E-09     -0.23688264E-03     -0.42490886E-03
    3796     -0.83823530E-09     -0.84192277E-09     -0.23692571E-03     -0.42490886E-03
    3797     -0.83823627E-09     -0.84192277E-09     -0.23698624E-03     -0.42490886E-03
    3798     -0.83823718E-09     -0.84192277E-09     -0.23702555E-03     -0.42490886E-03
    3799     -0.83823828E-09     -0.84192277E-09     -0.23707618E-03     -0.42490886E-03
    3800     -0.83823922E-09     -0.84192277E-09     -0.23711761E-03     -0.42490886E-03
    3801     -0.83824021E-09     -0.84192277E-09     -0.23715740E-03     -0.42490886E-03
    3802     -0.83824117E-09     -0.84192277E-09     -0.23720045E-03     -0.42490886E-03
    3803     -0.83824202E-09     -0.84192277E-09     -0.23724158E-03     -0.42490886E-03
    3804     -0.83824298E-09     -0.84192277E-09     -0.23728755E-03     -0.42490886E-03
    3805     -0.83824380E-09     -0.84192277E-09     -0.23732759E-03     -0.42490886E-03
    3806     -0.83824461E-09     -0.84192277E-09     -0.23737122E-03     -0.42490886E-03
    3807     -0.83824536E-09     -0.84192277E-09     -0.23740432E-03     -0.42490886E-03
    3808     -0.83824622E-09     -0.84192277E-09     -0.23744524E-03     -0.42490886E-03
    3809     -0.83824715E-09     -0.84192277E-09     -0.23748933E-03     -0.42490886E-03
    3810     -0.83824798E-09     -0.84192277E-09     -0.23753423E-03     -0.42490886E-03
    3811     -0.83824893E-09     -0.84192277E-09     -0.23758966E-03     -0.42490886E-03
    3812     -0.83824986E-09     -0.84192277E-09     -0.23764416E-03     -0.42490886E-03
    3813     -0.83825078E-09     -0.84192277E-09     -0.23768802E-03     -0.42490886E-03
    3814     -0.83825154E-09     -0.84192277E-09     -0.23772270E-03     -0.42490886E-03
    3815     -0.83825250E-09     -0.84192277E-09     -0.23777083E-03     -0.42490886E-03
    3816     -0.83825349E-09     -0.84192277E-09     -0.23782570E-03     -0.42490886E-03
    3817     -0.83825460E-09     -0.84192277E-09     -0.23787122E-03     -0.42490886E-03
    3818     -0.83825550E-09     -0.84192277E-09     -0.23791369E-03     -0.42490886E-03
    3819     -0.83825628E-09     -0.84192277E-09     -0.23795478E-03     -0.42490886E-03
    3820     -0.83825726E-09     -0.84192277E-09     -0.23799999E-03     -0.42490886E-03
    3821     -0.83825829E-09     -0.84192277E-09     -0.23804512E-03     -0.42490886E-03
    3822     -0.83825915E-09     -0.84192277E-09     -0.23808981E-03     -0.42490886E-03
    3823     -0.83826025E-09     -0.84192277E-09     -0.23813550E-03     -0.42490886E-03
    3824     -0.83826126E-09     -0.84192277E-09     -0.23818421E-03     -0.42490886E-03
    3825     -0.83826208E-09     -0.84192277E-09     -0.23822050E-03     -0.42490886E-03
    3826     -0.83826287E-09     -0.84192277E-09     -0.23826263E-03     -0.42490886E-03
    3827     -0.83826369E-09     -0.84192277E-09     -0.23830304E-03     -0.42490886E-03
    3828     -0.83826451E-09     -0.84192277E-09     -0.23834481E-03     -0.42490886E-03
    3829     -0.83826547E-09     -0.84192277E-09     -0.23838854E-03     -0.42490886E-03
    3830     -0.83826634E-09     -0.84192277E-09     -0.23843027E-03     -0.42490886E-03
    3831     -0.83826726E-09     -0.84192277E-09     -0.23847203E-03     -0.42490886E-03
    3832     -0.83826816E-09     -0.84192277E-09     -0.23851346E-03     -0.42490886E-03
    3833     -0.83826909E-09     -0.84192277E-09     -0.23855542E-03     -0.42490886E-03
    3834     -0.83827001E-09     -0.84192277E-09     -0.23859620E-03     -0.42490886E-03
    3835     -0.83827088E-09     -0.84192277E-09     -0.23863932E-03     -0.42490886E-03
    3836     -0.83827176E-09     -0.84192277E-09     -0.23868428E-03     -0.42490886E-03
    3837     -0.83827259E-09     -0.84192277E-09     -0.23872175E-03     -0.42490886E-03
    3838     -0.83827347E-09     -0.84192277E-09     -0.23876307E-03     -0.42490886E-03
    3839     -0.83827447E-09     -0.84192277E-09     -0.23880749E-03     -0.42490886E-03
    3840     -0.83827534E-09     -0.84192277E-09     -0.23884938E-03     -0.42490886E-03
    3841     -0.83827621E-09     -0.84192277E-09     -0.23889268E-03     -0.42490886E-03
    3842     -0.83827693E-09     -0.84192277E-09     -0.23892766E-03     -0.42490886E-03
    3843     -0.83827780E-09     -0.84192277E-09     -0.23896623E-03     -0.42490886E-03
    3844     -0.83827848E-09     -0.84192277E-09     -0.23900226E-03     -0.42490886E-03
    3845     -0.83827935E-09     -0.84192277E-09     -0.23903975E-03     -0.42490886E-03
    3846     -0.83828020E-09     -0.84192277E-09     -0.23907981E-03     -0.42490886E-03
    3847     -0.83828109E-09     -0.84192277E-09     -0.23912518E-03     -0.42490886E-03
    3848     -0.83828192E-09     -0.84192277E-09     -0.23916127E-03     -0.42490886E-03
    3849     -0.83828291E-09     -0.84192277E-09     -0.23920713E-03     -0.42490886E-03
    3850     -0.83828363E-09     -0.84192277E-09     -0.23923954E-03     -0.42490886E-03
    3851     -0.83828451E-09     -0.84192277E-09     -0.23928049E-03     -0.42490886E-03
    3852     -0.83828531E-09     -0.84192277E-09     -0.23931625E-03     -0.42490886E-03
    3853     -0.83828604E-09     -0.84192277E-09     -0.23934698E-03     -0.42490886E-03
    3854     -0.83828723E-09     -0.84192277E-09     -0.23939863E-03     -0.42490886E-03
    3855     -0.83828824E-09     -0.84192277E-09     -0.23946101E-03     -0.42490886E-03
    3856     -0.83828915E-09     -0.84192277E-09     -0.23950292E-03     -0.42490886E-03
    3857     -0.83829013E-09     -0.84192277E-09     -0.23955736E-03     -0.42490886E-03
    3858     -0.83829108E-09     -0.84192277E-09     -0.23960493E-03     -0.42490886E-03
    3859     -0.83829209E-09     -0.84192277E-09     -0.23964802E-03     -0.42490886E-03
    3860     -0.83829293E-09     -0.84192277E-09     -0.23968274E-03     -0.42490886E-03
    3861     -0.83829382E-09     -0.84192277E-09     -0.23972401E-03     -0.42490886E-03
    3862     -0.83829473E-09     -0.84192277E-09     -0.23977533E-03     -0.42490886E-03
    3863     -0.83829552E-09     -0.84192277E-09     -0.23981144E-03     -0.42490886E-03
    3864     -0.83829660E-09     -0.84192277E-09     -0.23986257E-03     -0.42490886E-03
    3865     -0.83829752E-09     -0.84192277E-09     -0.23990182E-03     -0.42490886E-03
    3866     -0.83829839E-09     -0.84192277E-09     -0.23994631E-03     -0.42490886E-03
    3867     -0.83829938E-09     -0.84192277E-09     -0.24000259E-03     -0.42490886E-03
    3868     -0.83830045E-09     -0.84192277E-09     -0.24006003E-03     -0.42490886E-03
    3869     -0.83830136E-09     -0.84192277E-09     -0.24011231E-03     -0.42490886E-03
    3870     -0.83830239E-09     -0.84192277E-09     -0.24015572E-03     -0.42490886E-03
    3871     -0.83830320E-09     -0.84192277E-09     -0.24019476E-03     -0.42490886E-03
    3872     -0.83830414E-09     -0.84192277E-09     -0.24024204E-03     -0.42490886E-03
    3873     -0.83830522E-09     -0.84192277E-09     -0.24029432E-03     -0.42490886E-03
    3874     -0.83830609E-09     -0.84192277E-09     -0.24033385E-03     -0.42490886E-03
    3875     -0.83830700E-09     -0.84192277E-09     -0.24037439E-03     -0.42490886E-03
    3876     -0.83830800E-09     -0.84192277E-09     -0.24042615E-03     -0.42490886E-03
    3877     -0.83830882E-09     -0.84192277E-09     -0.24047647E-03     -0.42490886E-03
    3878     -0.83830984E-09     -0.84192277E-09     -0.24052920E-03     -0.42490886E-03
    3879     -0.83831054E-09     -0.84192277E-09     -0.24056072E-03     -0.42490886E-03
    3880     -0.83831132E-09     -0.84192277E-09     -0.24060441E-03     -0.42490886E-03
    3881     -0.83831228E-09     -0.84192277E-09     -0.24065147E-03     -0.42490886E-03
    3882     -0.83831300E-09     -0.84192277E-09     -0.24068901E-03     -0.42490886E-03
    3883     -0.83831393E-09     -0.84192277E-09     -0.24074606E-03     -0.42490886E-03
    3884     -0.83831483E-09     -0.84192277E-09     -0.24078934E-03     -0.42490886E-03
    3885     -0.83831600E-09     -0.84192277E-09     -0.24085028E-03     -0.42490886E-03
    3886     -0.83831685E-09     -0.84192277E-09     -0.24088642E-03     -0.42490886E-03
    3887     -0.83831775E-09     -0.84192277E-09     -0.24093616E-03     -0.42490886E-03
    3888     -0.83831847E-09     -0.84192277E-09     -0.24096649E-03     -0.42490886E-03
    3889     -0.83831952E-09     -0.84192277E-09     -0.24102641E-03     -0.42490886E-03
    3890     -0.83832043E-09     -0.84192277E-09     -0.24106393E-03     -0.42490886E-03
    3891     -0.83832142E-09     -0.84192277E-09     -0.24111418E-03     -0.42490886E-03
    3892     -0.83832221E-09     -0.84192277E-09     -0.24115395E-03     -0.42490886E-03
    3893     -0.83832294E-09     -0.84192277E-09     -0.24119322E-03     -0.42490886E-03
    3894     -0.83832406E-09     -0.84192277E-09     -0.24125889E-03     -0.42490886E-03
    3895     -0.83832495E-09     -0.84192277E-09     -0.24130073E-03     -0.42490886E-03
    3896     -0.83832603E-09     -0.84192277E-09     -0.24136257E-03     -0.42490886E-03
    3897     -0.83832684E-09     -0.84192277E-09     -0.24139700E-03     -0.42490886E-03
    3898     -0.83832782E-09     -0.84192277E-09     -0.24145180E-03     -0.42490886E-03
    3899     -0.83832866E-09     -0.84192277E-09     -0.24149964E-03     -0.42490886E-03
    3900     -0.83832957E-09     -0.84192277E-09     -0.24154005E-03     -0.42490886E-03
    3901     -0.83833038E-09     -0.84192277E-09     -0.24158284E-03     -0.42490886E-03
    3902     -0.83833136E-09     -0.84192277E-09     -0.24163521E-03     -0.42490886E-03
    3903     -0.83833210E-09     -0.84192277E-09     -0.24167167E-03     -0.42490886E-03
    3904     -0.83833286E-09     -0.84192277E-09     -0.24171356E-03     -0.42490886E-03
    3905     -0.83833366E-09     -0.84192277E-09     -0.24175472E-03     -0.42490886E-03
    3906     -0.83833484E-09     -0.84192277E-09     -0.24182046E-03     -0.42490886E-03
    3907     -0.83833566E-09     -0.84192277E-09     -0.24186101E-03     -0.42490886E-03
    3908     -0.83833672E-09     -0.84192277E-09     -0.24192082E-03     -0.42490886E-03
    3909     -0.83833771E-09     -0.84192277E-09     -0.24197728E-03     -0.42490886E-03
    3910     -0.83833853E-09     -0.84192277E-09     -0.24202140E-03     -0.42490886E-03
    3911     -0.83833936E-09     -0.84192277E-09     -0.24206138E-03     -0.42490886E-03
    3912     -0.83834012E-09     -0.84192277E-09     -0.24209944E-03     -0.42490886E-03
    3913     -0.83834105E-09     -0.84192277E-09     -0.24214460E-03     -0.42490886E-03
    3914     -0.83834202E-09     -0.84192277E-09     -0.24218649E-03     -0.42490886E-03
    3915     -0.83834278E-09     -0.84192277E-09     -0.24222120E-03     -0.42490886E-03
    3916     -0.83834356E-09     -0.84192277E-09     -0.24226935E-03     -0.42490886E-03
    3917     -0.83834436E-09     -0.84192277E-09     -0.24230898E-03     -0.42490886E-03
    3918     -0.83834542E-09     -0.84192277E-09     -0.24236384E-03     -0.42490886E-03
    3919     -0.83834629E-09     -0.84192277E-09     -0.24241869E-03     -0.42490886E-03
    3920     -0.83834707E-09     -0.84192277E-09     -0.24245303E-03     -0.42490886E-03
    3921     -0.83834790E-09     -0.84192277E-09     -0.24248940E-03     -0.42490886E-03
    3922     -0.83834887E-09     -0.84192277E-09     -0.24252832E-03     -0.42490886E-03
    3923     -0.83834966E-09     -0.84192277E-09     -0.24256411E-03     -0.42490886E-03
    3924     -0.83835038E-09     -0.84192277E-09     -0.24260011E-03     -0.42490886E-03
    3925     -0.83835136E-09     -0.84192277E-09     -0.24264631E-03     -0.42490886E-03
    3926     -0.83835234E-09     -0.84192277E-09     -0.24269776E-03     -0.42490886E-03
    3927     -0.83835305E-09     -0.84192277E-09     -0.24273439E-03     -0.42490886E-03
    3928     -0.83835408E-09     -0.84192277E-09     -0.24278987E-03     -0.42490886E-03
    3929     -0.83835482E-09     -0.84192277E-09     -0.24282614E-03     -0.42490886E-03
    3930     -0.83835571E-09     -0.84192277E-09     -0.24286812E-03     -0.42490886E-03
    3931     -0.83835650E-09     -0.84192277E-09     -0.24291232E-03     -0.42490886E-03
    3932     -0.83835727E-09     -0.84192277E-09     -0.24295579E-03     -0.42490886E-03
    3933     -0.83835812E-09     -0.84192277E-09     -0.24300763E-03     -0.42490886E-03
    3934     -0.83835887E-09     -0.84192277E-09     -0.24304308E-03     -0.42490886E-03
    3935     -0.83835974E-09     -0.84192277E-09     -0.24308669E-03     -0.42490886E-03
    3936     -0.83836074E-09     -0.84192277E-09     -0.24313597E-03     -0.42490886E-03
    3937     -0.83836170E-09     -0.84192277E-09     -0.24318728E-03     -0.42490886E-03
    3938     -0.83836255E-09     -0.84192277E-09     -0.24323384E-03     -0.42490886E-03
    3939     -0.83836354E-09     -0.84192277E-09     -0.24327878E-03     -0.42490886E-03
    3940     -0.83836459E-09     -0.84192277E-09     -0.24333022E-03     -0.42490886E-03
    3941     -0.83836548E-09     -0.84192277E-09     -0.24337343E-03     -0.42490886E-03
    3942     -0.83836651E-09     -0.84192277E-09     -0.24342862E-03     -0.42490886E-03
    3943     -0.83836722E-09     -0.84192277E-09     -0.24346638E-03     -0.42490886E-03
    3944     -0.83836806E-09     -0.84192277E-09     -0.24350445E-03     -0.42490886E-03
    3945     -0.83836909E-09     -0.84192277E-09     -0.24356316E-03     -0.42490886E-03
    3946     -0.83836994E-09     -0.84192277E-09     -0.24360070E-03     -0.42490886E-03
    3947     -0.83837092E-09     -0.84192277E-09     -0.24365373E-03     -0.42490886E-03
    3948     -0.83837187E-09     -0.84192277E-09     -0.24369514E-03     -0.42490886E-03
    3949     -0.83837288E-09     -0.84192277E-09     -0.24374315E-03     -0.42490886E-03
    3950     -0.83837392E-09     -0.84192277E-09     -0.24379626E-03     -0.42490886E-03
    3951     -0.83837480E-09     -0.84192277E-09     -0.24384299E-03     -0.42490886E-03
    3952     -0.83837549E-09     -0.84192277E-09     -0.24387708E-03     -0.42490886E-03
    3953     -0.83837639E-09     -0.84192277E-09     -0.24392346E-03     -0.42490886E-03
    3954     -0.83837718E-09     -0.84192277E-09     -0.24397064E-03     -0.42490886E-03
    3955     -0.83837804E-09     -0.84192277E-09     -0.24400839E-03     -0.42490886E-03
    3956     -0.83837902E-09     -0.84192277E-09     -0.24405488E-03     -0.42490886E-03
    3957     -0.83838005E-09     -0.84192277E-09     -0.24410410E-03     -0.42490886E-03
    3958     -0.83838139E-09     -0.84192277E-09     -0.24417418E-03     -0.42490886E-03
    3959     -0.83838228E-09     -0.84192277E-09     -0.24421888E-03     -0.42490886E-03
    3960     -0.83838387E-09     -0.84192277E-09     -0.24429151E-03     -0.42490886E-03
    3961     -0.83838456E-09     -0.84192277E-09     -0.24432589E-03     -0.42490886E-03
    3962     -0.83838608E-09     -0.84192277E-09     -0.24439914E-03     -0.42490886E-03
    3963     -0.83838760E-09     -0.84192277E-09     -0.24446591E-03     -0.42490886E-03
    3964     -0.83838847E-09     -0.84192277E-09     -0.24450710E-03     -0.42490886E-03
    3965     -0.83838943E-09     -0.84192277E-09     -0.24455338E-03     -0.42490886E-03
    3966     -0.83839028E-09     -0.84192277E-09     -0.24458930E-03     -0.42490886E-03
    3967     -0.83839108E-09     -0.84192277E-09     -0.24462698E-03     -0.42490886E-03
    3968     -0.83839175E-09     -0.84192277E-09     -0.24466409E-03     -0.42490886E-03
    3969     -0.83839255E-09     -0.84192277E-09     -0.24470075E-03     -0.42490886E-03
    3970     -0.83839349E-09     -0.84192277E-09     -0.24475611E-03     -0.42490886E-03
    3971     -0.83839427E-09     -0.84192277E-09     -0.24479497E-03     -0.42490886E-03
    3972     -0.83839523E-09     -0.84192277E-09     -0.24484437E-03     -0.42490886E-03
    3973     -0.83839607E-09     -0.84192277E-09     -0.24488534E-03     -0.42490886E-03
    3974     -0.83839685E-09     -0.84192277E-09     -0.24493302E-03     -0.42490886E-03
    3975     -0.83839764E-09     -0.84192277E-09     -0.24497522E-03     -0.42490886E-03
    3976     -0.83839844E-09     -0.84192277E-09     -0.24501662E-03     -0.42490886E-03
    3977     -0.83839944E-09     -0.84192277E-09     -0.24507608E-03     -0.42490886E-03
    3978     -0.83840033E-09     -0.84192277E-09     -0.24512773E-03     -0.42490886E-03
    3979     -0.83840131E-09     -0.84192277E-09     -0.24517365E-03     -0.42490886E-03
    3980     -0.83840232E-09     -0.84192277E-09     -0.24523157E-03     -0.42490886E-03
    3981     -0.83840310E-09     -0.84192277E-09     -0.24527163E-03     -0.42490886E-03
    3982     -0.83840394E-09     -0.84192277E-09     -0.24531140E-03     -0.42490886E-03
    3983     -0.83840472E-09     -0.84192277E-09     -0.24534981E-03     -0.42490886E-03
    3984     -0.83840567E-09     -0.84192277E-09     -0.24539614E-03     -0.42490886E-03
    3985     -0.83840645E-09     -0.84192277E-09     -0.24543728E-03     -0.42490886E-03
    3986     -0.83840753E-09     -0.84192277E-09     -0.24550336E-03     -0.42490886E-03
    3987     -0.83840846E-09     -0.84192277E-09     -0.24554963E-03     -0.42490886E-03
    3988     -0.83840939E-09     -0.84192277E-09     -0.24559279E-03     -0.42490886E-03
    3989     -0.83841019E-09     -0.84192277E-09     -0.24563438E-03     -0.42490886E-03
    3990     -0.83841112E-09     -0.84192277E-09     -0.24568440E-03     -0.42490886E-03
    3991     -0.83841194E-09     -0.84192277E-09     -0.24573260E-03     -0.42490886E-03
    3992     -0.83841283E-09     -0.84192277E-09     -0.24577780E-03     -0.42490886E-03
    3993     -0.83841371E-09     -0.84192277E-09     -0.24582608E-03     -0.42490886E-03
    3994     -0.83841462E-09     -0.84192277E-09     -0.24586985E-03     -0.42490886E-03
    3995     -0.83841521E-09     -0.84192277E-09     -0.24590560E-03     -0.42490886E-03
    3996     -0.83841608E-09     -0.84192277E-09     -0.24595234E-03     -0.42490886E-03
    3997     -0.83841700E-09     -0.84192277E-09     -0.24600251E-03     -0.42490886E-03
    3998     -0.83841800E-09     -0.84192277E-09     -0.24604783E-03     -0.42490886E-03
    3999     -0.83841884E-09     -0.84192277E-09     -0.24609125E-03     -0.42490886E-03
    4000     -0.83841982E-09     -0.84192277E-09     -0.24614237E-03     -0.42490886E-03
    4001     -0.83842071E-09     -0.84192277E-09     -0.24618804E-03     -0.42490886E-03
    4002     -0.83842170E-09     -0.84192277E-09     -0.24623961E-03     -0.42490886E-03
    4003     -0.83842270E-09     -0.84192277E-09     -0.24629406E-03     -0.42490886E-03
    4004     -0.83842365E-09     -0.84192277E-09     -0.24634592E-03     -0.42490886E-03
    4005     -0.83842469E-09     -0.84192277E-09     -0.24640625E-03     -0.42490886E-03
    4006     -0.83842553E-09     -0.84192277E-09     -0.24644639E-03     -0.42490886E-03
    4007     -0.83842628E-09     -0.84192277E-09     -0.24648159E-03     -0.42490886E-03
    4008     -0.83842744E-09     -0.84192277E-09     -0.24654529E-03     -0.42490886E-03
    4009     -0.83842838E-09     -0.84192277E-09     -0.24659715E-03     -0.42490886E-03
    4010     -0.83842931E-09     -0.84192277E-09     -0.24664689E-03     -0.42490886E-03
    4011     -0.83843036E-09     -0.84192277E-09     -0.24670065E-03     -0.42490886E-03
    4012     -0.83843157E-09     -0.84192277E-09     -0.24676999E-03     -0.42490886E-03
    4013     -0.83843239E-09     -0.84192277E-09     -0.24681210E-03     -0.42490886E-03
    4014     -0.83843326E-09     -0.84192277E-09     -0.24685962E-03     -0.42490886E-03
    4015     -0.83843431E-09     -0.84192277E-09     -0.24691371E-03     -0.42490886E-03
    4016     -0.83843528E-09     -0.84192277E-09     -0.24697303E-03     -0.42490886E-03
    4017     -0.83843630E-09     -0.84192277E-09     -0.24703169E-03     -0.42490886E-03
    4018     -0.83843722E-09     -0.84192277E-09     -0.24708731E-03     -0.42490886E-03
    4019     -0.83843804E-09     -0.84192277E-09     -0.24712907E-03     -0.42490886E-03
    4020     -0.83843898E-09     -0.84192277E-09     -0.24717534E-03     -0.42490886E-03
    4021     -0.83843980E-09     -0.84192277E-09     -0.24721491E-03     -0.42490886E-03
    4022     -0.83844103E-09     -0.84192277E-09     -0.24729046E-03     -0.42490886E-03
    4023     -0.83844188E-09     -0.84192277E-09     -0.24733492E-03     -0.42490886E-03
    4024     -0.83844329E-09     -0.84192277E-09     -0.24741839E-03     -0.42490886E-03
    4025     -0.83844412E-09     -0.84192277E-09     -0.24746438E-03     -0.42490886E-03
    4026     -0.83844490E-09     -0.84192277E-09     -0.24750898E-03     -0.42490886E-03
    4027     -0.83844585E-09     -0.84192277E-09     -0.24756934E-03     -0.42490886E-03
    4028     -0.83844681E-09     -0.84192277E-09     -0.24762578E-03     -0.42490886E-03
    4029     -0.83844767E-09     -0.84192277E-09     -0.24767212E-03     -0.42490886E-03
    4030     -0.83844862E-09     -0.84192277E-09     -0.24772612E-03     -0.42490886E-03
    4031     -0.83844964E-09     -0.84192277E-09     -0.24778013E-03     -0.42490886E-03
    4032     -0.83845081E-09     -0.84192277E-09     -0.24784979E-03     -0.42490886E-03
    4033     -0.83845198E-09     -0.84192277E-09     -0.24793220E-03     -0.42490886E-03
    4034     -0.83845318E-09     -0.84192277E-09     -0.24800990E-03     -0.42490886E-03
    4035     -0.83845471E-09     -0.84192277E-09     -0.24810214E-03     -0.42490886E-03
    4036     -0.83845617E-09     -0.84192277E-09     -0.24818848E-03     -0.42490886E-03
    4037     -0.83845701E-09     -0.84192277E-09     -0.24823536E-03     -0.42490886E-03
    4038     -0.83845821E-09     -0.84192277E-09     -0.24829125E-03     -0.42490886E-03
    4039     -0.83845944E-09     -0.84192277E-09     -0.24836033E-03     -0.42490886E-03
    4040     -0.83846034E-09     -0.84192277E-09     -0.24840737E-03     -0.42490886E-03
    4041     -0.83846165E-09     -0.84192277E-09     -0.24849593E-03     -0.42490886E-03
    4042     -0.83846310E-09     -0.84192277E-09     -0.24858682E-03     -0.42490886E-03
    4043     -0.83846430E-09     -0.84192277E-09     -0.24866277E-03     -0.42490886E-03
    4044     -0.83846510E-09     -0.84192277E-09     -0.24870833E-03     -0.42490886E-03
    4045     -0.83846636E-09     -0.84192277E-09     -0.24879218E-03     -0.42490886E-03
    4046     -0.83846738E-09     -0.84192277E-09     -0.24885747E-03     -0.42490886E-03
    4047     -0.83846833E-09     -0.84192277E-09     -0.24891222E-03     -0.42490886E-03
    4048     -0.83846921E-09     -0.84192277E-09     -0.24896444E-03     -0.42490886E-03
    4049     -0.83847021E-09     -0.84192277E-09     -0.24902758E-03     -0.42490886E-03
    4050     -0.83847108E-09     -0.84192277E-09     -0.24908369E-03     -0.42490886E-03
    4051     -0.83847213E-09     -0.84192277E-09     -0.24915277E-03     -0.42490886E-03
    4052     -0.83847292E-09     -0.84192277E-09     -0.24919466E-03     -0.42490886E-03
    4053     -0.83847472E-09     -0.84192277E-09     -0.24931238E-03     -0.42490886E-03
    4054     -0.83847627E-09     -0.84192277E-09     -0.24942157E-03     -0.42490886E-03
    4055     -0.83847746E-09     -0.84192277E-09     -0.24949228E-03     -0.42490886E-03
    4056     -0.83847845E-09     -0.84192277E-09     -0.24954997E-03     -0.42490886E-03
    4057     -0.83847935E-09     -0.84192277E-09     -0.24960911E-03     -0.42490886E-03
    4058     -0.83848037E-09     -0.84192277E-09     -0.24966661E-03     -0.42490886E-03
    4059     -0.83848167E-09     -0.84192277E-09     -0.24975067E-03     -0.42490886E-03
    4060     -0.83848279E-09     -0.84192277E-09     -0.24981647E-03     -0.42490886E-03
    4061     -0.83848362E-09     -0.84192277E-09     -0.24986122E-03     -0.42490886E-03
    4062     -0.83848484E-09     -0.84192277E-09     -0.24992894E-03     -0.42490886E-03
    4063     -0.83848595E-09     -0.84192277E-09     -0.24998475E-03     -0.42490886E-03
    4064     -0.83848716E-09     -0.84192277E-09     -0.25004795E-03     -0.42490886E-03
    4065     -0.83848808E-09     -0.84192277E-09     -0.25010127E-03     -0.42490886E-03
    4066     -0.83848916E-09     -0.84192277E-09     -0.25016643E-03     -0.42490886E-03
    4067     -0.83849018E-09     -0.84192277E-09     -0.25022099E-03     -0.42490886E-03
    4068     -0.83849113E-09     -0.84192277E-09     -0.25027938E-03     -0.42490886E-03
    4069     -0.83849182E-09     -0.84192277E-09     -0.25031886E-03     -0.42490886E-03
    4070     -0.83849259E-09     -0.84192277E-09     -0.25035559E-03     -0.42490886E-03
    4071     -0.83849346E-09     -0.84192277E-09     -0.25040333E-03     -0.42490886E-03
    4072     -0.83849431E-09     -0.84192277E-09     -0.25045132E-03     -0.42490886E-03
    4073     -0.83849527E-09     -0.84192277E-09     -0.25050699E-03     -0.42490886E-03
    4074     -0.83849616E-09     -0.84192277E-09     -0.25056353E-03     -0.42490886E-03
    4075     -0.83849678E-09     -0.84192277E-09     -0.25060030E-03     -0.42490886E-03
    4076     -0.83849760E-09     -0.84192277E-09     -0.25064481E-03     -0.42490886E-03
    4077     -0.83849848E-09     -0.84192277E-09     -0.25069199E-03     -0.42490886E-03
    4078     -0.83849940E-09     -0.84192277E-09     -0.25074580E-03     -0.42490886E-03
    4079     -0.83850057E-09     -0.84192277E-09     -0.25080661E-03     -0.42490886E-03
    4080     -0.83850118E-09     -0.84192277E-09     -0.25083768E-03     -0.42490886E-03
    4081     -0.83850182E-09     -0.84192277E-09     -0.25087409E-03     -0.42490886E-03
    4082     -0.83850268E-09     -0.84192277E-09     -0.25091835E-03     -0.42490886E-03
    4083     -0.83850356E-09     -0.84192277E-09     -0.25096280E-03     -0.42490886E-03
    4084     -0.83850443E-09     -0.84192277E-09     -0.25100995E-03     -0.42490886E-03
    4085     -0.83850513E-09     -0.84192277E-09     -0.25104630E-03     -0.42490886E-03
    4086     -0.83850594E-09     -0.84192277E-09     -0.25108938E-03     -0.42490886E-03
    4087     -0.83850681E-09     -0.84192277E-09     -0.25113379E-03     -0.42490886E-03
    4088     -0.83850768E-09     -0.84192277E-09     -0.25118102E-03     -0.42490886E-03
    4089     -0.83850855E-09     -0.84192277E-09     -0.25122558E-03     -0.42490886E-03
    4090     -0.83850937E-09     -0.84192277E-09     -0.25127571E-03     -0.42490886E-03
    4091     -0.83851016E-09     -0.84192277E-09     -0.25132109E-03     -0.42490886E-03
    4092     -0.83851085E-09     -0.84192277E-09     -0.25136059E-03     -0.42490886E-03
    4093     -0.83851160E-09     -0.84192277E-09     -0.25140517E-03     -0.42490886E-03

# q=  0.00000000E+00  0.00000000E+00  0.50000000E+00  (qpt 2)
#ncbands         Re chi(0,0)              extrap   Re chi(Gmax,Gmax)              extrap
       1     -0.39908581E-04     -0.17663973E-03     -0.50589810E-06     -0.44299011E-03
       2     -0.69950980E-04     -0.17663973E-03     -0.10490229E-05     -0.44299011E-03
       3     -0.86040565E-04     -0.17663973E-03     -0.15393599E-05     -0.44299011E-03
       4     -0.96792783E-04     -0.17663973E-03     -0.20567678E-05     -0.44299011E-03
       5     -0.10306147E-03     -0.17663973E-03     -0.25562865E-05     -0.44299011E-03
       6     -0.10974205E-03     -0.17663973E-03     -0.31175206E-05     -0.44299011E-03
       7     -0.11596503E-03     -0.17663973E-03     -0.36575530E-05     -0.44299011E-03
       8     -0.11882969E-03     -0.17663973E-03     -0.41646788E-05     -0.44299011E-03
       9     -0.12180737E-03     -0.17663973E-03     -0.47023310E-05     -0.44299011E-03
      10     -0.12405145E-03     -0.17663973E-03     -0.52203583E-05     -0.44299011E-03
      11     -0.12590274E-03     -0.17663973E-03     -0.57297566E-05     -0.44299011E-03
      12     -0.12769540E-03     -0.17663973E-03     -0.60517200E-05     -0.44299011E-03
      13     -0.12974924E-03     -0.17663973E-03     -0.63820954E-05     -0.44299011E-03
      14     -0.13240650E-03     -0.17663973E-03     -0.67445596E-05     -0.44299011E-03
      15     -0.13411619E-03     -0.17663973E-03     -0.71793314E-05     -0.44299011E-03
      16     -0.13565190E-03     -0.17663973E-03     -0.76557896E-05     -0.44299011E-03
      17     -0.13704155E-03     -0.17663973E-03     -0.81498786E-05     -0.44299011E-03
      18     -0.13811392E-03     -0.17663973E-03     -0.86170518E-05     -0.44299011E-03
      19     -0.13971968E-03     -0.17663973E-03     -0.90246060E-05     -0.44299011E-03
      20     -0.14087958E-03     -0.17663973E-03     -0.94788187E-05     -0.44299011E-03
      21     -0.14261271E-03     -0.17663973E-03     -0.99115682E-05     -0.44299011E-03
      22     -0.14422412E-03     -0.17663973E-03     -0.10352784E-04     -0.44299011E-03
      23     -0.14505498E-03     -0.17663973E-03     -0.10711709E-04     -0.44299011E-03
      24     -0.14615099E-03     -0.17663973E-03     -0.11112855E-04     -0.44299011E-03
      25     -0.14721815E-03     -0.17663973E-03     -0.11528299E-04     -0.44299011E-03
      26     -0.14810062E-03     -0.17663973E-03     -0.11970401E-04     -0.44299011E-03
      27     -0.14869034E-03     -0.17663973E-03     -0.12409113E-04     -0.44299011E-03
      28     -0.14936788E-03     -0.17663973E-03     -0.12915030E-04     -0.44299011E-03
      29     -0.15020759E-03     -0.17663973E-03     -0.13430489E-04     -0.44299011E-03
      30     -0.15084650E-03     -0.17663973E-03     -0.13905973E-04     -0.44299011E-03
      31     -0.15200196E-03     -0.17663973E-03     -0.14323298E-04     -0.44299011E-03
      32     -0.15254858E-03     -0.17663973E-03     -0.14783476E-04     -0.44299011E-03
      33     -0.15274935E-03     -0.17663973E-03     -0.15277054E-04     -0.44299011E-03
      34     -0.15283551E-03     -0.17663973E-03     -0.15839367E-04     -0.44299011E-03
      35     -0.15301572E-03     -0.17663973E-03     -0.16361367E-04     -0.44299011E-03
      36     -0.15346877E-03     -0.17663973E-03     -0.16861552E-04     -0.44299011E-03
      37     -0.15386550E-03     -0.17663973E-03     -0.17351676E-04     -0.44299011E-03
      38     -0.15411624E-03     -0.17663973E-03     -0.17805109E-04     -0.44299011E-03
      39     -0.15422637E-03     -0.17663973E-03     -0.18269460E-04     -0.44299011E-03
      40     -0.15425547E-03     -0.17663973E-03     -0.18743910E-04     -0.44299011E-03
      41     -0.15468622E-03     -0.17663973E-03     -0.19169115E-04     -0.44299011E-03
      42     -0.15513443E-03     -0.17663973E-03     -0.19643275E-04     -0.44299011E-03
      43     -0.15541264E-03     -0.17663973E-03     -0.20090267E-04     -0.44299011E-03
      44     -0.15570537E-03     -0.17663973E-03     -0.20540201E-04     -0.44299011E-03
      45     -0.15596765E-03     -0.17663973E-03     -0.21025865E-04     -0.44299011E-03
      46     -0.15624109E-03     -0.17663973E-03     -0.21524709E-04     -0.44299011E-03
      47     -0.15651503E-03     -0.17663973E-03     -0.21992301E-04     -0.44299011E-03
      48     -0.15655594E-03     -0.17663973E-03     -0.22483273E-04     -0.44299011E-03
      49     -0.15658915E-03     -0.17663973E-03     -0.22959013E-04     -0.44299011E-03
      50     -0.15681887E-03     -0.17663973E-03     -0.23394914E-04     -0.44299011E-03
      51     -0.15708293E-03     -0.17663973E-03     -0.23771240E-04     -0.44299011E-03
      52     -0.15714266E-03     -0.17663973E-03     -0.24166450E-04     -0.44299011E-03
      53     -0.15738445E-03     -0.17663973E-03     -0.24555154E-04     -0.44299011E-03
      54     -0.15768153E-03     -0.17663973E-03     -0.24967897E-04     -0.44299011E-03
      55     -0.15805104E-03     -0.17663973E-03     -0.25451711E-04     -0.44299011E-03
      56     -0.15841897E-03     -0.17663973E-03     -0.25948817E-04     -0.44299011E-03
      57     -0.15869004E-03     -0.17663973E-03     -0.26421967E-04     -0.44299011E-03
      58     -0.15890139E-03     -0.17663973E-03     -0.26811960E-04     -0.44299011E-03
      59     -0.15909970E-03     -0.17663973E-03     -0.27229173E-04     -0.44299011E-03
      60     -0.15927016E-03     -0.17663973E-03     -0.27592964E-04     -0.44299011E-03
      61     -0.15941235E-03     -0.17663973E-03     -0.27988022E-04     -0.44299011E-03
      62     -0.15950908E-03     -0.17663973E-03     -0.28351596E-04     -0.44299011E-03
      63     -0.15962343E-03     -0.17663973E-03     -0.28816762E-04     -0.44299011E-03
      64     -0.15977005E-03     -0.17663973E-03     -0.29304714E-04     -0.44299011E-03
      65     -0.15993203E-03     -0.17663973E-03     -0.29817154E-04     -0.44299011E-03
      66     -0.16009299E-03     -0.17663973E-03     -0.30292420E-04     -0.44299011E-03
      67     -0.16019686E-03     -0.17663973E-03     -0.30709646E-04     -0.44299011E-03
      68     -0.16028530E-03     -0.17663973E-03     -0.31122896E-04     -0.44299011E-03
      69     -0.16035172E-03     -0.17663973E-03     -0.31520791E-04     -0.44299011E-03
      70     -0.16041253E-03     -0.17663973E-03     -0.31926995E-04     -0.44299011E-03
      71     -0.16046575E-03     -0.17663973E-03     -0.32387499E-04     -0.44299011E-03
      72     -0.16054278E-03     -0.17663973E-03     -0.32905476E-04     -0.44299011E-03
      73     -0.16061109E-03     -0.17663973E-03     -0.33393463E-04     -0.44299011E-03
      74     -0.16069144E-03     -0.17663973E-03     -0.33882023E-04     -0.44299011E-03
      75     -0.16072136E-03     -0.17663973E-03     -0.34274354E-04     -0.44299011E-03
      76     -0.16074379E-03     -0.17663973E-03     -0.34515853E-04     -0.44299011E-03
      77     -0.16075220E-03     -0.17663973E-03     -0.34692173E-04     -0.44299011E-03
      78     -0.16075506E-03     -0.17663973E-03     -0.34729066E-04     -0.44299011E-03
      79     -0.16078683E-03     -0.17663973E-03     -0.34964266E-04     -0.44299011E-03
      80     -0.16082312E-03     -0.17663973E-03     -0.35417588E-04     -0.44299011E-03
      81     -0.16085556E-03     -0.17663973E-03     -0.35840409E-04     -0.44299011E-03
      82     -0.16088553E-03     -0.17663973E-03     -0.36324402E-04     -0.44299011E-03
      83     -0.16091646E-03     -0.17663973E-03     -0.36805486E-04     -0.44299011E-03
      84     -0.16094355E-03     -0.17663973E-03     -0.37229315E-04     -0.44299011E-03
      85     -0.16096615E-03     -0.17663973E-03     -0.37520474E-04     -0.44299011E-03
      86     -0.16098133E-03     -0.17663973E-03     -0.37720688E-04     -0.44299011E-03
      87     -0.16099614E-03     -0.17663973E-03     -0.37934528E-04     -0.44299011E-03
      88     -0.16100038E-03     -0.17663973E-03     -0.38165225E-04     -0.44299011E-03
      89     -0.16102849E-03     -0.17663973E-03     -0.38622820E-04     -0.44299011E-03
      90     -0.16104951E-03     -0.17663973E-03     -0.39072461E-04     -0.44299011E-03
      91     -0.16106388E-03     -0.17663973E-03     -0.39511307E-04     -0.44299011E-03
      92     -0.16108315E-03     -0.17663973E-03     -0.39997519E-04     -0.44299011E-03
      93     -0.16110098E-03     -0.17663973E-03     -0.40438571E-04     -0.44299011E-03
      94     -0.16111467E-03     -0.17663973E-03     -0.40844879E-04     -0.44299011E-03
      95     -0.16112348E-03     -0.17663973E-03     -0.41110842E-04     -0.44299011E-03
      96     -0.16113694E-03     -0.17663973E-03     -0.41345538E-04     -0.44299011E-03
      97     -0.16116104E-03     -0.17663973E-03     -0.41714710E-04     -0.44299011E-03
      98     -0.16117557E-03     -0.17663973E-03     -0.42132188E-04     -0.44299011E-03
      99     -0.16118792E-03     -0.17663973E-03     -0.42509986E-04     -0.44299011E-03
     100     -0.16120269E-03     -0.17663973E-03     -0.42935524E-04     -0.44299011E-03
     101     -0.16120881E-03     -0.17663973E-03     -0.43187132E-04     -0.44299011E-03
     102     -0.16122644E-03     -0.17663973E-03     -0.43609273E-04     -0.44299011E-03
     103     -0.16123592E-03     -0.17663973E-03     -0.43820981E-04     -0.44299011E-03
     104     -0.16124567E-03     -0.17663973E-03     -0.44067532E-04     -0.44299011E-03
     105     -0.16125650E-03     -0.17663973E-03     -0.44447049E-04     -0.44299011E-03
     106     -0.16126675E-03     -0.17663973E-03     -0.44865508E-04     -0.44299011E-03
     107     -0.16127621E-03     -0.17663973E-03     -0.45137954E-04     -0.44299011E-03
     108     -0.16127954E-03     -0.17663973E-03     -0.45281758E-04     -0.44299011E-03
     109     -0.16128565E-03     -0.17663973E-03     -0.45491387E-04     -0.44299011E-03
     110     -0.16129441E-03     -0.17663973E-03     -0.45685925E-04     -0.44299011E-03
     111     -0.16130610E-03     -0.17663973E-03     -0.45903819E-04     -0.44299011E-03
     112     -0.16131650E-03     -0.17663973E-03     -0.46162808E-04     -0.44299011E-03
     113     -0.16132907E-03     -0.17663973E-03     -0.46426468E-04     -0.44299011E-03
     114     -0.16134020E-03     -0.17663973E-03     -0.46682147E-04     -0.44299011E-03
     115     -0.16134996E-03     -0.17663973E-03     -0.46898407E-04     -0.44299011E-03
     116     -0.16135058E-03     -0.17663973E-03     -0.46913802E-04     -0.44299011E-03
     117     -0.16135552E-03     -0.17663973E-03     -0.47120303E-04     -0.44299011E-03
     118     -0.16135708E-03     -0.17663973E-03     -0.47275384E-04     -0.44299011E-03
     119     -0.16135742E-03     -0.17663973E-03     -0.47299300E-04     -0.44299011E-03
     120     -0.16137385E-03     -0.17663973E-03     -0.47567790E-04     -0.44299011E-03
     121     -0.16139216E-03     -0.17663973E-03     -0.47808446E-04     -0.44299011E-03
     122     -0.16139235E-03     -0.17663973E-03     -0.47818401E-04     -0.44299011E-03
     123     -0.16139308E-03     -0.17663973E-03     -0.47828672E-04     -0.44299011E-03
     124     -0.16139326E-03     -0.17663973E-03     -0.47841245E-04     -0.44299011E-03
     125     -0.16139455E-03     -0.17663973E-03     -0.47855319E-04     -0.44299011E-03
     126     -0.16139532E-03     -0.17663973E-03     -0.47873977E-04     -0.44299011E-03
     127     -0.16140567E-03     -0.17663973E-03     -0.48105683E-04     -0.44299011E-03
     128     -0.16141521E-03     -0.17663973E-03     -0.48310802E-04     -0.44299011E-03
     129     -0.16141697E-03     -0.17663973E-03     -0.48353592E-04     -0.44299011E-03
     130     -0.16142565E-03     -0.17663973E-03     -0.48627639E-04     -0.44299011E-03
     131     -0.16143876E-03     -0.17663973E-03     -0.49027175E-04     -0.44299011E-03
     132     -0.16143914E-03     -0.17663973E-03     -0.49040887E-04     -0.44299011E-03
     133     -0.16144181E-03     -0.17663973E-03     -0.49101730E-04     -0.44299011E-03
     134     -0.16144971E-03     -0.17663973E-03     -0.49272232E-04     -0.44299011E-03
     135     -0.16145625E-03     -0.17663973E-03     -0.49511844E-04     -0.44299011E-03
     136     -0.16146106E-03     -0.17663973E-03     -0.49752343E-04     -0.44299011E-03
     137     -0.16146736E-03     -0.17663973E-03     -0.49997457E-04     -0.44299011E-03
     138     -0.16147571E-03     -0.17663973E-03     -0.50258251E-04     -0.44299011E-03
     139     -0.16148299E-03     -0.17663973E-03     -0.50359633E-04     -0.44299011E-03
     140     -0.16148368E-03     -0.17663973E-03     -0.50375498E-04     -0.44299011E-03
     141     -0.16149240E-03     -0.17663973E-03     -0.50514923E-04     -0.44299011E-03
     142     -0.16150799E-03     -0.17663973E-03     -0.50743119E-04     -0.44299011E-03
     143     -0.16150847E-03     -0.17663973E-03     -0.50747299E-04     -0.44299011E-03
     144     -0.16150878E-03     -0.17663973E-03     -0.50755742E-04     -0.44299011E-03
     145     -0.16151066E-03     -0.17663973E-03     -0.50803330E-04     -0.44299011E-03
     146     -0.16151487E-03     -0.17663973E-03     -0.50991559E-04     -0.44299011E-03
     147     -0.16151758E-03     -0.17663973E-03     -0.51183424E-04     -0.44299011E-03
     148     -0.16151848E-03     -0.17663973E-03     -0.51195910E-04     -0.44299011E-03
     149     -0.16152035E-03     -0.17663973E-03     -0.51298260E-04     -0.44299011E-03
     150     -0.16152082E-03     -0.17663973E-03     -0.51317261E-04     -0.44299011E-03
     151     -0.16152123E-03     -0.17663973E-03     -0.51331937E-04     -0.44299011E-03
     152     -0.16152640E-03     -0.17663973E-03     -0.51522173E-04     -0.44299011E-03
     153     -0.16153109E-03     -0.17663973E-03     -0.51665109E-04     -0.44299011E-03
     154     -0.16153137E-03     -0.17663973E-03     -0.51675487E-04     -0.44299011E-03
     155     -0.16153205E-03     -0.17663973E-03     -0.51688772E-04     -0.44299011E-03
     156     -0.16153377E-03     -0.17663973E-03     -0.51697911E-04     -0.44299011E-03
     157     -0.16154139E-03     -0.17663973E-03     -0.51934901E-04     -0.44299011E-03
     158     -0.16154900E-03     -0.17663973E-03     -0.52143801E-04     -0.44299011E-03
     159     -0.16155438E-03     -0.17663973E-03     -0.52376759E-04     -0.44299011E-03
     160     -0.16155948E-03     -0.17663973E-03     -0.52600138E-04     -0.44299011E-03
     161     -0.16156596E-03     -0.17663973E-03     -0.52829918E-04     -0.44299011E-03
     162     -0.16156655E-03     -0.17663973E-03     -0.52857055E-04     -0.44299011E-03
     163     -0.16156993E-03     -0.17663973E-03     -0.53006969E-04     -0.44299011E-03
     164     -0.16157605E-03     -0.17663973E-03     -0.53245106E-04     -0.44299011E-03
     165     -0.16157752E-03     -0.17663973E-03     -0.53301509E-04     -0.44299011E-03
     166     -0.16157947E-03     -0.17663973E-03     -0.53332179E-04     -0.44299011E-03
     167     -0.16158196E-03     -0.17663973E-03     -0.53441510E-04     -0.44299011E-03
     168     -0.16158556E-03     -0.17663973E-03     -0.53616542E-04     -0.44299011E-03
     169     -0.16158624E-03     -0.17663973E-03     -0.53640882E-04     -0.44299011E-03
     170     -0.16158631E-03     -0.17663973E-03     -0.53642383E-04     -0.44299011E-03
     171     -0.16158663E-03     -0.17663973E-03     -0.53651205E-04     -0.44299011E-03
     172     -0.16158687E-03     -0.17663973E-03     -0.53659180E-04     -0.44299011E-03
     173     -0.16158821E-03     -0.17663973E-03     -0.53690644E-04     -0.44299011E-03
     174     -0.16159857E-03     -0.17663973E-03     -0.53872645E-04     -0.44299011E-03
     175     -0.16160038E-03     -0.17663973E-03     -0.53937809E-04     -0.44299011E-03
     176     -0.16160166E-03     -0.17663973E-03     -0.53963312E-04     -0.44299011E-03
     177     -0.16161583E-03     -0.17663973E-03     -0.54281203E-04     -0.44299011E-03
     178     -0.16161840E-03     -0.17663973E-03     -0.54320245E-04     -0.44299011E-03
     179     -0.16161953E-03     -0.17663973E-03     -0.54343703E-04     -0.44299011E-03
     180     -0.16162228E-03     -0.17663973E-03     -0.54531908E-04     -0.44299011E-03
     181     -0.16162308E-03     -0.17663973E-03     -0.54554144E-04     -0.44299011E-03
     182     -0.16162426E-03     -0.17663973E-03     -0.54593819E-04     -0.44299011E-03
     183     -0.16162485E-03     -0.17663973E-03     -0.54610270E-04     -0.44299011E-03
     184     -0.16162529E-03     -0.17663973E-03     -0.54630566E-04     -0.44299011E-03
     185     -0.16162644E-03     -0.17663973E-03     -0.54658092E-04     -0.44299011E-03
     186     -0.16162723E-03     -0.17663973E-03     -0.54703910E-04     -0.44299011E-03
     187     -0.16162833E-03     -0.17663973E-03     -0.54751109E-04     -0.44299011E-03
     188     -0.16163042E-03     -0.17663973E-03     -0.54829258E-04     -0.44299011E-03
     189     -0.16163661E-03     -0.17663973E-03     -0.54972296E-04     -0.44299011E-03
     190     -0.16164316E-03     -0.17663973E-03     -0.55108017E-04     -0.44299011E-03
     191     -0.16164342E-03     -0.17663973E-03     -0.55112603E-04     -0.44299011E-03
     192     -0.16164688E-03     -0.17663973E-03     -0.55181951E-04     -0.44299011E-03
     193     -0.16165246E-03     -0.17663973E-03     -0.55375118E-04     -0.44299011E-03
     194     -0.16165741E-03     -0.17663973E-03     -0.55597847E-04     -0.44299011E-03
     195     -0.16166154E-03     -0.17663973E-03     -0.55808944E-04     -0.44299011E-03
     196     -0.16166420E-03     -0.17663973E-03     -0.55942173E-04     -0.44299011E-03
     197     -0.16166604E-03     -0.17663973E-03     -0.56008709E-04     -0.44299011E-03
     198     -0.16167120E-03     -0.17663973E-03     -0.56207261E-04     -0.44299011E-03
     199     -0.16167133E-03     -0.17663973E-03     -0.56211228E-04     -0.44299011E-03
     200     -0.16167592E-03     -0.17663973E-03     -0.56361972E-04     -0.44299011E-03
     201     -0.16167941E-03     -0.17663973E-03     -0.56486311E-04     -0.44299011E-03
     202     -0.16168064E-03     -0.17663973E-03     -0.56547293E-04     -0.44299011E-03
     203     -0.16168336E-03     -0.17663973E-03     -0.56663462E-04     -0.44299011E-03
     204     -0.16168505E-03     -0.17663973E-03     -0.56851735E-04     -0.44299011E-03
     205     -0.16168833E-03     -0.17663973E-03     -0.57082020E-04     -0.44299011E-03
     206     -0.16169013E-03     -0.17663973E-03     -0.57158833E-04     -0.44299011E-03
     207     -0.16169056E-03     -0.17663973E-03     -0.57172095E-04     -0.44299011E-03
     208     -0.16169494E-03     -0.17663973E-03     -0.57261369E-04     -0.44299011E-03
     209     -0.16169571E-03     -0.17663973E-03     -0.57280112E-04     -0.44299011E-03
     210     -0.16169994E-03     -0.17663973E-03     -0.57394982E-04     -0.44299011E-03
     211     -0.16170230E-03     -0.17663973E-03     -0.57506689E-04     -0.44299011E-03
     212     -0.16170303E-03     -0.17663973E-03     -0.57535305E-04     -0.44299011E-03
     213     -0.16170593E-03     -0.17663973E-03     -0.57663136E-04     -0.44299011E-03
     214     -0.16170654E-03     -0.17663973E-03     -0.57679590E-04     -0.44299011E-03
     215     -0.16170939E-03     -0.17663973E-03     -0.57765248E-04     -0.44299011E-03
     216     -0.16172197E-03     -0.17663973E-03     -0.57993454E-04     -0.44299011E-03
     217     -0.16172295E-03     -0.17663973E-03     -0.58032532E-04     -0.44299011E-03
     218     -0.16172506E-03     -0.17663973E-03     -0.58112656E-04     -0.44299011E-03
     219     -0.16172603E-03     -0.17663973E-03     -0.58139602E-04     -0.44299011E-03
     220     -0.16173144E-03     -0.17663973E-03     -0.58260016E-04     -0.44299011E-03
     221     -0.16174100E-03     -0.17663973E-03     -0.58422621E-04     -0.44299011E-03
     222     -0.16174173E-03     -0.17663973E-03     -0.58439645E-04     -0.44299011E-03
     223     -0.16174260E-03     -0.17663973E-03     -0.58460245E-04     -0.44299011E-03
     224     -0.16174295E-03     -0.17663973E-03     -0.58471228E-04     -0.44299011E-03
     225     -0.16174748E-03     -0.17663973E-03     -0.58566060E-04     -0.44299011E-03
     226     -0.16175566E-03     -0.17663973E-03     -0.58825642E-04     -0.44299011E-03
     227     -0.16175599E-03     -0.17663973E-03     -0.58836189E-04     -0.44299011E-03
     228     -0.16175711E-03     -0.17663973E-03     -0.58886919E-04     -0.44299011E-03
     229     -0.16176003E-03     -0.17663973E-03     -0.59091711E-04     -0.44299011E-03
     230     -0.16176412E-03     -0.17663973E-03     -0.59248595E-04     -0.44299011E-03
     231     -0.16176791E-03     -0.17663973E-03     -0.59415982E-04     -0.44299011E-03
     232     -0.16176835E-03     -0.17663973E-03     -0.59432059E-04     -0.44299011E-03
     233     -0.16176942E-03     -0.17663973E-03     -0.59474533E-04     -0.44299011E-03
     234     -0.16177110E-03     -0.17663973E-03     -0.59530879E-04     -0.44299011E-03
     235     -0.16177210E-03     -0.17663973E-03     -0.59547460E-04     -0.44299011E-03
     236     -0.16177277E-03     -0.17663973E-03     -0.59559523E-04     -0.44299011E-03
     237     -0.16177341E-03     -0.17663973E-03     -0.59584050E-04     -0.44299011E-03
     238     -0.16177504E-03     -0.17663973E-03     -0.59615694E-04     -0.44299011E-03
     239     -0.16177996E-03     -0.17663973E-03     -0.59791868E-04     -0.44299011E-03
     240     -0.16178158E-03     -0.17663973E-03     -0.59835786E-04     -0.44299011E-03
     241     -0.16178698E-03     -0.17663973E-03     -0.60019993E-04     -0.44299011E-03
     242     -0.16179158E-03     -0.17663973E-03     -0.60169252E-04     -0.44299011E-03
     243     -0.16179522E-03     -0.17663973E-03     -0.60292391E-04     -0.44299011E-03
     244     -0.16180564E-03     -0.17663973E-03     -0.60599138E-04     -0.44299011E-03
     245     -0.16180986E-03     -0.17663973E-03     -0.60801378E-04     -0.44299011E-03
     246     -0.16181474E-03     -0.17663973E-03     -0.60991569E-04     -0.44299011E-03
     247     -0.16181671E-03     -0.17663973E-03     -0.61168536E-04     -0.44299011E-03
     248     -0.16181780E-03     -0.17663973E-03     -0.61195004E-04     -0.44299011E-03
     249     -0.16182102E-03     -0.17663973E-03     -0.61343060E-04     -0.44299011E-03
     250     -0.16182289E-03     -0.17663973E-03     -0.61413823E-04     -0.44299011E-03
     251     -0.16182380E-03     -0.17663973E-03     -0.61440853E-04     -0.44299011E-03
     252     -0.16182505E-03     -0.17663973E-03     -0.61487329E-04     -0.44299011E-03
     253     -0.16182734E-03     -0.17663973E-03     -0.61540860E-04     -0.44299011E-03
     254     -0.16183083E-03     -0.17663973E-03     -0.61743532E-04     -0.44299011E-03
     255     -0.16183529E-03     -0.17663973E-03     -0.61848850E-04     -0.44299011E-03
     256     -0.16183781E-03     -0.17663973E-03     -0.61916555E-04     -0.44299011E-03
     257     -0.16184275E-03     -0.17663973E-03     -0.61996594E-04     -0.44299011E-03
     258     -0.16184483E-03     -0.17663973E-03     -0.62031666E-04     -0.44299011E-03
     259     -0.16185648E-03     -0.17663973E-03     -0.62232387E-04     -0.44299011E-03
     260     -0.16186549E-03     -0.17663973E-03     -0.62369716E-04     -0.44299011E-03
     261     -0.16186727E-03     -0.17663973E-03     -0.62402551E-04     -0.44299011E-03
     262     -0.16187878E-03     -0.17663973E-03     -0.62618946E-04     -0.44299011E-03
     263     -0.16188955E-03     -0.17663973E-03     -0.62816162E-04     -0.44299011E-03
     264     -0.16189122E-03     -0.17663973E-03     -0.62849071E-04     -0.44299011E-03
     265     -0.16189669E-03     -0.17663973E-03     -0.62947624E-04     -0.44299011E-03
     266     -0.16190272E-03     -0.17663973E-03     -0.63048932E-04     -0.44299011E-03
     267     -0.16190692E-03     -0.17663973E-03     -0.63139356E-04     -0.44299011E-03
     268     -0.16191798E-03     -0.17663973E-03     -0.63382725E-04     -0.44299011E-03
     269     -0.16192106E-03     -0.17663973E-03     -0.63446244E-04     -0.44299011E-03
     270     -0.16192390E-03     -0.17663973E-03     -0.63493129E-04     -0.44299011E-03
     271     -0.16192935E-03     -0.17663973E-03     -0.63576248E-04     -0.44299011E-03
     272     -0.16193176E-03     -0.17663973E-03     -0.63625903E-04     -0.44299011E-03
     273     -0.16194040E-03     -0.17663973E-03     -0.63871026E-04     -0.44299011E-03
     274     -0.16195394E-03     -0.17663973E-03     -0.64103557E-04     -0.44299011E-03
     275     -0.16196394E-03     -0.17663973E-03     -0.64271047E-04     -0.44299011E-03
     276     -0.16197237E-03     -0.17663973E-03     -0.64394437E-04     -0.44299011E-03
     277     -0.16198613E-03     -0.17663973E-03     -0.64651496E-04     -0.44299011E-03
     278     -0.16199414E-03     -0.17663973E-03     -0.64815290E-04     -0.44299011E-03
     279     -0.16200002E-03     -0.17663973E-03     -0.64911996E-04     -0.44299011E-03
     280     -0.16200198E-03     -0.17663973E-03     -0.64941454E-04     -0.44299011E-03
     281     -0.16200575E-03     -0.17663973E-03     -0.65007831E-04     -0.44299011E-03
     282     -0.16200734E-03     -0.17663973E-03     -0.65035988E-04     -0.44299011E-03
     283     -0.16201129E-03     -0.17663973E-03     -0.65097776E-04     -0.44299011E-03
     284     -0.16201324E-03     -0.17663973E-03     -0.65131209E-04     -0.44299011E-03
     285     -0.16201453E-03     -0.17663973E-03     -0.65167963E-04     -0.44299011E-03
     286     -0.16201560E-03     -0.17663973E-03     -0.65189311E-04     -0.44299011E-03
     287     -0.16201659E-03     -0.17663973E-03     -0.65219237E-04     -0.44299011E-03
     288     -0.16201924E-03     -0.17663973E-03     -0.65277083E-04     -0.44299011E-03
     289     -0.16202661E-03     -0.17663973E-03     -0.65413320E-04     -0.44299011E-03
     290     -0.16203660E-03     -0.17663973E-03     -0.65608624E-04     -0.44299011E-03
     291     -0.16204100E-03     -0.17663973E-03     -0.65690788E-04     -0.44299011E-03
     292     -0.16204518E-03     -0.17663973E-03     -0.65819560E-04     -0.44299011E-03
     293     -0.16205884E-03     -0.17663973E-03     -0.66059555E-04     -0.44299011E-03
     294     -0.16207425E-03     -0.17663973E-03     -0.66353165E-04     -0.44299011E-03
     295     -0.16207773E-03     -0.17663973E-03     -0.66394210E-04     -0.44299011E-03
     296     -0.16207836E-03     -0.17663973E-03     -0.66405033E-04     -0.44299011E-03
     297     -0.16208020E-03     -0.17663973E-03     -0.66432402E-04     -0.44299011E-03
     298     -0.16208056E-03     -0.17663973E-03     -0.66440162E-04     -0.44299011E-03
     299     -0.16208118E-03     -0.17663973E-03     -0.66451748E-04     -0.44299011E-03
     300     -0.16208437E-03     -0.17663973E-03     -0.66639570E-04     -0.44299011E-03
     301     -0.16208569E-03     -0.17663973E-03     -0.66669729E-04     -0.44299011E-03
     302     -0.16208750E-03     -0.17663973E-03     -0.66863370E-04     -0.44299011E-03
     303     -0.16208834E-03     -0.17663973E-03     -0.66886112E-04     -0.44299011E-03
     304     -0.16208882E-03     -0.17663973E-03     -0.66896573E-04     -0.44299011E-03
     305     -0.16208951E-03     -0.17663973E-03     -0.66908703E-04     -0.44299011E-03
     306     -0.16209030E-03     -0.17663973E-03     -0.66935734E-04     -0.44299011E-03
     307     -0.16209171E-03     -0.17663973E-03     -0.66972297E-04     -0.44299011E-03
     308     -0.16209804E-03     -0.17663973E-03     -0.67156452E-04     -0.44299011E-03
     309     -0.16209836E-03     -0.17663973E-03     -0.67161384E-04     -0.44299011E-03
     310     -0.16209964E-03     -0.17663973E-03     -0.67185386E-04     -0.44299011E-03
     311     -0.16210507E-03     -0.17663973E-03     -0.67298396E-04     -0.44299011E-03
     312     -0.16210703E-03     -0.17663973E-03     -0.67331940E-04     -0.44299011E-03
     313     -0.16210770E-03     -0.17663973E-03     -0.67343624E-04     -0.44299011E-03
     314     -0.16211098E-03     -0.17663973E-03     -0.67410264E-04     -0.44299011E-03
     315     -0.16211253E-03     -0.17663973E-03     -0.67444372E-04     -0.44299011E-03
     316     -0.16211373E-03     -0.17663973E-03     -0.67466528E-04     -0.44299011E-03
     317     -0.16211476E-03     -0.17663973E-03     -0.67482563E-04     -0.44299011E-03
     318     -0.16211523E-03     -0.17663973E-03     -0.67492899E-04     -0.44299011E-03
     319     -0.16211623E-03     -0.17663973E-03     -0.67509462E-04     -0.44299011E-03
     320     -0.16212822E-03     -0.17663973E-03     -0.67691393E-04     -0.44299011E-03
     321     -0.16214083E-03     -0.17663973E-03     -0.67875811E-04     -0.44299011E-03
     322     -0.16214289E-03     -0.17663973E-03     -0.67907075E-04     -0.44299011E-03
     323     -0.16214789E-03     -0.17663973E-03     -0.67974111E-04     -0.44299011E-03
     324     -0.16214907E-03     -0.17663973E-03     -0.67997137E-04     -0.44299011E-03
     325     -0.16215981E-03     -0.17663973E-03     -0.68138925E-04     -0.44299011E-03
     326     -0.16216654E-03     -0.17663973E-03     -0.68234760E-04     -0.44299011E-03
     327     -0.16217057E-03     -0.17663973E-03     -0.68291982E-04     -0.44299011E-03
     328     -0.16217128E-03     -0.17663973E-03     -0.68306928E-04     -0.44299011E-03
     329     -0.16217195E-03     -0.17663973E-03     -0.68321788E-04     -0.44299011E-03
     330     -0.16217476E-03     -0.17663973E-03     -0.68367469E-04     -0.44299011E-03
     331     -0.16217571E-03     -0.17663973E-03     -0.68382493E-04     -0.44299011E-03
     332     -0.16217767E-03     -0.17663973E-03     -0.68418641E-04     -0.44299011E-03
     333     -0.16217853E-03     -0.17663973E-03     -0.68431728E-04     -0.44299011E-03
     334     -0.16218119E-03     -0.17663973E-03     -0.68489266E-04     -0.44299011E-03
     335     -0.16218230E-03     -0.17663973E-03     -0.68507926E-04     -0.44299011E-03
     336     -0.16218316E-03     -0.17663973E-03     -0.68524028E-04     -0.44299011E-03
     337     -0.16218464E-03     -0.17663973E-03     -0.68547217E-04     -0.44299011E-03
     338     -0.16218667E-03     -0.17663973E-03     -0.68585517E-04     -0.44299011E-03
     339     -0.16218842E-03     -0.17663973E-03     -0.68610957E-04     -0.44299011E-03
     340     -0.16219242E-03     -0.17663973E-03     -0.68706411E-04     -0.44299011E-03
     341     -0.16219872E-03     -0.17663973E-03     -0.68861715E-04     -0.44299011E-03
     342     -0.16220049E-03     -0.17663973E-03     -0.68882431E-04     -0.44299011E-03
     343     -0.16220662E-03     -0.17663973E-03     -0.68993499E-04     -0.44299011E-03
     344     -0.16220950E-03     -0.17663973E-03     -0.69026296E-04     -0.44299011E-03
     345     -0.16221307E-03     -0.17663973E-03     -0.69074176E-04     -0.44299011E-03
     346     -0.16222255E-03     -0.17663973E-03     -0.69198082E-04     -0.44299011E-03
     347     -0.16223414E-03     -0.17663973E-03     -0.69352162E-04     -0.44299011E-03
     348     -0.16223806E-03     -0.17663973E-03     -0.69510564E-04     -0.44299011E-03
     349     -0.16223861E-03     -0.17663973E-03     -0.69523757E-04     -0.44299011E-03
     350     -0.16224210E-03     -0.17663973E-03     -0.69679538E-04     -0.44299011E-03
     351     -0.16224504E-03     -0.17663973E-03     -0.69811042E-04     -0.44299011E-03
     352     -0.16224871E-03     -0.17663973E-03     -0.69898726E-04     -0.44299011E-03
     353     -0.16225225E-03     -0.17663973E-03     -0.69956214E-04     -0.44299011E-03
     354     -0.16225626E-03     -0.17663973E-03     -0.70011989E-04     -0.44299011E-03
     355     -0.16226025E-03     -0.17663973E-03     -0.70081199E-04     -0.44299011E-03
     356     -0.16226697E-03     -0.17663973E-03     -0.70273166E-04     -0.44299011E-03
     357     -0.16227591E-03     -0.17663973E-03     -0.70451331E-04     -0.44299011E-03
     358     -0.16227931E-03     -0.17663973E-03     -0.70487456E-04     -0.44299011E-03
     359     -0.16228367E-03     -0.17663973E-03     -0.70562581E-04     -0.44299011E-03
     360     -0.16228653E-03     -0.17663973E-03     -0.70595535E-04     -0.44299011E-03
     361     -0.16228988E-03     -0.17663973E-03     -0.70638689E-04     -0.44299011E-03
     362     -0.16229137E-03     -0.17663973E-03     -0.70657228E-04     -0.44299011E-03
     363     -0.16229461E-03     -0.17663973E-03     -0.70701022E-04     -0.44299011E-03
     364     -0.16229580E-03     -0.17663973E-03     -0.70724315E-04     -0.44299011E-03
     365     -0.16229615E-03     -0.17663973E-03     -0.70739658E-04     -0.44299011E-03
     366     -0.16229706E-03     -0.17663973E-03     -0.70753638E-04     -0.44299011E-03
     367     -0.16229804E-03     -0.17663973E-03     -0.70772026E-04     -0.44299011E-03
     368     -0.16230002E-03     -0.17663973E-03     -0.70804546E-04     -0.44299011E-03
     369     -0.16230239E-03     -0.17663973E-03     -0.70844778E-04     -0.44299011E-03
     370     -0.16230295E-03     -0.17663973E-03     -0.70853260E-04     -0.44299011E-03
     371     -0.16230541E-03     -0.17663973E-03     -0.70894742E-04     -0.44299011E-03
     372     -0.16230651E-03     -0.17663973E-03     -0.70909712E-04     -0.44299011E-03
     373     -0.16230747E-03     -0.17663973E-03     -0.70928294E-04     -0.44299011E-03
     374     -0.16230800E-03     -0.17663973E-03     -0.70937316E-04     -0.44299011E-03
     375     -0.16231133E-03     -0.17663973E-03     -0.70980832E-04     -0.44299011E-03
     376     -0.16232574E-03     -0.17663973E-03     -0.71155036E-04     -0.44299011E-03
     377     -0.16234195E-03     -0.17663973E-03     -0.71347776E-04     -0.44299011E-03
     378     -0.16235448E-03     -0.17663973E-03     -0.71482852E-04     -0.44299011E-03
     379     -0.16236234E-03     -0.17663973E-03     -0.71596459E-04     -0.44299011E-03
     380     -0.16236654E-03     -0.17663973E-03     -0.71653998E-04     -0.44299011E-03
     381     -0.16239634E-03     -0.17663973E-03     -0.71933731E-04     -0.44299011E-03
     382     -0.16240856E-03     -0.17663973E-03     -0.72066341E-04     -0.44299011E-03
     383     -0.16241307E-03     -0.17663973E-03     -0.72141898E-04     -0.44299011E-03
     384     -0.16241935E-03     -0.17663973E-03     -0.72254669E-04     -0.44299011E-03
     385     -0.16242212E-03     -0.17663973E-03     -0.72308197E-04     -0.44299011E-03
     386     -0.16242561E-03     -0.17663973E-03     -0.72366610E-04     -0.44299011E-03
     387     -0.16243010E-03     -0.17663973E-03     -0.72451181E-04     -0.44299011E-03
     388     -0.16243534E-03     -0.17663973E-03     -0.72571529E-04     -0.44299011E-03
     389     -0.16243834E-03     -0.17663973E-03     -0.72682698E-04     -0.44299011E-03
     390     -0.16244532E-03     -0.17663973E-03     -0.72779914E-04     -0.44299011E-03
     391     -0.16244906E-03     -0.17663973E-03     -0.72845979E-04     -0.44299011E-03
     392     -0.16245145E-03     -0.17663973E-03     -0.72964271E-04     -0.44299011E-03
     393     -0.16245420E-03     -0.17663973E-03     -0.73052699E-04     -0.44299011E-03
     394     -0.16245551E-03     -0.17663973E-03     -0.73105338E-04     -0.44299011E-03
     395     -0.16245658E-03     -0.17663973E-03     -0.73136700E-04     -0.44299011E-03
     396     -0.16246058E-03     -0.17663973E-03     -0.73240884E-04     -0.44299011E-03
     397     -0.16246886E-03     -0.17663973E-03     -0.73371427E-04     -0.44299011E-03
     398     -0.16248669E-03     -0.17663973E-03     -0.73595365E-04     -0.44299011E-03
     399     -0.16249568E-03     -0.17663973E-03     -0.73740765E-04     -0.44299011E-03
     400     -0.16250673E-03     -0.17663973E-03     -0.73893577E-04     -0.44299011E-03
     401     -0.16251077E-03     -0.17663973E-03     -0.73975961E-04     -0.44299011E-03
     402     -0.16251677E-03     -0.17663973E-03     -0.74093200E-04     -0.44299011E-03
     403     -0.16251990E-03     -0.17663973E-03     -0.74148742E-04     -0.44299011E-03
     404     -0.16252080E-03     -0.17663973E-03     -0.74166577E-04     -0.44299011E-03
     405     -0.16252518E-03     -0.17663973E-03     -0.74240870E-04     -0.44299011E-03
     406     -0.16253054E-03     -0.17663973E-03     -0.74367568E-04     -0.44299011E-03
     407     -0.16253999E-03     -0.17663973E-03     -0.74515743E-04     -0.44299011E-03
     408     -0.16254140E-03     -0.17663973E-03     -0.74556412E-04     -0.44299011E-03
     409     -0.16254327E-03     -0.17663973E-03     -0.74589386E-04     -0.44299011E-03
     410     -0.16254750E-03     -0.17663973E-03     -0.74672881E-04     -0.44299011E-03
     411     -0.16255514E-03     -0.17663973E-03     -0.74809062E-04     -0.44299011E-03
     412     -0.16255918E-03     -0.17663973E-03     -0.74902051E-04     -0.44299011E-03
     413     -0.16257527E-03     -0.17663973E-03     -0.75180452E-04     -0.44299011E-03
     414     -0.16258322E-03     -0.17663973E-03     -0.75336159E-04     -0.44299011E-03
     415     -0.16259233E-03     -0.17663973E-03     -0.75525172E-04     -0.44299011E-03
     416     -0.16260501E-03     -0.17663973E-03     -0.75716458E-04     -0.44299011E-03
     417     -0.16261796E-03     -0.17663973E-03     -0.75947846E-04     -0.44299011E-03
     418     -0.16262723E-03     -0.17663973E-03     -0.76127169E-04     -0.44299011E-03
     419     -0.16263509E-03     -0.17663973E-03     -0.76345981E-04     -0.44299011E-03
     420     -0.16264195E-03     -0.17663973E-03     -0.76562248E-04     -0.44299011E-03
     421     -0.16265449E-03     -0.17663973E-03     -0.76863255E-04     -0.44299011E-03
     422     -0.16267397E-03     -0.17663973E-03     -0.77120093E-04     -0.44299011E-03
     423     -0.16268138E-03     -0.17663973E-03     -0.77205182E-04     -0.44299011E-03
     424     -0.16270509E-03     -0.17663973E-03     -0.77454571E-04     -0.44299011E-03
     425     -0.16271450E-03     -0.17663973E-03     -0.77543644E-04     -0.44299011E-03
     426     -0.16271719E-03     -0.17663973E-03     -0.77604858E-04     -0.44299011E-03
     427     -0.16272918E-03     -0.17663973E-03     -0.77794397E-04     -0.44299011E-03
     428     -0.16274486E-03     -0.17663973E-03     -0.78108702E-04     -0.44299011E-03
     429     -0.16275060E-03     -0.17663973E-03     -0.78390383E-04     -0.44299011E-03
     430     -0.16277121E-03     -0.17663973E-03     -0.78663776E-04     -0.44299011E-03
     431     -0.16279485E-03     -0.17663973E-03     -0.78937459E-04     -0.44299011E-03
     432     -0.16281136E-03     -0.17663973E-03     -0.79105857E-04     -0.44299011E-03
     433     -0.16282417E-03     -0.17663973E-03     -0.79288441E-04     -0.44299011E-03
     434     -0.16283779E-03     -0.17663973E-03     -0.79484748E-04     -0.44299011E-03
     435     -0.16285041E-03     -0.17663973E-03     -0.79611004E-04     -0.44299011E-03
     436     -0.16286850E-03     -0.17663973E-03     -0.79830942E-04     -0.44299011E-03
     437     -0.16289901E-03     -0.17663973E-03     -0.80115458E-04     -0.44299011E-03
     438     -0.16291608E-03     -0.17663973E-03     -0.80264679E-04     -0.44299011E-03
     439     -0.16293287E-03     -0.17663973E-03     -0.80436538E-04     -0.44299011E-03
     440     -0.16295549E-03     -0.17663973E-03     -0.80634557E-04     -0.44299011E-03
     441     -0.16297498E-03     -0.17663973E-03     -0.80789187E-04     -0.44299011E-03
     442     -0.16298946E-03     -0.17663973E-03     -0.80916505E-04     -0.44299011E-03
     443     -0.16300031E-03     -0.17663973E-03     -0.81006326E-04     -0.44299011E-03
     444     -0.16300255E-03     -0.17663973E-03     -0.81029749E-04     -0.44299011E-03
     445     -0.16303396E-03     -0.17663973E-03     -0.81285076E-04     -0.44299011E-03
     446     -0.16304417E-03     -0.17663973E-03     -0.81363510E-04     -0.44299011E-03
     447     -0.16305331E-03     -0.17663973E-03     -0.81438101E-04     -0.44299011E-03
     448     -0.16306413E-03     -0.17663973E-03     -0.81525297E-04     -0.44299011E-03
     449     -0.16307974E-03     -0.17663973E-03     -0.81653237E-04     -0.44299011E-03
     450     -0.16308228E-03     -0.17663973E-03     -0.81678466E-04     -0.44299011E-03
     451     -0.16308394E-03     -0.17663973E-03     -0.81697779E-04     -0.44299011E-03
     452     -0.16311195E-03     -0.17663973E-03     -0.81951554E-04     -0.44299011E-03
     453     -0.16312309E-03     -0.17663973E-03     -0.82067127E-04     -0.44299011E-03
     454     -0.16312642E-03     -0.17663973E-03     -0.82095886E-04     -0.44299011E-03
     455     -0.16315826E-03     -0.17663973E-03     -0.82363897E-04     -0.44299011E-03
     456     -0.16318114E-03     -0.17663973E-03     -0.82542393E-04     -0.44299011E-03
     457     -0.16318318E-03     -0.17663973E-03     -0.82570467E-04     -0.44299011E-03
     458     -0.16318524E-03     -0.17663973E-03     -0.82600030E-04     -0.44299011E-03
     459     -0.16318726E-03     -0.17663973E-03     -0.82625124E-04     -0.44299011E-03
     460     -0.16319699E-03     -0.17663973E-03     -0.82714879E-04     -0.44299011E-03
     461     -0.16320232E-03     -0.17663973E-03     -0.82762439E-04     -0.44299011E-03
     462     -0.16320873E-03     -0.17663973E-03     -0.82821926E-04     -0.44299011E-03
     463     -0.16321123E-03     -0.17663973E-03     -0.82849050E-04     -0.44299011E-03
     464     -0.16321853E-03     -0.17663973E-03     -0.82917765E-04     -0.44299011E-03
     465     -0.16321911E-03     -0.17663973E-03     -0.82927496E-04     -0.44299011E-03
     466     -0.16322048E-03     -0.17663973E-03     -0.82941442E-04     -0.44299011E-03
     467     -0.16322181E-03     -0.17663973E-03     -0.82955778E-04     -0.44299011E-03
     468     -0.16322262E-03     -0.17663973E-03     -0.82970397E-04     -0.44299011E-03
     469     -0.16322348E-03     -0.17663973E-03     -0.82989039E-04     -0.44299011E-03
     470     -0.16322462E-03     -0.17663973E-03     -0.83006674E-04     -0.44299011E-03
     471     -0.16322560E-03     -0.17663973E-03     -0.83024867E-04     -0.44299011E-03
     472     -0.16322630E-03     -0.17663973E-03     -0.83038043E-04     -0.44299011E-03
     473     -0.16322749E-03     -0.17663973E-03     -0.83055138E-04     -0.44299011E-03
     474     -0.16322831E-03     -0.17663973E-03     -0.83067349E-04     -0.44299011E-03
     475     -0.16322960E-03     -0.17663973E-03     -0.83083961E-04     -0.44299011E-03
     476     -0.16323038E-03     -0.17663973E-03     -0.83095288E-04     -0.44299011E-03
     477     -0.16323117E-03     -0.17663973E-03     -0.83106564E-04     -0.44299011E-03
     478     -0.16323206E-03     -0.17663973E-03     -0.83116782E-04     -0.44299011E-03
     479     -0.16323401E-03     -0.17663973E-03     -0.83136339E-04     -0.44299011E-03
     480     -0.16323491E-03     -0.17663973E-03     -0.83147595E-04     -0.44299011E-03
     481     -0.16323556E-03     -0.17663973E-03     -0.83162202E-04     -0.44299011E-03
     482     -0.16323648E-03     -0.17663973E-03     -0.83177706E-04     -0.44299011E-03
     483     -0.16323753E-03     -0.17663973E-03     -0.83192886E-04     -0.44299011E-03
     484     -0.16323822E-03     -0.17663973E-03     -0.83203655E-04     -0.44299011E-03
     485     -0.16323934E-03     -0.17663973E-03     -0.83217777E-04     -0.44299011E-03
     486     -0.16324030E-03     -0.17663973E-03     -0.83230063E-04     -0.44299011E-03
     487     -0.16324083E-03     -0.17663973E-03     -0.83240413E-04     -0.44299011E-03
     488     -0.16324140E-03     -0.17663973E-03     -0.83250753E-04     -0.44299011E-03
     489     -0.16324256E-03     -0.17663973E-03     -0.83263449E-04     -0.44299011E-03
     490     -0.16324314E-03     -0.17663973E-03     -0.83278266E-04     -0.44299011E-03
     491     -0.16324370E-03     -0.17663973E-03     -0.83288515E-04     -0.44299011E-03
     492     -0.16324401E-03     -0.17663973E-03     -0.83293474E-04     -0.44299011E-03
     493     -0.16324441E-03     -0.17663973E-03     -0.83303454E-04     -0.44299011E-03
     494     -0.16324484E-03     -0.17663973E-03     -0.83310687E-04     -0.44299011E-03
     495     -0.16324517E-03     -0.17663973E-03     -0.83316704E-04     -0.44299011E-03
     496     -0.16324596E-03     -0.17663973E-03     -0.83321733E-04     -0.44299011E-03
     497     -0.16324615E-03     -0.17663973E-03     -0.83324002E-04     -0.44299011E-03
     498     -0.16324720E-03     -0.17663973E-03     -0.83336329E-04     -0.44299011E-03
     499     -0.16324788E-03     -0.17663973E-03     -0.83351307E-04     -0.44299011E-03
     500     -0.16324901E-03     -0.17663973E-03     -0.83364430E-04     -0.44299011E-03
     501     -0.16325007E-03     -0.17663973E-03     -0.83374509E-04     -0.44299011E-03
     502     -0.16325067E-03     -0.17663973E-03     -0.83381759E-04     -0.44299011E-03
     503     -0.16325215E-03     -0.17663973E-03     -0.83393832E-04     -0.44299011E-03
     504     -0.16325272E-03     -0.17663973E-03     -0.83402480E-04     -0.44299011E-03
     505     -0.16325304E-03     -0.17663973E-03     -0.83411070E-04     -0.44299011E-03
     506     -0.16325641E-03     -0.17663973E-03     -0.83431633E-04     -0.44299011E-03
     507     -0.16325813E-03     -0.17663973E-03     -0.83446582E-04     -0.44299011E-03
     508     -0.16325990E-03     -0.17663973E-03     -0.83463288E-04     -0.44299011E-03
     509     -0.16326088E-03     -0.17663973E-03     -0.83479233E-04     -0.44299011E-03
     510     -0.16326422E-03     -0.17663973E-03     -0.83496245E-04     -0.44299011E-03
     511     -0.16326493E-03     -0.17663973E-03     -0.83503521E-04     -0.44299011E-03
     512     -0.16326663E-03     -0.17663973E-03     -0.83514675E-04     -0.44299011E-03
     513     -0.16326812E-03     -0.17663973E-03     -0.83529860E-04     -0.44299011E-03
     514     -0.16326894E-03     -0.17663973E-03     -0.83544138E-04     -0.44299011E-03
     515     -0.16327199E-03     -0.17663973E-03     -0.83562953E-04     -0.44299011E-03
     516     -0.16327373E-03     -0.17663973E-03     -0.83579241E-04     -0.44299011E-03
     517     -0.16327920E-03     -0.17663973E-03     -0.83606078E-04     -0.44299011E-03
     518     -0.16328156E-03     -0.17663973E-03     -0.83621021E-04     -0.44299011E-03
     519     -0.16328445E-03     -0.17663973E-03     -0.83638029E-04     -0.44299011E-03
     520     -0.16328814E-03     -0.17663973E-03     -0.83655562E-04     -0.44299011E-03
     521     -0.16328993E-03     -0.17663973E-03     -0.83665839E-04     -0.44299011E-03
     522     -0.16329161E-03     -0.17663973E-03     -0.83677919E-04     -0.44299011E-03
     523     -0.16329716E-03     -0.17663973E-03     -0.83702002E-04     -0.44299011E-03
     524     -0.16329868E-03     -0.17663973E-03     -0.83718814E-04     -0.44299011E-03
     525     -0.16330782E-03     -0.17663973E-03     -0.83759233E-04     -0.44299011E-03
     526     -0.16330990E-03     -0.17663973E-03     -0.83775543E-04     -0.44299011E-03
     527     -0.16332118E-03     -0.17663973E-03     -0.83812919E-04     -0.44299011E-03
     528     -0.16332666E-03     -0.17663973E-03     -0.83838486E-04     -0.44299011E-03
     529     -0.16333048E-03     -0.17663973E-03     -0.83856651E-04     -0.44299011E-03
     530     -0.16333495E-03     -0.17663973E-03     -0.83875099E-04     -0.44299011E-03
     531     -0.16333935E-03     -0.17663973E-03     -0.83893310E-04     -0.44299011E-03
     532     -0.16335130E-03     -0.17663973E-03     -0.83932720E-04     -0.44299011E-03
     533     -0.16335565E-03     -0.17663973E-03     -0.83955466E-04     -0.44299011E-03
     534     -0.16336106E-03     -0.17663973E-03     -0.83978936E-04     -0.44299011E-03
     535     -0.16336615E-03     -0.17663973E-03     -0.84004790E-04     -0.44299011E-03
     536     -0.16337231E-03     -0.17663973E-03     -0.84031592E-04     -0.44299011E-03
     537     -0.16337662E-03     -0.17663973E-03     -0.84053861E-04     -0.44299011E-03
     538     -0.16337806E-03     -0.17663973E-03     -0.84063057E-04     -0.44299011E-03
     539     -0.16337890E-03     -0.17663973E-03     -0.84069518E-04     -0.44299011E-03
     540     -0.16341437E-03     -0.17663973E-03     -0.84160955E-04     -0.44299011E-03
     541     -0.16343756E-03     -0.17663973E-03     -0.84239195E-04     -0.44299011E-03
     542     -0.16344947E-03     -0.17663973E-03     -0.84284727E-04     -0.44299011E-03
     543     -0.16348749E-03     -0.17663973E-03     -0.84413847E-04     -0.44299011E-03
     544     -0.16349724E-03     -0.17663973E-03     -0.84449746E-04     -0.44299011E-03
     545     -0.16350754E-03     -0.17663973E-03     -0.84488033E-04     -0.44299011E-03
     546     -0.16353321E-03     -0.17663973E-03     -0.84566649E-04     -0.44299011E-03
     547     -0.16354345E-03     -0.17663973E-03     -0.84600613E-04     -0.44299011E-03
     548     -0.16355829E-03     -0.17663973E-03     -0.84652100E-04     -0.44299011E-03
     549     -0.16359191E-03     -0.17663973E-03     -0.84755452E-04     -0.44299011E-03
     550     -0.16360432E-03     -0.17663973E-03     -0.84803403E-04     -0.44299011E-03
     551     -0.16360616E-03     -0.17663973E-03     -0.84820814E-04     -0.44299011E-03
     552     -0.16362196E-03     -0.17663973E-03     -0.84874321E-04     -0.44299011E-03
     553     -0.16362615E-03     -0.17663973E-03     -0.84897190E-04     -0.44299011E-03
     554     -0.16362847E-03     -0.17663973E-03     -0.84913020E-04     -0.44299011E-03
     555     -0.16363164E-03     -0.17663973E-03     -0.84933492E-04     -0.44299011E-03
     556     -0.16364360E-03     -0.17663973E-03     -0.84984725E-04     -0.44299011E-03
     557     -0.16365049E-03     -0.17663973E-03     -0.85021464E-04     -0.44299011E-03
     558     -0.16368038E-03     -0.17663973E-03     -0.85109064E-04     -0.44299011E-03
     559     -0.16369705E-03     -0.17663973E-03     -0.85175566E-04     -0.44299011E-03
     560     -0.16370100E-03     -0.17663973E-03     -0.85199853E-04     -0.44299011E-03
     561     -0.16370515E-03     -0.17663973E-03     -0.85224245E-04     -0.44299011E-03
     562     -0.16371571E-03     -0.17663973E-03     -0.85264022E-04     -0.44299011E-03
     563     -0.16373058E-03     -0.17663973E-03     -0.85322008E-04     -0.44299011E-03
     564     -0.16374377E-03     -0.17663973E-03     -0.85370522E-04     -0.44299011E-03
     565     -0.16375317E-03     -0.17663973E-03     -0.85411560E-04     -0.44299011E-03
     566     -0.16375969E-03     -0.17663973E-03     -0.85440957E-04     -0.44299011E-03
     567     -0.16376809E-03     -0.17663973E-03     -0.85475912E-04     -0.44299011E-03
     568     -0.16377306E-03     -0.17663973E-03     -0.85502059E-04     -0.44299011E-03
     569     -0.16377603E-03     -0.17663973E-03     -0.85519459E-04     -0.44299011E-03
     570     -0.16380608E-03     -0.17663973E-03     -0.85620765E-04     -0.44299011E-03
     571     -0.16382008E-03     -0.17663973E-03     -0.85673860E-04     -0.44299011E-03
     572     -0.16382825E-03     -0.17663973E-03     -0.85705864E-04     -0.44299011E-03
     573     -0.16386270E-03     -0.17663973E-03     -0.85817836E-04     -0.44299011E-03
     574     -0.16386889E-03     -0.17663973E-03     -0.85843440E-04     -0.44299011E-03
     575     -0.16387904E-03     -0.17663973E-03     -0.85889688E-04     -0.44299011E-03
     576     -0.16388842E-03     -0.17663973E-03     -0.85933478E-04     -0.44299011E-03
     577     -0.16389785E-03     -0.17663973E-03     -0.85972102E-04     -0.44299011E-03
     578     -0.16390549E-03     -0.17663973E-03     -0.86005846E-04     -0.44299011E-03
     579     -0.16391188E-03     -0.17663973E-03     -0.86038250E-04     -0.44299011E-03
     580     -0.16391715E-03     -0.17663973E-03     -0.86069532E-04     -0.44299011E-03
     581     -0.16392377E-03     -0.17663973E-03     -0.86102339E-04     -0.44299011E-03
     582     -0.16393286E-03     -0.17663973E-03     -0.86139560E-04     -0.44299011E-03
     583     -0.16394679E-03     -0.17663973E-03     -0.86187785E-04     -0.44299011E-03
     584     -0.16395738E-03     -0.17663973E-03     -0.86230439E-04     -0.44299011E-03
     585     -0.16397384E-03     -0.17663973E-03     -0.86298127E-04     -0.44299011E-03
     586     -0.16397682E-03     -0.17663973E-03     -0.86319139E-04     -0.44299011E-03
     587     -0.16398315E-03     -0.17663973E-03     -0.86349606E-04     -0.44299011E-03
     588     -0.16400820E-03     -0.17663973E-03     -0.86443314E-04     -0.44299011E-03
     589     -0.16402336E-03     -0.17663973E-03     -0.86509587E-04     -0.44299011E-03
     590     -0.16402787E-03     -0.17663973E-03     -0.86541251E-04     -0.44299011E-03
     591     -0.16403651E-03     -0.17663973E-03     -0.86578824E-04     -0.44299011E-03
     592     -0.16405775E-03     -0.17663973E-03     -0.86658143E-04     -0.44299011E-03
     593     -0.16406880E-03     -0.17663973E-03     -0.86705517E-04     -0.44299011E-03
     594     -0.16408074E-03     -0.17663973E-03     -0.86752874E-04     -0.44299011E-03
     595     -0.16409322E-03     -0.17663973E-03     -0.86800249E-04     -0.44299011E-03
     596     -0.16411313E-03     -0.17663973E-03     -0.86878015E-04     -0.44299011E-03
     597     -0.16412865E-03     -0.17663973E-03     -0.86939492E-04     -0.44299011E-03
     598     -0.16413425E-03     -0.17663973E-03     -0.86967964E-04     -0.44299011E-03
     599     -0.16414052E-03     -0.17663973E-03     -0.86997062E-04     -0.44299011E-03
     600     -0.16415432E-03     -0.17663973E-03     -0.87044677E-04     -0.44299011E-03
     601     -0.16416424E-03     -0.17663973E-03     -0.87087391E-04     -0.44299011E-03
     602     -0.16420154E-03     -0.17663973E-03     -0.87220521E-04     -0.44299011E-03
     603     -0.16421539E-03     -0.17663973E-03     -0.87266627E-04     -0.44299011E-03
     604     -0.16423386E-03     -0.17663973E-03     -0.87324667E-04     -0.44299011E-03
     605     -0.16423797E-03     -0.17663973E-03     -0.87341475E-04     -0.44299011E-03
     606     -0.16424182E-03     -0.17663973E-03     -0.87358107E-04     -0.44299011E-03
     607     -0.16426923E-03     -0.17663973E-03     -0.87440361E-04     -0.44299011E-03
     608     -0.16427748E-03     -0.17663973E-03     -0.87476456E-04     -0.44299011E-03
     609     -0.16428355E-03     -0.17663973E-03     -0.87507128E-04     -0.44299011E-03
     610     -0.16429053E-03     -0.17663973E-03     -0.87539856E-04     -0.44299011E-03
     611     -0.16430169E-03     -0.17663973E-03     -0.87589321E-04     -0.44299011E-03
     612     -0.16431491E-03     -0.17663973E-03     -0.87638677E-04     -0.44299011E-03
     613     -0.16432476E-03     -0.17663973E-03     -0.87677779E-04     -0.44299011E-03
     614     -0.16433713E-03     -0.17663973E-03     -0.87724103E-04     -0.44299011E-03
     615     -0.16434191E-03     -0.17663973E-03     -0.87747399E-04     -0.44299011E-03
     616     -0.16434476E-03     -0.17663973E-03     -0.87761492E-04     -0.44299011E-03
     617     -0.16434988E-03     -0.17663973E-03     -0.87783411E-04     -0.44299011E-03
     618     -0.16436553E-03     -0.17663973E-03     -0.87835461E-04     -0.44299011E-03
     619     -0.16438649E-03     -0.17663973E-03     -0.87902183E-04     -0.44299011E-03
     620     -0.16440209E-03     -0.17663973E-03     -0.87956554E-04     -0.44299011E-03
     621     -0.16441400E-03     -0.17663973E-03     -0.87997292E-04     -0.44299011E-03
     622     -0.16442841E-03     -0.17663973E-03     -0.88045454E-04     -0.44299011E-03
     623     -0.16445943E-03     -0.17663973E-03     -0.88145173E-04     -0.44299011E-03
     624     -0.16448571E-03     -0.17663973E-03     -0.88240802E-04     -0.44299011E-03
     625     -0.16450986E-03     -0.17663973E-03     -0.88323847E-04     -0.44299011E-03
     626     -0.16452336E-03     -0.17663973E-03     -0.88377062E-04     -0.44299011E-03
     627     -0.16454965E-03     -0.17663973E-03     -0.88457824E-04     -0.44299011E-03
     628     -0.16455664E-03     -0.17663973E-03     -0.88490635E-04     -0.44299011E-03
     629     -0.16455931E-03     -0.17663973E-03     -0.88507105E-04     -0.44299011E-03
     630     -0.16456835E-03     -0.17663973E-03     -0.88547223E-04     -0.44299011E-03
     631     -0.16457505E-03     -0.17663973E-03     -0.88583091E-04     -0.44299011E-03
     632     -0.16459947E-03     -0.17663973E-03     -0.88664662E-04     -0.44299011E-03
     633     -0.16461160E-03     -0.17663973E-03     -0.88715609E-04     -0.44299011E-03
     634     -0.16463631E-03     -0.17663973E-03     -0.88800119E-04     -0.44299011E-03
     635     -0.16465258E-03     -0.17663973E-03     -0.88855417E-04     -0.44299011E-03
     636     -0.16466366E-03     -0.17663973E-03     -0.88899593E-04     -0.44299011E-03
     637     -0.16467217E-03     -0.17663973E-03     -0.88935288E-04     -0.44299011E-03
     638     -0.16468547E-03     -0.17663973E-03     -0.88985558E-04     -0.44299011E-03
     639     -0.16469148E-03     -0.17663973E-03     -0.89015929E-04     -0.44299011E-03
     640     -0.16469901E-03     -0.17663973E-03     -0.89050049E-04     -0.44299011E-03
     641     -0.16470847E-03     -0.17663973E-03     -0.89092383E-04     -0.44299011E-03
     642     -0.16471370E-03     -0.17663973E-03     -0.89123546E-04     -0.44299011E-03
     643     -0.16473530E-03     -0.17663973E-03     -0.89212353E-04     -0.44299011E-03
     644     -0.16474682E-03     -0.17663973E-03     -0.89255074E-04     -0.44299011E-03
     645     -0.16476278E-03     -0.17663973E-03     -0.89317828E-04     -0.44299011E-03
     646     -0.16477696E-03     -0.17663973E-03     -0.89373361E-04     -0.44299011E-03
     647     -0.16478732E-03     -0.17663973E-03     -0.89423729E-04     -0.44299011E-03
     648     -0.16479932E-03     -0.17663973E-03     -0.89474186E-04     -0.44299011E-03
     649     -0.16481086E-03     -0.17663973E-03     -0.89525129E-04     -0.44299011E-03
     650     -0.16482567E-03     -0.17663973E-03     -0.89583634E-04     -0.44299011E-03
     651     -0.16483593E-03     -0.17663973E-03     -0.89634287E-04     -0.44299011E-03
     652     -0.16484322E-03     -0.17663973E-03     -0.89671700E-04     -0.44299011E-03
     653     -0.16485359E-03     -0.17663973E-03     -0.89719807E-04     -0.44299011E-03
     654     -0.16486991E-03     -0.17663973E-03     -0.89791669E-04     -0.44299011E-03
     655     -0.16489399E-03     -0.17663973E-03     -0.89887251E-04     -0.44299011E-03
     656     -0.16490226E-03     -0.17663973E-03     -0.89931724E-04     -0.44299011E-03
     657     -0.16491032E-03     -0.17663973E-03     -0.89974767E-04     -0.44299011E-03
     658     -0.16492366E-03     -0.17663973E-03     -0.90027697E-04     -0.44299011E-03
     659     -0.16493701E-03     -0.17663973E-03     -0.90078839E-04     -0.44299011E-03
     660     -0.16494391E-03     -0.17663973E-03     -0.90107056E-04     -0.44299011E-03
     661     -0.16495249E-03     -0.17663973E-03     -0.90147189E-04     -0.44299011E-03
     662     -0.16496697E-03     -0.17663973E-03     -0.90228246E-04     -0.44299011E-03
     663     -0.16498619E-03     -0.17663973E-03     -0.90336974E-04     -0.44299011E-03
     664     -0.16500332E-03     -0.17663973E-03     -0.90411625E-04     -0.44299011E-03
     665     -0.16502329E-03     -0.17663973E-03     -0.90481316E-04     -0.44299011E-03
     666     -0.16503584E-03     -0.17663973E-03     -0.90526571E-04     -0.44299011E-03
     667     -0.16505219E-03     -0.17663973E-03     -0.90587439E-04     -0.44299011E-03
     668     -0.16507797E-03     -0.17663973E-03     -0.90677176E-04     -0.44299011E-03
     669     -0.16510043E-03     -0.17663973E-03     -0.90766725E-04     -0.44299011E-03
     670     -0.16510925E-03     -0.17663973E-03     -0.90817382E-04     -0.44299011E-03
     671     -0.16512206E-03     -0.17663973E-03     -0.90891872E-04     -0.44299011E-03
     672     -0.16514552E-03     -0.17663973E-03     -0.90976103E-04     -0.44299011E-03
     673     -0.16515280E-03     -0.17663973E-03     -0.91019853E-04     -0.44299011E-03
     674     -0.16516088E-03     -0.17663973E-03     -0.91062155E-04     -0.44299011E-03
     675     -0.16517282E-03     -0.17663973E-03     -0.91122466E-04     -0.44299011E-03
     676     -0.16517933E-03     -0.17663973E-03     -0.91152663E-04     -0.44299011E-03
     677     -0.16518675E-03     -0.17663973E-03     -0.91185525E-04     -0.44299011E-03
     678     -0.16519352E-03     -0.17663973E-03     -0.91223007E-04     -0.44299011E-03
     679     -0.16520959E-03     -0.17663973E-03     -0.91288901E-04     -0.44299011E-03
     680     -0.16521845E-03     -0.17663973E-03     -0.91326173E-04     -0.44299011E-03
     681     -0.16522795E-03     -0.17663973E-03     -0.91370522E-04     -0.44299011E-03
     682     -0.16523715E-03     -0.17663973E-03     -0.91409350E-04     -0.44299011E-03
     683     -0.16525547E-03     -0.17663973E-03     -0.91478798E-04     -0.44299011E-03
     684     -0.16526749E-03     -0.17663973E-03     -0.91530141E-04     -0.44299011E-03
     685     -0.16527412E-03     -0.17663973E-03     -0.91566982E-04     -0.44299011E-03
     686     -0.16528806E-03     -0.17663973E-03     -0.91620545E-04     -0.44299011E-03
     687     -0.16531160E-03     -0.17663973E-03     -0.91696696E-04     -0.44299011E-03
     688     -0.16532148E-03     -0.17663973E-03     -0.91738482E-04     -0.44299011E-03
     689     -0.16533544E-03     -0.17663973E-03     -0.91806002E-04     -0.44299011E-03
     690     -0.16534001E-03     -0.17663973E-03     -0.91832616E-04     -0.44299011E-03
     691     -0.16534764E-03     -0.17663973E-03     -0.91875503E-04     -0.44299011E-03
     692     -0.16535299E-03     -0.17663973E-03     -0.91918864E-04     -0.44299011E-03
     693     -0.16535587E-03     -0.17663973E-03     -0.91939285E-04     -0.44299011E-03
     694     -0.16535904E-03     -0.17663973E-03     -0.91962058E-04     -0.44299011E-03
     695     -0.16536644E-03     -0.17663973E-03     -0.91997235E-04     -0.44299011E-03
     696     -0.16537408E-03     -0.17663973E-03     -0.92032698E-04     -0.44299011E-03
     697     -0.16538240E-03     -0.17663973E-03     -0.92066952E-04     -0.44299011E-03
     698     -0.16539007E-03     -0.17663973E-03     -0.92102222E-04     -0.44299011E-03
     699     -0.16539631E-03     -0.17663973E-03     -0.92135185E-04     -0.44299011E-03
     700     -0.16540223E-03     -0.17663973E-03     -0.92171870E-04     -0.44299011E-03
     701     -0.16541552E-03     -0.17663973E-03     -0.92226893E-04     -0.44299011E-03
     702     -0.16542426E-03     -0.17663973E-03     -0.92273339E-04     -0.44299011E-03
     703     -0.16543414E-03     -0.17663973E-03     -0.92326422E-04     -0.44299011E-03
     704     -0.16544082E-03     -0.17663973E-03     -0.92361005E-04     -0.44299011E-03
     705     -0.16545171E-03     -0.17663973E-03     -0.92421649E-04     -0.44299011E-03
     706     -0.16546642E-03     -0.17663973E-03     -0.92479276E-04     -0.44299011E-03
     707     -0.16547458E-03     -0.17663973E-03     -0.92519607E-04     -0.44299011E-03
     708     -0.16548069E-03     -0.17663973E-03     -0.92551533E-04     -0.44299011E-03
     709     -0.16549026E-03     -0.17663973E-03     -0.92596299E-04     -0.44299011E-03
     710     -0.16549730E-03     -0.17663973E-03     -0.92635463E-04     -0.44299011E-03
     711     -0.16550655E-03     -0.17663973E-03     -0.92686898E-04     -0.44299011E-03
     712     -0.16551216E-03     -0.17663973E-03     -0.92722523E-04     -0.44299011E-03
     713     -0.16552153E-03     -0.17663973E-03     -0.92757289E-04     -0.44299011E-03
     714     -0.16552945E-03     -0.17663973E-03     -0.92795578E-04     -0.44299011E-03
     715     -0.16555635E-03     -0.17663973E-03     -0.92917514E-04     -0.44299011E-03
     716     -0.16557036E-03     -0.17663973E-03     -0.92983644E-04     -0.44299011E-03
     717     -0.16558428E-03     -0.17663973E-03     -0.93057551E-04     -0.44299011E-03
     718     -0.16560192E-03     -0.17663973E-03     -0.93154219E-04     -0.44299011E-03
     719     -0.16561729E-03     -0.17663973E-03     -0.93237149E-04     -0.44299011E-03
     720     -0.16563399E-03     -0.17663973E-03     -0.93314005E-04     -0.44299011E-03
     721     -0.16564642E-03     -0.17663973E-03     -0.93397035E-04     -0.44299011E-03
     722     -0.16565672E-03     -0.17663973E-03     -0.93475353E-04     -0.44299011E-03
     723     -0.16566853E-03     -0.17663973E-03     -0.93533864E-04     -0.44299011E-03
     724     -0.16568581E-03     -0.17663973E-03     -0.93604583E-04     -0.44299011E-03
     725     -0.16568845E-03     -0.17663973E-03     -0.93624001E-04     -0.44299011E-03
     726     -0.16569517E-03     -0.17663973E-03     -0.93663526E-04     -0.44299011E-03
     727     -0.16571346E-03     -0.17663973E-03     -0.93753193E-04     -0.44299011E-03
     728     -0.16572013E-03     -0.17663973E-03     -0.93788065E-04     -0.44299011E-03
     729     -0.16572531E-03     -0.17663973E-03     -0.93818819E-04     -0.44299011E-03
     730     -0.16573270E-03     -0.17663973E-03     -0.93856291E-04     -0.44299011E-03
     731     -0.16574906E-03     -0.17663973E-03     -0.93921382E-04     -0.44299011E-03
     732     -0.16576621E-03     -0.17663973E-03     -0.94004641E-04     -0.44299011E-03
     733     -0.16578807E-03     -0.17663973E-03     -0.94091614E-04     -0.44299011E-03
     734     -0.16580825E-03     -0.17663973E-03     -0.94187942E-04     -0.44299011E-03
     735     -0.16582550E-03     -0.17663973E-03     -0.94275621E-04     -0.44299011E-03
     736     -0.16583998E-03     -0.17663973E-03     -0.94349654E-04     -0.44299011E-03
     737     -0.16585696E-03     -0.17663973E-03     -0.94437754E-04     -0.44299011E-03
     738     -0.16587161E-03     -0.17663973E-03     -0.94519982E-04     -0.44299011E-03
     739     -0.16588038E-03     -0.17663973E-03     -0.94586827E-04     -0.44299011E-03
     740     -0.16588781E-03     -0.17663973E-03     -0.94645033E-04     -0.44299011E-03
     741     -0.16589583E-03     -0.17663973E-03     -0.94683549E-04     -0.44299011E-03
     742     -0.16591195E-03     -0.17663973E-03     -0.94753450E-04     -0.44299011E-03
     743     -0.16592048E-03     -0.17663973E-03     -0.94795285E-04     -0.44299011E-03
     744     -0.16592909E-03     -0.17663973E-03     -0.94836135E-04     -0.44299011E-03
     745     -0.16594963E-03     -0.17663973E-03     -0.94929615E-04     -0.44299011E-03
     746     -0.16596045E-03     -0.17663973E-03     -0.94993760E-04     -0.44299011E-03
     747     -0.16596854E-03     -0.17663973E-03     -0.95033324E-04     -0.44299011E-03
     748     -0.16598234E-03     -0.17663973E-03     -0.95094134E-04     -0.44299011E-03
     749     -0.16598952E-03     -0.17663973E-03     -0.95138584E-04     -0.44299011E-03
     750     -0.16600691E-03     -0.17663973E-03     -0.95248128E-04     -0.44299011E-03
     751     -0.16601216E-03     -0.17663973E-03     -0.95281107E-04     -0.44299011E-03
     752     -0.16601650E-03     -0.17663973E-03     -0.95306740E-04     -0.44299011E-03
     753     -0.16602558E-03     -0.17663973E-03     -0.95366403E-04     -0.44299011E-03
     754     -0.16604494E-03     -0.17663973E-03     -0.95444980E-04     -0.44299011E-03
     755     -0.16608896E-03     -0.17663973E-03     -0.95591518E-04     -0.44299011E-03
     756     -0.16612413E-03     -0.17663973E-03     -0.95712248E-04     -0.44299011E-03
     757     -0.16620774E-03     -0.17663973E-03     -0.95975610E-04     -0.44299011E-03
     758     -0.16626786E-03     -0.17663973E-03     -0.96170657E-04     -0.44299011E-03
     759     -0.16632674E-03     -0.17663973E-03     -0.96362312E-04     -0.44299011E-03
     760     -0.16637068E-03     -0.17663973E-03     -0.96522924E-04     -0.44299011E-03
     761     -0.16638666E-03     -0.17663973E-03     -0.96588146E-04     -0.44299011E-03
     762     -0.16642151E-03     -0.17663973E-03     -0.96718621E-04     -0.44299011E-03
     763     -0.16643176E-03     -0.17663973E-03     -0.96768609E-04     -0.44299011E-03
     764     -0.16645252E-03     -0.17663973E-03     -0.96850583E-04     -0.44299011E-03
     765     -0.16646514E-03     -0.17663973E-03     -0.96907189E-04     -0.44299011E-03
     766     -0.16648268E-03     -0.17663973E-03     -0.96984754E-04     -0.44299011E-03
     767     -0.16649236E-03     -0.17663973E-03     -0.97034829E-04     -0.44299011E-03
     768     -0.16651452E-03     -0.17663973E-03     -0.97125998E-04     -0.44299011E-03
     769     -0.16652897E-03     -0.17663973E-03     -0.97199533E-04     -0.44299011E-03
     770     -0.16655693E-03     -0.17663973E-03     -0.97307503E-04     -0.44299011E-03
     771     -0.16657508E-03     -0.17663973E-03     -0.97387334E-04     -0.44299011E-03
     772     -0.16659440E-03     -0.17663973E-03     -0.97475357E-04     -0.44299011E-03
     773     -0.16660746E-03     -0.17663973E-03     -0.97536515E-04     -0.44299011E-03
     774     -0.16662211E-03     -0.17663973E-03     -0.97606249E-04     -0.44299011E-03
     775     -0.16663592E-03     -0.17663973E-03     -0.97671776E-04     -0.44299011E-03
     776     -0.16665975E-03     -0.17663973E-03     -0.97768346E-04     -0.44299011E-03
     777     -0.16669487E-03     -0.17663973E-03     -0.97905263E-04     -0.44299011E-03
     778     -0.16670434E-03     -0.17663973E-03     -0.97950299E-04     -0.44299011E-03
     779     -0.16672201E-03     -0.17663973E-03     -0.98027110E-04     -0.44299011E-03
     780     -0.16672734E-03     -0.17663973E-03     -0.98057335E-04     -0.44299011E-03
     781     -0.16673208E-03     -0.17663973E-03     -0.98082484E-04     -0.44299011E-03
     782     -0.16673851E-03     -0.17663973E-03     -0.98116335E-04     -0.44299011E-03
     783     -0.16674567E-03     -0.17663973E-03     -0.98150332E-04     -0.44299011E-03
     784     -0.16675799E-03     -0.17663973E-03     -0.98204331E-04     -0.44299011E-03
     785     -0.16677187E-03     -0.17663973E-03     -0.98266879E-04     -0.44299011E-03
     786     -0.16678411E-03     -0.17663973E-03     -0.98326742E-04     -0.44299011E-03
     787     -0.16681248E-03     -0.17663973E-03     -0.98450665E-04     -0.44299011E-03
     788     -0.16681613E-03     -0.17663973E-03     -0.98475010E-04     -0.44299011E-03
     789     -0.16682129E-03     -0.17663973E-03     -0.98502397E-04     -0.44299011E-03
     790     -0.16683381E-03     -0.17663973E-03     -0.98569388E-04     -0.44299011E-03
     791     -0.16684606E-03     -0.17663973E-03     -0.98645500E-04     -0.44299011E-03
     792     -0.16685350E-03     -0.17663973E-03     -0.98682701E-04     -0.44299011E-03
     793     -0.16687656E-03     -0.17663973E-03     -0.98780316E-04     -0.44299011E-03
     794     -0.16691643E-03     -0.17663973E-03     -0.98928568E-04     -0.44299011E-03
     795     -0.16694107E-03     -0.17663973E-03     -0.99019206E-04     -0.44299011E-03
     796     -0.16695489E-03     -0.17663973E-03     -0.99071696E-04     -0.44299011E-03
     797     -0.16697338E-03     -0.17663973E-03     -0.99148162E-04     -0.44299011E-03
     798     -0.16700516E-03     -0.17663973E-03     -0.99290713E-04     -0.44299011E-03
     799     -0.16702957E-03     -0.17663973E-03     -0.99413824E-04     -0.44299011E-03
     800     -0.16704622E-03     -0.17663973E-03     -0.99494126E-04     -0.44299011E-03
     801     -0.16707476E-03     -0.17663973E-03     -0.99632131E-04     -0.44299011E-03
     802     -0.16709765E-03     -0.17663973E-03     -0.99765869E-04     -0.44299011E-03
     803     -0.16713465E-03     -0.17663973E-03     -0.99917914E-04     -0.44299011E-03
     804     -0.16715451E-03     -0.17663973E-03     -0.10001037E-03     -0.44299011E-03
     805     -0.16716833E-03     -0.17663973E-03     -0.10008305E-03     -0.44299011E-03
     806     -0.16718265E-03     -0.17663973E-03     -0.10015620E-03     -0.44299011E-03
     807     -0.16718717E-03     -0.17663973E-03     -0.10018459E-03     -0.44299011E-03
     808     -0.16719823E-03     -0.17663973E-03     -0.10023484E-03     -0.44299011E-03
     809     -0.16720275E-03     -0.17663973E-03     -0.10026439E-03     -0.44299011E-03
     810     -0.16721026E-03     -0.17663973E-03     -0.10030660E-03     -0.44299011E-03
     811     -0.16721818E-03     -0.17663973E-03     -0.10034580E-03     -0.44299011E-03
     812     -0.16722389E-03     -0.17663973E-03     -0.10038386E-03     -0.44299011E-03
     813     -0.16723544E-03     -0.17663973E-03     -0.10044409E-03     -0.44299011E-03
     814     -0.16724069E-03     -0.17663973E-03     -0.10047391E-03     -0.44299011E-03
     815     -0.16724923E-03     -0.17663973E-03     -0.10053172E-03     -0.44299011E-03
     816     -0.16725493E-03     -0.17663973E-03     -0.10056724E-03     -0.44299011E-03
     817     -0.16726999E-03     -0.17663973E-03     -0.10065452E-03     -0.44299011E-03
     818     -0.16728344E-03     -0.17663973E-03     -0.10072289E-03     -0.44299011E-03
     819     -0.16729816E-03     -0.17663973E-03     -0.10081340E-03     -0.44299011E-03
     820     -0.16731947E-03     -0.17663973E-03     -0.10092901E-03     -0.44299011E-03
     821     -0.16735598E-03     -0.17663973E-03     -0.10109215E-03     -0.44299011E-03
     822     -0.16737448E-03     -0.17663973E-03     -0.10123084E-03     -0.44299011E-03
     823     -0.16738483E-03     -0.17663973E-03     -0.10129326E-03     -0.44299011E-03
     824     -0.16741054E-03     -0.17663973E-03     -0.10142504E-03     -0.44299011E-03
     825     -0.16742575E-03     -0.17663973E-03     -0.10148832E-03     -0.44299011E-03
     826     -0.16743718E-03     -0.17663973E-03     -0.10154332E-03     -0.44299011E-03
     827     -0.16745649E-03     -0.17663973E-03     -0.10162274E-03     -0.44299011E-03
     828     -0.16746253E-03     -0.17663973E-03     -0.10165903E-03     -0.44299011E-03
     829     -0.16748999E-03     -0.17663973E-03     -0.10176498E-03     -0.44299011E-03
     830     -0.16750738E-03     -0.17663973E-03     -0.10185067E-03     -0.44299011E-03
     831     -0.16752372E-03     -0.17663973E-03     -0.10193315E-03     -0.44299011E-03
     832     -0.16753487E-03     -0.17663973E-03     -0.10200027E-03     -0.44299011E-03
     833     -0.16756223E-03     -0.17663973E-03     -0.10211751E-03     -0.44299011E-03
     834     -0.16758419E-03     -0.17663973E-03     -0.10223732E-03     -0.44299011E-03
     835     -0.16760185E-03     -0.17663973E-03     -0.10232523E-03     -0.44299011E-03
     836     -0.16761541E-03     -0.17663973E-03     -0.10240272E-03     -0.44299011E-03
     837     -0.16762679E-03     -0.17663973E-03     -0.10247472E-03     -0.44299011E-03
     838     -0.16763545E-03     -0.17663973E-03     -0.10251742E-03     -0.44299011E-03
     839     -0.16766770E-03     -0.17663973E-03     -0.10264103E-03     -0.44299011E-03
     840     -0.16767222E-03     -0.17663973E-03     -0.10266665E-03     -0.44299011E-03
     841     -0.16767454E-03     -0.17663973E-03     -0.10268478E-03     -0.44299011E-03
     842     -0.16767767E-03     -0.17663973E-03     -0.10270731E-03     -0.44299011E-03
     843     -0.16768246E-03     -0.17663973E-03     -0.10273588E-03     -0.44299011E-03
     844     -0.16768753E-03     -0.17663973E-03     -0.10277161E-03     -0.44299011E-03
     845     -0.16769056E-03     -0.17663973E-03     -0.10279609E-03     -0.44299011E-03
     846     -0.16769522E-03     -0.17663973E-03     -0.10283193E-03     -0.44299011E-03
     847     -0.16769956E-03     -0.17663973E-03     -0.10286764E-03     -0.44299011E-03
     848     -0.16770335E-03     -0.17663973E-03     -0.10290011E-03     -0.44299011E-03
     849     -0.16770787E-03     -0.17663973E-03     -0.10293836E-03     -0.44299011E-03
     850     -0.16771088E-03     -0.17663973E-03     -0.10296393E-03     -0.44299011E-03
     851     -0.16771471E-03     -0.17663973E-03     -0.10299671E-03     -0.44299011E-03
     852     -0.16771910E-03     -0.17663973E-03     -0.10303192E-03     -0.44299011E-03
     853     -0.16772353E-03     -0.17663973E-03     -0.10306257E-03     -0.44299011E-03
     854     -0.16772790E-03     -0.17663973E-03     -0.10309202E-03     -0.44299011E-03
     855     -0.16773800E-03     -0.17663973E-03     -0.10315700E-03     -0.44299011E-03
     856     -0.16774556E-03     -0.17663973E-03     -0.10321160E-03     -0.44299011E-03
     857     -0.16775005E-03     -0.17663973E-03     -0.10324175E-03     -0.44299011E-03
     858     -0.16775731E-03     -0.17663973E-03     -0.10328299E-03     -0.44299011E-03
     859     -0.16776547E-03     -0.17663973E-03     -0.10331895E-03     -0.44299011E-03
     860     -0.16777195E-03     -0.17663973E-03     -0.10336147E-03     -0.44299011E-03
     861     -0.16778583E-03     -0.17663973E-03     -0.10342796E-03     -0.44299011E-03
     862     -0.16779658E-03     -0.17663973E-03     -0.10349398E-03     -0.44299011E-03
     863     -0.16781171E-03     -0.17663973E-03     -0.10358104E-03     -0.44299011E-03
     864     -0.16781859E-03     -0.17663973E-03     -0.10363109E-03     -0.44299011E-03
     865     -0.16783055E-03     -0.17663973E-03     -0.10369187E-03     -0.44299011E-03
     866     -0.16784182E-03     -0.17663973E-03     -0.10375204E-03     -0.44299011E-03
     867     -0.16785460E-03     -0.17663973E-03     -0.10382482E-03     -0.44299011E-03
     868     -0.16787180E-03     -0.17663973E-03     -0.10393299E-03     -0.44299011E-03
     869     -0.16789198E-03     -0.17663973E-03     -0.10403490E-03     -0.44299011E-03
     870     -0.16790285E-03     -0.17663973E-03     -0.10409622E-03     -0.44299011E-03
     871     -0.16791356E-03     -0.17663973E-03     -0.10417190E-03     -0.44299011E-03
     872     -0.16791865E-03     -0.17663973E-03     -0.10420448E-03     -0.44299011E-03
     873     -0.16792504E-03     -0.17663973E-03     -0.10424983E-03     -0.44299011E-03
     874     -0.16793166E-03     -0.17663973E-03     -0.10430126E-03     -0.44299011E-03
     875     -0.16793973E-03     -0.17663973E-03     -0.10435405E-03     -0.44299011E-03
     876     -0.16794843E-03     -0.17663973E-03     -0.10441414E-03     -0.44299011E-03
     877     -0.16796105E-03     -0.17663973E-03     -0.10449209E-03     -0.44299011E-03
     878     -0.16796568E-03     -0.17663973E-03     -0.10452692E-03     -0.44299011E-03
     879     -0.16797411E-03     -0.17663973E-03     -0.10457728E-03     -0.44299011E-03
     880     -0.16797852E-03     -0.17663973E-03     -0.10461044E-03     -0.44299011E-03
     881     -0.16798900E-03     -0.17663973E-03     -0.10467274E-03     -0.44299011E-03
     882     -0.16799796E-03     -0.17663973E-03     -0.10473246E-03     -0.44299011E-03
     883     -0.16800239E-03     -0.17663973E-03     -0.10476595E-03     -0.44299011E-03
     884     -0.16801221E-03     -0.17663973E-03     -0.10482023E-03     -0.44299011E-03
     885     -0.16802185E-03     -0.17663973E-03     -0.10488426E-03     -0.44299011E-03
     886     -0.16803558E-03     -0.17663973E-03     -0.10495302E-03     -0.44299011E-03
     887     -0.16804652E-03     -0.17663973E-03     -0.10501363E-03     -0.44299011E-03
     888     -0.16806281E-03     -0.17663973E-03     -0.10511598E-03     -0.44299011E-03
     889     -0.16807647E-03     -0.17663973E-03     -0.10520092E-03     -0.44299011E-03
     890     -0.16808912E-03     -0.17663973E-03     -0.10528182E-03     -0.44299011E-03
     891     -0.16810596E-03     -0.17663973E-03     -0.10539670E-03     -0.44299011E-03
     892     -0.16812013E-03     -0.17663973E-03     -0.10549061E-03     -0.44299011E-03
     893     -0.16813304E-03     -0.17663973E-03     -0.10558230E-03     -0.44299011E-03
     894     -0.16814183E-03     -0.17663973E-03     -0.10564929E-03     -0.44299011E-03
     895     -0.16815276E-03     -0.17663973E-03     -0.10571093E-03     -0.44299011E-03
     896     -0.16815930E-03     -0.17663973E-03     -0.10574996E-03     -0.44299011E-03
     897     -0.16817057E-03     -0.17663973E-03     -0.10581982E-03     -0.44299011E-03
     898     -0.16817870E-03     -0.17663973E-03     -0.10587225E-03     -0.44299011E-03
     899     -0.16819075E-03     -0.17663973E-03     -0.10594475E-03     -0.44299011E-03
     900     -0.16819938E-03     -0.17663973E-03     -0.10600112E-03     -0.44299011E-03
     901     -0.16820714E-03     -0.17663973E-03     -0.10605100E-03     -0.44299011E-03
     902     -0.16821588E-03     -0.17663973E-03     -0.10611173E-03     -0.44299011E-03
     903     -0.16822476E-03     -0.17663973E-03     -0.10616299E-03     -0.44299011E-03
     904     -0.16822994E-03     -0.17663973E-03     -0.10619797E-03     -0.44299011E-03
     905     -0.16823425E-03     -0.17663973E-03     -0.10623225E-03     -0.44299011E-03
     906     -0.16823917E-03     -0.17663973E-03     -0.10627411E-03     -0.44299011E-03
     907     -0.16824665E-03     -0.17663973E-03     -0.10632073E-03     -0.44299011E-03
     908     -0.16825990E-03     -0.17663973E-03     -0.10640225E-03     -0.44299011E-03
     909     -0.16826986E-03     -0.17663973E-03     -0.10647008E-03     -0.44299011E-03
     910     -0.16827859E-03     -0.17663973E-03     -0.10653292E-03     -0.44299011E-03
     911     -0.16828583E-03     -0.17663973E-03     -0.10659284E-03     -0.44299011E-03
     912     -0.16830317E-03     -0.17663973E-03     -0.10669504E-03     -0.44299011E-03
     913     -0.16832257E-03     -0.17663973E-03     -0.10682209E-03     -0.44299011E-03
     914     -0.16834429E-03     -0.17663973E-03     -0.10693415E-03     -0.44299011E-03
     915     -0.16836575E-03     -0.17663973E-03     -0.10705507E-03     -0.44299011E-03
     916     -0.16838379E-03     -0.17663973E-03     -0.10718079E-03     -0.44299011E-03
     917     -0.16839072E-03     -0.17663973E-03     -0.10723078E-03     -0.44299011E-03
     918     -0.16840543E-03     -0.17663973E-03     -0.10733140E-03     -0.44299011E-03
     919     -0.16841591E-03     -0.17663973E-03     -0.10740264E-03     -0.44299011E-03
     920     -0.16843424E-03     -0.17663973E-03     -0.10752068E-03     -0.44299011E-03
     921     -0.16844642E-03     -0.17663973E-03     -0.10760263E-03     -0.44299011E-03
     922     -0.16846241E-03     -0.17663973E-03     -0.10770096E-03     -0.44299011E-03
     923     -0.16847591E-03     -0.17663973E-03     -0.10778896E-03     -0.44299011E-03
     924     -0.16848445E-03     -0.17663973E-03     -0.10783540E-03     -0.44299011E-03
     925     -0.16849871E-03     -0.17663973E-03     -0.10791017E-03     -0.44299011E-03
     926     -0.16851116E-03     -0.17663973E-03     -0.10798647E-03     -0.44299011E-03
     927     -0.16851708E-03     -0.17663973E-03     -0.10802927E-03     -0.44299011E-03
     928     -0.16853089E-03     -0.17663973E-03     -0.10810801E-03     -0.44299011E-03
     929     -0.16854055E-03     -0.17663973E-03     -0.10817551E-03     -0.44299011E-03
     930     -0.16854915E-03     -0.17663973E-03     -0.10822329E-03     -0.44299011E-03
     931     -0.16855828E-03     -0.17663973E-03     -0.10827882E-03     -0.44299011E-03
     932     -0.16856873E-03     -0.17663973E-03     -0.10833353E-03     -0.44299011E-03
     933     -0.16857811E-03     -0.17663973E-03     -0.10838658E-03     -0.44299011E-03
     934     -0.16858913E-03     -0.17663973E-03     -0.10845958E-03     -0.44299011E-03
     935     -0.16859787E-03     -0.17663973E-03     -0.10852767E-03     -0.44299011E-03
     936     -0.16861407E-03     -0.17663973E-03     -0.10863753E-03     -0.44299011E-03
     937     -0.16863329E-03     -0.17663973E-03     -0.10875926E-03     -0.44299011E-03
     938     -0.16865459E-03     -0.17663973E-03     -0.10889600E-03     -0.44299011E-03
     939     -0.16868273E-03     -0.17663973E-03     -0.10907215E-03     -0.44299011E-03
     940     -0.16869957E-03     -0.17663973E-03     -0.10918499E-03     -0.44299011E-03
     941     -0.16872266E-03     -0.17663973E-03     -0.10933214E-03     -0.44299011E-03
     942     -0.16876646E-03     -0.17663973E-03     -0.10957134E-03     -0.44299011E-03
     943     -0.16879085E-03     -0.17663973E-03     -0.10970782E-03     -0.44299011E-03
     944     -0.16881300E-03     -0.17663973E-03     -0.10984806E-03     -0.44299011E-03
     945     -0.16883679E-03     -0.17663973E-03     -0.10998810E-03     -0.44299011E-03
     946     -0.16885543E-03     -0.17663973E-03     -0.11010230E-03     -0.44299011E-03
     947     -0.16886944E-03     -0.17663973E-03     -0.11020930E-03     -0.44299011E-03
     948     -0.16888486E-03     -0.17663973E-03     -0.11031459E-03     -0.44299011E-03
     949     -0.16889899E-03     -0.17663973E-03     -0.11042172E-03     -0.44299011E-03
     950     -0.16890813E-03     -0.17663973E-03     -0.11050256E-03     -0.44299011E-03
     951     -0.16892002E-03     -0.17663973E-03     -0.11061539E-03     -0.44299011E-03
     952     -0.16895062E-03     -0.17663973E-03     -0.11080280E-03     -0.44299011E-03
     953     -0.16897311E-03     -0.17663973E-03     -0.11095256E-03     -0.44299011E-03
     954     -0.16898941E-03     -0.17663973E-03     -0.11106202E-03     -0.44299011E-03
     955     -0.16902265E-03     -0.17663973E-03     -0.11125646E-03     -0.44299011E-03
     956     -0.16904795E-03     -0.17663973E-03     -0.11141692E-03     -0.44299011E-03
     957     -0.16906660E-03     -0.17663973E-03     -0.11153030E-03     -0.44299011E-03
     958     -0.16908249E-03     -0.17663973E-03     -0.11163766E-03     -0.44299011E-03
     959     -0.16909322E-03     -0.17663973E-03     -0.11170720E-03     -0.44299011E-03
     960     -0.16910663E-03     -0.17663973E-03     -0.11179872E-03     -0.44299011E-03
     961     -0.16911559E-03     -0.17663973E-03     -0.11186189E-03     -0.44299011E-03
     962     -0.16913094E-03     -0.17663973E-03     -0.11197645E-03     -0.44299011E-03
     963     -0.16914903E-03     -0.17663973E-03     -0.11210830E-03     -0.44299011E-03
     964     -0.16916387E-03     -0.17663973E-03     -0.11221318E-03     -0.44299011E-03
     965     -0.16917701E-03     -0.17663973E-03     -0.11230645E-03     -0.44299011E-03
     966     -0.16919119E-03     -0.17663973E-03     -0.11240195E-03     -0.44299011E-03
     967     -0.16921039E-03     -0.17663973E-03     -0.11253987E-03     -0.44299011E-03
     968     -0.16923937E-03     -0.17663973E-03     -0.11271218E-03     -0.44299011E-03
     969     -0.16925422E-03     -0.17663973E-03     -0.11281414E-03     -0.44299011E-03
     970     -0.16927198E-03     -0.17663973E-03     -0.11293653E-03     -0.44299011E-03
     971     -0.16928428E-03     -0.17663973E-03     -0.11302843E-03     -0.44299011E-03
     972     -0.16929490E-03     -0.17663973E-03     -0.11309582E-03     -0.44299011E-03
     973     -0.16932439E-03     -0.17663973E-03     -0.11327183E-03     -0.44299011E-03
     974     -0.16933617E-03     -0.17663973E-03     -0.11335978E-03     -0.44299011E-03
     975     -0.16934348E-03     -0.17663973E-03     -0.11342075E-03     -0.44299011E-03
     976     -0.16935367E-03     -0.17663973E-03     -0.11350234E-03     -0.44299011E-03
     977     -0.16936523E-03     -0.17663973E-03     -0.11358151E-03     -0.44299011E-03
     978     -0.16938010E-03     -0.17663973E-03     -0.11368723E-03     -0.44299011E-03
     979     -0.16940121E-03     -0.17663973E-03     -0.11379679E-03     -0.44299011E-03
     980     -0.16942469E-03     -0.17663973E-03     -0.11395291E-03     -0.44299011E-03
     981     -0.16944309E-03     -0.17663973E-03     -0.11408521E-03     -0.44299011E-03
     982     -0.16946050E-03     -0.17663973E-03     -0.11420775E-03     -0.44299011E-03
     983     -0.16948334E-03     -0.17663973E-03     -0.11436122E-03     -0.44299011E-03
     984     -0.16950798E-03     -0.17663973E-03     -0.11452498E-03     -0.44299011E-03
     985     -0.16951817E-03     -0.17663973E-03     -0.11460933E-03     -0.44299011E-03
     986     -0.16954251E-03     -0.17663973E-03     -0.11475907E-03     -0.44299011E-03
     987     -0.16955031E-03     -0.17663973E-03     -0.11483645E-03     -0.44299011E-03
     988     -0.16956326E-03     -0.17663973E-03     -0.11490903E-03     -0.44299011E-03
     989     -0.16956965E-03     -0.17663973E-03     -0.11495304E-03     -0.44299011E-03
     990     -0.16957799E-03     -0.17663973E-03     -0.11500160E-03     -0.44299011E-03
     991     -0.16958497E-03     -0.17663973E-03     -0.11504920E-03     -0.44299011E-03
     992     -0.16960406E-03     -0.17663973E-03     -0.11515195E-03     -0.44299011E-03
     993     -0.16961228E-03     -0.17663973E-03     -0.11519805E-03     -0.44299011E-03
     994     -0.16962101E-03     -0.17663973E-03     -0.11525735E-03     -0.44299011E-03
     995     -0.16963590E-03     -0.17663973E-03     -0.11534254E-03     -0.44299011E-03
     996     -0.16964337E-03     -0.17663973E-03     -0.11538463E-03     -0.44299011E-03
     997     -0.16964999E-03     -0.17663973E-03     -0.11542532E-03     -0.44299011E-03
     998     -0.16965817E-03     -0.17663973E-03     -0.11548090E-03     -0.44299011E-03
     999     -0.16966897E-03     -0.17663973E-03     -0.11554637E-03     -0.44299011E-03
    1000     -0.16967989E-03     -0.17663973E-03     -0.11562045E-03     -0.44299011E-03
    1001     -0.16969350E-03     -0.17663973E-03     -0.11572248E-03     -0.44299011E-03
    1002     -0.16970655E-03     -0.17663973E-03     -0.11581482E-03     -0.44299011E-03
    1003     -0.16971563E-03     -0.17663973E-03     -0.11588276E-03     -0.44299011E-03
    1004     -0.16972571E-03     -0.17663973E-03     -0.11597086E-03     -0.44299011E-03
    1005     -0.16973974E-03     -0.17663973E-03     -0.11605688E-03     -0.44299011E-03
    1006     -0.16974901E-03     -0.17663973E-03     -0.11611608E-03     -0.44299011E-03
    1007     -0.16975953E-03     -0.17663973E-03     -0.11618978E-03     -0.44299011E-03
    1008     -0.16977237E-03     -0.17663973E-03     -0.11627095E-03     -0.44299011E-03
    1009     -0.16979519E-03     -0.17663973E-03     -0.11638861E-03     -0.44299011E-03
    1010     -0.16981351E-03     -0.17663973E-03     -0.11649560E-03     -0.44299011E-03
    1011     -0.16984264E-03     -0.17663973E-03     -0.11666588E-03     -0.44299011E-03
    1012     -0.16985392E-03     -0.17663973E-03     -0.11673673E-03     -0.44299011E-03
    1013     -0.16986471E-03     -0.17663973E-03     -0.11680235E-03     -0.44299011E-03
    1014     -0.16988002E-03     -0.17663973E-03     -0.11689016E-03     -0.44299011E-03
    1015     -0.16990551E-03     -0.17663973E-03     -0.11704275E-03     -0.44299011E-03
    1016     -0.16991900E-03     -0.17663973E-03     -0.11712752E-03     -0.44299011E-03
    1017     -0.16993214E-03     -0.17663973E-03     -0.11721462E-03     -0.44299011E-03
    1018     -0.16996369E-03     -0.17663973E-03     -0.11738293E-03     -0.44299011E-03
    1019     -0.16997229E-03     -0.17663973E-03     -0.11744244E-03     -0.44299011E-03
    1020     -0.16998971E-03     -0.17663973E-03     -0.11755646E-03     -0.44299011E-03
    1021     -0.17000715E-03     -0.17663973E-03     -0.11766927E-03     -0.44299011E-03
    1022     -0.17003734E-03     -0.17663973E-03     -0.11783496E-03     -0.44299011E-03
    1023     -0.17004632E-03     -0.17663973E-03     -0.11790796E-03     -0.44299011E-03
    1024     -0.17005696E-03     -0.17663973E-03     -0.11798994E-03     -0.44299011E-03
    1025     -0.17006794E-03     -0.17663973E-03     -0.11806269E-03     -0.44299011E-03
    1026     -0.17007569E-03     -0.17663973E-03     -0.11813128E-03     -0.44299011E-03
    1027     -0.17009117E-03     -0.17663973E-03     -0.11823030E-03     -0.44299011E-03
    1028     -0.17011611E-03     -0.17663973E-03     -0.11837414E-03     -0.44299011E-03
    1029     -0.17013213E-03     -0.17663973E-03     -0.11848384E-03     -0.44299011E-03
    1030     -0.17014572E-03     -0.17663973E-03     -0.11857846E-03     -0.44299011E-03
    1031     -0.17015601E-03     -0.17663973E-03     -0.11864789E-03     -0.44299011E-03
    1032     -0.17016416E-03     -0.17663973E-03     -0.11869240E-03     -0.44299011E-03
    1033     -0.17017390E-03     -0.17663973E-03     -0.11875592E-03     -0.44299011E-03
    1034     -0.17018488E-03     -0.17663973E-03     -0.11882379E-03     -0.44299011E-03
    1035     -0.17019611E-03     -0.17663973E-03     -0.11888852E-03     -0.44299011E-03
    1036     -0.17020233E-03     -0.17663973E-03     -0.11893348E-03     -0.44299011E-03
    1037     -0.17020687E-03     -0.17663973E-03     -0.11896502E-03     -0.44299011E-03
    1038     -0.17021247E-03     -0.17663973E-03     -0.11901239E-03     -0.44299011E-03
    1039     -0.17021991E-03     -0.17663973E-03     -0.11906077E-03     -0.44299011E-03
    1040     -0.17022807E-03     -0.17663973E-03     -0.11912149E-03     -0.44299011E-03
    1041     -0.17023786E-03     -0.17663973E-03     -0.11919810E-03     -0.44299011E-03
    1042     -0.17024549E-03     -0.17663973E-03     -0.11925423E-03     -0.44299011E-03
    1043     -0.17025166E-03     -0.17663973E-03     -0.11930186E-03     -0.44299011E-03
    1044     -0.17026371E-03     -0.17663973E-03     -0.11938725E-03     -0.44299011E-03
    1045     -0.17027062E-03     -0.17663973E-03     -0.11944196E-03     -0.44299011E-03
    1046     -0.17027934E-03     -0.17663973E-03     -0.11951025E-03     -0.44299011E-03
    1047     -0.17028732E-03     -0.17663973E-03     -0.11958623E-03     -0.44299011E-03
    1048     -0.17029777E-03     -0.17663973E-03     -0.11967461E-03     -0.44299011E-03
    1049     -0.17030607E-03     -0.17663973E-03     -0.11973872E-03     -0.44299011E-03
    1050     -0.17031413E-03     -0.17663973E-03     -0.11980028E-03     -0.44299011E-03
    1051     -0.17033122E-03     -0.17663973E-03     -0.11993506E-03     -0.44299011E-03
    1052     -0.17034075E-03     -0.17663973E-03     -0.12000922E-03     -0.44299011E-03
    1053     -0.17035211E-03     -0.17663973E-03     -0.12008845E-03     -0.44299011E-03
    1054     -0.17035841E-03     -0.17663973E-03     -0.12014205E-03     -0.44299011E-03
    1055     -0.17037943E-03     -0.17663973E-03     -0.12029685E-03     -0.44299011E-03
    1056     -0.17038763E-03     -0.17663973E-03     -0.12036638E-03     -0.44299011E-03
    1057     -0.17039229E-03     -0.17663973E-03     -0.12040675E-03     -0.44299011E-03
    1058     -0.17039764E-03     -0.17663973E-03     -0.12044886E-03     -0.44299011E-03
    1059     -0.17040574E-03     -0.17663973E-03     -0.12050493E-03     -0.44299011E-03
    1060     -0.17041087E-03     -0.17663973E-03     -0.12054082E-03     -0.44299011E-03
    1061     -0.17041758E-03     -0.17663973E-03     -0.12059768E-03     -0.44299011E-03
    1062     -0.17042100E-03     -0.17663973E-03     -0.12062649E-03     -0.44299011E-03
    1063     -0.17042676E-03     -0.17663973E-03     -0.12067916E-03     -0.44299011E-03
    1064     -0.17043731E-03     -0.17663973E-03     -0.12075325E-03     -0.44299011E-03
    1065     -0.17044093E-03     -0.17663973E-03     -0.12078159E-03     -0.44299011E-03
    1066     -0.17044660E-03     -0.17663973E-03     -0.12083012E-03     -0.44299011E-03
    1067     -0.17045264E-03     -0.17663973E-03     -0.12089376E-03     -0.44299011E-03
    1068     -0.17046438E-03     -0.17663973E-03     -0.12097314E-03     -0.44299011E-03
    1069     -0.17046995E-03     -0.17663973E-03     -0.12103610E-03     -0.44299011E-03
    1070     -0.17047543E-03     -0.17663973E-03     -0.12109521E-03     -0.44299011E-03
    1071     -0.17048398E-03     -0.17663973E-03     -0.12117408E-03     -0.44299011E-03
    1072     -0.17049211E-03     -0.17663973E-03     -0.12123344E-03     -0.44299011E-03
    1073     -0.17049929E-03     -0.17663973E-03     -0.12128880E-03     -0.44299011E-03
    1074     -0.17050741E-03     -0.17663973E-03     -0.12135081E-03     -0.44299011E-03
    1075     -0.17051613E-03     -0.17663973E-03     -0.12141572E-03     -0.44299011E-03
    1076     -0.17052919E-03     -0.17663973E-03     -0.12150738E-03     -0.44299011E-03
    1077     -0.17053583E-03     -0.17663973E-03     -0.12155680E-03     -0.44299011E-03
    1078     -0.17054137E-03     -0.17663973E-03     -0.12160484E-03     -0.44299011E-03
    1079     -0.17054763E-03     -0.17663973E-03     -0.12165896E-03     -0.44299011E-03
    1080     -0.17055332E-03     -0.17663973E-03     -0.12170923E-03     -0.44299011E-03
    1081     -0.17055923E-03     -0.17663973E-03     -0.12175419E-03     -0.44299011E-03
    1082     -0.17057600E-03     -0.17663973E-03     -0.12186878E-03     -0.44299011E-03
    1083     -0.17058141E-03     -0.17663973E-03     -0.12190928E-03     -0.44299011E-03
    1084     -0.17058657E-03     -0.17663973E-03     -0.12195304E-03     -0.44299011E-03
    1085     -0.17059218E-03     -0.17663973E-03     -0.12199748E-03     -0.44299011E-03
    1086     -0.17059906E-03     -0.17663973E-03     -0.12205601E-03     -0.44299011E-03
    1087     -0.17061123E-03     -0.17663973E-03     -0.12212707E-03     -0.44299011E-03
    1088     -0.17061975E-03     -0.17663973E-03     -0.12217987E-03     -0.44299011E-03
    1089     -0.17063378E-03     -0.17663973E-03     -0.12227619E-03     -0.44299011E-03
    1090     -0.17064263E-03     -0.17663973E-03     -0.12233245E-03     -0.44299011E-03
    1091     -0.17065390E-03     -0.17663973E-03     -0.12240505E-03     -0.44299011E-03
    1092     -0.17066187E-03     -0.17663973E-03     -0.12246234E-03     -0.44299011E-03
    1093     -0.17066956E-03     -0.17663973E-03     -0.12251732E-03     -0.44299011E-03
    1094     -0.17067699E-03     -0.17663973E-03     -0.12257111E-03     -0.44299011E-03
    1095     -0.17069735E-03     -0.17663973E-03     -0.12273161E-03     -0.44299011E-03
    1096     -0.17072057E-03     -0.17663973E-03     -0.12291870E-03     -0.44299011E-03
    1097     -0.17073494E-03     -0.17663973E-03     -0.12301137E-03     -0.44299011E-03
    1098     -0.17075273E-03     -0.17663973E-03     -0.12313851E-03     -0.44299011E-03
    1099     -0.17076199E-03     -0.17663973E-03     -0.12320732E-03     -0.44299011E-03
    1100     -0.17077306E-03     -0.17663973E-03     -0.12330225E-03     -0.44299011E-03
    1101     -0.17078472E-03     -0.17663973E-03     -0.12338758E-03     -0.44299011E-03
    1102     -0.17079196E-03     -0.17663973E-03     -0.12344188E-03     -0.44299011E-03
    1103     -0.17080119E-03     -0.17663973E-03     -0.12351812E-03     -0.44299011E-03
    1104     -0.17080872E-03     -0.17663973E-03     -0.12358395E-03     -0.44299011E-03
    1105     -0.17081679E-03     -0.17663973E-03     -0.12366510E-03     -0.44299011E-03
    1106     -0.17082230E-03     -0.17663973E-03     -0.12372721E-03     -0.44299011E-03
    1107     -0.17082962E-03     -0.17663973E-03     -0.12381481E-03     -0.44299011E-03
    1108     -0.17083920E-03     -0.17663973E-03     -0.12392203E-03     -0.44299011E-03
    1109     -0.17084600E-03     -0.17663973E-03     -0.12397835E-03     -0.44299011E-03
    1110     -0.17085704E-03     -0.17663973E-03     -0.12409105E-03     -0.44299011E-03
    1111     -0.17086590E-03     -0.17663973E-03     -0.12416849E-03     -0.44299011E-03
    1112     -0.17087106E-03     -0.17663973E-03     -0.12422803E-03     -0.44299011E-03
    1113     -0.17088082E-03     -0.17663973E-03     -0.12431230E-03     -0.44299011E-03
    1114     -0.17089024E-03     -0.17663973E-03     -0.12439529E-03     -0.44299011E-03
    1115     -0.17089731E-03     -0.17663973E-03     -0.12446413E-03     -0.44299011E-03
    1116     -0.17090575E-03     -0.17663973E-03     -0.12453761E-03     -0.44299011E-03
    1117     -0.17091137E-03     -0.17663973E-03     -0.12458709E-03     -0.44299011E-03
    1118     -0.17091983E-03     -0.17663973E-03     -0.12467121E-03     -0.44299011E-03
    1119     -0.17092695E-03     -0.17663973E-03     -0.12474451E-03     -0.44299011E-03
    1120     -0.17093707E-03     -0.17663973E-03     -0.12485393E-03     -0.44299011E-03
    1121     -0.17094776E-03     -0.17663973E-03     -0.12495829E-03     -0.44299011E-03
    1122     -0.17095743E-03     -0.17663973E-03     -0.12504086E-03     -0.44299011E-03
    1123     -0.17096692E-03     -0.17663973E-03     -0.12514129E-03     -0.44299011E-03
    1124     -0.17097340E-03     -0.17663973E-03     -0.12520204E-03     -0.44299011E-03
    1125     -0.17097934E-03     -0.17663973E-03     -0.12525553E-03     -0.44299011E-03
    1126     -0.17099113E-03     -0.17663973E-03     -0.12536167E-03     -0.44299011E-03
    1127     -0.17100173E-03     -0.17663973E-03     -0.12547851E-03     -0.44299011E-03
    1128     -0.17100693E-03     -0.17663973E-03     -0.12553787E-03     -0.44299011E-03
    1129     -0.17101419E-03     -0.17663973E-03     -0.12562096E-03     -0.44299011E-03
    1130     -0.17102739E-03     -0.17663973E-03     -0.12573822E-03     -0.44299011E-03
    1131     -0.17103362E-03     -0.17663973E-03     -0.12579772E-03     -0.44299011E-03
    1132     -0.17103437E-03     -0.17663973E-03     -0.12581628E-03     -0.44299011E-03
    1133     -0.17103736E-03     -0.17663973E-03     -0.12584720E-03     -0.44299011E-03
    1134     -0.17104164E-03     -0.17663973E-03     -0.12588477E-03     -0.44299011E-03
    1135     -0.17104547E-03     -0.17663973E-03     -0.12592991E-03     -0.44299011E-03
    1136     -0.17104895E-03     -0.17663973E-03     -0.12596980E-03     -0.44299011E-03
    1137     -0.17105390E-03     -0.17663973E-03     -0.12601379E-03     -0.44299011E-03
    1138     -0.17105753E-03     -0.17663973E-03     -0.12605010E-03     -0.44299011E-03
    1139     -0.17106055E-03     -0.17663973E-03     -0.12608633E-03     -0.44299011E-03
    1140     -0.17106298E-03     -0.17663973E-03     -0.12611645E-03     -0.44299011E-03
    1141     -0.17106687E-03     -0.17663973E-03     -0.12617042E-03     -0.44299011E-03
    1142     -0.17107089E-03     -0.17663973E-03     -0.12621785E-03     -0.44299011E-03
    1143     -0.17107384E-03     -0.17663973E-03     -0.12626131E-03     -0.44299011E-03
    1144     -0.17108039E-03     -0.17663973E-03     -0.12631805E-03     -0.44299011E-03
    1145     -0.17108338E-03     -0.17663973E-03     -0.12635030E-03     -0.44299011E-03
    1146     -0.17108820E-03     -0.17663973E-03     -0.12639993E-03     -0.44299011E-03
    1147     -0.17109185E-03     -0.17663973E-03     -0.12643821E-03     -0.44299011E-03
    1148     -0.17109707E-03     -0.17663973E-03     -0.12649308E-03     -0.44299011E-03
    1149     -0.17110277E-03     -0.17663973E-03     -0.12655643E-03     -0.44299011E-03
    1150     -0.17111012E-03     -0.17663973E-03     -0.12663370E-03     -0.44299011E-03
    1151     -0.17112077E-03     -0.17663973E-03     -0.12672414E-03     -0.44299011E-03
    1152     -0.17112687E-03     -0.17663973E-03     -0.12679044E-03     -0.44299011E-03
    1153     -0.17113264E-03     -0.17663973E-03     -0.12685082E-03     -0.44299011E-03
    1154     -0.17114016E-03     -0.17663973E-03     -0.12693784E-03     -0.44299011E-03
    1155     -0.17114764E-03     -0.17663973E-03     -0.12701350E-03     -0.44299011E-03
    1156     -0.17115284E-03     -0.17663973E-03     -0.12707745E-03     -0.44299011E-03
    1157     -0.17115763E-03     -0.17663973E-03     -0.12715065E-03     -0.44299011E-03
    1158     -0.17116123E-03     -0.17663973E-03     -0.12719850E-03     -0.44299011E-03
    1159     -0.17117176E-03     -0.17663973E-03     -0.12729626E-03     -0.44299011E-03
    1160     -0.17117761E-03     -0.17663973E-03     -0.12735539E-03     -0.44299011E-03
    1161     -0.17118529E-03     -0.17663973E-03     -0.12742304E-03     -0.44299011E-03
    1162     -0.17119096E-03     -0.17663973E-03     -0.12747526E-03     -0.44299011E-03
    1163     -0.17119290E-03     -0.17663973E-03     -0.12749799E-03     -0.44299011E-03
    1164     -0.17119945E-03     -0.17663973E-03     -0.12755831E-03     -0.44299011E-03
    1165     -0.17120568E-03     -0.17663973E-03     -0.12761904E-03     -0.44299011E-03
    1166     -0.17122043E-03     -0.17663973E-03     -0.12774717E-03     -0.44299011E-03
    1167     -0.17122807E-03     -0.17663973E-03     -0.12781481E-03     -0.44299011E-03
    1168     -0.17124237E-03     -0.17663973E-03     -0.12792149E-03     -0.44299011E-03
    1169     -0.17125295E-03     -0.17663973E-03     -0.12801332E-03     -0.44299011E-03
    1170     -0.17126654E-03     -0.17663973E-03     -0.12811240E-03     -0.44299011E-03
    1171     -0.17127481E-03     -0.17663973E-03     -0.12817311E-03     -0.44299011E-03
    1172     -0.17128919E-03     -0.17663973E-03     -0.12827674E-03     -0.44299011E-03
    1173     -0.17130122E-03     -0.17663973E-03     -0.12837539E-03     -0.44299011E-03
    1174     -0.17132240E-03     -0.17663973E-03     -0.12850367E-03     -0.44299011E-03
    1175     -0.17133226E-03     -0.17663973E-03     -0.12857485E-03     -0.44299011E-03
    1176     -0.17134513E-03     -0.17663973E-03     -0.12869279E-03     -0.44299011E-03
    1177     -0.17136072E-03     -0.17663973E-03     -0.12882515E-03     -0.44299011E-03
    1178     -0.17138194E-03     -0.17663973E-03     -0.12896886E-03     -0.44299011E-03
    1179     -0.17138991E-03     -0.17663973E-03     -0.12903409E-03     -0.44299011E-03
    1180     -0.17140552E-03     -0.17663973E-03     -0.12916973E-03     -0.44299011E-03
    1181     -0.17141697E-03     -0.17663973E-03     -0.12925977E-03     -0.44299011E-03
    1182     -0.17142478E-03     -0.17663973E-03     -0.12933505E-03     -0.44299011E-03
    1183     -0.17143207E-03     -0.17663973E-03     -0.12939229E-03     -0.44299011E-03
    1184     -0.17143867E-03     -0.17663973E-03     -0.12945871E-03     -0.44299011E-03
    1185     -0.17144579E-03     -0.17663973E-03     -0.12952913E-03     -0.44299011E-03
    1186     -0.17145647E-03     -0.17663973E-03     -0.12963058E-03     -0.44299011E-03
    1187     -0.17146313E-03     -0.17663973E-03     -0.12969054E-03     -0.44299011E-03
    1188     -0.17146603E-03     -0.17663973E-03     -0.12972599E-03     -0.44299011E-03
    1189     -0.17148215E-03     -0.17663973E-03     -0.12984575E-03     -0.44299011E-03
    1190     -0.17149498E-03     -0.17663973E-03     -0.12996554E-03     -0.44299011E-03
    1191     -0.17151096E-03     -0.17663973E-03     -0.13008460E-03     -0.44299011E-03
    1192     -0.17152400E-03     -0.17663973E-03     -0.13017854E-03     -0.44299011E-03
    1193     -0.17154380E-03     -0.17663973E-03     -0.13029100E-03     -0.44299011E-03
    1194     -0.17155853E-03     -0.17663973E-03     -0.13041404E-03     -0.44299011E-03
    1195     -0.17157572E-03     -0.17663973E-03     -0.13052728E-03     -0.44299011E-03
    1196     -0.17158131E-03     -0.17663973E-03     -0.13057929E-03     -0.44299011E-03
    1197     -0.17159292E-03     -0.17663973E-03     -0.13065162E-03     -0.44299011E-03
    1198     -0.17161246E-03     -0.17663973E-03     -0.13076023E-03     -0.44299011E-03
    1199     -0.17161739E-03     -0.17663973E-03     -0.13081673E-03     -0.44299011E-03
    1200     -0.17162094E-03     -0.17663973E-03     -0.13086232E-03     -0.44299011E-03
    1201     -0.17162491E-03     -0.17663973E-03     -0.13090763E-03     -0.44299011E-03
    1202     -0.17163007E-03     -0.17663973E-03     -0.13095958E-03     -0.44299011E-03
    1203     -0.17163703E-03     -0.17663973E-03     -0.13101962E-03     -0.44299011E-03
    1204     -0.17164237E-03     -0.17663973E-03     -0.13106980E-03     -0.44299011E-03
    1205     -0.17164697E-03     -0.17663973E-03     -0.13112143E-03     -0.44299011E-03
    1206     -0.17165046E-03     -0.17663973E-03     -0.13115817E-03     -0.44299011E-03
    1207     -0.17165316E-03     -0.17663973E-03     -0.13119080E-03     -0.44299011E-03
    1208     -0.17166334E-03     -0.17663973E-03     -0.13126088E-03     -0.44299011E-03
    1209     -0.17167825E-03     -0.17663973E-03     -0.13135157E-03     -0.44299011E-03
    1210     -0.17169576E-03     -0.17663973E-03     -0.13145907E-03     -0.44299011E-03
    1211     -0.17170016E-03     -0.17663973E-03     -0.13149593E-03     -0.44299011E-03
    1212     -0.17171342E-03     -0.17663973E-03     -0.13158068E-03     -0.44299011E-03
    1213     -0.17172552E-03     -0.17663973E-03     -0.13166182E-03     -0.44299011E-03
    1214     -0.17173873E-03     -0.17663973E-03     -0.13174619E-03     -0.44299011E-03
    1215     -0.17175383E-03     -0.17663973E-03     -0.13186156E-03     -0.44299011E-03
    1216     -0.17175733E-03     -0.17663973E-03     -0.13190067E-03     -0.44299011E-03
    1217     -0.17176373E-03     -0.17663973E-03     -0.13195490E-03     -0.44299011E-03
    1218     -0.17177928E-03     -0.17663973E-03     -0.13208226E-03     -0.44299011E-03
    1219     -0.17179073E-03     -0.17663973E-03     -0.13217744E-03     -0.44299011E-03
    1220     -0.17179663E-03     -0.17663973E-03     -0.13224045E-03     -0.44299011E-03
    1221     -0.17180283E-03     -0.17663973E-03     -0.13229836E-03     -0.44299011E-03
    1222     -0.17180670E-03     -0.17663973E-03     -0.13233718E-03     -0.44299011E-03
    1223     -0.17181105E-03     -0.17663973E-03     -0.13237655E-03     -0.44299011E-03
    1224     -0.17182049E-03     -0.17663973E-03     -0.13244762E-03     -0.44299011E-03
    1225     -0.17182610E-03     -0.17663973E-03     -0.13250061E-03     -0.44299011E-03
    1226     -0.17183017E-03     -0.17663973E-03     -0.13254055E-03     -0.44299011E-03
    1227     -0.17183334E-03     -0.17663973E-03     -0.13257504E-03     -0.44299011E-03
    1228     -0.17184084E-03     -0.17663973E-03     -0.13265267E-03     -0.44299011E-03
    1229     -0.17184889E-03     -0.17663973E-03     -0.13274539E-03     -0.44299011E-03
    1230     -0.17185310E-03     -0.17663973E-03     -0.13280273E-03     -0.44299011E-03
    1231     -0.17185720E-03     -0.17663973E-03     -0.13284262E-03     -0.44299011E-03
    1232     -0.17186661E-03     -0.17663973E-03     -0.13292084E-03     -0.44299011E-03
    1233     -0.17187210E-03     -0.17663973E-03     -0.13296706E-03     -0.44299011E-03
    1234     -0.17187646E-03     -0.17663973E-03     -0.13301525E-03     -0.44299011E-03
    1235     -0.17188515E-03     -0.17663973E-03     -0.13308049E-03     -0.44299011E-03
    1236     -0.17189040E-03     -0.17663973E-03     -0.13312186E-03     -0.44299011E-03
    1237     -0.17189227E-03     -0.17663973E-03     -0.13314304E-03     -0.44299011E-03
    1238     -0.17190267E-03     -0.17663973E-03     -0.13321422E-03     -0.44299011E-03
    1239     -0.17190885E-03     -0.17663973E-03     -0.13325925E-03     -0.44299011E-03
    1240     -0.17192899E-03     -0.17663973E-03     -0.13338639E-03     -0.44299011E-03
    1241     -0.17194270E-03     -0.17663973E-03     -0.13348668E-03     -0.44299011E-03
    1242     -0.17194794E-03     -0.17663973E-03     -0.13353033E-03     -0.44299011E-03
    1243     -0.17195477E-03     -0.17663973E-03     -0.13358588E-03     -0.44299011E-03
    1244     -0.17195838E-03     -0.17663973E-03     -0.13362250E-03     -0.44299011E-03
    1245     -0.17196468E-03     -0.17663973E-03     -0.13367512E-03     -0.44299011E-03
    1246     -0.17196843E-03     -0.17663973E-03     -0.13371836E-03     -0.44299011E-03
    1247     -0.17197290E-03     -0.17663973E-03     -0.13375719E-03     -0.44299011E-03
    1248     -0.17197518E-03     -0.17663973E-03     -0.13378696E-03     -0.44299011E-03
    1249     -0.17198829E-03     -0.17663973E-03     -0.13390255E-03     -0.44299011E-03
    1250     -0.17199846E-03     -0.17663973E-03     -0.13397788E-03     -0.44299011E-03
    1251     -0.17201812E-03     -0.17663973E-03     -0.13410449E-03     -0.44299011E-03
    1252     -0.17203211E-03     -0.17663973E-03     -0.13421204E-03     -0.44299011E-03
    1253     -0.17203824E-03     -0.17663973E-03     -0.13426488E-03     -0.44299011E-03
    1254     -0.17205601E-03     -0.17663973E-03     -0.13437995E-03     -0.44299011E-03
    1255     -0.17206808E-03     -0.17663973E-03     -0.13446013E-03     -0.44299011E-03
    1256     -0.17209607E-03     -0.17663973E-03     -0.13461407E-03     -0.44299011E-03
    1257     -0.17210581E-03     -0.17663973E-03     -0.13468413E-03     -0.44299011E-03
    1258     -0.17210887E-03     -0.17663973E-03     -0.13472066E-03     -0.44299011E-03
    1259     -0.17211421E-03     -0.17663973E-03     -0.13476317E-03     -0.44299011E-03
    1260     -0.17211712E-03     -0.17663973E-03     -0.13479477E-03     -0.44299011E-03
    1261     -0.17212600E-03     -0.17663973E-03     -0.13485969E-03     -0.44299011E-03
    1262     -0.17213270E-03     -0.17663973E-03     -0.13493324E-03     -0.44299011E-03
    1263     -0.17214088E-03     -0.17663973E-03     -0.13499804E-03     -0.44299011E-03
    1264     -0.17214993E-03     -0.17663973E-03     -0.13507903E-03     -0.44299011E-03
    1265     -0.17215517E-03     -0.17663973E-03     -0.13512786E-03     -0.44299011E-03
    1266     -0.17218931E-03     -0.17663973E-03     -0.13529864E-03     -0.44299011E-03
    1267     -0.17221235E-03     -0.17663973E-03     -0.13542579E-03     -0.44299011E-03
    1268     -0.17221511E-03     -0.17663973E-03     -0.13545410E-03     -0.44299011E-03
    1269     -0.17221788E-03     -0.17663973E-03     -0.13548763E-03     -0.44299011E-03
    1270     -0.17222034E-03     -0.17663973E-03     -0.13551207E-03     -0.44299011E-03
    1271     -0.17222426E-03     -0.17663973E-03     -0.13555316E-03     -0.44299011E-03
    1272     -0.17222803E-03     -0.17663973E-03     -0.13559050E-03     -0.44299011E-03
    1273     -0.17223310E-03     -0.17663973E-03     -0.13564864E-03     -0.44299011E-03
    1274     -0.17225065E-03     -0.17663973E-03     -0.13577079E-03     -0.44299011E-03
    1275     -0.17225746E-03     -0.17663973E-03     -0.13583260E-03     -0.44299011E-03
    1276     -0.17226487E-03     -0.17663973E-03     -0.13589633E-03     -0.44299011E-03
    1277     -0.17226960E-03     -0.17663973E-03     -0.13596240E-03     -0.44299011E-03
    1278     -0.17227600E-03     -0.17663973E-03     -0.13603328E-03     -0.44299011E-03
    1279     -0.17228488E-03     -0.17663973E-03     -0.13610403E-03     -0.44299011E-03
    1280     -0.17228856E-03     -0.17663973E-03     -0.13615538E-03     -0.44299011E-03
    1281     -0.17229915E-03     -0.17663973E-03     -0.13626141E-03     -0.44299011E-03
    1282     -0.17230253E-03     -0.17663973E-03     -0.13630148E-03     -0.44299011E-03
    1283     -0.17230755E-03     -0.17663973E-03     -0.13636512E-03     -0.44299011E-03
    1284     -0.17232569E-03     -0.17663973E-03     -0.13650665E-03     -0.44299011E-03
    1285     -0.17233805E-03     -0.17663973E-03     -0.13660555E-03     -0.44299011E-03
    1286     -0.17234260E-03     -0.17663973E-03     -0.13665805E-03     -0.44299011E-03
    1287     -0.17234820E-03     -0.17663973E-03     -0.13671325E-03     -0.44299011E-03
    1288     -0.17235108E-03     -0.17663973E-03     -0.13674698E-03     -0.44299011E-03
    1289     -0.17235577E-03     -0.17663973E-03     -0.13679449E-03     -0.44299011E-03
    1290     -0.17235905E-03     -0.17663973E-03     -0.13682614E-03     -0.44299011E-03
    1291     -0.17236422E-03     -0.17663973E-03     -0.13687457E-03     -0.44299011E-03
    1292     -0.17236664E-03     -0.17663973E-03     -0.13690960E-03     -0.44299011E-03
    1293     -0.17236858E-03     -0.17663973E-03     -0.13693633E-03     -0.44299011E-03
    1294     -0.17237360E-03     -0.17663973E-03     -0.13699671E-03     -0.44299011E-03
    1295     -0.17237748E-03     -0.17663973E-03     -0.13704853E-03     -0.44299011E-03
    1296     -0.17238109E-03     -0.17663973E-03     -0.13709486E-03     -0.44299011E-03
    1297     -0.17238875E-03     -0.17663973E-03     -0.13719199E-03     -0.44299011E-03
    1298     -0.17239721E-03     -0.17663973E-03     -0.13730016E-03     -0.44299011E-03
    1299     -0.17240746E-03     -0.17663973E-03     -0.13743489E-03     -0.44299011E-03
    1300     -0.17240938E-03     -0.17663973E-03     -0.13746415E-03     -0.44299011E-03
    1301     -0.17241434E-03     -0.17663973E-03     -0.13754268E-03     -0.44299011E-03
    1302     -0.17242598E-03     -0.17663973E-03     -0.13767223E-03     -0.44299011E-03
    1303     -0.17243154E-03     -0.17663973E-03     -0.13775875E-03     -0.44299011E-03
    1304     -0.17244401E-03     -0.17663973E-03     -0.13794212E-03     -0.44299011E-03
    1305     -0.17245914E-03     -0.17663973E-03     -0.13808745E-03     -0.44299011E-03
    1306     -0.17246711E-03     -0.17663973E-03     -0.13818204E-03     -0.44299011E-03
    1307     -0.17247296E-03     -0.17663973E-03     -0.13828349E-03     -0.44299011E-03
    1308     -0.17250257E-03     -0.17663973E-03     -0.13849639E-03     -0.44299011E-03
    1309     -0.17251275E-03     -0.17663973E-03     -0.13861261E-03     -0.44299011E-03
    1310     -0.17252918E-03     -0.17663973E-03     -0.13878287E-03     -0.44299011E-03
    1311     -0.17254359E-03     -0.17663973E-03     -0.13891294E-03     -0.44299011E-03
    1312     -0.17258312E-03     -0.17663973E-03     -0.13914163E-03     -0.44299011E-03
    1313     -0.17259127E-03     -0.17663973E-03     -0.13921385E-03     -0.44299011E-03
    1314     -0.17260144E-03     -0.17663973E-03     -0.13930809E-03     -0.44299011E-03
    1315     -0.17260783E-03     -0.17663973E-03     -0.13937292E-03     -0.44299011E-03
    1316     -0.17261304E-03     -0.17663973E-03     -0.13943257E-03     -0.44299011E-03
    1317     -0.17262611E-03     -0.17663973E-03     -0.13954365E-03     -0.44299011E-03
    1318     -0.17262809E-03     -0.17663973E-03     -0.13957245E-03     -0.44299011E-03
    1319     -0.17263292E-03     -0.17663973E-03     -0.13961922E-03     -0.44299011E-03
    1320     -0.17263733E-03     -0.17663973E-03     -0.13967535E-03     -0.44299011E-03
    1321     -0.17264146E-03     -0.17663973E-03     -0.13972522E-03     -0.44299011E-03
    1322     -0.17264429E-03     -0.17663973E-03     -0.13976248E-03     -0.44299011E-03
    1323     -0.17265417E-03     -0.17663973E-03     -0.13988178E-03     -0.44299011E-03
    1324     -0.17266126E-03     -0.17663973E-03     -0.13997572E-03     -0.44299011E-03
    1325     -0.17266560E-03     -0.17663973E-03     -0.14002821E-03     -0.44299011E-03
    1326     -0.17267226E-03     -0.17663973E-03     -0.14011103E-03     -0.44299011E-03
    1327     -0.17268177E-03     -0.17663973E-03     -0.14023386E-03     -0.44299011E-03
    1328     -0.17268516E-03     -0.17663973E-03     -0.14028169E-03     -0.44299011E-03
    1329     -0.17268938E-03     -0.17663973E-03     -0.14033557E-03     -0.44299011E-03
    1330     -0.17269176E-03     -0.17663973E-03     -0.14036844E-03     -0.44299011E-03
    1331     -0.17269467E-03     -0.17663973E-03     -0.14041032E-03     -0.44299011E-03
    1332     -0.17269931E-03     -0.17663973E-03     -0.14047297E-03     -0.44299011E-03
    1333     -0.17270514E-03     -0.17663973E-03     -0.14055634E-03     -0.44299011E-03
    1334     -0.17271030E-03     -0.17663973E-03     -0.14062206E-03     -0.44299011E-03
    1335     -0.17271519E-03     -0.17663973E-03     -0.14069663E-03     -0.44299011E-03
    1336     -0.17271985E-03     -0.17663973E-03     -0.14075882E-03     -0.44299011E-03
    1337     -0.17272248E-03     -0.17663973E-03     -0.14079380E-03     -0.44299011E-03
    1338     -0.17272560E-03     -0.17663973E-03     -0.14083897E-03     -0.44299011E-03
    1339     -0.17272864E-03     -0.17663973E-03     -0.14088036E-03     -0.44299011E-03
    1340     -0.17273151E-03     -0.17663973E-03     -0.14091974E-03     -0.44299011E-03
    1341     -0.17273454E-03     -0.17663973E-03     -0.14095838E-03     -0.44299011E-03
    1342     -0.17273716E-03     -0.17663973E-03     -0.14099554E-03     -0.44299011E-03
    1343     -0.17274107E-03     -0.17663973E-03     -0.14104766E-03     -0.44299011E-03
    1344     -0.17274333E-03     -0.17663973E-03     -0.14108098E-03     -0.44299011E-03
    1345     -0.17274559E-03     -0.17663973E-03     -0.14111399E-03     -0.44299011E-03
    1346     -0.17274787E-03     -0.17663973E-03     -0.14114731E-03     -0.44299011E-03
    1347     -0.17275015E-03     -0.17663973E-03     -0.14118297E-03     -0.44299011E-03
    1348     -0.17275133E-03     -0.17663973E-03     -0.14120126E-03     -0.44299011E-03
    1349     -0.17275563E-03     -0.17663973E-03     -0.14125871E-03     -0.44299011E-03
    1350     -0.17275713E-03     -0.17663973E-03     -0.14128162E-03     -0.44299011E-03
    1351     -0.17275891E-03     -0.17663973E-03     -0.14130665E-03     -0.44299011E-03
    1352     -0.17276165E-03     -0.17663973E-03     -0.14134754E-03     -0.44299011E-03
    1353     -0.17276393E-03     -0.17663973E-03     -0.14138181E-03     -0.44299011E-03
    1354     -0.17276869E-03     -0.17663973E-03     -0.14144632E-03     -0.44299011E-03
    1355     -0.17277667E-03     -0.17663973E-03     -0.14153379E-03     -0.44299011E-03
    1356     -0.17278843E-03     -0.17663973E-03     -0.14165154E-03     -0.44299011E-03
    1357     -0.17279084E-03     -0.17663973E-03     -0.14168793E-03     -0.44299011E-03
    1358     -0.17279304E-03     -0.17663973E-03     -0.14172575E-03     -0.44299011E-03
    1359     -0.17279924E-03     -0.17663973E-03     -0.14180266E-03     -0.44299011E-03
    1360     -0.17280314E-03     -0.17663973E-03     -0.14184874E-03     -0.44299011E-03
    1361     -0.17282532E-03     -0.17663973E-03     -0.14208608E-03     -0.44299011E-03
    1362     -0.17283256E-03     -0.17663973E-03     -0.14216826E-03     -0.44299011E-03
    1363     -0.17283686E-03     -0.17663973E-03     -0.14223547E-03     -0.44299011E-03
    1364     -0.17284061E-03     -0.17663973E-03     -0.14227894E-03     -0.44299011E-03
    1365     -0.17284236E-03     -0.17663973E-03     -0.14231137E-03     -0.44299011E-03
    1366     -0.17284504E-03     -0.17663973E-03     -0.14234912E-03     -0.44299011E-03
    1367     -0.17284842E-03     -0.17663973E-03     -0.14240496E-03     -0.44299011E-03
    1368     -0.17286234E-03     -0.17663973E-03     -0.14252644E-03     -0.44299011E-03
    1369     -0.17286833E-03     -0.17663973E-03     -0.14259525E-03     -0.44299011E-03
    1370     -0.17287030E-03     -0.17663973E-03     -0.14263118E-03     -0.44299011E-03
    1371     -0.17287586E-03     -0.17663973E-03     -0.14268224E-03     -0.44299011E-03
    1372     -0.17287840E-03     -0.17663973E-03     -0.14272022E-03     -0.44299011E-03
    1373     -0.17288203E-03     -0.17663973E-03     -0.14275931E-03     -0.44299011E-03
    1374     -0.17288435E-03     -0.17663973E-03     -0.14279305E-03     -0.44299011E-03
    1375     -0.17288588E-03     -0.17663973E-03     -0.14281732E-03     -0.44299011E-03
    1376     -0.17290745E-03     -0.17663973E-03     -0.14298032E-03     -0.44299011E-03
    1377     -0.17291552E-03     -0.17663973E-03     -0.14305484E-03     -0.44299011E-03
    1378     -0.17292565E-03     -0.17663973E-03     -0.14314608E-03     -0.44299011E-03
    1379     -0.17292778E-03     -0.17663973E-03     -0.14317956E-03     -0.44299011E-03
    1380     -0.17292942E-03     -0.17663973E-03     -0.14320675E-03     -0.44299011E-03
    1381     -0.17293283E-03     -0.17663973E-03     -0.14325301E-03     -0.44299011E-03
    1382     -0.17293455E-03     -0.17663973E-03     -0.14327807E-03     -0.44299011E-03
    1383     -0.17293628E-03     -0.17663973E-03     -0.14330731E-03     -0.44299011E-03
    1384     -0.17293911E-03     -0.17663973E-03     -0.14334752E-03     -0.44299011E-03
    1385     -0.17294356E-03     -0.17663973E-03     -0.14340842E-03     -0.44299011E-03
    1386     -0.17294647E-03     -0.17663973E-03     -0.14345279E-03     -0.44299011E-03
    1387     -0.17295013E-03     -0.17663973E-03     -0.14350574E-03     -0.44299011E-03
    1388     -0.17295770E-03     -0.17663973E-03     -0.14360947E-03     -0.44299011E-03
    1389     -0.17295993E-03     -0.17663973E-03     -0.14364643E-03     -0.44299011E-03
    1390     -0.17296252E-03     -0.17663973E-03     -0.14368534E-03     -0.44299011E-03
    1391     -0.17297315E-03     -0.17663973E-03     -0.14382122E-03     -0.44299011E-03
    1392     -0.17297937E-03     -0.17663973E-03     -0.14389901E-03     -0.44299011E-03
    1393     -0.17298391E-03     -0.17663973E-03     -0.14396222E-03     -0.44299011E-03
    1394     -0.17298797E-03     -0.17663973E-03     -0.14401404E-03     -0.44299011E-03
    1395     -0.17299102E-03     -0.17663973E-03     -0.14405420E-03     -0.44299011E-03
    1396     -0.17299543E-03     -0.17663973E-03     -0.14411365E-03     -0.44299011E-03
    1397     -0.17299745E-03     -0.17663973E-03     -0.14414667E-03     -0.44299011E-03
    1398     -0.17299926E-03     -0.17663973E-03     -0.14417368E-03     -0.44299011E-03
    1399     -0.17300219E-03     -0.17663973E-03     -0.14421806E-03     -0.44299011E-03
    1400     -0.17300430E-03     -0.17663973E-03     -0.14425329E-03     -0.44299011E-03
    1401     -0.17300771E-03     -0.17663973E-03     -0.14429381E-03     -0.44299011E-03
    1402     -0.17301050E-03     -0.17663973E-03     -0.14432758E-03     -0.44299011E-03
    1403     -0.17301872E-03     -0.17663973E-03     -0.14443170E-03     -0.44299011E-03
    1404     -0.17303143E-03     -0.17663973E-03     -0.14456197E-03     -0.44299011E-03
    1405     -0.17303888E-03     -0.17663973E-03     -0.14465953E-03     -0.44299011E-03
    1406     -0.17305381E-03     -0.17663973E-03     -0.14485137E-03     -0.44299011E-03
    1407     -0.17306711E-03     -0.17663973E-03     -0.14498783E-03     -0.44299011E-03
    1408     -0.17307501E-03     -0.17663973E-03     -0.14510392E-03     -0.44299011E-03
    1409     -0.17307909E-03     -0.17663973E-03     -0.14516404E-03     -0.44299011E-03
    1410     -0.17308148E-03     -0.17663973E-03     -0.14520600E-03     -0.44299011E-03
    1411     -0.17308319E-03     -0.17663973E-03     -0.14523755E-03     -0.44299011E-03
    1412     -0.17308639E-03     -0.17663973E-03     -0.14529062E-03     -0.44299011E-03
    1413     -0.17308895E-03     -0.17663973E-03     -0.14533083E-03     -0.44299011E-03
    1414     -0.17309104E-03     -0.17663973E-03     -0.14536377E-03     -0.44299011E-03
    1415     -0.17309250E-03     -0.17663973E-03     -0.14538835E-03     -0.44299011E-03
    1416     -0.17309408E-03     -0.17663973E-03     -0.14541609E-03     -0.44299011E-03
    1417     -0.17309752E-03     -0.17663973E-03     -0.14546624E-03     -0.44299011E-03
    1418     -0.17310132E-03     -0.17663973E-03     -0.14552391E-03     -0.44299011E-03
    1419     -0.17310356E-03     -0.17663973E-03     -0.14556184E-03     -0.44299011E-03
    1420     -0.17310760E-03     -0.17663973E-03     -0.14562452E-03     -0.44299011E-03
    1421     -0.17311134E-03     -0.17663973E-03     -0.14568526E-03     -0.44299011E-03
    1422     -0.17311926E-03     -0.17663973E-03     -0.14580622E-03     -0.44299011E-03
    1423     -0.17312358E-03     -0.17663973E-03     -0.14587110E-03     -0.44299011E-03
    1424     -0.17312676E-03     -0.17663973E-03     -0.14592233E-03     -0.44299011E-03
    1425     -0.17312812E-03     -0.17663973E-03     -0.14594832E-03     -0.44299011E-03
    1426     -0.17312984E-03     -0.17663973E-03     -0.14597950E-03     -0.44299011E-03
    1427     -0.17313203E-03     -0.17663973E-03     -0.14601149E-03     -0.44299011E-03
    1428     -0.17313334E-03     -0.17663973E-03     -0.14603215E-03     -0.44299011E-03
    1429     -0.17313563E-03     -0.17663973E-03     -0.14606835E-03     -0.44299011E-03
    1430     -0.17313860E-03     -0.17663973E-03     -0.14611232E-03     -0.44299011E-03
    1431     -0.17314160E-03     -0.17663973E-03     -0.14615393E-03     -0.44299011E-03
    1432     -0.17314371E-03     -0.17663973E-03     -0.14618854E-03     -0.44299011E-03
    1433     -0.17314602E-03     -0.17663973E-03     -0.14622809E-03     -0.44299011E-03
    1434     -0.17314810E-03     -0.17663973E-03     -0.14626285E-03     -0.44299011E-03
    1435     -0.17315053E-03     -0.17663973E-03     -0.14630145E-03     -0.44299011E-03
    1436     -0.17315943E-03     -0.17663973E-03     -0.14640193E-03     -0.44299011E-03
    1437     -0.17316213E-03     -0.17663973E-03     -0.14643970E-03     -0.44299011E-03
    1438     -0.17316681E-03     -0.17663973E-03     -0.14651354E-03     -0.44299011E-03
    1439     -0.17316883E-03     -0.17663973E-03     -0.14654588E-03     -0.44299011E-03
    1440     -0.17317184E-03     -0.17663973E-03     -0.14659076E-03     -0.44299011E-03
    1441     -0.17317599E-03     -0.17663973E-03     -0.14666474E-03     -0.44299011E-03
    1442     -0.17318237E-03     -0.17663973E-03     -0.14674926E-03     -0.44299011E-03
    1443     -0.17318502E-03     -0.17663973E-03     -0.14679099E-03     -0.44299011E-03
    1444     -0.17318879E-03     -0.17663973E-03     -0.14685586E-03     -0.44299011E-03
    1445     -0.17319200E-03     -0.17663973E-03     -0.14691648E-03     -0.44299011E-03
    1446     -0.17319451E-03     -0.17663973E-03     -0.14695993E-03     -0.44299011E-03
    1447     -0.17319902E-03     -0.17663973E-03     -0.14702471E-03     -0.44299011E-03
    1448     -0.17321153E-03     -0.17663973E-03     -0.14715849E-03     -0.44299011E-03
    1449     -0.17321509E-03     -0.17663973E-03     -0.14721173E-03     -0.44299011E-03
    1450     -0.17321943E-03     -0.17663973E-03     -0.14727386E-03     -0.44299011E-03
    1451     -0.17322412E-03     -0.17663973E-03     -0.14733942E-03     -0.44299011E-03
    1452     -0.17322853E-03     -0.17663973E-03     -0.14741018E-03     -0.44299011E-03
    1453     -0.17323769E-03     -0.17663973E-03     -0.14752717E-03     -0.44299011E-03
    1454     -0.17324552E-03     -0.17663973E-03     -0.14764237E-03     -0.44299011E-03
    1455     -0.17324767E-03     -0.17663973E-03     -0.14768682E-03     -0.44299011E-03
    1456     -0.17325488E-03     -0.17663973E-03     -0.14780263E-03     -0.44299011E-03
    1457     -0.17326017E-03     -0.17663973E-03     -0.14788751E-03     -0.44299011E-03
    1458     -0.17326510E-03     -0.17663973E-03     -0.14797092E-03     -0.44299011E-03
    1459     -0.17327079E-03     -0.17663973E-03     -0.14806448E-03     -0.44299011E-03
    1460     -0.17327543E-03     -0.17663973E-03     -0.14814479E-03     -0.44299011E-03
    1461     -0.17327735E-03     -0.17663973E-03     -0.14818107E-03     -0.44299011E-03
    1462     -0.17328159E-03     -0.17663973E-03     -0.14825288E-03     -0.44299011E-03
    1463     -0.17328895E-03     -0.17663973E-03     -0.14837407E-03     -0.44299011E-03
    1464     -0.17329123E-03     -0.17663973E-03     -0.14841914E-03     -0.44299011E-03
    1465     -0.17329358E-03     -0.17663973E-03     -0.14846327E-03     -0.44299011E-03
    1466     -0.17329708E-03     -0.17663973E-03     -0.14852575E-03     -0.44299011E-03
    1467     -0.17330419E-03     -0.17663973E-03     -0.14863274E-03     -0.44299011E-03
    1468     -0.17330624E-03     -0.17663973E-03     -0.14867143E-03     -0.44299011E-03
    1469     -0.17330974E-03     -0.17663973E-03     -0.14873554E-03     -0.44299011E-03
    1470     -0.17331192E-03     -0.17663973E-03     -0.14877975E-03     -0.44299011E-03
    1471     -0.17331265E-03     -0.17663973E-03     -0.14880266E-03     -0.44299011E-03
    1472     -0.17331427E-03     -0.17663973E-03     -0.14883705E-03     -0.44299011E-03
    1473     -0.17331676E-03     -0.17663973E-03     -0.14888781E-03     -0.44299011E-03
    1474     -0.17331819E-03     -0.17663973E-03     -0.14891841E-03     -0.44299011E-03
    1475     -0.17332100E-03     -0.17663973E-03     -0.14897399E-03     -0.44299011E-03
    1476     -0.17332638E-03     -0.17663973E-03     -0.14905247E-03     -0.44299011E-03
    1477     -0.17333040E-03     -0.17663973E-03     -0.14912439E-03     -0.44299011E-03
    1478     -0.17333910E-03     -0.17663973E-03     -0.14926411E-03     -0.44299011E-03
    1479     -0.17334733E-03     -0.17663973E-03     -0.14942844E-03     -0.44299011E-03
    1480     -0.17335234E-03     -0.17663973E-03     -0.14952670E-03     -0.44299011E-03
    1481     -0.17335542E-03     -0.17663973E-03     -0.14959113E-03     -0.44299011E-03
    1482     -0.17336000E-03     -0.17663973E-03     -0.14968229E-03     -0.44299011E-03
    1483     -0.17336458E-03     -0.17663973E-03     -0.14977283E-03     -0.44299011E-03
    1484     -0.17336698E-03     -0.17663973E-03     -0.14982136E-03     -0.44299011E-03
    1485     -0.17336916E-03     -0.17663973E-03     -0.14986638E-03     -0.44299011E-03
    1486     -0.17337099E-03     -0.17663973E-03     -0.14990464E-03     -0.44299011E-03
    1487     -0.17337263E-03     -0.17663973E-03     -0.14994293E-03     -0.44299011E-03
    1488     -0.17337521E-03     -0.17663973E-03     -0.14999468E-03     -0.44299011E-03
    1489     -0.17337673E-03     -0.17663973E-03     -0.15002990E-03     -0.44299011E-03
    1490     -0.17337828E-03     -0.17663973E-03     -0.15006358E-03     -0.44299011E-03
    1491     -0.17337949E-03     -0.17663973E-03     -0.15009056E-03     -0.44299011E-03
    1492     -0.17338322E-03     -0.17663973E-03     -0.15016459E-03     -0.44299011E-03
    1493     -0.17338541E-03     -0.17663973E-03     -0.15020597E-03     -0.44299011E-03
    1494     -0.17339014E-03     -0.17663973E-03     -0.15029293E-03     -0.44299011E-03
    1495     -0.17339589E-03     -0.17663973E-03     -0.15040734E-03     -0.44299011E-03
    1496     -0.17339973E-03     -0.17663973E-03     -0.15048363E-03     -0.44299011E-03
    1497     -0.17340440E-03     -0.17663973E-03     -0.15057479E-03     -0.44299011E-03
    1498     -0.17340672E-03     -0.17663973E-03     -0.15062480E-03     -0.44299011E-03
    1499     -0.17341457E-03     -0.17663973E-03     -0.15076434E-03     -0.44299011E-03
    1500     -0.17342053E-03     -0.17663973E-03     -0.15087478E-03     -0.44299011E-03
    1501     -0.17342413E-03     -0.17663973E-03     -0.15094554E-03     -0.44299011E-03
    1502     -0.17342852E-03     -0.17663973E-03     -0.15103032E-03     -0.44299011E-03
    1503     -0.17343136E-03     -0.17663973E-03     -0.15108619E-03     -0.44299011E-03
    1504     -0.17343857E-03     -0.17663973E-03     -0.15123823E-03     -0.44299011E-03
    1505     -0.17344137E-03     -0.17663973E-03     -0.15130011E-03     -0.44299011E-03
    1506     -0.17344475E-03     -0.17663973E-03     -0.15136580E-03     -0.44299011E-03
    1507     -0.17344826E-03     -0.17663973E-03     -0.15143151E-03     -0.44299011E-03
    1508     -0.17345024E-03     -0.17663973E-03     -0.15147236E-03     -0.44299011E-03
    1509     -0.17345658E-03     -0.17663973E-03     -0.15158183E-03     -0.44299011E-03
    1510     -0.17346113E-03     -0.17663973E-03     -0.15166398E-03     -0.44299011E-03
    1511     -0.17346307E-03     -0.17663973E-03     -0.15170296E-03     -0.44299011E-03
    1512     -0.17346757E-03     -0.17663973E-03     -0.15179210E-03     -0.44299011E-03
    1513     -0.17347457E-03     -0.17663973E-03     -0.15192176E-03     -0.44299011E-03
    1514     -0.17347775E-03     -0.17663973E-03     -0.15198567E-03     -0.44299011E-03
    1515     -0.17348128E-03     -0.17663973E-03     -0.15205254E-03     -0.44299011E-03
    1516     -0.17348454E-03     -0.17663973E-03     -0.15211567E-03     -0.44299011E-03
    1517     -0.17348695E-03     -0.17663973E-03     -0.15216658E-03     -0.44299011E-03
    1518     -0.17348867E-03     -0.17663973E-03     -0.15220613E-03     -0.44299011E-03
    1519     -0.17349021E-03     -0.17663973E-03     -0.15224514E-03     -0.44299011E-03
    1520     -0.17349194E-03     -0.17663973E-03     -0.15228422E-03     -0.44299011E-03
    1521     -0.17349282E-03     -0.17663973E-03     -0.15230906E-03     -0.44299011E-03
    1522     -0.17349547E-03     -0.17663973E-03     -0.15236403E-03     -0.44299011E-03
    1523     -0.17349830E-03     -0.17663973E-03     -0.15242115E-03     -0.44299011E-03
    1524     -0.17350095E-03     -0.17663973E-03     -0.15246986E-03     -0.44299011E-03
    1525     -0.17350184E-03     -0.17663973E-03     -0.15249331E-03     -0.44299011E-03
    1526     -0.17350282E-03     -0.17663973E-03     -0.15251930E-03     -0.44299011E-03
    1527     -0.17350598E-03     -0.17663973E-03     -0.15257964E-03     -0.44299011E-03
    1528     -0.17350940E-03     -0.17663973E-03     -0.15265675E-03     -0.44299011E-03
    1529     -0.17351297E-03     -0.17663973E-03     -0.15271732E-03     -0.44299011E-03
    1530     -0.17351646E-03     -0.17663973E-03     -0.15277971E-03     -0.44299011E-03
    1531     -0.17351815E-03     -0.17663973E-03     -0.15281145E-03     -0.44299011E-03
    1532     -0.17352542E-03     -0.17663973E-03     -0.15292760E-03     -0.44299011E-03
    1533     -0.17352704E-03     -0.17663973E-03     -0.15296132E-03     -0.44299011E-03
    1534     -0.17353075E-03     -0.17663973E-03     -0.15302926E-03     -0.44299011E-03
    1535     -0.17353433E-03     -0.17663973E-03     -0.15309979E-03     -0.44299011E-03
    1536     -0.17353810E-03     -0.17663973E-03     -0.15316839E-03     -0.44299011E-03
    1537     -0.17354504E-03     -0.17663973E-03     -0.15327968E-03     -0.44299011E-03
    1538     -0.17354728E-03     -0.17663973E-03     -0.15331316E-03     -0.44299011E-03
    1539     -0.17355731E-03     -0.17663973E-03     -0.15346064E-03     -0.44299011E-03
    1540     -0.17357385E-03     -0.17663973E-03     -0.15369418E-03     -0.44299011E-03
    1541     -0.17357753E-03     -0.17663973E-03     -0.15376191E-03     -0.44299011E-03
    1542     -0.17358061E-03     -0.17663973E-03     -0.15381517E-03     -0.44299011E-03
    1543     -0.17358308E-03     -0.17663973E-03     -0.15386771E-03     -0.44299011E-03
    1544     -0.17358667E-03     -0.17663973E-03     -0.15393924E-03     -0.44299011E-03
    1545     -0.17359916E-03     -0.17663973E-03     -0.15412347E-03     -0.44299011E-03
    1546     -0.17360182E-03     -0.17663973E-03     -0.15417443E-03     -0.44299011E-03
    1547     -0.17360424E-03     -0.17663973E-03     -0.15421644E-03     -0.44299011E-03
    1548     -0.17360696E-03     -0.17663973E-03     -0.15427066E-03     -0.44299011E-03
    1549     -0.17360903E-03     -0.17663973E-03     -0.15430889E-03     -0.44299011E-03
    1550     -0.17361005E-03     -0.17663973E-03     -0.15433461E-03     -0.44299011E-03
    1551     -0.17361215E-03     -0.17663973E-03     -0.15437205E-03     -0.44299011E-03
    1552     -0.17361332E-03     -0.17663973E-03     -0.15440010E-03     -0.44299011E-03
    1553     -0.17361435E-03     -0.17663973E-03     -0.15442122E-03     -0.44299011E-03
    1554     -0.17361622E-03     -0.17663973E-03     -0.15446006E-03     -0.44299011E-03
    1555     -0.17361760E-03     -0.17663973E-03     -0.15449125E-03     -0.44299011E-03
    1556     -0.17361977E-03     -0.17663973E-03     -0.15453793E-03     -0.44299011E-03
    1557     -0.17362120E-03     -0.17663973E-03     -0.15457047E-03     -0.44299011E-03
    1558     -0.17362280E-03     -0.17663973E-03     -0.15460513E-03     -0.44299011E-03
    1559     -0.17362657E-03     -0.17663973E-03     -0.15468174E-03     -0.44299011E-03
    1560     -0.17362859E-03     -0.17663973E-03     -0.15472944E-03     -0.44299011E-03
    1561     -0.17363368E-03     -0.17663973E-03     -0.15484263E-03     -0.44299011E-03
    1562     -0.17363685E-03     -0.17663973E-03     -0.15491488E-03     -0.44299011E-03
    1563     -0.17363860E-03     -0.17663973E-03     -0.15495505E-03     -0.44299011E-03
    1564     -0.17364034E-03     -0.17663973E-03     -0.15499826E-03     -0.44299011E-03
    1565     -0.17364152E-03     -0.17663973E-03     -0.15502381E-03     -0.44299011E-03
    1566     -0.17364370E-03     -0.17663973E-03     -0.15507241E-03     -0.44299011E-03
    1567     -0.17364519E-03     -0.17663973E-03     -0.15511222E-03     -0.44299011E-03
    1568     -0.17364618E-03     -0.17663973E-03     -0.15513593E-03     -0.44299011E-03
    1569     -0.17365022E-03     -0.17663973E-03     -0.15523168E-03     -0.44299011E-03
    1570     -0.17365235E-03     -0.17663973E-03     -0.15527456E-03     -0.44299011E-03
    1571     -0.17365555E-03     -0.17663973E-03     -0.15533476E-03     -0.44299011E-03
    1572     -0.17365767E-03     -0.17663973E-03     -0.15537378E-03     -0.44299011E-03
    1573     -0.17365989E-03     -0.17663973E-03     -0.15544150E-03     -0.44299011E-03
    1574     -0.17366096E-03     -0.17663973E-03     -0.15546397E-03     -0.44299011E-03
    1575     -0.17366378E-03     -0.17663973E-03     -0.15552441E-03     -0.44299011E-03
    1576     -0.17366585E-03     -0.17663973E-03     -0.15557911E-03     -0.44299011E-03
    1577     -0.17366938E-03     -0.17663973E-03     -0.15566283E-03     -0.44299011E-03
    1578     -0.17367042E-03     -0.17663973E-03     -0.15568907E-03     -0.44299011E-03
    1579     -0.17367112E-03     -0.17663973E-03     -0.15571078E-03     -0.44299011E-03
    1580     -0.17367402E-03     -0.17663973E-03     -0.15578354E-03     -0.44299011E-03
    1581     -0.17367656E-03     -0.17663973E-03     -0.15585144E-03     -0.44299011E-03
    1582     -0.17367914E-03     -0.17663973E-03     -0.15590196E-03     -0.44299011E-03
    1583     -0.17368240E-03     -0.17663973E-03     -0.15598089E-03     -0.44299011E-03
    1584     -0.17368411E-03     -0.17663973E-03     -0.15602847E-03     -0.44299011E-03
    1585     -0.17368655E-03     -0.17663973E-03     -0.15609894E-03     -0.44299011E-03
    1586     -0.17368758E-03     -0.17663973E-03     -0.15612850E-03     -0.44299011E-03
    1587     -0.17369017E-03     -0.17663973E-03     -0.15618151E-03     -0.44299011E-03
    1588     -0.17369156E-03     -0.17663973E-03     -0.15622674E-03     -0.44299011E-03
    1589     -0.17369295E-03     -0.17663973E-03     -0.15626195E-03     -0.44299011E-03
    1590     -0.17369445E-03     -0.17663973E-03     -0.15629607E-03     -0.44299011E-03
    1591     -0.17369536E-03     -0.17663973E-03     -0.15632435E-03     -0.44299011E-03
    1592     -0.17369621E-03     -0.17663973E-03     -0.15635518E-03     -0.44299011E-03
    1593     -0.17369697E-03     -0.17663973E-03     -0.15638585E-03     -0.44299011E-03
    1594     -0.17369815E-03     -0.17663973E-03     -0.15643512E-03     -0.44299011E-03
    1595     -0.17369887E-03     -0.17663973E-03     -0.15646634E-03     -0.44299011E-03
    1596     -0.17370096E-03     -0.17663973E-03     -0.15650862E-03     -0.44299011E-03
    1597     -0.17370212E-03     -0.17663973E-03     -0.15653695E-03     -0.44299011E-03
    1598     -0.17370323E-03     -0.17663973E-03     -0.15659131E-03     -0.44299011E-03
    1599     -0.17370471E-03     -0.17663973E-03     -0.15663680E-03     -0.44299011E-03
    1600     -0.17371192E-03     -0.17663973E-03     -0.15678044E-03     -0.44299011E-03
    1601     -0.17371642E-03     -0.17663973E-03     -0.15685473E-03     -0.44299011E-03
    1602     -0.17372043E-03     -0.17663973E-03     -0.15699615E-03     -0.44299011E-03
    1603     -0.17372780E-03     -0.17663973E-03     -0.15716176E-03     -0.44299011E-03
    1604     -0.17372979E-03     -0.17663973E-03     -0.15730089E-03     -0.44299011E-03
    1605     -0.17373332E-03     -0.17663973E-03     -0.15745958E-03     -0.44299011E-03
    1606     -0.17373558E-03     -0.17663973E-03     -0.15756799E-03     -0.44299011E-03
    1607     -0.17373836E-03     -0.17663973E-03     -0.15765183E-03     -0.44299011E-03
    1608     -0.17374386E-03     -0.17663973E-03     -0.15780637E-03     -0.44299011E-03
    1609     -0.17374629E-03     -0.17663973E-03     -0.15788418E-03     -0.44299011E-03
    1610     -0.17375142E-03     -0.17663973E-03     -0.15803616E-03     -0.44299011E-03
    1611     -0.17375641E-03     -0.17663973E-03     -0.15817165E-03     -0.44299011E-03
    1612     -0.17375797E-03     -0.17663973E-03     -0.15821929E-03     -0.44299011E-03
    1613     -0.17376014E-03     -0.17663973E-03     -0.15830337E-03     -0.44299011E-03
    1614     -0.17376222E-03     -0.17663973E-03     -0.15837590E-03     -0.44299011E-03
    1615     -0.17376396E-03     -0.17663973E-03     -0.15849458E-03     -0.44299011E-03
    1616     -0.17376667E-03     -0.17663973E-03     -0.15857536E-03     -0.44299011E-03
    1617     -0.17376991E-03     -0.17663973E-03     -0.15868181E-03     -0.44299011E-03
    1618     -0.17377248E-03     -0.17663973E-03     -0.15882701E-03     -0.44299011E-03
    1619     -0.17377397E-03     -0.17663973E-03     -0.15887606E-03     -0.44299011E-03
    1620     -0.17377497E-03     -0.17663973E-03     -0.15891392E-03     -0.44299011E-03
    1621     -0.17377616E-03     -0.17663973E-03     -0.15897007E-03     -0.44299011E-03
    1622     -0.17377724E-03     -0.17663973E-03     -0.15901788E-03     -0.44299011E-03
    1623     -0.17377857E-03     -0.17663973E-03     -0.15914603E-03     -0.44299011E-03
    1624     -0.17377984E-03     -0.17663973E-03     -0.15926590E-03     -0.44299011E-03
    1625     -0.17378102E-03     -0.17663973E-03     -0.15933182E-03     -0.44299011E-03
    1626     -0.17378254E-03     -0.17663973E-03     -0.15942364E-03     -0.44299011E-03
    1627     -0.17378366E-03     -0.17663973E-03     -0.15946855E-03     -0.44299011E-03
    1628     -0.17378713E-03     -0.17663973E-03     -0.15967323E-03     -0.44299011E-03
    1629     -0.17378807E-03     -0.17663973E-03     -0.15970616E-03     -0.44299011E-03
    1630     -0.17378945E-03     -0.17663973E-03     -0.15976095E-03     -0.44299011E-03
    1631     -0.17379061E-03     -0.17663973E-03     -0.15979486E-03     -0.44299011E-03
    1632     -0.17379182E-03     -0.17663973E-03     -0.15984119E-03     -0.44299011E-03
    1633     -0.17379301E-03     -0.17663973E-03     -0.15988979E-03     -0.44299011E-03
    1634     -0.17379404E-03     -0.17663973E-03     -0.15993636E-03     -0.44299011E-03
    1635     -0.17379718E-03     -0.17663973E-03     -0.16008487E-03     -0.44299011E-03
    1636     -0.17379854E-03     -0.17663973E-03     -0.16014493E-03     -0.44299011E-03
    1637     -0.17379935E-03     -0.17663973E-03     -0.16017048E-03     -0.44299011E-03
    1638     -0.17380017E-03     -0.17663973E-03     -0.16020317E-03     -0.44299011E-03
    1639     -0.17380144E-03     -0.17663973E-03     -0.16025362E-03     -0.44299011E-03
    1640     -0.17380265E-03     -0.17663973E-03     -0.16029995E-03     -0.44299011E-03
    1641     -0.17380360E-03     -0.17663973E-03     -0.16033572E-03     -0.44299011E-03
    1642     -0.17380604E-03     -0.17663973E-03     -0.16039535E-03     -0.44299011E-03
    1643     -0.17380792E-03     -0.17663973E-03     -0.16044457E-03     -0.44299011E-03
    1644     -0.17380938E-03     -0.17663973E-03     -0.16048212E-03     -0.44299011E-03
    1645     -0.17381108E-03     -0.17663973E-03     -0.16054586E-03     -0.44299011E-03
    1646     -0.17381215E-03     -0.17663973E-03     -0.16057447E-03     -0.44299011E-03
    1647     -0.17381331E-03     -0.17663973E-03     -0.16061414E-03     -0.44299011E-03
    1648     -0.17381467E-03     -0.17663973E-03     -0.16066344E-03     -0.44299011E-03
    1649     -0.17381658E-03     -0.17663973E-03     -0.16073234E-03     -0.44299011E-03
    1650     -0.17381729E-03     -0.17663973E-03     -0.16075725E-03     -0.44299011E-03
    1651     -0.17381824E-03     -0.17663973E-03     -0.16078744E-03     -0.44299011E-03
    1652     -0.17381955E-03     -0.17663973E-03     -0.16084388E-03     -0.44299011E-03
    1653     -0.17382091E-03     -0.17663973E-03     -0.16088187E-03     -0.44299011E-03
    1654     -0.17382219E-03     -0.17663973E-03     -0.16092482E-03     -0.44299011E-03
    1655     -0.17382389E-03     -0.17663973E-03     -0.16098194E-03     -0.44299011E-03
    1656     -0.17382641E-03     -0.17663973E-03     -0.16104644E-03     -0.44299011E-03
    1657     -0.17382839E-03     -0.17663973E-03     -0.16111543E-03     -0.44299011E-03
    1658     -0.17383112E-03     -0.17663973E-03     -0.16118831E-03     -0.44299011E-03
    1659     -0.17383217E-03     -0.17663973E-03     -0.16121920E-03     -0.44299011E-03
    1660     -0.17383388E-03     -0.17663973E-03     -0.16127039E-03     -0.44299011E-03
    1661     -0.17383609E-03     -0.17663973E-03     -0.16133981E-03     -0.44299011E-03
    1662     -0.17383737E-03     -0.17663973E-03     -0.16139177E-03     -0.44299011E-03
    1663     -0.17383945E-03     -0.17663973E-03     -0.16144372E-03     -0.44299011E-03
    1664     -0.17384125E-03     -0.17663973E-03     -0.16149417E-03     -0.44299011E-03
    1665     -0.17384570E-03     -0.17663973E-03     -0.16160135E-03     -0.44299011E-03
    1666     -0.17384736E-03     -0.17663973E-03     -0.16164848E-03     -0.44299011E-03
    1667     -0.17385078E-03     -0.17663973E-03     -0.16173167E-03     -0.44299011E-03
    1668     -0.17385257E-03     -0.17663973E-03     -0.16177316E-03     -0.44299011E-03
    1669     -0.17385613E-03     -0.17663973E-03     -0.16187170E-03     -0.44299011E-03
    1670     -0.17385903E-03     -0.17663973E-03     -0.16193922E-03     -0.44299011E-03
    1671     -0.17386074E-03     -0.17663973E-03     -0.16199858E-03     -0.44299011E-03
    1672     -0.17386438E-03     -0.17663973E-03     -0.16209794E-03     -0.44299011E-03
    1673     -0.17386638E-03     -0.17663973E-03     -0.16216673E-03     -0.44299011E-03
    1674     -0.17386778E-03     -0.17663973E-03     -0.16220502E-03     -0.44299011E-03
    1675     -0.17386876E-03     -0.17663973E-03     -0.16223554E-03     -0.44299011E-03
    1676     -0.17387014E-03     -0.17663973E-03     -0.16227631E-03     -0.44299011E-03
    1677     -0.17387168E-03     -0.17663973E-03     -0.16231763E-03     -0.44299011E-03
    1678     -0.17387195E-03     -0.17663973E-03     -0.16232823E-03     -0.44299011E-03
    1679     -0.17387365E-03     -0.17663973E-03     -0.16237062E-03     -0.44299011E-03
    1680     -0.17387514E-03     -0.17663973E-03     -0.16241960E-03     -0.44299011E-03
    1681     -0.17387761E-03     -0.17663973E-03     -0.16251109E-03     -0.44299011E-03
    1682     -0.17387871E-03     -0.17663973E-03     -0.16254045E-03     -0.44299011E-03
    1683     -0.17387968E-03     -0.17663973E-03     -0.16257336E-03     -0.44299011E-03
    1684     -0.17388253E-03     -0.17663973E-03     -0.16268663E-03     -0.44299011E-03
    1685     -0.17388379E-03     -0.17663973E-03     -0.16272062E-03     -0.44299011E-03
    1686     -0.17388678E-03     -0.17663973E-03     -0.16282309E-03     -0.44299011E-03
    1687     -0.17388765E-03     -0.17663973E-03     -0.16284577E-03     -0.44299011E-03
    1688     -0.17388870E-03     -0.17663973E-03     -0.16286812E-03     -0.44299011E-03
    1689     -0.17389092E-03     -0.17663973E-03     -0.16293147E-03     -0.44299011E-03
    1690     -0.17389302E-03     -0.17663973E-03     -0.16298888E-03     -0.44299011E-03
    1691     -0.17389520E-03     -0.17663973E-03     -0.16306532E-03     -0.44299011E-03
    1692     -0.17389658E-03     -0.17663973E-03     -0.16310888E-03     -0.44299011E-03
    1693     -0.17389835E-03     -0.17663973E-03     -0.16315819E-03     -0.44299011E-03
    1694     -0.17389941E-03     -0.17663973E-03     -0.16318886E-03     -0.44299011E-03
    1695     -0.17390131E-03     -0.17663973E-03     -0.16323492E-03     -0.44299011E-03
    1696     -0.17390362E-03     -0.17663973E-03     -0.16329125E-03     -0.44299011E-03
    1697     -0.17390577E-03     -0.17663973E-03     -0.16334784E-03     -0.44299011E-03
    1698     -0.17390724E-03     -0.17663973E-03     -0.16338582E-03     -0.44299011E-03
    1699     -0.17390893E-03     -0.17663973E-03     -0.16343165E-03     -0.44299011E-03
    1700     -0.17391051E-03     -0.17663973E-03     -0.16347917E-03     -0.44299011E-03
    1701     -0.17391131E-03     -0.17663973E-03     -0.16350476E-03     -0.44299011E-03
    1702     -0.17391272E-03     -0.17663973E-03     -0.16354965E-03     -0.44299011E-03
    1703     -0.17391529E-03     -0.17663973E-03     -0.16362350E-03     -0.44299011E-03
    1704     -0.17391608E-03     -0.17663973E-03     -0.16365325E-03     -0.44299011E-03
    1705     -0.17391809E-03     -0.17663973E-03     -0.16370459E-03     -0.44299011E-03
    1706     -0.17391991E-03     -0.17663973E-03     -0.16376295E-03     -0.44299011E-03
    1707     -0.17392164E-03     -0.17663973E-03     -0.16382536E-03     -0.44299011E-03
    1708     -0.17392259E-03     -0.17663973E-03     -0.16388803E-03     -0.44299011E-03
    1709     -0.17392322E-03     -0.17663973E-03     -0.16391113E-03     -0.44299011E-03
    1710     -0.17392494E-03     -0.17663973E-03     -0.16395978E-03     -0.44299011E-03
    1711     -0.17392533E-03     -0.17663973E-03     -0.16398554E-03     -0.44299011E-03
    1712     -0.17392742E-03     -0.17663973E-03     -0.16405450E-03     -0.44299011E-03
    1713     -0.17392843E-03     -0.17663973E-03     -0.16409071E-03     -0.44299011E-03
    1714     -0.17392945E-03     -0.17663973E-03     -0.16413696E-03     -0.44299011E-03
    1715     -0.17393048E-03     -0.17663973E-03     -0.16417558E-03     -0.44299011E-03
    1716     -0.17393178E-03     -0.17663973E-03     -0.16421240E-03     -0.44299011E-03
    1717     -0.17393319E-03     -0.17663973E-03     -0.16425988E-03     -0.44299011E-03
    1718     -0.17393401E-03     -0.17663973E-03     -0.16429498E-03     -0.44299011E-03
    1719     -0.17393561E-03     -0.17663973E-03     -0.16434314E-03     -0.44299011E-03
    1720     -0.17393640E-03     -0.17663973E-03     -0.16437189E-03     -0.44299011E-03
    1721     -0.17393771E-03     -0.17663973E-03     -0.16440706E-03     -0.44299011E-03
    1722     -0.17393958E-03     -0.17663973E-03     -0.16446275E-03     -0.44299011E-03
    1723     -0.17394070E-03     -0.17663973E-03     -0.16449940E-03     -0.44299011E-03
    1724     -0.17394254E-03     -0.17663973E-03     -0.16454838E-03     -0.44299011E-03
    1725     -0.17394370E-03     -0.17663973E-03     -0.16458294E-03     -0.44299011E-03
    1726     -0.17394448E-03     -0.17663973E-03     -0.16461165E-03     -0.44299011E-03
    1727     -0.17394630E-03     -0.17663973E-03     -0.16466350E-03     -0.44299011E-03
    1728     -0.17394781E-03     -0.17663973E-03     -0.16469935E-03     -0.44299011E-03
    1729     -0.17394854E-03     -0.17663973E-03     -0.16472111E-03     -0.44299011E-03
    1730     -0.17394981E-03     -0.17663973E-03     -0.16475978E-03     -0.44299011E-03
    1731     -0.17395161E-03     -0.17663973E-03     -0.16480754E-03     -0.44299011E-03
    1732     -0.17395669E-03     -0.17663973E-03     -0.16491419E-03     -0.44299011E-03
    1733     -0.17395882E-03     -0.17663973E-03     -0.16497300E-03     -0.44299011E-03
    1734     -0.17396025E-03     -0.17663973E-03     -0.16500559E-03     -0.44299011E-03
    1735     -0.17396378E-03     -0.17663973E-03     -0.16508681E-03     -0.44299011E-03
    1736     -0.17396967E-03     -0.17663973E-03     -0.16521309E-03     -0.44299011E-03
    1737     -0.17397426E-03     -0.17663973E-03     -0.16531092E-03     -0.44299011E-03
    1738     -0.17397833E-03     -0.17663973E-03     -0.16539280E-03     -0.44299011E-03
    1739     -0.17398066E-03     -0.17663973E-03     -0.16544450E-03     -0.44299011E-03
    1740     -0.17398422E-03     -0.17663973E-03     -0.16552131E-03     -0.44299011E-03
    1741     -0.17398704E-03     -0.17663973E-03     -0.16558505E-03     -0.44299011E-03
    1742     -0.17399207E-03     -0.17663973E-03     -0.16568571E-03     -0.44299011E-03
    1743     -0.17399456E-03     -0.17663973E-03     -0.16574758E-03     -0.44299011E-03
    1744     -0.17399663E-03     -0.17663973E-03     -0.16581645E-03     -0.44299011E-03
    1745     -0.17399956E-03     -0.17663973E-03     -0.16589917E-03     -0.44299011E-03
    1746     -0.17400385E-03     -0.17663973E-03     -0.16600943E-03     -0.44299011E-03
    1747     -0.17400779E-03     -0.17663973E-03     -0.16613659E-03     -0.44299011E-03
    1748     -0.17400934E-03     -0.17663973E-03     -0.16618251E-03     -0.44299011E-03
    1749     -0.17401143E-03     -0.17663973E-03     -0.16627024E-03     -0.44299011E-03
    1750     -0.17401437E-03     -0.17663973E-03     -0.16635997E-03     -0.44299011E-03
    1751     -0.17401541E-03     -0.17663973E-03     -0.16640735E-03     -0.44299011E-03
    1752     -0.17401682E-03     -0.17663973E-03     -0.16645088E-03     -0.44299011E-03
    1753     -0.17401849E-03     -0.17663973E-03     -0.16651486E-03     -0.44299011E-03
    1754     -0.17402122E-03     -0.17663973E-03     -0.16660629E-03     -0.44299011E-03
    1755     -0.17402236E-03     -0.17663973E-03     -0.16665531E-03     -0.44299011E-03
    1756     -0.17402408E-03     -0.17663973E-03     -0.16671808E-03     -0.44299011E-03
    1757     -0.17402501E-03     -0.17663973E-03     -0.16675526E-03     -0.44299011E-03
    1758     -0.17402679E-03     -0.17663973E-03     -0.16680884E-03     -0.44299011E-03
    1759     -0.17403015E-03     -0.17663973E-03     -0.16692131E-03     -0.44299011E-03
    1760     -0.17403251E-03     -0.17663973E-03     -0.16699343E-03     -0.44299011E-03
    1761     -0.17403468E-03     -0.17663973E-03     -0.16705638E-03     -0.44299011E-03
    1762     -0.17403774E-03     -0.17663973E-03     -0.16713846E-03     -0.44299011E-03
    1763     -0.17404044E-03     -0.17663973E-03     -0.16721953E-03     -0.44299011E-03
    1764     -0.17404160E-03     -0.17663973E-03     -0.16725605E-03     -0.44299011E-03
    1765     -0.17404238E-03     -0.17663973E-03     -0.16727803E-03     -0.44299011E-03
    1766     -0.17404354E-03     -0.17663973E-03     -0.16731422E-03     -0.44299011E-03
    1767     -0.17404494E-03     -0.17663973E-03     -0.16735847E-03     -0.44299011E-03
    1768     -0.17404668E-03     -0.17663973E-03     -0.16741238E-03     -0.44299011E-03
    1769     -0.17404812E-03     -0.17663973E-03     -0.16745623E-03     -0.44299011E-03
    1770     -0.17404947E-03     -0.17663973E-03     -0.16749674E-03     -0.44299011E-03
    1771     -0.17405034E-03     -0.17663973E-03     -0.16752722E-03     -0.44299011E-03
    1772     -0.17405192E-03     -0.17663973E-03     -0.16757836E-03     -0.44299011E-03
    1773     -0.17405279E-03     -0.17663973E-03     -0.16760757E-03     -0.44299011E-03
    1774     -0.17405366E-03     -0.17663973E-03     -0.16764013E-03     -0.44299011E-03
    1775     -0.17405477E-03     -0.17663973E-03     -0.16768774E-03     -0.44299011E-03
    1776     -0.17405758E-03     -0.17663973E-03     -0.16778178E-03     -0.44299011E-03
    1777     -0.17405823E-03     -0.17663973E-03     -0.16781152E-03     -0.44299011E-03
    1778     -0.17405899E-03     -0.17663973E-03     -0.16783988E-03     -0.44299011E-03
    1779     -0.17406194E-03     -0.17663973E-03     -0.16794365E-03     -0.44299011E-03
    1780     -0.17406380E-03     -0.17663973E-03     -0.16803775E-03     -0.44299011E-03
    1781     -0.17406541E-03     -0.17663973E-03     -0.16811508E-03     -0.44299011E-03
    1782     -0.17406674E-03     -0.17663973E-03     -0.16816324E-03     -0.44299011E-03
    1783     -0.17406793E-03     -0.17663973E-03     -0.16820834E-03     -0.44299011E-03
    1784     -0.17406948E-03     -0.17663973E-03     -0.16827426E-03     -0.44299011E-03
    1785     -0.17407113E-03     -0.17663973E-03     -0.16832754E-03     -0.44299011E-03
    1786     -0.17407345E-03     -0.17663973E-03     -0.16842565E-03     -0.44299011E-03
    1787     -0.17407526E-03     -0.17663973E-03     -0.16848559E-03     -0.44299011E-03
    1788     -0.17407785E-03     -0.17663973E-03     -0.16858223E-03     -0.44299011E-03
    1789     -0.17408077E-03     -0.17663973E-03     -0.16869713E-03     -0.44299011E-03
    1790     -0.17408336E-03     -0.17663973E-03     -0.16877743E-03     -0.44299011E-03
    1791     -0.17408483E-03     -0.17663973E-03     -0.16883788E-03     -0.44299011E-03
    1792     -0.17408706E-03     -0.17663973E-03     -0.16892639E-03     -0.44299011E-03
    1793     -0.17408869E-03     -0.17663973E-03     -0.16899462E-03     -0.44299011E-03
    1794     -0.17409004E-03     -0.17663973E-03     -0.16904050E-03     -0.44299011E-03
    1795     -0.17409189E-03     -0.17663973E-03     -0.16911893E-03     -0.44299011E-03
    1796     -0.17409417E-03     -0.17663973E-03     -0.16923334E-03     -0.44299011E-03
    1797     -0.17409559E-03     -0.17663973E-03     -0.16929341E-03     -0.44299011E-03
    1798     -0.17409680E-03     -0.17663973E-03     -0.16934816E-03     -0.44299011E-03
    1799     -0.17409932E-03     -0.17663973E-03     -0.16945680E-03     -0.44299011E-03
    1800     -0.17410096E-03     -0.17663973E-03     -0.16952517E-03     -0.44299011E-03
    1801     -0.17410200E-03     -0.17663973E-03     -0.16956749E-03     -0.44299011E-03
    1802     -0.17410292E-03     -0.17663973E-03     -0.16961261E-03     -0.44299011E-03
    1803     -0.17410369E-03     -0.17663973E-03     -0.16965085E-03     -0.44299011E-03
    1804     -0.17410549E-03     -0.17663973E-03     -0.16970547E-03     -0.44299011E-03
    1805     -0.17410699E-03     -0.17663973E-03     -0.16975523E-03     -0.44299011E-03
    1806     -0.17410921E-03     -0.17663973E-03     -0.16981601E-03     -0.44299011E-03
    1807     -0.17411156E-03     -0.17663973E-03     -0.16988134E-03     -0.44299011E-03
    1808     -0.17411591E-03     -0.17663973E-03     -0.16997762E-03     -0.44299011E-03
    1809     -0.17411725E-03     -0.17663973E-03     -0.17003178E-03     -0.44299011E-03
    1810     -0.17411870E-03     -0.17663973E-03     -0.17007749E-03     -0.44299011E-03
    1811     -0.17412047E-03     -0.17663973E-03     -0.17012594E-03     -0.44299011E-03
    1812     -0.17412620E-03     -0.17663973E-03     -0.17025446E-03     -0.44299011E-03
    1813     -0.17412753E-03     -0.17663973E-03     -0.17030087E-03     -0.44299011E-03
    1814     -0.17412936E-03     -0.17663973E-03     -0.17035726E-03     -0.44299011E-03
    1815     -0.17413081E-03     -0.17663973E-03     -0.17040735E-03     -0.44299011E-03
    1816     -0.17413179E-03     -0.17663973E-03     -0.17044731E-03     -0.44299011E-03
    1817     -0.17413342E-03     -0.17663973E-03     -0.17048963E-03     -0.44299011E-03
    1818     -0.17413413E-03     -0.17663973E-03     -0.17051846E-03     -0.44299011E-03
    1819     -0.17413526E-03     -0.17663973E-03     -0.17055755E-03     -0.44299011E-03
    1820     -0.17413653E-03     -0.17663973E-03     -0.17060567E-03     -0.44299011E-03
    1821     -0.17413764E-03     -0.17663973E-03     -0.17064696E-03     -0.44299011E-03
    1822     -0.17413880E-03     -0.17663973E-03     -0.17068550E-03     -0.44299011E-03
    1823     -0.17413989E-03     -0.17663973E-03     -0.17072748E-03     -0.44299011E-03
    1824     -0.17414105E-03     -0.17663973E-03     -0.17077337E-03     -0.44299011E-03
    1825     -0.17414202E-03     -0.17663973E-03     -0.17080986E-03     -0.44299011E-03
    1826     -0.17414339E-03     -0.17663973E-03     -0.17085412E-03     -0.44299011E-03
    1827     -0.17414413E-03     -0.17663973E-03     -0.17088224E-03     -0.44299011E-03
    1828     -0.17414509E-03     -0.17663973E-03     -0.17092206E-03     -0.44299011E-03
    1829     -0.17414601E-03     -0.17663973E-03     -0.17095149E-03     -0.44299011E-03
    1830     -0.17414708E-03     -0.17663973E-03     -0.17099408E-03     -0.44299011E-03
    1831     -0.17414827E-03     -0.17663973E-03     -0.17104045E-03     -0.44299011E-03
    1832     -0.17414950E-03     -0.17663973E-03     -0.17109385E-03     -0.44299011E-03
    1833     -0.17415074E-03     -0.17663973E-03     -0.17114380E-03     -0.44299011E-03
    1834     -0.17415154E-03     -0.17663973E-03     -0.17118107E-03     -0.44299011E-03
    1835     -0.17415251E-03     -0.17663973E-03     -0.17121636E-03     -0.44299011E-03
    1836     -0.17415344E-03     -0.17663973E-03     -0.17126865E-03     -0.44299011E-03
    1837     -0.17415400E-03     -0.17663973E-03     -0.17129774E-03     -0.44299011E-03
    1838     -0.17415472E-03     -0.17663973E-03     -0.17133313E-03     -0.44299011E-03
    1839     -0.17415558E-03     -0.17663973E-03     -0.17138524E-03     -0.44299011E-03
    1840     -0.17415666E-03     -0.17663973E-03     -0.17144534E-03     -0.44299011E-03
    1841     -0.17415734E-03     -0.17663973E-03     -0.17148167E-03     -0.44299011E-03
    1842     -0.17415775E-03     -0.17663973E-03     -0.17151247E-03     -0.44299011E-03
    1843     -0.17415869E-03     -0.17663973E-03     -0.17155754E-03     -0.44299011E-03
    1844     -0.17415975E-03     -0.17663973E-03     -0.17160597E-03     -0.44299011E-03
    1845     -0.17416069E-03     -0.17663973E-03     -0.17165017E-03     -0.44299011E-03
    1846     -0.17416141E-03     -0.17663973E-03     -0.17168636E-03     -0.44299011E-03
    1847     -0.17416274E-03     -0.17663973E-03     -0.17178317E-03     -0.44299011E-03
    1848     -0.17416361E-03     -0.17663973E-03     -0.17182505E-03     -0.44299011E-03
    1849     -0.17416413E-03     -0.17663973E-03     -0.17185469E-03     -0.44299011E-03
    1850     -0.17416501E-03     -0.17663973E-03     -0.17190371E-03     -0.44299011E-03
    1851     -0.17416563E-03     -0.17663973E-03     -0.17193660E-03     -0.44299011E-03
    1852     -0.17416645E-03     -0.17663973E-03     -0.17197598E-03     -0.44299011E-03
    1853     -0.17416714E-03     -0.17663973E-03     -0.17202374E-03     -0.44299011E-03
    1854     -0.17416772E-03     -0.17663973E-03     -0.17204510E-03     -0.44299011E-03
    1855     -0.17416844E-03     -0.17663973E-03     -0.17209261E-03     -0.44299011E-03
    1856     -0.17416933E-03     -0.17663973E-03     -0.17214504E-03     -0.44299011E-03
    1857     -0.17417012E-03     -0.17663973E-03     -0.17218687E-03     -0.44299011E-03
    1858     -0.17417072E-03     -0.17663973E-03     -0.17221412E-03     -0.44299011E-03
    1859     -0.17417104E-03     -0.17663973E-03     -0.17223492E-03     -0.44299011E-03
    1860     -0.17417157E-03     -0.17663973E-03     -0.17226028E-03     -0.44299011E-03
    1861     -0.17417206E-03     -0.17663973E-03     -0.17228584E-03     -0.44299011E-03
    1862     -0.17417252E-03     -0.17663973E-03     -0.17231040E-03     -0.44299011E-03
    1863     -0.17417322E-03     -0.17663973E-03     -0.17234075E-03     -0.44299011E-03
    1864     -0.17417392E-03     -0.17663973E-03     -0.17237102E-03     -0.44299011E-03
    1865     -0.17417458E-03     -0.17663973E-03     -0.17240419E-03     -0.44299011E-03
    1866     -0.17417544E-03     -0.17663973E-03     -0.17243707E-03     -0.44299011E-03
    1867     -0.17417632E-03     -0.17663973E-03     -0.17247049E-03     -0.44299011E-03
    1868     -0.17417721E-03     -0.17663973E-03     -0.17250215E-03     -0.44299011E-03
    1869     -0.17417804E-03     -0.17663973E-03     -0.17253167E-03     -0.44299011E-03
    1870     -0.17417898E-03     -0.17663973E-03     -0.17256886E-03     -0.44299011E-03
    1871     -0.17417975E-03     -0.17663973E-03     -0.17259910E-03     -0.44299011E-03
    1872     -0.17418081E-03     -0.17663973E-03     -0.17263908E-03     -0.44299011E-03
    1873     -0.17418172E-03     -0.17663973E-03     -0.17267834E-03     -0.44299011E-03
    1874     -0.17418269E-03     -0.17663973E-03     -0.17271148E-03     -0.44299011E-03
    1875     -0.17418366E-03     -0.17663973E-03     -0.17275102E-03     -0.44299011E-03
    1876     -0.17418450E-03     -0.17663973E-03     -0.17278881E-03     -0.44299011E-03
    1877     -0.17418584E-03     -0.17663973E-03     -0.17284295E-03     -0.44299011E-03
    1878     -0.17418674E-03     -0.17663973E-03     -0.17288217E-03     -0.44299011E-03
    1879     -0.17418757E-03     -0.17663973E-03     -0.17291505E-03     -0.44299011E-03
    1880     -0.17418888E-03     -0.17663973E-03     -0.17296938E-03     -0.44299011E-03
    1881     -0.17419040E-03     -0.17663973E-03     -0.17302848E-03     -0.44299011E-03
    1882     -0.17419157E-03     -0.17663973E-03     -0.17307228E-03     -0.44299011E-03
    1883     -0.17419284E-03     -0.17663973E-03     -0.17312479E-03     -0.44299011E-03
    1884     -0.17419346E-03     -0.17663973E-03     -0.17315699E-03     -0.44299011E-03
    1885     -0.17419505E-03     -0.17663973E-03     -0.17321264E-03     -0.44299011E-03
    1886     -0.17419915E-03     -0.17663973E-03     -0.17332199E-03     -0.44299011E-03
    1887     -0.17419989E-03     -0.17663973E-03     -0.17335859E-03     -0.44299011E-03
    1888     -0.17420201E-03     -0.17663973E-03     -0.17343393E-03     -0.44299011E-03
    1889     -0.17420327E-03     -0.17663973E-03     -0.17348278E-03     -0.44299011E-03
    1890     -0.17420630E-03     -0.17663973E-03     -0.17359259E-03     -0.44299011E-03
    1891     -0.17420807E-03     -0.17663973E-03     -0.17364942E-03     -0.44299011E-03
    1892     -0.17421030E-03     -0.17663973E-03     -0.17373112E-03     -0.44299011E-03
    1893     -0.17421167E-03     -0.17663973E-03     -0.17378443E-03     -0.44299011E-03
    1894     -0.17421368E-03     -0.17663973E-03     -0.17385493E-03     -0.44299011E-03
    1895     -0.17421592E-03     -0.17663973E-03     -0.17394245E-03     -0.44299011E-03
    1896     -0.17421783E-03     -0.17663973E-03     -0.17401024E-03     -0.44299011E-03
    1897     -0.17421962E-03     -0.17663973E-03     -0.17408413E-03     -0.44299011E-03
    1898     -0.17422095E-03     -0.17663973E-03     -0.17413794E-03     -0.44299011E-03
    1899     -0.17422239E-03     -0.17663973E-03     -0.17419128E-03     -0.44299011E-03
    1900     -0.17422401E-03     -0.17663973E-03     -0.17425778E-03     -0.44299011E-03
    1901     -0.17422540E-03     -0.17663973E-03     -0.17430424E-03     -0.44299011E-03
    1902     -0.17422684E-03     -0.17663973E-03     -0.17436343E-03     -0.44299011E-03
    1903     -0.17422837E-03     -0.17663973E-03     -0.17443662E-03     -0.44299011E-03
    1904     -0.17422985E-03     -0.17663973E-03     -0.17449139E-03     -0.44299011E-03
    1905     -0.17423071E-03     -0.17663973E-03     -0.17452607E-03     -0.44299011E-03
    1906     -0.17423189E-03     -0.17663973E-03     -0.17458474E-03     -0.44299011E-03
    1907     -0.17423370E-03     -0.17663973E-03     -0.17465873E-03     -0.44299011E-03
    1908     -0.17423481E-03     -0.17663973E-03     -0.17472054E-03     -0.44299011E-03
    1909     -0.17423605E-03     -0.17663973E-03     -0.17477903E-03     -0.44299011E-03
    1910     -0.17423706E-03     -0.17663973E-03     -0.17482086E-03     -0.44299011E-03
    1911     -0.17423836E-03     -0.17663973E-03     -0.17490306E-03     -0.44299011E-03
    1912     -0.17423950E-03     -0.17663973E-03     -0.17495623E-03     -0.44299011E-03
    1913     -0.17424035E-03     -0.17663973E-03     -0.17499746E-03     -0.44299011E-03
    1914     -0.17424139E-03     -0.17663973E-03     -0.17505238E-03     -0.44299011E-03
    1915     -0.17424222E-03     -0.17663973E-03     -0.17509777E-03     -0.44299011E-03
    1916     -0.17424297E-03     -0.17663973E-03     -0.17512079E-03     -0.44299011E-03
    1917     -0.17424401E-03     -0.17663973E-03     -0.17515943E-03     -0.44299011E-03
    1918     -0.17424490E-03     -0.17663973E-03     -0.17520052E-03     -0.44299011E-03
    1919     -0.17424564E-03     -0.17663973E-03     -0.17523040E-03     -0.44299011E-03
    1920     -0.17424645E-03     -0.17663973E-03     -0.17526577E-03     -0.44299011E-03
    1921     -0.17424728E-03     -0.17663973E-03     -0.17530149E-03     -0.44299011E-03
    1922     -0.17424791E-03     -0.17663973E-03     -0.17532811E-03     -0.44299011E-03
    1923     -0.17424872E-03     -0.17663973E-03     -0.17535616E-03     -0.44299011E-03
    1924     -0.17424944E-03     -0.17663973E-03     -0.17539304E-03     -0.44299011E-03
    1925     -0.17425002E-03     -0.17663973E-03     -0.17542432E-03     -0.44299011E-03
    1926     -0.17425083E-03     -0.17663973E-03     -0.17546121E-03     -0.44299011E-03
    1927     -0.17425151E-03     -0.17663973E-03     -0.17550123E-03     -0.44299011E-03
    1928     -0.17425220E-03     -0.17663973E-03     -0.17552555E-03     -0.44299011E-03
    1929     -0.17425293E-03     -0.17663973E-03     -0.17555117E-03     -0.44299011E-03
    1930     -0.17425349E-03     -0.17663973E-03     -0.17557761E-03     -0.44299011E-03
    1931     -0.17425420E-03     -0.17663973E-03     -0.17560325E-03     -0.44299011E-03
    1932     -0.17425490E-03     -0.17663973E-03     -0.17563336E-03     -0.44299011E-03
    1933     -0.17425542E-03     -0.17663973E-03     -0.17565923E-03     -0.44299011E-03
    1934     -0.17425594E-03     -0.17663973E-03     -0.17569052E-03     -0.44299011E-03
    1935     -0.17425660E-03     -0.17663973E-03     -0.17571704E-03     -0.44299011E-03
    1936     -0.17425800E-03     -0.17663973E-03     -0.17576293E-03     -0.44299011E-03
    1937     -0.17425885E-03     -0.17663973E-03     -0.17580155E-03     -0.44299011E-03
    1938     -0.17425945E-03     -0.17663973E-03     -0.17582743E-03     -0.44299011E-03
    1939     -0.17426011E-03     -0.17663973E-03     -0.17585959E-03     -0.44299011E-03
    1940     -0.17426091E-03     -0.17663973E-03     -0.17589106E-03     -0.44299011E-03
    1941     -0.17426242E-03     -0.17663973E-03     -0.17594626E-03     -0.44299011E-03
    1942     -0.17426476E-03     -0.17663973E-03     -0.17601503E-03     -0.44299011E-03
    1943     -0.17426742E-03     -0.17663973E-03     -0.17609082E-03     -0.44299011E-03
    1944     -0.17427000E-03     -0.17663973E-03     -0.17616798E-03     -0.44299011E-03
    1945     -0.17427081E-03     -0.17663973E-03     -0.17619696E-03     -0.44299011E-03
    1946     -0.17427404E-03     -0.17663973E-03     -0.17628903E-03     -0.44299011E-03
    1947     -0.17427551E-03     -0.17663973E-03     -0.17633688E-03     -0.44299011E-03
    1948     -0.17427845E-03     -0.17663973E-03     -0.17642181E-03     -0.44299011E-03
    1949     -0.17427930E-03     -0.17663973E-03     -0.17645456E-03     -0.44299011E-03
    1950     -0.17428087E-03     -0.17663973E-03     -0.17650145E-03     -0.44299011E-03
    1951     -0.17428216E-03     -0.17663973E-03     -0.17655691E-03     -0.44299011E-03
    1952     -0.17428551E-03     -0.17663973E-03     -0.17665573E-03     -0.44299011E-03
    1953     -0.17428785E-03     -0.17663973E-03     -0.17673344E-03     -0.44299011E-03
    1954     -0.17428980E-03     -0.17663973E-03     -0.17681039E-03     -0.44299011E-03
    1955     -0.17429404E-03     -0.17663973E-03     -0.17692620E-03     -0.44299011E-03
    1956     -0.17429653E-03     -0.17663973E-03     -0.17702297E-03     -0.44299011E-03
    1957     -0.17429970E-03     -0.17663973E-03     -0.17712180E-03     -0.44299011E-03
    1958     -0.17430183E-03     -0.17663973E-03     -0.17719705E-03     -0.44299011E-03
    1959     -0.17430341E-03     -0.17663973E-03     -0.17726784E-03     -0.44299011E-03
    1960     -0.17430499E-03     -0.17663973E-03     -0.17733014E-03     -0.44299011E-03
    1961     -0.17430723E-03     -0.17663973E-03     -0.17741681E-03     -0.44299011E-03
    1962     -0.17430865E-03     -0.17663973E-03     -0.17748436E-03     -0.44299011E-03
    1963     -0.17430992E-03     -0.17663973E-03     -0.17754303E-03     -0.44299011E-03
    1964     -0.17431276E-03     -0.17663973E-03     -0.17767125E-03     -0.44299011E-03
    1965     -0.17431434E-03     -0.17663973E-03     -0.17773594E-03     -0.44299011E-03
    1966     -0.17431617E-03     -0.17663973E-03     -0.17781060E-03     -0.44299011E-03
    1967     -0.17431772E-03     -0.17663973E-03     -0.17786697E-03     -0.44299011E-03
    1968     -0.17431920E-03     -0.17663973E-03     -0.17791631E-03     -0.44299011E-03
    1969     -0.17432119E-03     -0.17663973E-03     -0.17799332E-03     -0.44299011E-03
    1970     -0.17432289E-03     -0.17663973E-03     -0.17805819E-03     -0.44299011E-03
    1971     -0.17432399E-03     -0.17663973E-03     -0.17811969E-03     -0.44299011E-03
    1972     -0.17432549E-03     -0.17663973E-03     -0.17818679E-03     -0.44299011E-03
    1973     -0.17432734E-03     -0.17663973E-03     -0.17827422E-03     -0.44299011E-03
    1974     -0.17432860E-03     -0.17663973E-03     -0.17834479E-03     -0.44299011E-03
    1975     -0.17432990E-03     -0.17663973E-03     -0.17840831E-03     -0.44299011E-03
    1976     -0.17433128E-03     -0.17663973E-03     -0.17848632E-03     -0.44299011E-03
    1977     -0.17433323E-03     -0.17663973E-03     -0.17858236E-03     -0.44299011E-03
    1978     -0.17433524E-03     -0.17663973E-03     -0.17867245E-03     -0.44299011E-03
    1979     -0.17433643E-03     -0.17663973E-03     -0.17874032E-03     -0.44299011E-03
    1980     -0.17433738E-03     -0.17663973E-03     -0.17878277E-03     -0.44299011E-03
    1981     -0.17433815E-03     -0.17663973E-03     -0.17882418E-03     -0.44299011E-03
    1982     -0.17433946E-03     -0.17663973E-03     -0.17888342E-03     -0.44299011E-03
    1983     -0.17434004E-03     -0.17663973E-03     -0.17891403E-03     -0.44299011E-03
    1984     -0.17434096E-03     -0.17663973E-03     -0.17895679E-03     -0.44299011E-03
    1985     -0.17434208E-03     -0.17663973E-03     -0.17900812E-03     -0.44299011E-03
    1986     -0.17434281E-03     -0.17663973E-03     -0.17904247E-03     -0.44299011E-03
    1987     -0.17434355E-03     -0.17663973E-03     -0.17907791E-03     -0.44299011E-03
    1988     -0.17434450E-03     -0.17663973E-03     -0.17912327E-03     -0.44299011E-03
    1989     -0.17434547E-03     -0.17663973E-03     -0.17916911E-03     -0.44299011E-03
    1990     -0.17434648E-03     -0.17663973E-03     -0.17921676E-03     -0.44299011E-03
    1991     -0.17434709E-03     -0.17663973E-03     -0.17924233E-03     -0.44299011E-03
    1992     -0.17434787E-03     -0.17663973E-03     -0.17928322E-03     -0.44299011E-03
    1993     -0.17434866E-03     -0.17663973E-03     -0.17932069E-03     -0.44299011E-03
    1994     -0.17434928E-03     -0.17663973E-03     -0.17935430E-03     -0.44299011E-03
    1995     -0.17434989E-03     -0.17663973E-03     -0.17938259E-03     -0.44299011E-03
    1996     -0.17435074E-03     -0.17663973E-03     -0.17942703E-03     -0.44299011E-03
    1997     -0.17435145E-03     -0.17663973E-03     -0.17946383E-03     -0.44299011E-03
    1998     -0.17435242E-03     -0.17663973E-03     -0.17951120E-03     -0.44299011E-03
    1999     -0.17435320E-03     -0.17663973E-03     -0.17954947E-03     -0.44299011E-03
    2000     -0.17435385E-03     -0.17663973E-03     -0.17958294E-03     -0.44299011E-03
    2001     -0.17435470E-03     -0.17663973E-03     -0.17961601E-03     -0.44299011E-03
    2002     -0.17435575E-03     -0.17663973E-03     -0.17966843E-03     -0.44299011E-03
    2003     -0.17435662E-03     -0.17663973E-03     -0.17970934E-03     -0.44299011E-03
    2004     -0.17435747E-03     -0.17663973E-03     -0.17975559E-03     -0.44299011E-03
    2005     -0.17435820E-03     -0.17663973E-03     -0.17979064E-03     -0.44299011E-03
    2006     -0.17435922E-03     -0.17663973E-03     -0.17984003E-03     -0.44299011E-03
    2007     -0.17436010E-03     -0.17663973E-03     -0.17987999E-03     -0.44299011E-03
    2008     -0.17436143E-03     -0.17663973E-03     -0.17995720E-03     -0.44299011E-03
    2009     -0.17436237E-03     -0.17663973E-03     -0.18000598E-03     -0.44299011E-03
    2010     -0.17436337E-03     -0.17663973E-03     -0.18006189E-03     -0.44299011E-03
    2011     -0.17436416E-03     -0.17663973E-03     -0.18010448E-03     -0.44299011E-03
    2012     -0.17436515E-03     -0.17663973E-03     -0.18015817E-03     -0.44299011E-03
    2013     -0.17436663E-03     -0.17663973E-03     -0.18022815E-03     -0.44299011E-03
    2014     -0.17436784E-03     -0.17663973E-03     -0.18029586E-03     -0.44299011E-03
    2015     -0.17436942E-03     -0.17663973E-03     -0.18037592E-03     -0.44299011E-03
    2016     -0.17437057E-03     -0.17663973E-03     -0.18043581E-03     -0.44299011E-03
    2017     -0.17437179E-03     -0.17663973E-03     -0.18050575E-03     -0.44299011E-03
    2018     -0.17437301E-03     -0.17663973E-03     -0.18056513E-03     -0.44299011E-03
    2019     -0.17437395E-03     -0.17663973E-03     -0.18060485E-03     -0.44299011E-03
    2020     -0.17437492E-03     -0.17663973E-03     -0.18064877E-03     -0.44299011E-03
    2021     -0.17437570E-03     -0.17663973E-03     -0.18068930E-03     -0.44299011E-03
    2022     -0.17437692E-03     -0.17663973E-03     -0.18075154E-03     -0.44299011E-03
    2023     -0.17437791E-03     -0.17663973E-03     -0.18080367E-03     -0.44299011E-03
    2024     -0.17437951E-03     -0.17663973E-03     -0.18089729E-03     -0.44299011E-03
    2025     -0.17438101E-03     -0.17663973E-03     -0.18096495E-03     -0.44299011E-03
    2026     -0.17438242E-03     -0.17663973E-03     -0.18103285E-03     -0.44299011E-03
    2027     -0.17438355E-03     -0.17663973E-03     -0.18108501E-03     -0.44299011E-03
    2028     -0.17438506E-03     -0.17663973E-03     -0.18115331E-03     -0.44299011E-03
    2029     -0.17438628E-03     -0.17663973E-03     -0.18121133E-03     -0.44299011E-03
    2030     -0.17438787E-03     -0.17663973E-03     -0.18128917E-03     -0.44299011E-03
    2031     -0.17438872E-03     -0.17663973E-03     -0.18132686E-03     -0.44299011E-03
    2032     -0.17439064E-03     -0.17663973E-03     -0.18141129E-03     -0.44299011E-03
    2033     -0.17439238E-03     -0.17663973E-03     -0.18148870E-03     -0.44299011E-03
    2034     -0.17439383E-03     -0.17663973E-03     -0.18155174E-03     -0.44299011E-03
    2035     -0.17439522E-03     -0.17663973E-03     -0.18161961E-03     -0.44299011E-03
    2036     -0.17439721E-03     -0.17663973E-03     -0.18170137E-03     -0.44299011E-03
    2037     -0.17439867E-03     -0.17663973E-03     -0.18175828E-03     -0.44299011E-03
    2038     -0.17439977E-03     -0.17663973E-03     -0.18181704E-03     -0.44299011E-03
    2039     -0.17440189E-03     -0.17663973E-03     -0.18189892E-03     -0.44299011E-03
    2040     -0.17440315E-03     -0.17663973E-03     -0.18194885E-03     -0.44299011E-03
    2041     -0.17440692E-03     -0.17663973E-03     -0.18206094E-03     -0.44299011E-03
    2042     -0.17440892E-03     -0.17663973E-03     -0.18213534E-03     -0.44299011E-03
    2043     -0.17440969E-03     -0.17663973E-03     -0.18217066E-03     -0.44299011E-03
    2044     -0.17441177E-03     -0.17663973E-03     -0.18226388E-03     -0.44299011E-03
    2045     -0.17441293E-03     -0.17663973E-03     -0.18232358E-03     -0.44299011E-03
    2046     -0.17441408E-03     -0.17663973E-03     -0.18238666E-03     -0.44299011E-03
    2047     -0.17441468E-03     -0.17663973E-03     -0.18241759E-03     -0.44299011E-03
    2048     -0.17441504E-03     -0.17663973E-03     -0.18244542E-03     -0.44299011E-03
    2049     -0.17441586E-03     -0.17663973E-03     -0.18248444E-03     -0.44299011E-03
    2050     -0.17441758E-03     -0.17663973E-03     -0.18255856E-03     -0.44299011E-03
    2051     -0.17441873E-03     -0.17663973E-03     -0.18260997E-03     -0.44299011E-03
    2052     -0.17441980E-03     -0.17663973E-03     -0.18265613E-03     -0.44299011E-03
    2053     -0.17442127E-03     -0.17663973E-03     -0.18271638E-03     -0.44299011E-03
    2054     -0.17442219E-03     -0.17663973E-03     -0.18276661E-03     -0.44299011E-03
    2055     -0.17442402E-03     -0.17663973E-03     -0.18284983E-03     -0.44299011E-03
    2056     -0.17442489E-03     -0.17663973E-03     -0.18289274E-03     -0.44299011E-03
    2057     -0.17442590E-03     -0.17663973E-03     -0.18293869E-03     -0.44299011E-03
    2058     -0.17442759E-03     -0.17663973E-03     -0.18300071E-03     -0.44299011E-03
    2059     -0.17442931E-03     -0.17663973E-03     -0.18306659E-03     -0.44299011E-03
    2060     -0.17443038E-03     -0.17663973E-03     -0.18311952E-03     -0.44299011E-03
    2061     -0.17443189E-03     -0.17663973E-03     -0.18318156E-03     -0.44299011E-03
    2062     -0.17443303E-03     -0.17663973E-03     -0.18323589E-03     -0.44299011E-03
    2063     -0.17443408E-03     -0.17663973E-03     -0.18328971E-03     -0.44299011E-03
    2064     -0.17443472E-03     -0.17663973E-03     -0.18332001E-03     -0.44299011E-03
    2065     -0.17443546E-03     -0.17663973E-03     -0.18335269E-03     -0.44299011E-03
    2066     -0.17443685E-03     -0.17663973E-03     -0.18341510E-03     -0.44299011E-03
    2067     -0.17443765E-03     -0.17663973E-03     -0.18345715E-03     -0.44299011E-03
    2068     -0.17443875E-03     -0.17663973E-03     -0.18350407E-03     -0.44299011E-03
    2069     -0.17443967E-03     -0.17663973E-03     -0.18354710E-03     -0.44299011E-03
    2070     -0.17444081E-03     -0.17663973E-03     -0.18360308E-03     -0.44299011E-03
    2071     -0.17444163E-03     -0.17663973E-03     -0.18363985E-03     -0.44299011E-03
    2072     -0.17444240E-03     -0.17663973E-03     -0.18367242E-03     -0.44299011E-03
    2073     -0.17444336E-03     -0.17663973E-03     -0.18371940E-03     -0.44299011E-03
    2074     -0.17444384E-03     -0.17663973E-03     -0.18374404E-03     -0.44299011E-03
    2075     -0.17444429E-03     -0.17663973E-03     -0.18376969E-03     -0.44299011E-03
    2076     -0.17444502E-03     -0.17663973E-03     -0.18380379E-03     -0.44299011E-03
    2077     -0.17444575E-03     -0.17663973E-03     -0.18383803E-03     -0.44299011E-03
    2078     -0.17444676E-03     -0.17663973E-03     -0.18388045E-03     -0.44299011E-03
    2079     -0.17444767E-03     -0.17663973E-03     -0.18392092E-03     -0.44299011E-03
    2080     -0.17444839E-03     -0.17663973E-03     -0.18395655E-03     -0.44299011E-03
    2081     -0.17444923E-03     -0.17663973E-03     -0.18399274E-03     -0.44299011E-03
    2082     -0.17445029E-03     -0.17663973E-03     -0.18404965E-03     -0.44299011E-03
    2083     -0.17445120E-03     -0.17663973E-03     -0.18408603E-03     -0.44299011E-03
    2084     -0.17445203E-03     -0.17663973E-03     -0.18413483E-03     -0.44299011E-03
    2085     -0.17445295E-03     -0.17663973E-03     -0.18418805E-03     -0.44299011E-03
    2086     -0.17445383E-03     -0.17663973E-03     -0.18423026E-03     -0.44299011E-03
    2087     -0.17445507E-03     -0.17663973E-03     -0.18429996E-03     -0.44299011E-03
    2088     -0.17445645E-03     -0.17663973E-03     -0.18437351E-03     -0.44299011E-03
    2089     -0.17445732E-03     -0.17663973E-03     -0.18443889E-03     -0.44299011E-03
    2090     -0.17445850E-03     -0.17663973E-03     -0.18452006E-03     -0.44299011E-03
    2091     -0.17445971E-03     -0.17663973E-03     -0.18458253E-03     -0.44299011E-03
    2092     -0.17446083E-03     -0.17663973E-03     -0.18464165E-03     -0.44299011E-03
    2093     -0.17446161E-03     -0.17663973E-03     -0.18468493E-03     -0.44299011E-03
    2094     -0.17446273E-03     -0.17663973E-03     -0.18474552E-03     -0.44299011E-03
    2095     -0.17446384E-03     -0.17663973E-03     -0.18479981E-03     -0.44299011E-03
    2096     -0.17446587E-03     -0.17663973E-03     -0.18489586E-03     -0.44299011E-03
    2097     -0.17446714E-03     -0.17663973E-03     -0.18494964E-03     -0.44299011E-03
    2098     -0.17446953E-03     -0.17663973E-03     -0.18507883E-03     -0.44299011E-03
    2099     -0.17447098E-03     -0.17663973E-03     -0.18514993E-03     -0.44299011E-03
    2100     -0.17447380E-03     -0.17663973E-03     -0.18528618E-03     -0.44299011E-03
    2101     -0.17447568E-03     -0.17663973E-03     -0.18537388E-03     -0.44299011E-03
    2102     -0.17447699E-03     -0.17663973E-03     -0.18542713E-03     -0.44299011E-03
    2103     -0.17447886E-03     -0.17663973E-03     -0.18551398E-03     -0.44299011E-03
    2104     -0.17448035E-03     -0.17663973E-03     -0.18558835E-03     -0.44299011E-03
    2105     -0.17448224E-03     -0.17663973E-03     -0.18567389E-03     -0.44299011E-03
    2106     -0.17448375E-03     -0.17663973E-03     -0.18573711E-03     -0.44299011E-03
    2107     -0.17448599E-03     -0.17663973E-03     -0.18583238E-03     -0.44299011E-03
    2108     -0.17448724E-03     -0.17663973E-03     -0.18588206E-03     -0.44299011E-03
    2109     -0.17448824E-03     -0.17663973E-03     -0.18593567E-03     -0.44299011E-03
    2110     -0.17448980E-03     -0.17663973E-03     -0.18600528E-03     -0.44299011E-03
    2111     -0.17449163E-03     -0.17663973E-03     -0.18609107E-03     -0.44299011E-03
    2112     -0.17449341E-03     -0.17663973E-03     -0.18615894E-03     -0.44299011E-03
    2113     -0.17449506E-03     -0.17663973E-03     -0.18622936E-03     -0.44299011E-03
    2114     -0.17449598E-03     -0.17663973E-03     -0.18627491E-03     -0.44299011E-03
    2115     -0.17449722E-03     -0.17663973E-03     -0.18632834E-03     -0.44299011E-03
    2116     -0.17449896E-03     -0.17663973E-03     -0.18641725E-03     -0.44299011E-03
    2117     -0.17450022E-03     -0.17663973E-03     -0.18647437E-03     -0.44299011E-03
    2118     -0.17450250E-03     -0.17663973E-03     -0.18657343E-03     -0.44299011E-03
    2119     -0.17450445E-03     -0.17663973E-03     -0.18666519E-03     -0.44299011E-03
    2120     -0.17450529E-03     -0.17663973E-03     -0.18670322E-03     -0.44299011E-03
    2121     -0.17450699E-03     -0.17663973E-03     -0.18677523E-03     -0.44299011E-03
    2122     -0.17450787E-03     -0.17663973E-03     -0.18682458E-03     -0.44299011E-03
    2123     -0.17450881E-03     -0.17663973E-03     -0.18687650E-03     -0.44299011E-03
    2124     -0.17450973E-03     -0.17663973E-03     -0.18692033E-03     -0.44299011E-03
    2125     -0.17451074E-03     -0.17663973E-03     -0.18697290E-03     -0.44299011E-03
    2126     -0.17451143E-03     -0.17663973E-03     -0.18701250E-03     -0.44299011E-03
    2127     -0.17451226E-03     -0.17663973E-03     -0.18705313E-03     -0.44299011E-03
    2128     -0.17451293E-03     -0.17663973E-03     -0.18708768E-03     -0.44299011E-03
    2129     -0.17451358E-03     -0.17663973E-03     -0.18711890E-03     -0.44299011E-03
    2130     -0.17451413E-03     -0.17663973E-03     -0.18714469E-03     -0.44299011E-03
    2131     -0.17451464E-03     -0.17663973E-03     -0.18717144E-03     -0.44299011E-03
    2132     -0.17451522E-03     -0.17663973E-03     -0.18720004E-03     -0.44299011E-03
    2133     -0.17451581E-03     -0.17663973E-03     -0.18722563E-03     -0.44299011E-03
    2134     -0.17451638E-03     -0.17663973E-03     -0.18725275E-03     -0.44299011E-03
    2135     -0.17451723E-03     -0.17663973E-03     -0.18729414E-03     -0.44299011E-03
    2136     -0.17451803E-03     -0.17663973E-03     -0.18733012E-03     -0.44299011E-03
    2137     -0.17451870E-03     -0.17663973E-03     -0.18736469E-03     -0.44299011E-03
    2138     -0.17451950E-03     -0.17663973E-03     -0.18740344E-03     -0.44299011E-03
    2139     -0.17452027E-03     -0.17663973E-03     -0.18744247E-03     -0.44299011E-03
    2140     -0.17452103E-03     -0.17663973E-03     -0.18747678E-03     -0.44299011E-03
    2141     -0.17452161E-03     -0.17663973E-03     -0.18750675E-03     -0.44299011E-03
    2142     -0.17452201E-03     -0.17663973E-03     -0.18753265E-03     -0.44299011E-03
    2143     -0.17452256E-03     -0.17663973E-03     -0.18756260E-03     -0.44299011E-03
    2144     -0.17452318E-03     -0.17663973E-03     -0.18758940E-03     -0.44299011E-03
    2145     -0.17452370E-03     -0.17663973E-03     -0.18761956E-03     -0.44299011E-03
    2146     -0.17452427E-03     -0.17663973E-03     -0.18765098E-03     -0.44299011E-03
    2147     -0.17452496E-03     -0.17663973E-03     -0.18768282E-03     -0.44299011E-03
    2148     -0.17452568E-03     -0.17663973E-03     -0.18771561E-03     -0.44299011E-03
    2149     -0.17452625E-03     -0.17663973E-03     -0.18774258E-03     -0.44299011E-03
    2150     -0.17452690E-03     -0.17663973E-03     -0.18777191E-03     -0.44299011E-03
    2151     -0.17452729E-03     -0.17663973E-03     -0.18779517E-03     -0.44299011E-03
    2152     -0.17452818E-03     -0.17663973E-03     -0.18782909E-03     -0.44299011E-03
    2153     -0.17452872E-03     -0.17663973E-03     -0.18786069E-03     -0.44299011E-03
    2154     -0.17452934E-03     -0.17663973E-03     -0.18788918E-03     -0.44299011E-03
    2155     -0.17452975E-03     -0.17663973E-03     -0.18791390E-03     -0.44299011E-03
    2156     -0.17453046E-03     -0.17663973E-03     -0.18794444E-03     -0.44299011E-03
    2157     -0.17453117E-03     -0.17663973E-03     -0.18797478E-03     -0.44299011E-03
    2158     -0.17453182E-03     -0.17663973E-03     -0.18800433E-03     -0.44299011E-03
    2159     -0.17453245E-03     -0.17663973E-03     -0.18803830E-03     -0.44299011E-03
    2160     -0.17453311E-03     -0.17663973E-03     -0.18807641E-03     -0.44299011E-03
    2161     -0.17453376E-03     -0.17663973E-03     -0.18810829E-03     -0.44299011E-03
    2162     -0.17453429E-03     -0.17663973E-03     -0.18814198E-03     -0.44299011E-03
    2163     -0.17453511E-03     -0.17663973E-03     -0.18818722E-03     -0.44299011E-03
    2164     -0.17453587E-03     -0.17663973E-03     -0.18823116E-03     -0.44299011E-03
    2165     -0.17453662E-03     -0.17663973E-03     -0.18827240E-03     -0.44299011E-03
    2166     -0.17453745E-03     -0.17663973E-03     -0.18831793E-03     -0.44299011E-03
    2167     -0.17453827E-03     -0.17663973E-03     -0.18836162E-03     -0.44299011E-03
    2168     -0.17453949E-03     -0.17663973E-03     -0.18841964E-03     -0.44299011E-03
    2169     -0.17454052E-03     -0.17663973E-03     -0.18846910E-03     -0.44299011E-03
    2170     -0.17454158E-03     -0.17663973E-03     -0.18852611E-03     -0.44299011E-03
    2171     -0.17454247E-03     -0.17663973E-03     -0.18858110E-03     -0.44299011E-03
    2172     -0.17454353E-03     -0.17663973E-03     -0.18864354E-03     -0.44299011E-03
    2173     -0.17454484E-03     -0.17663973E-03     -0.18869954E-03     -0.44299011E-03
    2174     -0.17454618E-03     -0.17663973E-03     -0.18876844E-03     -0.44299011E-03
    2175     -0.17454732E-03     -0.17663973E-03     -0.18882815E-03     -0.44299011E-03
    2176     -0.17454848E-03     -0.17663973E-03     -0.18887667E-03     -0.44299011E-03
    2177     -0.17454950E-03     -0.17663973E-03     -0.18892618E-03     -0.44299011E-03
    2178     -0.17455046E-03     -0.17663973E-03     -0.18897243E-03     -0.44299011E-03
    2179     -0.17455191E-03     -0.17663973E-03     -0.18903893E-03     -0.44299011E-03
    2180     -0.17455326E-03     -0.17663973E-03     -0.18910206E-03     -0.44299011E-03
    2181     -0.17455451E-03     -0.17663973E-03     -0.18917890E-03     -0.44299011E-03
    2182     -0.17455609E-03     -0.17663973E-03     -0.18925231E-03     -0.44299011E-03
    2183     -0.17455733E-03     -0.17663973E-03     -0.18930947E-03     -0.44299011E-03
    2184     -0.17455845E-03     -0.17663973E-03     -0.18937074E-03     -0.44299011E-03
    2185     -0.17456054E-03     -0.17663973E-03     -0.18946968E-03     -0.44299011E-03
    2186     -0.17456209E-03     -0.17663973E-03     -0.18955516E-03     -0.44299011E-03
    2187     -0.17456475E-03     -0.17663973E-03     -0.18966029E-03     -0.44299011E-03
    2188     -0.17456623E-03     -0.17663973E-03     -0.18973081E-03     -0.44299011E-03
    2189     -0.17456835E-03     -0.17663973E-03     -0.18983862E-03     -0.44299011E-03
    2190     -0.17457023E-03     -0.17663973E-03     -0.18992357E-03     -0.44299011E-03
    2191     -0.17457109E-03     -0.17663973E-03     -0.18996915E-03     -0.44299011E-03
    2192     -0.17457177E-03     -0.17663973E-03     -0.19001214E-03     -0.44299011E-03
    2193     -0.17457346E-03     -0.17663973E-03     -0.19008842E-03     -0.44299011E-03
    2194     -0.17457435E-03     -0.17663973E-03     -0.19013787E-03     -0.44299011E-03
    2195     -0.17457515E-03     -0.17663973E-03     -0.19018418E-03     -0.44299011E-03
    2196     -0.17457596E-03     -0.17663973E-03     -0.19023031E-03     -0.44299011E-03
    2197     -0.17457679E-03     -0.17663973E-03     -0.19028599E-03     -0.44299011E-03
    2198     -0.17457790E-03     -0.17663973E-03     -0.19033446E-03     -0.44299011E-03
    2199     -0.17457874E-03     -0.17663973E-03     -0.19038243E-03     -0.44299011E-03
    2200     -0.17457999E-03     -0.17663973E-03     -0.19043908E-03     -0.44299011E-03
    2201     -0.17458052E-03     -0.17663973E-03     -0.19046926E-03     -0.44299011E-03
    2202     -0.17458159E-03     -0.17663973E-03     -0.19052143E-03     -0.44299011E-03
    2203     -0.17458292E-03     -0.17663973E-03     -0.19059126E-03     -0.44299011E-03
    2204     -0.17458379E-03     -0.17663973E-03     -0.19063048E-03     -0.44299011E-03
    2205     -0.17458419E-03     -0.17663973E-03     -0.19065411E-03     -0.44299011E-03
    2206     -0.17458511E-03     -0.17663973E-03     -0.19069536E-03     -0.44299011E-03
    2207     -0.17458610E-03     -0.17663973E-03     -0.19073926E-03     -0.44299011E-03
    2208     -0.17458744E-03     -0.17663973E-03     -0.19081126E-03     -0.44299011E-03
    2209     -0.17458822E-03     -0.17663973E-03     -0.19085330E-03     -0.44299011E-03
    2210     -0.17458903E-03     -0.17663973E-03     -0.19089207E-03     -0.44299011E-03
    2211     -0.17458967E-03     -0.17663973E-03     -0.19092730E-03     -0.44299011E-03
    2212     -0.17459043E-03     -0.17663973E-03     -0.19096781E-03     -0.44299011E-03
    2213     -0.17459152E-03     -0.17663973E-03     -0.19103596E-03     -0.44299011E-03
    2214     -0.17459221E-03     -0.17663973E-03     -0.19107716E-03     -0.44299011E-03
    2215     -0.17459284E-03     -0.17663973E-03     -0.19112052E-03     -0.44299011E-03
    2216     -0.17459377E-03     -0.17663973E-03     -0.19117090E-03     -0.44299011E-03
    2217     -0.17459468E-03     -0.17663973E-03     -0.19121672E-03     -0.44299011E-03
    2218     -0.17459545E-03     -0.17663973E-03     -0.19126494E-03     -0.44299011E-03
    2219     -0.17459640E-03     -0.17663973E-03     -0.19131875E-03     -0.44299011E-03
    2220     -0.17459819E-03     -0.17663973E-03     -0.19141392E-03     -0.44299011E-03
    2221     -0.17459976E-03     -0.17663973E-03     -0.19151506E-03     -0.44299011E-03
    2222     -0.17460082E-03     -0.17663973E-03     -0.19157765E-03     -0.44299011E-03
    2223     -0.17460222E-03     -0.17663973E-03     -0.19165814E-03     -0.44299011E-03
    2224     -0.17460326E-03     -0.17663973E-03     -0.19171579E-03     -0.44299011E-03
    2225     -0.17460463E-03     -0.17663973E-03     -0.19178675E-03     -0.44299011E-03
    2226     -0.17460565E-03     -0.17663973E-03     -0.19184990E-03     -0.44299011E-03
    2227     -0.17460675E-03     -0.17663973E-03     -0.19191415E-03     -0.44299011E-03
    2228     -0.17460759E-03     -0.17663973E-03     -0.19196127E-03     -0.44299011E-03
    2229     -0.17460846E-03     -0.17663973E-03     -0.19200497E-03     -0.44299011E-03
    2230     -0.17460959E-03     -0.17663973E-03     -0.19205689E-03     -0.44299011E-03
    2231     -0.17461056E-03     -0.17663973E-03     -0.19210401E-03     -0.44299011E-03
    2232     -0.17461167E-03     -0.17663973E-03     -0.19216254E-03     -0.44299011E-03
    2233     -0.17461292E-03     -0.17663973E-03     -0.19222421E-03     -0.44299011E-03
    2234     -0.17461370E-03     -0.17663973E-03     -0.19226756E-03     -0.44299011E-03
    2235     -0.17461540E-03     -0.17663973E-03     -0.19235891E-03     -0.44299011E-03
    2236     -0.17461650E-03     -0.17663973E-03     -0.19240649E-03     -0.44299011E-03
    2237     -0.17461752E-03     -0.17663973E-03     -0.19244707E-03     -0.44299011E-03
    2238     -0.17461871E-03     -0.17663973E-03     -0.19251615E-03     -0.44299011E-03
    2239     -0.17462006E-03     -0.17663973E-03     -0.19258577E-03     -0.44299011E-03
    2240     -0.17462106E-03     -0.17663973E-03     -0.19263138E-03     -0.44299011E-03
    2241     -0.17462255E-03     -0.17663973E-03     -0.19271209E-03     -0.44299011E-03
    2242     -0.17462333E-03     -0.17663973E-03     -0.19275157E-03     -0.44299011E-03
    2243     -0.17462508E-03     -0.17663973E-03     -0.19285100E-03     -0.44299011E-03
    2244     -0.17462587E-03     -0.17663973E-03     -0.19288824E-03     -0.44299011E-03
    2245     -0.17462699E-03     -0.17663973E-03     -0.19294552E-03     -0.44299011E-03
    2246     -0.17462797E-03     -0.17663973E-03     -0.19298931E-03     -0.44299011E-03
    2247     -0.17462870E-03     -0.17663973E-03     -0.19302323E-03     -0.44299011E-03
    2248     -0.17462940E-03     -0.17663973E-03     -0.19306065E-03     -0.44299011E-03
    2249     -0.17463042E-03     -0.17663973E-03     -0.19310088E-03     -0.44299011E-03
    2250     -0.17463135E-03     -0.17663973E-03     -0.19314464E-03     -0.44299011E-03
    2251     -0.17463203E-03     -0.17663973E-03     -0.19318012E-03     -0.44299011E-03
    2252     -0.17463287E-03     -0.17663973E-03     -0.19321950E-03     -0.44299011E-03
    2253     -0.17463389E-03     -0.17663973E-03     -0.19327184E-03     -0.44299011E-03
    2254     -0.17463472E-03     -0.17663973E-03     -0.19331870E-03     -0.44299011E-03
    2255     -0.17463574E-03     -0.17663973E-03     -0.19338401E-03     -0.44299011E-03
    2256     -0.17463653E-03     -0.17663973E-03     -0.19342889E-03     -0.44299011E-03
    2257     -0.17463740E-03     -0.17663973E-03     -0.19348172E-03     -0.44299011E-03
    2258     -0.17463828E-03     -0.17663973E-03     -0.19353667E-03     -0.44299011E-03
    2259     -0.17463896E-03     -0.17663973E-03     -0.19358182E-03     -0.44299011E-03
    2260     -0.17463985E-03     -0.17663973E-03     -0.19363420E-03     -0.44299011E-03
    2261     -0.17464059E-03     -0.17663973E-03     -0.19368012E-03     -0.44299011E-03
    2262     -0.17464136E-03     -0.17663973E-03     -0.19372918E-03     -0.44299011E-03
    2263     -0.17464234E-03     -0.17663973E-03     -0.19377029E-03     -0.44299011E-03
    2264     -0.17464289E-03     -0.17663973E-03     -0.19380386E-03     -0.44299011E-03
    2265     -0.17464317E-03     -0.17663973E-03     -0.19382411E-03     -0.44299011E-03
    2266     -0.17464367E-03     -0.17663973E-03     -0.19385792E-03     -0.44299011E-03
    2267     -0.17464428E-03     -0.17663973E-03     -0.19389722E-03     -0.44299011E-03
    2268     -0.17464486E-03     -0.17663973E-03     -0.19393196E-03     -0.44299011E-03
    2269     -0.17464564E-03     -0.17663973E-03     -0.19396837E-03     -0.44299011E-03
    2270     -0.17464650E-03     -0.17663973E-03     -0.19400881E-03     -0.44299011E-03
    2271     -0.17464726E-03     -0.17663973E-03     -0.19405728E-03     -0.44299011E-03
    2272     -0.17464808E-03     -0.17663973E-03     -0.19410238E-03     -0.44299011E-03
    2273     -0.17464885E-03     -0.17663973E-03     -0.19413850E-03     -0.44299011E-03
    2274     -0.17465033E-03     -0.17663973E-03     -0.19422491E-03     -0.44299011E-03
    2275     -0.17465195E-03     -0.17663973E-03     -0.19432079E-03     -0.44299011E-03
    2276     -0.17465332E-03     -0.17663973E-03     -0.19439847E-03     -0.44299011E-03
    2277     -0.17465448E-03     -0.17663973E-03     -0.19446521E-03     -0.44299011E-03
    2278     -0.17465572E-03     -0.17663973E-03     -0.19454427E-03     -0.44299011E-03
    2279     -0.17465756E-03     -0.17663973E-03     -0.19465660E-03     -0.44299011E-03
    2280     -0.17465880E-03     -0.17663973E-03     -0.19472934E-03     -0.44299011E-03
    2281     -0.17466050E-03     -0.17663973E-03     -0.19482159E-03     -0.44299011E-03
    2282     -0.17466152E-03     -0.17663973E-03     -0.19488239E-03     -0.44299011E-03
    2283     -0.17466263E-03     -0.17663973E-03     -0.19495385E-03     -0.44299011E-03
    2284     -0.17466334E-03     -0.17663973E-03     -0.19499715E-03     -0.44299011E-03
    2285     -0.17466490E-03     -0.17663973E-03     -0.19509230E-03     -0.44299011E-03
    2286     -0.17466561E-03     -0.17663973E-03     -0.19513518E-03     -0.44299011E-03
    2287     -0.17466679E-03     -0.17663973E-03     -0.19520718E-03     -0.44299011E-03
    2288     -0.17466749E-03     -0.17663973E-03     -0.19525038E-03     -0.44299011E-03
    2289     -0.17466896E-03     -0.17663973E-03     -0.19533760E-03     -0.44299011E-03
    2290     -0.17466978E-03     -0.17663973E-03     -0.19538307E-03     -0.44299011E-03
    2291     -0.17467094E-03     -0.17663973E-03     -0.19544280E-03     -0.44299011E-03
    2292     -0.17467167E-03     -0.17663973E-03     -0.19547654E-03     -0.44299011E-03
    2293     -0.17467307E-03     -0.17663973E-03     -0.19555659E-03     -0.44299011E-03
    2294     -0.17467400E-03     -0.17663973E-03     -0.19560903E-03     -0.44299011E-03
    2295     -0.17467453E-03     -0.17663973E-03     -0.19563782E-03     -0.44299011E-03
    2296     -0.17467550E-03     -0.17663973E-03     -0.19568240E-03     -0.44299011E-03
    2297     -0.17467624E-03     -0.17663973E-03     -0.19572408E-03     -0.44299011E-03
    2298     -0.17467716E-03     -0.17663973E-03     -0.19578463E-03     -0.44299011E-03
    2299     -0.17467809E-03     -0.17663973E-03     -0.19583030E-03     -0.44299011E-03
    2300     -0.17467865E-03     -0.17663973E-03     -0.19586835E-03     -0.44299011E-03
    2301     -0.17467920E-03     -0.17663973E-03     -0.19589812E-03     -0.44299011E-03
    2302     -0.17467981E-03     -0.17663973E-03     -0.19593712E-03     -0.44299011E-03
    2303     -0.17468128E-03     -0.17663973E-03     -0.19602576E-03     -0.44299011E-03
    2304     -0.17468222E-03     -0.17663973E-03     -0.19608240E-03     -0.44299011E-03
    2305     -0.17468305E-03     -0.17663973E-03     -0.19612780E-03     -0.44299011E-03
    2306     -0.17468369E-03     -0.17663973E-03     -0.19617125E-03     -0.44299011E-03
    2307     -0.17468438E-03     -0.17663973E-03     -0.19620976E-03     -0.44299011E-03
    2308     -0.17468514E-03     -0.17663973E-03     -0.19624528E-03     -0.44299011E-03
    2309     -0.17468593E-03     -0.17663973E-03     -0.19628056E-03     -0.44299011E-03
    2310     -0.17468691E-03     -0.17663973E-03     -0.19633303E-03     -0.44299011E-03
    2311     -0.17468774E-03     -0.17663973E-03     -0.19638407E-03     -0.44299011E-03
    2312     -0.17468966E-03     -0.17663973E-03     -0.19647438E-03     -0.44299011E-03
    2313     -0.17469069E-03     -0.17663973E-03     -0.19652459E-03     -0.44299011E-03
    2314     -0.17469155E-03     -0.17663973E-03     -0.19657569E-03     -0.44299011E-03
    2315     -0.17469250E-03     -0.17663973E-03     -0.19662684E-03     -0.44299011E-03
    2316     -0.17469342E-03     -0.17663973E-03     -0.19668638E-03     -0.44299011E-03
    2317     -0.17469401E-03     -0.17663973E-03     -0.19672224E-03     -0.44299011E-03
    2318     -0.17469589E-03     -0.17663973E-03     -0.19681485E-03     -0.44299011E-03
    2319     -0.17469696E-03     -0.17663973E-03     -0.19688150E-03     -0.44299011E-03
    2320     -0.17469826E-03     -0.17663973E-03     -0.19694511E-03     -0.44299011E-03
    2321     -0.17469978E-03     -0.17663973E-03     -0.19702801E-03     -0.44299011E-03
    2322     -0.17470058E-03     -0.17663973E-03     -0.19707466E-03     -0.44299011E-03
    2323     -0.17470162E-03     -0.17663973E-03     -0.19713436E-03     -0.44299011E-03
    2324     -0.17470254E-03     -0.17663973E-03     -0.19718904E-03     -0.44299011E-03
    2325     -0.17470344E-03     -0.17663973E-03     -0.19723522E-03     -0.44299011E-03
    2326     -0.17470413E-03     -0.17663973E-03     -0.19726973E-03     -0.44299011E-03
    2327     -0.17470537E-03     -0.17663973E-03     -0.19733529E-03     -0.44299011E-03
    2328     -0.17470593E-03     -0.17663973E-03     -0.19737031E-03     -0.44299011E-03
    2329     -0.17470670E-03     -0.17663973E-03     -0.19740911E-03     -0.44299011E-03
    2330     -0.17470748E-03     -0.17663973E-03     -0.19745400E-03     -0.44299011E-03
    2331     -0.17470811E-03     -0.17663973E-03     -0.19748992E-03     -0.44299011E-03
    2332     -0.17470897E-03     -0.17663973E-03     -0.19754131E-03     -0.44299011E-03
    2333     -0.17470968E-03     -0.17663973E-03     -0.19757833E-03     -0.44299011E-03
    2334     -0.17471074E-03     -0.17663973E-03     -0.19764134E-03     -0.44299011E-03
    2335     -0.17471167E-03     -0.17663973E-03     -0.19769057E-03     -0.44299011E-03
    2336     -0.17471212E-03     -0.17663973E-03     -0.19772322E-03     -0.44299011E-03
    2337     -0.17471282E-03     -0.17663973E-03     -0.19775849E-03     -0.44299011E-03
    2338     -0.17471363E-03     -0.17663973E-03     -0.19780276E-03     -0.44299011E-03
    2339     -0.17471441E-03     -0.17663973E-03     -0.19784747E-03     -0.44299011E-03
    2340     -0.17471505E-03     -0.17663973E-03     -0.19788134E-03     -0.44299011E-03
    2341     -0.17471563E-03     -0.17663973E-03     -0.19791706E-03     -0.44299011E-03
    2342     -0.17471629E-03     -0.17663973E-03     -0.19795746E-03     -0.44299011E-03
    2343     -0.17471709E-03     -0.17663973E-03     -0.19800214E-03     -0.44299011E-03
    2344     -0.17471740E-03     -0.17663973E-03     -0.19802509E-03     -0.44299011E-03
    2345     -0.17471800E-03     -0.17663973E-03     -0.19806020E-03     -0.44299011E-03
    2346     -0.17471858E-03     -0.17663973E-03     -0.19808842E-03     -0.44299011E-03
    2347     -0.17471902E-03     -0.17663973E-03     -0.19811589E-03     -0.44299011E-03
    2348     -0.17471960E-03     -0.17663973E-03     -0.19814699E-03     -0.44299011E-03
    2349     -0.17472035E-03     -0.17663973E-03     -0.19818472E-03     -0.44299011E-03
    2350     -0.17472100E-03     -0.17663973E-03     -0.19821748E-03     -0.44299011E-03
    2351     -0.17472166E-03     -0.17663973E-03     -0.19824545E-03     -0.44299011E-03
    2352     -0.17472233E-03     -0.17663973E-03     -0.19828634E-03     -0.44299011E-03
    2353     -0.17472306E-03     -0.17663973E-03     -0.19832088E-03     -0.44299011E-03
    2354     -0.17472393E-03     -0.17663973E-03     -0.19836322E-03     -0.44299011E-03
    2355     -0.17472456E-03     -0.17663973E-03     -0.19839803E-03     -0.44299011E-03
    2356     -0.17472532E-03     -0.17663973E-03     -0.19843776E-03     -0.44299011E-03
    2357     -0.17472614E-03     -0.17663973E-03     -0.19847741E-03     -0.44299011E-03
    2358     -0.17472675E-03     -0.17663973E-03     -0.19851475E-03     -0.44299011E-03
    2359     -0.17472737E-03     -0.17663973E-03     -0.19854764E-03     -0.44299011E-03
    2360     -0.17472817E-03     -0.17663973E-03     -0.19858702E-03     -0.44299011E-03
    2361     -0.17472880E-03     -0.17663973E-03     -0.19862414E-03     -0.44299011E-03
    2362     -0.17472953E-03     -0.17663973E-03     -0.19865957E-03     -0.44299011E-03
    2363     -0.17472993E-03     -0.17663973E-03     -0.19868661E-03     -0.44299011E-03
    2364     -0.17473066E-03     -0.17663973E-03     -0.19873075E-03     -0.44299011E-03
    2365     -0.17473144E-03     -0.17663973E-03     -0.19877362E-03     -0.44299011E-03
    2366     -0.17473198E-03     -0.17663973E-03     -0.19880986E-03     -0.44299011E-03
    2367     -0.17473263E-03     -0.17663973E-03     -0.19883791E-03     -0.44299011E-03
    2368     -0.17473341E-03     -0.17663973E-03     -0.19887226E-03     -0.44299011E-03
    2369     -0.17473405E-03     -0.17663973E-03     -0.19890641E-03     -0.44299011E-03
    2370     -0.17473456E-03     -0.17663973E-03     -0.19893554E-03     -0.44299011E-03
    2371     -0.17473524E-03     -0.17663973E-03     -0.19896417E-03     -0.44299011E-03
    2372     -0.17473579E-03     -0.17663973E-03     -0.19899315E-03     -0.44299011E-03
    2373     -0.17473609E-03     -0.17663973E-03     -0.19901700E-03     -0.44299011E-03
    2374     -0.17473683E-03     -0.17663973E-03     -0.19906112E-03     -0.44299011E-03
    2375     -0.17473743E-03     -0.17663973E-03     -0.19909044E-03     -0.44299011E-03
    2376     -0.17473812E-03     -0.17663973E-03     -0.19912054E-03     -0.44299011E-03
    2377     -0.17473887E-03     -0.17663973E-03     -0.19915892E-03     -0.44299011E-03
    2378     -0.17473974E-03     -0.17663973E-03     -0.19919749E-03     -0.44299011E-03
    2379     -0.17474044E-03     -0.17663973E-03     -0.19924186E-03     -0.44299011E-03
    2380     -0.17474114E-03     -0.17663973E-03     -0.19927478E-03     -0.44299011E-03
    2381     -0.17474189E-03     -0.17663973E-03     -0.19931121E-03     -0.44299011E-03
    2382     -0.17474252E-03     -0.17663973E-03     -0.19934897E-03     -0.44299011E-03
    2383     -0.17474313E-03     -0.17663973E-03     -0.19938639E-03     -0.44299011E-03
    2384     -0.17474387E-03     -0.17663973E-03     -0.19942463E-03     -0.44299011E-03
    2385     -0.17474447E-03     -0.17663973E-03     -0.19946495E-03     -0.44299011E-03
    2386     -0.17474495E-03     -0.17663973E-03     -0.19949479E-03     -0.44299011E-03
    2387     -0.17474544E-03     -0.17663973E-03     -0.19952681E-03     -0.44299011E-03
    2388     -0.17474602E-03     -0.17663973E-03     -0.19956289E-03     -0.44299011E-03
    2389     -0.17474684E-03     -0.17663973E-03     -0.19960889E-03     -0.44299011E-03
    2390     -0.17474730E-03     -0.17663973E-03     -0.19963935E-03     -0.44299011E-03
    2391     -0.17474790E-03     -0.17663973E-03     -0.19967661E-03     -0.44299011E-03
    2392     -0.17474859E-03     -0.17663973E-03     -0.19971831E-03     -0.44299011E-03
    2393     -0.17474924E-03     -0.17663973E-03     -0.19975440E-03     -0.44299011E-03
    2394     -0.17474990E-03     -0.17663973E-03     -0.19978852E-03     -0.44299011E-03
    2395     -0.17475069E-03     -0.17663973E-03     -0.19983084E-03     -0.44299011E-03
    2396     -0.17475156E-03     -0.17663973E-03     -0.19986885E-03     -0.44299011E-03
    2397     -0.17475251E-03     -0.17663973E-03     -0.19991824E-03     -0.44299011E-03
    2398     -0.17475315E-03     -0.17663973E-03     -0.19994820E-03     -0.44299011E-03
    2399     -0.17475380E-03     -0.17663973E-03     -0.19997491E-03     -0.44299011E-03
    2400     -0.17475465E-03     -0.17663973E-03     -0.20001926E-03     -0.44299011E-03
    2401     -0.17475546E-03     -0.17663973E-03     -0.20006485E-03     -0.44299011E-03
    2402     -0.17475631E-03     -0.17663973E-03     -0.20010888E-03     -0.44299011E-03
    2403     -0.17475693E-03     -0.17663973E-03     -0.20014527E-03     -0.44299011E-03
    2404     -0.17475841E-03     -0.17663973E-03     -0.20022882E-03     -0.44299011E-03
    2405     -0.17475915E-03     -0.17663973E-03     -0.20026564E-03     -0.44299011E-03
    2406     -0.17475990E-03     -0.17663973E-03     -0.20029771E-03     -0.44299011E-03
    2407     -0.17476054E-03     -0.17663973E-03     -0.20033399E-03     -0.44299011E-03
    2408     -0.17476251E-03     -0.17663973E-03     -0.20043597E-03     -0.44299011E-03
    2409     -0.17476337E-03     -0.17663973E-03     -0.20048595E-03     -0.44299011E-03
    2410     -0.17476417E-03     -0.17663973E-03     -0.20053013E-03     -0.44299011E-03
    2411     -0.17476514E-03     -0.17663973E-03     -0.20059467E-03     -0.44299011E-03
    2412     -0.17476583E-03     -0.17663973E-03     -0.20063653E-03     -0.44299011E-03
    2413     -0.17476646E-03     -0.17663973E-03     -0.20067429E-03     -0.44299011E-03
    2414     -0.17476734E-03     -0.17663973E-03     -0.20071915E-03     -0.44299011E-03
    2415     -0.17476823E-03     -0.17663973E-03     -0.20077804E-03     -0.44299011E-03
    2416     -0.17476902E-03     -0.17663973E-03     -0.20082437E-03     -0.44299011E-03
    2417     -0.17476979E-03     -0.17663973E-03     -0.20087396E-03     -0.44299011E-03
    2418     -0.17477034E-03     -0.17663973E-03     -0.20090431E-03     -0.44299011E-03
    2419     -0.17477102E-03     -0.17663973E-03     -0.20094402E-03     -0.44299011E-03
    2420     -0.17477166E-03     -0.17663973E-03     -0.20098491E-03     -0.44299011E-03
    2421     -0.17477249E-03     -0.17663973E-03     -0.20103023E-03     -0.44299011E-03
    2422     -0.17477350E-03     -0.17663973E-03     -0.20107618E-03     -0.44299011E-03
    2423     -0.17477412E-03     -0.17663973E-03     -0.20110763E-03     -0.44299011E-03
    2424     -0.17477493E-03     -0.17663973E-03     -0.20115204E-03     -0.44299011E-03
    2425     -0.17477580E-03     -0.17663973E-03     -0.20120919E-03     -0.44299011E-03
    2426     -0.17477666E-03     -0.17663973E-03     -0.20124679E-03     -0.44299011E-03
    2427     -0.17477742E-03     -0.17663973E-03     -0.20128882E-03     -0.44299011E-03
    2428     -0.17477810E-03     -0.17663973E-03     -0.20132451E-03     -0.44299011E-03
    2429     -0.17477917E-03     -0.17663973E-03     -0.20137689E-03     -0.44299011E-03
    2430     -0.17478010E-03     -0.17663973E-03     -0.20141800E-03     -0.44299011E-03
    2431     -0.17478145E-03     -0.17663973E-03     -0.20147692E-03     -0.44299011E-03
    2432     -0.17478235E-03     -0.17663973E-03     -0.20151767E-03     -0.44299011E-03
    2433     -0.17478345E-03     -0.17663973E-03     -0.20156513E-03     -0.44299011E-03
    2434     -0.17478429E-03     -0.17663973E-03     -0.20159634E-03     -0.44299011E-03
    2435     -0.17478507E-03     -0.17663973E-03     -0.20163020E-03     -0.44299011E-03
    2436     -0.17478617E-03     -0.17663973E-03     -0.20168231E-03     -0.44299011E-03
    2437     -0.17478693E-03     -0.17663973E-03     -0.20171831E-03     -0.44299011E-03
    2438     -0.17478778E-03     -0.17663973E-03     -0.20176017E-03     -0.44299011E-03
    2439     -0.17478861E-03     -0.17663973E-03     -0.20179872E-03     -0.44299011E-03
    2440     -0.17478981E-03     -0.17663973E-03     -0.20184829E-03     -0.44299011E-03
    2441     -0.17479041E-03     -0.17663973E-03     -0.20188171E-03     -0.44299011E-03
    2442     -0.17479104E-03     -0.17663973E-03     -0.20191474E-03     -0.44299011E-03
    2443     -0.17479247E-03     -0.17663973E-03     -0.20197221E-03     -0.44299011E-03
    2444     -0.17479307E-03     -0.17663973E-03     -0.20200718E-03     -0.44299011E-03
    2445     -0.17479370E-03     -0.17663973E-03     -0.20203599E-03     -0.44299011E-03
    2446     -0.17479444E-03     -0.17663973E-03     -0.20206680E-03     -0.44299011E-03
    2447     -0.17479531E-03     -0.17663973E-03     -0.20210993E-03     -0.44299011E-03
    2448     -0.17479608E-03     -0.17663973E-03     -0.20214774E-03     -0.44299011E-03
    2449     -0.17479734E-03     -0.17663973E-03     -0.20219978E-03     -0.44299011E-03
    2450     -0.17479816E-03     -0.17663973E-03     -0.20223677E-03     -0.44299011E-03
    2451     -0.17479983E-03     -0.17663973E-03     -0.20230515E-03     -0.44299011E-03
    2452     -0.17480079E-03     -0.17663973E-03     -0.20235250E-03     -0.44299011E-03
    2453     -0.17480217E-03     -0.17663973E-03     -0.20241005E-03     -0.44299011E-03
    2454     -0.17480317E-03     -0.17663973E-03     -0.20245548E-03     -0.44299011E-03
    2455     -0.17480406E-03     -0.17663973E-03     -0.20249301E-03     -0.44299011E-03
    2456     -0.17480516E-03     -0.17663973E-03     -0.20254542E-03     -0.44299011E-03
    2457     -0.17480595E-03     -0.17663973E-03     -0.20258202E-03     -0.44299011E-03
    2458     -0.17480648E-03     -0.17663973E-03     -0.20261381E-03     -0.44299011E-03
    2459     -0.17480753E-03     -0.17663973E-03     -0.20266762E-03     -0.44299011E-03
    2460     -0.17480843E-03     -0.17663973E-03     -0.20270977E-03     -0.44299011E-03
    2461     -0.17480925E-03     -0.17663973E-03     -0.20274741E-03     -0.44299011E-03
    2462     -0.17481028E-03     -0.17663973E-03     -0.20279271E-03     -0.44299011E-03
    2463     -0.17481082E-03     -0.17663973E-03     -0.20282569E-03     -0.44299011E-03
    2464     -0.17481143E-03     -0.17663973E-03     -0.20286329E-03     -0.44299011E-03
    2465     -0.17481333E-03     -0.17663973E-03     -0.20293419E-03     -0.44299011E-03
    2466     -0.17481431E-03     -0.17663973E-03     -0.20298552E-03     -0.44299011E-03
    2467     -0.17481518E-03     -0.17663973E-03     -0.20304182E-03     -0.44299011E-03
    2468     -0.17481648E-03     -0.17663973E-03     -0.20309725E-03     -0.44299011E-03
    2469     -0.17481810E-03     -0.17663973E-03     -0.20316589E-03     -0.44299011E-03
    2470     -0.17481933E-03     -0.17663973E-03     -0.20321984E-03     -0.44299011E-03
    2471     -0.17482112E-03     -0.17663973E-03     -0.20329830E-03     -0.44299011E-03
    2472     -0.17482261E-03     -0.17663973E-03     -0.20335883E-03     -0.44299011E-03
    2473     -0.17482384E-03     -0.17663973E-03     -0.20342279E-03     -0.44299011E-03
    2474     -0.17482529E-03     -0.17663973E-03     -0.20349807E-03     -0.44299011E-03
    2475     -0.17482664E-03     -0.17663973E-03     -0.20356798E-03     -0.44299011E-03
    2476     -0.17482795E-03     -0.17663973E-03     -0.20363259E-03     -0.44299011E-03
    2477     -0.17482888E-03     -0.17663973E-03     -0.20368672E-03     -0.44299011E-03
    2478     -0.17483046E-03     -0.17663973E-03     -0.20375714E-03     -0.44299011E-03
    2479     -0.17483131E-03     -0.17663973E-03     -0.20380691E-03     -0.44299011E-03
    2480     -0.17483234E-03     -0.17663973E-03     -0.20385629E-03     -0.44299011E-03
    2481     -0.17483338E-03     -0.17663973E-03     -0.20391196E-03     -0.44299011E-03
    2482     -0.17483457E-03     -0.17663973E-03     -0.20397281E-03     -0.44299011E-03
    2483     -0.17483607E-03     -0.17663973E-03     -0.20403548E-03     -0.44299011E-03
    2484     -0.17483802E-03     -0.17663973E-03     -0.20411472E-03     -0.44299011E-03
    2485     -0.17483977E-03     -0.17663973E-03     -0.20418975E-03     -0.44299011E-03
    2486     -0.17484066E-03     -0.17663973E-03     -0.20423860E-03     -0.44299011E-03
    2487     -0.17484190E-03     -0.17663973E-03     -0.20429439E-03     -0.44299011E-03
    2488     -0.17484282E-03     -0.17663973E-03     -0.20434178E-03     -0.44299011E-03
    2489     -0.17484445E-03     -0.17663973E-03     -0.20441057E-03     -0.44299011E-03
    2490     -0.17484677E-03     -0.17663973E-03     -0.20449810E-03     -0.44299011E-03
    2491     -0.17484839E-03     -0.17663973E-03     -0.20457150E-03     -0.44299011E-03
    2492     -0.17485027E-03     -0.17663973E-03     -0.20464882E-03     -0.44299011E-03
    2493     -0.17485149E-03     -0.17663973E-03     -0.20470017E-03     -0.44299011E-03
    2494     -0.17485276E-03     -0.17663973E-03     -0.20475279E-03     -0.44299011E-03
    2495     -0.17485406E-03     -0.17663973E-03     -0.20481437E-03     -0.44299011E-03
    2496     -0.17485535E-03     -0.17663973E-03     -0.20487741E-03     -0.44299011E-03
    2497     -0.17485642E-03     -0.17663973E-03     -0.20492393E-03     -0.44299011E-03
    2498     -0.17485808E-03     -0.17663973E-03     -0.20500374E-03     -0.44299011E-03
    2499     -0.17485885E-03     -0.17663973E-03     -0.20504637E-03     -0.44299011E-03
    2500     -0.17485990E-03     -0.17663973E-03     -0.20509673E-03     -0.44299011E-03
    2501     -0.17486085E-03     -0.17663973E-03     -0.20514049E-03     -0.44299011E-03
    2502     -0.17486213E-03     -0.17663973E-03     -0.20520137E-03     -0.44299011E-03
    2503     -0.17486359E-03     -0.17663973E-03     -0.20526002E-03     -0.44299011E-03
    2504     -0.17486519E-03     -0.17663973E-03     -0.20532526E-03     -0.44299011E-03
    2505     -0.17486733E-03     -0.17663973E-03     -0.20540585E-03     -0.44299011E-03
    2506     -0.17486953E-03     -0.17663973E-03     -0.20549503E-03     -0.44299011E-03
    2507     -0.17487202E-03     -0.17663973E-03     -0.20558815E-03     -0.44299011E-03
    2508     -0.17487351E-03     -0.17663973E-03     -0.20564716E-03     -0.44299011E-03
    2509     -0.17487470E-03     -0.17663973E-03     -0.20570261E-03     -0.44299011E-03
    2510     -0.17487593E-03     -0.17663973E-03     -0.20575946E-03     -0.44299011E-03
    2511     -0.17487736E-03     -0.17663973E-03     -0.20582685E-03     -0.44299011E-03
    2512     -0.17487898E-03     -0.17663973E-03     -0.20589204E-03     -0.44299011E-03
    2513     -0.17488106E-03     -0.17663973E-03     -0.20597549E-03     -0.44299011E-03
    2514     -0.17488226E-03     -0.17663973E-03     -0.20602164E-03     -0.44299011E-03
    2515     -0.17488312E-03     -0.17663973E-03     -0.20606857E-03     -0.44299011E-03
    2516     -0.17488382E-03     -0.17663973E-03     -0.20610442E-03     -0.44299011E-03
    2517     -0.17488546E-03     -0.17663973E-03     -0.20617674E-03     -0.44299011E-03
    2518     -0.17488647E-03     -0.17663973E-03     -0.20623354E-03     -0.44299011E-03
    2519     -0.17488791E-03     -0.17663973E-03     -0.20630098E-03     -0.44299011E-03
    2520     -0.17488866E-03     -0.17663973E-03     -0.20633737E-03     -0.44299011E-03
    2521     -0.17489039E-03     -0.17663973E-03     -0.20640693E-03     -0.44299011E-03
    2522     -0.17489140E-03     -0.17663973E-03     -0.20645763E-03     -0.44299011E-03
    2523     -0.17489269E-03     -0.17663973E-03     -0.20651710E-03     -0.44299011E-03
    2524     -0.17489454E-03     -0.17663973E-03     -0.20658507E-03     -0.44299011E-03
    2525     -0.17489648E-03     -0.17663973E-03     -0.20666926E-03     -0.44299011E-03
    2526     -0.17489826E-03     -0.17663973E-03     -0.20674724E-03     -0.44299011E-03
    2527     -0.17489951E-03     -0.17663973E-03     -0.20680550E-03     -0.44299011E-03
    2528     -0.17490072E-03     -0.17663973E-03     -0.20686044E-03     -0.44299011E-03
    2529     -0.17490269E-03     -0.17663973E-03     -0.20693888E-03     -0.44299011E-03
    2530     -0.17490394E-03     -0.17663973E-03     -0.20699236E-03     -0.44299011E-03
    2531     -0.17490554E-03     -0.17663973E-03     -0.20705674E-03     -0.44299011E-03
    2532     -0.17490766E-03     -0.17663973E-03     -0.20714067E-03     -0.44299011E-03
    2533     -0.17490874E-03     -0.17663973E-03     -0.20718950E-03     -0.44299011E-03
    2534     -0.17491024E-03     -0.17663973E-03     -0.20724963E-03     -0.44299011E-03
    2535     -0.17491131E-03     -0.17663973E-03     -0.20729870E-03     -0.44299011E-03
    2536     -0.17491223E-03     -0.17663973E-03     -0.20733776E-03     -0.44299011E-03
    2537     -0.17491395E-03     -0.17663973E-03     -0.20740571E-03     -0.44299011E-03
    2538     -0.17491547E-03     -0.17663973E-03     -0.20747104E-03     -0.44299011E-03
    2539     -0.17491809E-03     -0.17663973E-03     -0.20757261E-03     -0.44299011E-03
    2540     -0.17491969E-03     -0.17663973E-03     -0.20764102E-03     -0.44299011E-03
    2541     -0.17492152E-03     -0.17663973E-03     -0.20772059E-03     -0.44299011E-03
    2542     -0.17492293E-03     -0.17663973E-03     -0.20778302E-03     -0.44299011E-03
    2543     -0.17492511E-03     -0.17663973E-03     -0.20786703E-03     -0.44299011E-03
    2544     -0.17492647E-03     -0.17663973E-03     -0.20793079E-03     -0.44299011E-03
    2545     -0.17492844E-03     -0.17663973E-03     -0.20801284E-03     -0.44299011E-03
    2546     -0.17493073E-03     -0.17663973E-03     -0.20809984E-03     -0.44299011E-03
    2547     -0.17493294E-03     -0.17663973E-03     -0.20819449E-03     -0.44299011E-03
    2548     -0.17493448E-03     -0.17663973E-03     -0.20825556E-03     -0.44299011E-03
    2549     -0.17493604E-03     -0.17663973E-03     -0.20832336E-03     -0.44299011E-03
    2550     -0.17493748E-03     -0.17663973E-03     -0.20838531E-03     -0.44299011E-03
    2551     -0.17494112E-03     -0.17663973E-03     -0.20851025E-03     -0.44299011E-03
    2552     -0.17494241E-03     -0.17663973E-03     -0.20856083E-03     -0.44299011E-03
    2553     -0.17494389E-03     -0.17663973E-03     -0.20862230E-03     -0.44299011E-03
    2554     -0.17494599E-03     -0.17663973E-03     -0.20870037E-03     -0.44299011E-03
    2555     -0.17494714E-03     -0.17663973E-03     -0.20875126E-03     -0.44299011E-03
    2556     -0.17494823E-03     -0.17663973E-03     -0.20880336E-03     -0.44299011E-03
    2557     -0.17495053E-03     -0.17663973E-03     -0.20889182E-03     -0.44299011E-03
    2558     -0.17495301E-03     -0.17663973E-03     -0.20897700E-03     -0.44299011E-03
    2559     -0.17495542E-03     -0.17663973E-03     -0.20906454E-03     -0.44299011E-03
    2560     -0.17495694E-03     -0.17663973E-03     -0.20913748E-03     -0.44299011E-03
    2561     -0.17495920E-03     -0.17663973E-03     -0.20922467E-03     -0.44299011E-03
    2562     -0.17496137E-03     -0.17663973E-03     -0.20931727E-03     -0.44299011E-03
    2563     -0.17496379E-03     -0.17663973E-03     -0.20940527E-03     -0.44299011E-03
    2564     -0.17496567E-03     -0.17663973E-03     -0.20948801E-03     -0.44299011E-03
    2565     -0.17496841E-03     -0.17663973E-03     -0.20959064E-03     -0.44299011E-03
    2566     -0.17497039E-03     -0.17663973E-03     -0.20967088E-03     -0.44299011E-03
    2567     -0.17497394E-03     -0.17663973E-03     -0.20980486E-03     -0.44299011E-03
    2568     -0.17497713E-03     -0.17663973E-03     -0.20991979E-03     -0.44299011E-03
    2569     -0.17497955E-03     -0.17663973E-03     -0.21001366E-03     -0.44299011E-03
    2570     -0.17498142E-03     -0.17663973E-03     -0.21008431E-03     -0.44299011E-03
    2571     -0.17498443E-03     -0.17663973E-03     -0.21020197E-03     -0.44299011E-03
    2572     -0.17498600E-03     -0.17663973E-03     -0.21027814E-03     -0.44299011E-03
    2573     -0.17498794E-03     -0.17663973E-03     -0.21037477E-03     -0.44299011E-03
    2574     -0.17498965E-03     -0.17663973E-03     -0.21045161E-03     -0.44299011E-03
    2575     -0.17499131E-03     -0.17663973E-03     -0.21052617E-03     -0.44299011E-03
    2576     -0.17499365E-03     -0.17663973E-03     -0.21063774E-03     -0.44299011E-03
    2577     -0.17499471E-03     -0.17663973E-03     -0.21069441E-03     -0.44299011E-03
    2578     -0.17499595E-03     -0.17663973E-03     -0.21075929E-03     -0.44299011E-03
    2579     -0.17499737E-03     -0.17663973E-03     -0.21083329E-03     -0.44299011E-03
    2580     -0.17499878E-03     -0.17663973E-03     -0.21091316E-03     -0.44299011E-03
    2581     -0.17500048E-03     -0.17663973E-03     -0.21100163E-03     -0.44299011E-03
    2582     -0.17500264E-03     -0.17663973E-03     -0.21111101E-03     -0.44299011E-03
    2583     -0.17500491E-03     -0.17663973E-03     -0.21120926E-03     -0.44299011E-03
    2584     -0.17500630E-03     -0.17663973E-03     -0.21127660E-03     -0.44299011E-03
    2585     -0.17500766E-03     -0.17663973E-03     -0.21135051E-03     -0.44299011E-03
    2586     -0.17500926E-03     -0.17663973E-03     -0.21143284E-03     -0.44299011E-03
    2587     -0.17501055E-03     -0.17663973E-03     -0.21150425E-03     -0.44299011E-03
    2588     -0.17501165E-03     -0.17663973E-03     -0.21156107E-03     -0.44299011E-03
    2589     -0.17501320E-03     -0.17663973E-03     -0.21165092E-03     -0.44299011E-03
    2590     -0.17501438E-03     -0.17663973E-03     -0.21171683E-03     -0.44299011E-03
    2591     -0.17501588E-03     -0.17663973E-03     -0.21179407E-03     -0.44299011E-03
    2592     -0.17501746E-03     -0.17663973E-03     -0.21189454E-03     -0.44299011E-03
    2593     -0.17501984E-03     -0.17663973E-03     -0.21202113E-03     -0.44299011E-03
    2594     -0.17502127E-03     -0.17663973E-03     -0.21210563E-03     -0.44299011E-03
    2595     -0.17502243E-03     -0.17663973E-03     -0.21217651E-03     -0.44299011E-03
    2596     -0.17502375E-03     -0.17663973E-03     -0.21225003E-03     -0.44299011E-03
    2597     -0.17502543E-03     -0.17663973E-03     -0.21233798E-03     -0.44299011E-03
    2598     -0.17502634E-03     -0.17663973E-03     -0.21239404E-03     -0.44299011E-03
    2599     -0.17502770E-03     -0.17663973E-03     -0.21246870E-03     -0.44299011E-03
    2600     -0.17502989E-03     -0.17663973E-03     -0.21257796E-03     -0.44299011E-03
    2601     -0.17503112E-03     -0.17663973E-03     -0.21265028E-03     -0.44299011E-03
    2602     -0.17503219E-03     -0.17663973E-03     -0.21272683E-03     -0.44299011E-03
    2603     -0.17503319E-03     -0.17663973E-03     -0.21278311E-03     -0.44299011E-03
    2604     -0.17503481E-03     -0.17663973E-03     -0.21288403E-03     -0.44299011E-03
    2605     -0.17503600E-03     -0.17663973E-03     -0.21295469E-03     -0.44299011E-03
    2606     -0.17503730E-03     -0.17663973E-03     -0.21302912E-03     -0.44299011E-03
    2607     -0.17503922E-03     -0.17663973E-03     -0.21312465E-03     -0.44299011E-03
    2608     -0.17504031E-03     -0.17663973E-03     -0.21318053E-03     -0.44299011E-03
    2609     -0.17504170E-03     -0.17663973E-03     -0.21326234E-03     -0.44299011E-03
    2610     -0.17504318E-03     -0.17663973E-03     -0.21334158E-03     -0.44299011E-03
    2611     -0.17504443E-03     -0.17663973E-03     -0.21340909E-03     -0.44299011E-03
    2612     -0.17504555E-03     -0.17663973E-03     -0.21346965E-03     -0.44299011E-03
    2613     -0.17504648E-03     -0.17663973E-03     -0.21352066E-03     -0.44299011E-03
    2614     -0.17504832E-03     -0.17663973E-03     -0.21362663E-03     -0.44299011E-03
    2615     -0.17505036E-03     -0.17663973E-03     -0.21377466E-03     -0.44299011E-03
    2616     -0.17505290E-03     -0.17663973E-03     -0.21391901E-03     -0.44299011E-03
    2617     -0.17505445E-03     -0.17663973E-03     -0.21400253E-03     -0.44299011E-03
    2618     -0.17505727E-03     -0.17663973E-03     -0.21416357E-03     -0.44299011E-03
    2619     -0.17505954E-03     -0.17663973E-03     -0.21428033E-03     -0.44299011E-03
    2620     -0.17506202E-03     -0.17663973E-03     -0.21442189E-03     -0.44299011E-03
    2621     -0.17506342E-03     -0.17663973E-03     -0.21449462E-03     -0.44299011E-03
    2622     -0.17506515E-03     -0.17663973E-03     -0.21458094E-03     -0.44299011E-03
    2623     -0.17506818E-03     -0.17663973E-03     -0.21474116E-03     -0.44299011E-03
    2624     -0.17507120E-03     -0.17663973E-03     -0.21490429E-03     -0.44299011E-03
    2625     -0.17507298E-03     -0.17663973E-03     -0.21500947E-03     -0.44299011E-03
    2626     -0.17507454E-03     -0.17663973E-03     -0.21511808E-03     -0.44299011E-03
    2627     -0.17507809E-03     -0.17663973E-03     -0.21529832E-03     -0.44299011E-03
    2628     -0.17508034E-03     -0.17663973E-03     -0.21542655E-03     -0.44299011E-03
    2629     -0.17508259E-03     -0.17663973E-03     -0.21555993E-03     -0.44299011E-03
    2630     -0.17508456E-03     -0.17663973E-03     -0.21566219E-03     -0.44299011E-03
    2631     -0.17508676E-03     -0.17663973E-03     -0.21577618E-03     -0.44299011E-03
    2632     -0.17508822E-03     -0.17663973E-03     -0.21586666E-03     -0.44299011E-03
    2633     -0.17509055E-03     -0.17663973E-03     -0.21598175E-03     -0.44299011E-03
    2634     -0.17509191E-03     -0.17663973E-03     -0.21606209E-03     -0.44299011E-03
    2635     -0.17509299E-03     -0.17663973E-03     -0.21612206E-03     -0.44299011E-03
    2636     -0.17509403E-03     -0.17663973E-03     -0.21618409E-03     -0.44299011E-03
    2637     -0.17509512E-03     -0.17663973E-03     -0.21623891E-03     -0.44299011E-03
    2638     -0.17509721E-03     -0.17663973E-03     -0.21634447E-03     -0.44299011E-03
    2639     -0.17509901E-03     -0.17663973E-03     -0.21646024E-03     -0.44299011E-03
    2640     -0.17510087E-03     -0.17663973E-03     -0.21655802E-03     -0.44299011E-03
    2641     -0.17510240E-03     -0.17663973E-03     -0.21665103E-03     -0.44299011E-03
    2642     -0.17510343E-03     -0.17663973E-03     -0.21670710E-03     -0.44299011E-03
    2643     -0.17510546E-03     -0.17663973E-03     -0.21684110E-03     -0.44299011E-03
    2644     -0.17510700E-03     -0.17663973E-03     -0.21691617E-03     -0.44299011E-03
    2645     -0.17510848E-03     -0.17663973E-03     -0.21700548E-03     -0.44299011E-03
    2646     -0.17511010E-03     -0.17663973E-03     -0.21708341E-03     -0.44299011E-03
    2647     -0.17511142E-03     -0.17663973E-03     -0.21716757E-03     -0.44299011E-03
    2648     -0.17511235E-03     -0.17663973E-03     -0.21721535E-03     -0.44299011E-03
    2649     -0.17511372E-03     -0.17663973E-03     -0.21729966E-03     -0.44299011E-03
    2650     -0.17511488E-03     -0.17663973E-03     -0.21736421E-03     -0.44299011E-03
    2651     -0.17511589E-03     -0.17663973E-03     -0.21740916E-03     -0.44299011E-03
    2652     -0.17511709E-03     -0.17663973E-03     -0.21747247E-03     -0.44299011E-03
    2653     -0.17511852E-03     -0.17663973E-03     -0.21754996E-03     -0.44299011E-03
    2654     -0.17511929E-03     -0.17663973E-03     -0.21759225E-03     -0.44299011E-03
    2655     -0.17512093E-03     -0.17663973E-03     -0.21769693E-03     -0.44299011E-03
    2656     -0.17512199E-03     -0.17663973E-03     -0.21775777E-03     -0.44299011E-03
    2657     -0.17512316E-03     -0.17663973E-03     -0.21781984E-03     -0.44299011E-03
    2658     -0.17512494E-03     -0.17663973E-03     -0.21790276E-03     -0.44299011E-03
    2659     -0.17512617E-03     -0.17663973E-03     -0.21796144E-03     -0.44299011E-03
    2660     -0.17512746E-03     -0.17663973E-03     -0.21801817E-03     -0.44299011E-03
    2661     -0.17512906E-03     -0.17663973E-03     -0.21809126E-03     -0.44299011E-03
    2662     -0.17512973E-03     -0.17663973E-03     -0.21812792E-03     -0.44299011E-03
    2663     -0.17513116E-03     -0.17663973E-03     -0.21819085E-03     -0.44299011E-03
    2664     -0.17513194E-03     -0.17663973E-03     -0.21823765E-03     -0.44299011E-03
    2665     -0.17513250E-03     -0.17663973E-03     -0.21827998E-03     -0.44299011E-03
    2666     -0.17513478E-03     -0.17663973E-03     -0.21837457E-03     -0.44299011E-03
    2667     -0.17513717E-03     -0.17663973E-03     -0.21845684E-03     -0.44299011E-03
    2668     -0.17513829E-03     -0.17663973E-03     -0.21851767E-03     -0.44299011E-03
    2669     -0.17514045E-03     -0.17663973E-03     -0.21861581E-03     -0.44299011E-03
    2670     -0.17514211E-03     -0.17663973E-03     -0.21868828E-03     -0.44299011E-03
    2671     -0.17514526E-03     -0.17663973E-03     -0.21882695E-03     -0.44299011E-03
    2672     -0.17514764E-03     -0.17663973E-03     -0.21891947E-03     -0.44299011E-03
    2673     -0.17514927E-03     -0.17663973E-03     -0.21899511E-03     -0.44299011E-03
    2674     -0.17515047E-03     -0.17663973E-03     -0.21905560E-03     -0.44299011E-03
    2675     -0.17515553E-03     -0.17663973E-03     -0.21925114E-03     -0.44299011E-03
    2676     -0.17515679E-03     -0.17663973E-03     -0.21931520E-03     -0.44299011E-03
    2677     -0.17515773E-03     -0.17663973E-03     -0.21935894E-03     -0.44299011E-03
    2678     -0.17515886E-03     -0.17663973E-03     -0.21941365E-03     -0.44299011E-03
    2679     -0.17516000E-03     -0.17663973E-03     -0.21946898E-03     -0.44299011E-03
    2680     -0.17516135E-03     -0.17663973E-03     -0.21952668E-03     -0.44299011E-03
    2681     -0.17516304E-03     -0.17663973E-03     -0.21960598E-03     -0.44299011E-03
    2682     -0.17516497E-03     -0.17663973E-03     -0.21969585E-03     -0.44299011E-03
    2683     -0.17516634E-03     -0.17663973E-03     -0.21976106E-03     -0.44299011E-03
    2684     -0.17516757E-03     -0.17663973E-03     -0.21981910E-03     -0.44299011E-03
    2685     -0.17516829E-03     -0.17663973E-03     -0.21986171E-03     -0.44299011E-03
    2686     -0.17516928E-03     -0.17663973E-03     -0.21991213E-03     -0.44299011E-03
    2687     -0.17517052E-03     -0.17663973E-03     -0.21997484E-03     -0.44299011E-03
    2688     -0.17517142E-03     -0.17663973E-03     -0.22002406E-03     -0.44299011E-03
    2689     -0.17517209E-03     -0.17663973E-03     -0.22006605E-03     -0.44299011E-03
    2690     -0.17517305E-03     -0.17663973E-03     -0.22012995E-03     -0.44299011E-03
    2691     -0.17517391E-03     -0.17663973E-03     -0.22018031E-03     -0.44299011E-03
    2692     -0.17517493E-03     -0.17663973E-03     -0.22022776E-03     -0.44299011E-03
    2693     -0.17517595E-03     -0.17663973E-03     -0.22028379E-03     -0.44299011E-03
    2694     -0.17517667E-03     -0.17663973E-03     -0.22033182E-03     -0.44299011E-03
    2695     -0.17517786E-03     -0.17663973E-03     -0.22039955E-03     -0.44299011E-03
    2696     -0.17517864E-03     -0.17663973E-03     -0.22045660E-03     -0.44299011E-03
    2697     -0.17517968E-03     -0.17663973E-03     -0.22051730E-03     -0.44299011E-03
    2698     -0.17518063E-03     -0.17663973E-03     -0.22057934E-03     -0.44299011E-03
    2699     -0.17518140E-03     -0.17663973E-03     -0.22062543E-03     -0.44299011E-03
    2700     -0.17518213E-03     -0.17663973E-03     -0.22067398E-03     -0.44299011E-03
    2701     -0.17518287E-03     -0.17663973E-03     -0.22071916E-03     -0.44299011E-03
    2702     -0.17518401E-03     -0.17663973E-03     -0.22079199E-03     -0.44299011E-03
    2703     -0.17518476E-03     -0.17663973E-03     -0.22083738E-03     -0.44299011E-03
    2704     -0.17518556E-03     -0.17663973E-03     -0.22088521E-03     -0.44299011E-03
    2705     -0.17518675E-03     -0.17663973E-03     -0.22095340E-03     -0.44299011E-03
    2706     -0.17518750E-03     -0.17663973E-03     -0.22100608E-03     -0.44299011E-03
    2707     -0.17518855E-03     -0.17663973E-03     -0.22107448E-03     -0.44299011E-03
    2708     -0.17518949E-03     -0.17663973E-03     -0.22113493E-03     -0.44299011E-03
    2709     -0.17519023E-03     -0.17663973E-03     -0.22117972E-03     -0.44299011E-03
    2710     -0.17519100E-03     -0.17663973E-03     -0.22122679E-03     -0.44299011E-03
    2711     -0.17519194E-03     -0.17663973E-03     -0.22127641E-03     -0.44299011E-03
    2712     -0.17519370E-03     -0.17663973E-03     -0.22137608E-03     -0.44299011E-03
    2713     -0.17519487E-03     -0.17663973E-03     -0.22144606E-03     -0.44299011E-03
    2714     -0.17519571E-03     -0.17663973E-03     -0.22149476E-03     -0.44299011E-03
    2715     -0.17519778E-03     -0.17663973E-03     -0.22160713E-03     -0.44299011E-03
    2716     -0.17519938E-03     -0.17663973E-03     -0.22169181E-03     -0.44299011E-03
    2717     -0.17520030E-03     -0.17663973E-03     -0.22174772E-03     -0.44299011E-03
    2718     -0.17520140E-03     -0.17663973E-03     -0.22182067E-03     -0.44299011E-03
    2719     -0.17520226E-03     -0.17663973E-03     -0.22187188E-03     -0.44299011E-03
    2720     -0.17520296E-03     -0.17663973E-03     -0.22191901E-03     -0.44299011E-03
    2721     -0.17520386E-03     -0.17663973E-03     -0.22196853E-03     -0.44299011E-03
    2722     -0.17520466E-03     -0.17663973E-03     -0.22201269E-03     -0.44299011E-03
    2723     -0.17520560E-03     -0.17663973E-03     -0.22206408E-03     -0.44299011E-03
    2724     -0.17520682E-03     -0.17663973E-03     -0.22213282E-03     -0.44299011E-03
    2725     -0.17520921E-03     -0.17663973E-03     -0.22225422E-03     -0.44299011E-03
    2726     -0.17520989E-03     -0.17663973E-03     -0.22228487E-03     -0.44299011E-03
    2727     -0.17521119E-03     -0.17663973E-03     -0.22234749E-03     -0.44299011E-03
    2728     -0.17521200E-03     -0.17663973E-03     -0.22239274E-03     -0.44299011E-03
    2729     -0.17521314E-03     -0.17663973E-03     -0.22246483E-03     -0.44299011E-03
    2730     -0.17521453E-03     -0.17663973E-03     -0.22253968E-03     -0.44299011E-03
    2731     -0.17521569E-03     -0.17663973E-03     -0.22261053E-03     -0.44299011E-03
    2732     -0.17521666E-03     -0.17663973E-03     -0.22267302E-03     -0.44299011E-03
    2733     -0.17521736E-03     -0.17663973E-03     -0.22272774E-03     -0.44299011E-03
    2734     -0.17521812E-03     -0.17663973E-03     -0.22277483E-03     -0.44299011E-03
    2735     -0.17521878E-03     -0.17663973E-03     -0.22282414E-03     -0.44299011E-03
    2736     -0.17521953E-03     -0.17663973E-03     -0.22288102E-03     -0.44299011E-03
    2737     -0.17522032E-03     -0.17663973E-03     -0.22293858E-03     -0.44299011E-03
    2738     -0.17522111E-03     -0.17663973E-03     -0.22299020E-03     -0.44299011E-03
    2739     -0.17522198E-03     -0.17663973E-03     -0.22305099E-03     -0.44299011E-03
    2740     -0.17522260E-03     -0.17663973E-03     -0.22308880E-03     -0.44299011E-03
    2741     -0.17522328E-03     -0.17663973E-03     -0.22313664E-03     -0.44299011E-03
    2742     -0.17522408E-03     -0.17663973E-03     -0.22318627E-03     -0.44299011E-03
    2743     -0.17522497E-03     -0.17663973E-03     -0.22323885E-03     -0.44299011E-03
    2744     -0.17522555E-03     -0.17663973E-03     -0.22327459E-03     -0.44299011E-03
    2745     -0.17522633E-03     -0.17663973E-03     -0.22332530E-03     -0.44299011E-03
    2746     -0.17522702E-03     -0.17663973E-03     -0.22336881E-03     -0.44299011E-03
    2747     -0.17522782E-03     -0.17663973E-03     -0.22341729E-03     -0.44299011E-03
    2748     -0.17522861E-03     -0.17663973E-03     -0.22346480E-03     -0.44299011E-03
    2749     -0.17522937E-03     -0.17663973E-03     -0.22351076E-03     -0.44299011E-03
    2750     -0.17523006E-03     -0.17663973E-03     -0.22355228E-03     -0.44299011E-03
    2751     -0.17523083E-03     -0.17663973E-03     -0.22360615E-03     -0.44299011E-03
    2752     -0.17523155E-03     -0.17663973E-03     -0.22365139E-03     -0.44299011E-03
    2753     -0.17523231E-03     -0.17663973E-03     -0.22370507E-03     -0.44299011E-03
    2754     -0.17523305E-03     -0.17663973E-03     -0.22375517E-03     -0.44299011E-03
    2755     -0.17523383E-03     -0.17663973E-03     -0.22380912E-03     -0.44299011E-03
    2756     -0.17523458E-03     -0.17663973E-03     -0.22386545E-03     -0.44299011E-03
    2757     -0.17523518E-03     -0.17663973E-03     -0.22391253E-03     -0.44299011E-03
    2758     -0.17523588E-03     -0.17663973E-03     -0.22397022E-03     -0.44299011E-03
    2759     -0.17523656E-03     -0.17663973E-03     -0.22402016E-03     -0.44299011E-03
    2760     -0.17523738E-03     -0.17663973E-03     -0.22408196E-03     -0.44299011E-03
    2761     -0.17523806E-03     -0.17663973E-03     -0.22414073E-03     -0.44299011E-03
    2762     -0.17523873E-03     -0.17663973E-03     -0.22420059E-03     -0.44299011E-03
    2763     -0.17523977E-03     -0.17663973E-03     -0.22429047E-03     -0.44299011E-03
    2764     -0.17524031E-03     -0.17663973E-03     -0.22433582E-03     -0.44299011E-03
    2765     -0.17524112E-03     -0.17663973E-03     -0.22440442E-03     -0.44299011E-03
    2766     -0.17524179E-03     -0.17663973E-03     -0.22444872E-03     -0.44299011E-03
    2767     -0.17524222E-03     -0.17663973E-03     -0.22448443E-03     -0.44299011E-03
    2768     -0.17524287E-03     -0.17663973E-03     -0.22452232E-03     -0.44299011E-03
    2769     -0.17524336E-03     -0.17663973E-03     -0.22455959E-03     -0.44299011E-03
    2770     -0.17524403E-03     -0.17663973E-03     -0.22459853E-03     -0.44299011E-03
    2771     -0.17524474E-03     -0.17663973E-03     -0.22465244E-03     -0.44299011E-03
    2772     -0.17524534E-03     -0.17663973E-03     -0.22468484E-03     -0.44299011E-03
    2773     -0.17524610E-03     -0.17663973E-03     -0.22473778E-03     -0.44299011E-03
    2774     -0.17524660E-03     -0.17663973E-03     -0.22477299E-03     -0.44299011E-03
    2775     -0.17524714E-03     -0.17663973E-03     -0.22481222E-03     -0.44299011E-03
    2776     -0.17524774E-03     -0.17663973E-03     -0.22485392E-03     -0.44299011E-03
    2777     -0.17524827E-03     -0.17663973E-03     -0.22489084E-03     -0.44299011E-03
    2778     -0.17524884E-03     -0.17663973E-03     -0.22493536E-03     -0.44299011E-03
    2779     -0.17524940E-03     -0.17663973E-03     -0.22498263E-03     -0.44299011E-03
    2780     -0.17524984E-03     -0.17663973E-03     -0.22501632E-03     -0.44299011E-03
    2781     -0.17525035E-03     -0.17663973E-03     -0.22505912E-03     -0.44299011E-03
    2782     -0.17525099E-03     -0.17663973E-03     -0.22509481E-03     -0.44299011E-03
    2783     -0.17525144E-03     -0.17663973E-03     -0.22513061E-03     -0.44299011E-03
    2784     -0.17525190E-03     -0.17663973E-03     -0.22516302E-03     -0.44299011E-03
    2785     -0.17525250E-03     -0.17663973E-03     -0.22520848E-03     -0.44299011E-03
    2786     -0.17525316E-03     -0.17663973E-03     -0.22525507E-03     -0.44299011E-03
    2787     -0.17525363E-03     -0.17663973E-03     -0.22529730E-03     -0.44299011E-03
    2788     -0.17525426E-03     -0.17663973E-03     -0.22534342E-03     -0.44299011E-03
    2789     -0.17525482E-03     -0.17663973E-03     -0.22539027E-03     -0.44299011E-03
    2790     -0.17525534E-03     -0.17663973E-03     -0.22543115E-03     -0.44299011E-03
    2791     -0.17525596E-03     -0.17663973E-03     -0.22547783E-03     -0.44299011E-03
    2792     -0.17525656E-03     -0.17663973E-03     -0.22551884E-03     -0.44299011E-03
    2793     -0.17525716E-03     -0.17663973E-03     -0.22555851E-03     -0.44299011E-03
    2794     -0.17525795E-03     -0.17663973E-03     -0.22560855E-03     -0.44299011E-03
    2795     -0.17525866E-03     -0.17663973E-03     -0.22565871E-03     -0.44299011E-03
    2796     -0.17525924E-03     -0.17663973E-03     -0.22570590E-03     -0.44299011E-03
    2797     -0.17525988E-03     -0.17663973E-03     -0.22575877E-03     -0.44299011E-03
    2798     -0.17526056E-03     -0.17663973E-03     -0.22580956E-03     -0.44299011E-03
    2799     -0.17526123E-03     -0.17663973E-03     -0.22586194E-03     -0.44299011E-03
    2800     -0.17526176E-03     -0.17663973E-03     -0.22589677E-03     -0.44299011E-03
    2801     -0.17526260E-03     -0.17663973E-03     -0.22595850E-03     -0.44299011E-03
    2802     -0.17526328E-03     -0.17663973E-03     -0.22600566E-03     -0.44299011E-03
    2803     -0.17526389E-03     -0.17663973E-03     -0.22604678E-03     -0.44299011E-03
    2804     -0.17526445E-03     -0.17663973E-03     -0.22609039E-03     -0.44299011E-03
    2805     -0.17526504E-03     -0.17663973E-03     -0.22612769E-03     -0.44299011E-03
    2806     -0.17526539E-03     -0.17663973E-03     -0.22615957E-03     -0.44299011E-03
    2807     -0.17526629E-03     -0.17663973E-03     -0.22622018E-03     -0.44299011E-03
    2808     -0.17526701E-03     -0.17663973E-03     -0.22627184E-03     -0.44299011E-03
    2809     -0.17526759E-03     -0.17663973E-03     -0.22631122E-03     -0.44299011E-03
    2810     -0.17526827E-03     -0.17663973E-03     -0.22635802E-03     -0.44299011E-03
    2811     -0.17526909E-03     -0.17663973E-03     -0.22642073E-03     -0.44299011E-03
    2812     -0.17526971E-03     -0.17663973E-03     -0.22646877E-03     -0.44299011E-03
    2813     -0.17527039E-03     -0.17663973E-03     -0.22651702E-03     -0.44299011E-03
    2814     -0.17527125E-03     -0.17663973E-03     -0.22657325E-03     -0.44299011E-03
    2815     -0.17527193E-03     -0.17663973E-03     -0.22662510E-03     -0.44299011E-03
    2816     -0.17527290E-03     -0.17663973E-03     -0.22668278E-03     -0.44299011E-03
    2817     -0.17527378E-03     -0.17663973E-03     -0.22673714E-03     -0.44299011E-03
    2818     -0.17527564E-03     -0.17663973E-03     -0.22682881E-03     -0.44299011E-03
    2819     -0.17527660E-03     -0.17663973E-03     -0.22689375E-03     -0.44299011E-03
    2820     -0.17527858E-03     -0.17663973E-03     -0.22700505E-03     -0.44299011E-03
    2821     -0.17528019E-03     -0.17663973E-03     -0.22709607E-03     -0.44299011E-03
    2822     -0.17528096E-03     -0.17663973E-03     -0.22714968E-03     -0.44299011E-03
    2823     -0.17528271E-03     -0.17663973E-03     -0.22723295E-03     -0.44299011E-03
    2824     -0.17528476E-03     -0.17663973E-03     -0.22734460E-03     -0.44299011E-03
    2825     -0.17528594E-03     -0.17663973E-03     -0.22742013E-03     -0.44299011E-03
    2826     -0.17528671E-03     -0.17663973E-03     -0.22747937E-03     -0.44299011E-03
    2827     -0.17528745E-03     -0.17663973E-03     -0.22752593E-03     -0.44299011E-03
    2828     -0.17528817E-03     -0.17663973E-03     -0.22758591E-03     -0.44299011E-03
    2829     -0.17528892E-03     -0.17663973E-03     -0.22763031E-03     -0.44299011E-03
    2830     -0.17528948E-03     -0.17663973E-03     -0.22767878E-03     -0.44299011E-03
    2831     -0.17529035E-03     -0.17663973E-03     -0.22773608E-03     -0.44299011E-03
    2832     -0.17529137E-03     -0.17663973E-03     -0.22780215E-03     -0.44299011E-03
    2833     -0.17529207E-03     -0.17663973E-03     -0.22786695E-03     -0.44299011E-03
    2834     -0.17529303E-03     -0.17663973E-03     -0.22793002E-03     -0.44299011E-03
    2835     -0.17529369E-03     -0.17663973E-03     -0.22798396E-03     -0.44299011E-03
    2836     -0.17529445E-03     -0.17663973E-03     -0.22803739E-03     -0.44299011E-03
    2837     -0.17529555E-03     -0.17663973E-03     -0.22810482E-03     -0.44299011E-03
    2838     -0.17529792E-03     -0.17663973E-03     -0.22822387E-03     -0.44299011E-03
    2839     -0.17530003E-03     -0.17663973E-03     -0.22832467E-03     -0.44299011E-03
    2840     -0.17530146E-03     -0.17663973E-03     -0.22840099E-03     -0.44299011E-03
    2841     -0.17530350E-03     -0.17663973E-03     -0.22849853E-03     -0.44299011E-03
    2842     -0.17530472E-03     -0.17663973E-03     -0.22857590E-03     -0.44299011E-03
    2843     -0.17530616E-03     -0.17663973E-03     -0.22864765E-03     -0.44299011E-03
    2844     -0.17530817E-03     -0.17663973E-03     -0.22875147E-03     -0.44299011E-03
    2845     -0.17530953E-03     -0.17663973E-03     -0.22882618E-03     -0.44299011E-03
    2846     -0.17531070E-03     -0.17663973E-03     -0.22888433E-03     -0.44299011E-03
    2847     -0.17531127E-03     -0.17663973E-03     -0.22893086E-03     -0.44299011E-03
    2848     -0.17531209E-03     -0.17663973E-03     -0.22898344E-03     -0.44299011E-03
    2849     -0.17531359E-03     -0.17663973E-03     -0.22907204E-03     -0.44299011E-03
    2850     -0.17531407E-03     -0.17663973E-03     -0.22910713E-03     -0.44299011E-03
    2851     -0.17531474E-03     -0.17663973E-03     -0.22915642E-03     -0.44299011E-03
    2852     -0.17531565E-03     -0.17663973E-03     -0.22922567E-03     -0.44299011E-03
    2853     -0.17531637E-03     -0.17663973E-03     -0.22928254E-03     -0.44299011E-03
    2854     -0.17531731E-03     -0.17663973E-03     -0.22935045E-03     -0.44299011E-03
    2855     -0.17531805E-03     -0.17663973E-03     -0.22941084E-03     -0.44299011E-03
    2856     -0.17531875E-03     -0.17663973E-03     -0.22946422E-03     -0.44299011E-03
    2857     -0.17531946E-03     -0.17663973E-03     -0.22952035E-03     -0.44299011E-03
    2858     -0.17532022E-03     -0.17663973E-03     -0.22958411E-03     -0.44299011E-03
    2859     -0.17532104E-03     -0.17663973E-03     -0.22964994E-03     -0.44299011E-03
    2860     -0.17532178E-03     -0.17663973E-03     -0.22970390E-03     -0.44299011E-03
    2861     -0.17532231E-03     -0.17663973E-03     -0.22974573E-03     -0.44299011E-03
    2862     -0.17532318E-03     -0.17663973E-03     -0.22980373E-03     -0.44299011E-03
    2863     -0.17532369E-03     -0.17663973E-03     -0.22984102E-03     -0.44299011E-03
    2864     -0.17532441E-03     -0.17663973E-03     -0.22989285E-03     -0.44299011E-03
    2865     -0.17532492E-03     -0.17663973E-03     -0.22993116E-03     -0.44299011E-03
    2866     -0.17532537E-03     -0.17663973E-03     -0.22996287E-03     -0.44299011E-03
    2867     -0.17532591E-03     -0.17663973E-03     -0.23000596E-03     -0.44299011E-03
    2868     -0.17532641E-03     -0.17663973E-03     -0.23004748E-03     -0.44299011E-03
    2869     -0.17532694E-03     -0.17663973E-03     -0.23009424E-03     -0.44299011E-03
    2870     -0.17532743E-03     -0.17663973E-03     -0.23012890E-03     -0.44299011E-03
    2871     -0.17532800E-03     -0.17663973E-03     -0.23017159E-03     -0.44299011E-03
    2872     -0.17532845E-03     -0.17663973E-03     -0.23021177E-03     -0.44299011E-03
    2873     -0.17532910E-03     -0.17663973E-03     -0.23025800E-03     -0.44299011E-03
    2874     -0.17532998E-03     -0.17663973E-03     -0.23031315E-03     -0.44299011E-03
    2875     -0.17533051E-03     -0.17663973E-03     -0.23035163E-03     -0.44299011E-03
    2876     -0.17533137E-03     -0.17663973E-03     -0.23040717E-03     -0.44299011E-03
    2877     -0.17533203E-03     -0.17663973E-03     -0.23045544E-03     -0.44299011E-03
    2878     -0.17533284E-03     -0.17663973E-03     -0.23051526E-03     -0.44299011E-03
    2879     -0.17533395E-03     -0.17663973E-03     -0.23058832E-03     -0.44299011E-03
    2880     -0.17533501E-03     -0.17663973E-03     -0.23065740E-03     -0.44299011E-03
    2881     -0.17533572E-03     -0.17663973E-03     -0.23070677E-03     -0.44299011E-03
    2882     -0.17533638E-03     -0.17663973E-03     -0.23076217E-03     -0.44299011E-03
    2883     -0.17533767E-03     -0.17663973E-03     -0.23084164E-03     -0.44299011E-03
    2884     -0.17533875E-03     -0.17663973E-03     -0.23091544E-03     -0.44299011E-03
    2885     -0.17533924E-03     -0.17663973E-03     -0.23095540E-03     -0.44299011E-03
    2886     -0.17533994E-03     -0.17663973E-03     -0.23101571E-03     -0.44299011E-03
    2887     -0.17534160E-03     -0.17663973E-03     -0.23111638E-03     -0.44299011E-03
    2888     -0.17534340E-03     -0.17663973E-03     -0.23121933E-03     -0.44299011E-03
    2889     -0.17534431E-03     -0.17663973E-03     -0.23129100E-03     -0.44299011E-03
    2890     -0.17534633E-03     -0.17663973E-03     -0.23140815E-03     -0.44299011E-03
    2891     -0.17534702E-03     -0.17663973E-03     -0.23146393E-03     -0.44299011E-03
    2892     -0.17534808E-03     -0.17663973E-03     -0.23153781E-03     -0.44299011E-03
    2893     -0.17534876E-03     -0.17663973E-03     -0.23158891E-03     -0.44299011E-03
    2894     -0.17534984E-03     -0.17663973E-03     -0.23166076E-03     -0.44299011E-03
    2895     -0.17535076E-03     -0.17663973E-03     -0.23172663E-03     -0.44299011E-03
    2896     -0.17535143E-03     -0.17663973E-03     -0.23178127E-03     -0.44299011E-03
    2897     -0.17535232E-03     -0.17663973E-03     -0.23184536E-03     -0.44299011E-03
    2898     -0.17535342E-03     -0.17663973E-03     -0.23193349E-03     -0.44299011E-03
    2899     -0.17535402E-03     -0.17663973E-03     -0.23198062E-03     -0.44299011E-03
    2900     -0.17535476E-03     -0.17663973E-03     -0.23202943E-03     -0.44299011E-03
    2901     -0.17535556E-03     -0.17663973E-03     -0.23208708E-03     -0.44299011E-03
    2902     -0.17535621E-03     -0.17663973E-03     -0.23214965E-03     -0.44299011E-03
    2903     -0.17535702E-03     -0.17663973E-03     -0.23220594E-03     -0.44299011E-03
    2904     -0.17535759E-03     -0.17663973E-03     -0.23224860E-03     -0.44299011E-03
    2905     -0.17535822E-03     -0.17663973E-03     -0.23229423E-03     -0.44299011E-03
    2906     -0.17535877E-03     -0.17663973E-03     -0.23233542E-03     -0.44299011E-03
    2907     -0.17535956E-03     -0.17663973E-03     -0.23239735E-03     -0.44299011E-03
    2908     -0.17536021E-03     -0.17663973E-03     -0.23244410E-03     -0.44299011E-03
    2909     -0.17536085E-03     -0.17663973E-03     -0.23249101E-03     -0.44299011E-03
    2910     -0.17536145E-03     -0.17663973E-03     -0.23254251E-03     -0.44299011E-03
    2911     -0.17536222E-03     -0.17663973E-03     -0.23259675E-03     -0.44299011E-03
    2912     -0.17536287E-03     -0.17663973E-03     -0.23265008E-03     -0.44299011E-03
    2913     -0.17536353E-03     -0.17663973E-03     -0.23269664E-03     -0.44299011E-03
    2914     -0.17536409E-03     -0.17663973E-03     -0.23274293E-03     -0.44299011E-03
    2915     -0.17536470E-03     -0.17663973E-03     -0.23278715E-03     -0.44299011E-03
    2916     -0.17536524E-03     -0.17663973E-03     -0.23283065E-03     -0.44299011E-03
    2917     -0.17536576E-03     -0.17663973E-03     -0.23288088E-03     -0.44299011E-03
    2918     -0.17536617E-03     -0.17663973E-03     -0.23291940E-03     -0.44299011E-03
    2919     -0.17536663E-03     -0.17663973E-03     -0.23296279E-03     -0.44299011E-03
    2920     -0.17536706E-03     -0.17663973E-03     -0.23300281E-03     -0.44299011E-03
    2921     -0.17536754E-03     -0.17663973E-03     -0.23304905E-03     -0.44299011E-03
    2922     -0.17536802E-03     -0.17663973E-03     -0.23309700E-03     -0.44299011E-03
    2923     -0.17536855E-03     -0.17663973E-03     -0.23314482E-03     -0.44299011E-03
    2924     -0.17536901E-03     -0.17663973E-03     -0.23317847E-03     -0.44299011E-03
    2925     -0.17536945E-03     -0.17663973E-03     -0.23321958E-03     -0.44299011E-03
    2926     -0.17536996E-03     -0.17663973E-03     -0.23326668E-03     -0.44299011E-03
    2927     -0.17537056E-03     -0.17663973E-03     -0.23330966E-03     -0.44299011E-03
    2928     -0.17537119E-03     -0.17663973E-03     -0.23335708E-03     -0.44299011E-03
    2929     -0.17537161E-03     -0.17663973E-03     -0.23339383E-03     -0.44299011E-03
    2930     -0.17537200E-03     -0.17663973E-03     -0.23343080E-03     -0.44299011E-03
    2931     -0.17537241E-03     -0.17663973E-03     -0.23347134E-03     -0.44299011E-03
    2932     -0.17537282E-03     -0.17663973E-03     -0.23351634E-03     -0.44299011E-03
    2933     -0.17537321E-03     -0.17663973E-03     -0.23355810E-03     -0.44299011E-03
    2934     -0.17537363E-03     -0.17663973E-03     -0.23359273E-03     -0.44299011E-03
    2935     -0.17537412E-03     -0.17663973E-03     -0.23363408E-03     -0.44299011E-03
    2936     -0.17537467E-03     -0.17663973E-03     -0.23368398E-03     -0.44299011E-03
    2937     -0.17537510E-03     -0.17663973E-03     -0.23372333E-03     -0.44299011E-03
    2938     -0.17537562E-03     -0.17663973E-03     -0.23376741E-03     -0.44299011E-03
    2939     -0.17537618E-03     -0.17663973E-03     -0.23382437E-03     -0.44299011E-03
    2940     -0.17537661E-03     -0.17663973E-03     -0.23386636E-03     -0.44299011E-03
    2941     -0.17537733E-03     -0.17663973E-03     -0.23392668E-03     -0.44299011E-03
    2942     -0.17537791E-03     -0.17663973E-03     -0.23397749E-03     -0.44299011E-03
    2943     -0.17537830E-03     -0.17663973E-03     -0.23402028E-03     -0.44299011E-03
    2944     -0.17537877E-03     -0.17663973E-03     -0.23405971E-03     -0.44299011E-03
    2945     -0.17537920E-03     -0.17663973E-03     -0.23410536E-03     -0.44299011E-03
    2946     -0.17537959E-03     -0.17663973E-03     -0.23414656E-03     -0.44299011E-03
    2947     -0.17537991E-03     -0.17663973E-03     -0.23420065E-03     -0.44299011E-03
    2948     -0.17538033E-03     -0.17663973E-03     -0.23424314E-03     -0.44299011E-03
    2949     -0.17538074E-03     -0.17663973E-03     -0.23428191E-03     -0.44299011E-03
    2950     -0.17538112E-03     -0.17663973E-03     -0.23432752E-03     -0.44299011E-03
    2951     -0.17538161E-03     -0.17663973E-03     -0.23437203E-03     -0.44299011E-03
    2952     -0.17538205E-03     -0.17663973E-03     -0.23441251E-03     -0.44299011E-03
    2953     -0.17538245E-03     -0.17663973E-03     -0.23445398E-03     -0.44299011E-03
    2954     -0.17538281E-03     -0.17663973E-03     -0.23448772E-03     -0.44299011E-03
    2955     -0.17538326E-03     -0.17663973E-03     -0.23453159E-03     -0.44299011E-03
    2956     -0.17538368E-03     -0.17663973E-03     -0.23457142E-03     -0.44299011E-03
    2957     -0.17538397E-03     -0.17663973E-03     -0.23460305E-03     -0.44299011E-03
    2958     -0.17538447E-03     -0.17663973E-03     -0.23464845E-03     -0.44299011E-03
    2959     -0.17538482E-03     -0.17663973E-03     -0.23467991E-03     -0.44299011E-03
    2960     -0.17538522E-03     -0.17663973E-03     -0.23471072E-03     -0.44299011E-03
    2961     -0.17538564E-03     -0.17663973E-03     -0.23474671E-03     -0.44299011E-03
    2962     -0.17538605E-03     -0.17663973E-03     -0.23478407E-03     -0.44299011E-03
    2963     -0.17538647E-03     -0.17663973E-03     -0.23482603E-03     -0.44299011E-03
    2964     -0.17538689E-03     -0.17663973E-03     -0.23486991E-03     -0.44299011E-03
    2965     -0.17538726E-03     -0.17663973E-03     -0.23490577E-03     -0.44299011E-03
    2966     -0.17538773E-03     -0.17663973E-03     -0.23495284E-03     -0.44299011E-03
    2967     -0.17538812E-03     -0.17663973E-03     -0.23500017E-03     -0.44299011E-03
    2968     -0.17538848E-03     -0.17663973E-03     -0.23504348E-03     -0.44299011E-03
    2969     -0.17538890E-03     -0.17663973E-03     -0.23507998E-03     -0.44299011E-03
    2970     -0.17538925E-03     -0.17663973E-03     -0.23511553E-03     -0.44299011E-03
    2971     -0.17538982E-03     -0.17663973E-03     -0.23515645E-03     -0.44299011E-03
    2972     -0.17539012E-03     -0.17663973E-03     -0.23518699E-03     -0.44299011E-03
    2973     -0.17539057E-03     -0.17663973E-03     -0.23523241E-03     -0.44299011E-03
    2974     -0.17539101E-03     -0.17663973E-03     -0.23527826E-03     -0.44299011E-03
    2975     -0.17539147E-03     -0.17663973E-03     -0.23532116E-03     -0.44299011E-03
    2976     -0.17539195E-03     -0.17663973E-03     -0.23537091E-03     -0.44299011E-03
    2977     -0.17539246E-03     -0.17663973E-03     -0.23541544E-03     -0.44299011E-03
    2978     -0.17539307E-03     -0.17663973E-03     -0.23546591E-03     -0.44299011E-03
    2979     -0.17539362E-03     -0.17663973E-03     -0.23551615E-03     -0.44299011E-03
    2980     -0.17539422E-03     -0.17663973E-03     -0.23557027E-03     -0.44299011E-03
    2981     -0.17539472E-03     -0.17663973E-03     -0.23561400E-03     -0.44299011E-03
    2982     -0.17539537E-03     -0.17663973E-03     -0.23566965E-03     -0.44299011E-03
    2983     -0.17539596E-03     -0.17663973E-03     -0.23572765E-03     -0.44299011E-03
    2984     -0.17539659E-03     -0.17663973E-03     -0.23579212E-03     -0.44299011E-03
    2985     -0.17539713E-03     -0.17663973E-03     -0.23585042E-03     -0.44299011E-03
    2986     -0.17539778E-03     -0.17663973E-03     -0.23592350E-03     -0.44299011E-03
    2987     -0.17539828E-03     -0.17663973E-03     -0.23597067E-03     -0.44299011E-03
    2988     -0.17539880E-03     -0.17663973E-03     -0.23603444E-03     -0.44299011E-03
    2989     -0.17539952E-03     -0.17663973E-03     -0.23610010E-03     -0.44299011E-03
    2990     -0.17540013E-03     -0.17663973E-03     -0.23617198E-03     -0.44299011E-03
    2991     -0.17540078E-03     -0.17663973E-03     -0.23622811E-03     -0.44299011E-03
    2992     -0.17540147E-03     -0.17663973E-03     -0.23630164E-03     -0.44299011E-03
    2993     -0.17540206E-03     -0.17663973E-03     -0.23635680E-03     -0.44299011E-03
    2994     -0.17540257E-03     -0.17663973E-03     -0.23641201E-03     -0.44299011E-03
    2995     -0.17540305E-03     -0.17663973E-03     -0.23646603E-03     -0.44299011E-03
    2996     -0.17540360E-03     -0.17663973E-03     -0.23652566E-03     -0.44299011E-03
    2997     -0.17540417E-03     -0.17663973E-03     -0.23657762E-03     -0.44299011E-03
    2998     -0.17540470E-03     -0.17663973E-03     -0.23662866E-03     -0.44299011E-03
    2999     -0.17540521E-03     -0.17663973E-03     -0.23668054E-03     -0.44299011E-03
    3000     -0.17540564E-03     -0.17663973E-03     -0.23672769E-03     -0.44299011E-03
    3001     -0.17540611E-03     -0.17663973E-03     -0.23678776E-03     -0.44299011E-03
    3002     -0.17540685E-03     -0.17663973E-03     -0.23685712E-03     -0.44299011E-03
    3003     -0.17540749E-03     -0.17663973E-03     -0.23691017E-03     -0.44299011E-03
    3004     -0.17540796E-03     -0.17663973E-03     -0.23696090E-03     -0.44299011E-03
    3005     -0.17540844E-03     -0.17663973E-03     -0.23699727E-03     -0.44299011E-03
    3006     -0.17540901E-03     -0.17663973E-03     -0.23705950E-03     -0.44299011E-03
    3007     -0.17540973E-03     -0.17663973E-03     -0.23711582E-03     -0.44299011E-03
    3008     -0.17541057E-03     -0.17663973E-03     -0.23717915E-03     -0.44299011E-03
    3009     -0.17541099E-03     -0.17663973E-03     -0.23722192E-03     -0.44299011E-03
    3010     -0.17541161E-03     -0.17663973E-03     -0.23726861E-03     -0.44299011E-03
    3011     -0.17541207E-03     -0.17663973E-03     -0.23731095E-03     -0.44299011E-03
    3012     -0.17541250E-03     -0.17663973E-03     -0.23736575E-03     -0.44299011E-03
    3013     -0.17541323E-03     -0.17663973E-03     -0.23741842E-03     -0.44299011E-03
    3014     -0.17541368E-03     -0.17663973E-03     -0.23745770E-03     -0.44299011E-03
    3015     -0.17541465E-03     -0.17663973E-03     -0.23752397E-03     -0.44299011E-03
    3016     -0.17541674E-03     -0.17663973E-03     -0.23764161E-03     -0.44299011E-03
    3017     -0.17541765E-03     -0.17663973E-03     -0.23770985E-03     -0.44299011E-03
    3018     -0.17541819E-03     -0.17663973E-03     -0.23775357E-03     -0.44299011E-03
    3019     -0.17541914E-03     -0.17663973E-03     -0.23781532E-03     -0.44299011E-03
    3020     -0.17541978E-03     -0.17663973E-03     -0.23786521E-03     -0.44299011E-03
    3021     -0.17542046E-03     -0.17663973E-03     -0.23791482E-03     -0.44299011E-03
    3022     -0.17542105E-03     -0.17663973E-03     -0.23796245E-03     -0.44299011E-03
    3023     -0.17542191E-03     -0.17663973E-03     -0.23802612E-03     -0.44299011E-03
    3024     -0.17542257E-03     -0.17663973E-03     -0.23807220E-03     -0.44299011E-03
    3025     -0.17542313E-03     -0.17663973E-03     -0.23812526E-03     -0.44299011E-03
    3026     -0.17542391E-03     -0.17663973E-03     -0.23817939E-03     -0.44299011E-03
    3027     -0.17542441E-03     -0.17663973E-03     -0.23822994E-03     -0.44299011E-03
    3028     -0.17542505E-03     -0.17663973E-03     -0.23827808E-03     -0.44299011E-03
    3029     -0.17542571E-03     -0.17663973E-03     -0.23832481E-03     -0.44299011E-03
    3030     -0.17542626E-03     -0.17663973E-03     -0.23837641E-03     -0.44299011E-03
    3031     -0.17542683E-03     -0.17663973E-03     -0.23843066E-03     -0.44299011E-03
    3032     -0.17542734E-03     -0.17663973E-03     -0.23848224E-03     -0.44299011E-03
    3033     -0.17542778E-03     -0.17663973E-03     -0.23852406E-03     -0.44299011E-03
    3034     -0.17542839E-03     -0.17663973E-03     -0.23857649E-03     -0.44299011E-03
    3035     -0.17542900E-03     -0.17663973E-03     -0.23864283E-03     -0.44299011E-03
    3036     -0.17542950E-03     -0.17663973E-03     -0.23869440E-03     -0.44299011E-03
    3037     -0.17542994E-03     -0.17663973E-03     -0.23874696E-03     -0.44299011E-03
    3038     -0.17543051E-03     -0.17663973E-03     -0.23879942E-03     -0.44299011E-03
    3039     -0.17543119E-03     -0.17663973E-03     -0.23885799E-03     -0.44299011E-03
    3040     -0.17543221E-03     -0.17663973E-03     -0.23893040E-03     -0.44299011E-03
    3041     -0.17543269E-03     -0.17663973E-03     -0.23897417E-03     -0.44299011E-03
    3042     -0.17543319E-03     -0.17663973E-03     -0.23902851E-03     -0.44299011E-03
    3043     -0.17543374E-03     -0.17663973E-03     -0.23907554E-03     -0.44299011E-03
    3044     -0.17543427E-03     -0.17663973E-03     -0.23913388E-03     -0.44299011E-03
    3045     -0.17543479E-03     -0.17663973E-03     -0.23918154E-03     -0.44299011E-03
    3046     -0.17543534E-03     -0.17663973E-03     -0.23922465E-03     -0.44299011E-03
    3047     -0.17543576E-03     -0.17663973E-03     -0.23927055E-03     -0.44299011E-03
    3048     -0.17543783E-03     -0.17663973E-03     -0.23938308E-03     -0.44299011E-03
    3049     -0.17543868E-03     -0.17663973E-03     -0.23944954E-03     -0.44299011E-03
    3050     -0.17543956E-03     -0.17663973E-03     -0.23951502E-03     -0.44299011E-03
    3051     -0.17544010E-03     -0.17663973E-03     -0.23956152E-03     -0.44299011E-03
    3052     -0.17544106E-03     -0.17663973E-03     -0.23962614E-03     -0.44299011E-03
    3053     -0.17544252E-03     -0.17663973E-03     -0.23971571E-03     -0.44299011E-03
    3054     -0.17544316E-03     -0.17663973E-03     -0.23976362E-03     -0.44299011E-03
    3055     -0.17544383E-03     -0.17663973E-03     -0.23981668E-03     -0.44299011E-03
    3056     -0.17544499E-03     -0.17663973E-03     -0.23989250E-03     -0.44299011E-03
    3057     -0.17544574E-03     -0.17663973E-03     -0.23995396E-03     -0.44299011E-03
    3058     -0.17544620E-03     -0.17663973E-03     -0.24000111E-03     -0.44299011E-03
    3059     -0.17544679E-03     -0.17663973E-03     -0.24005261E-03     -0.44299011E-03
    3060     -0.17544723E-03     -0.17663973E-03     -0.24009500E-03     -0.44299011E-03
    3061     -0.17544764E-03     -0.17663973E-03     -0.24013558E-03     -0.44299011E-03
    3062     -0.17544808E-03     -0.17663973E-03     -0.24017331E-03     -0.44299011E-03
    3063     -0.17544874E-03     -0.17663973E-03     -0.24022626E-03     -0.44299011E-03
    3064     -0.17544913E-03     -0.17663973E-03     -0.24026682E-03     -0.44299011E-03
    3065     -0.17544988E-03     -0.17663973E-03     -0.24032225E-03     -0.44299011E-03
    3066     -0.17545033E-03     -0.17663973E-03     -0.24036605E-03     -0.44299011E-03
    3067     -0.17545074E-03     -0.17663973E-03     -0.24041135E-03     -0.44299011E-03
    3068     -0.17545143E-03     -0.17663973E-03     -0.24046677E-03     -0.44299011E-03
    3069     -0.17545192E-03     -0.17663973E-03     -0.24051215E-03     -0.44299011E-03
    3070     -0.17545232E-03     -0.17663973E-03     -0.24055547E-03     -0.44299011E-03
    3071     -0.17545266E-03     -0.17663973E-03     -0.24058510E-03     -0.44299011E-03
    3072     -0.17545305E-03     -0.17663973E-03     -0.24062144E-03     -0.44299011E-03
    3073     -0.17545340E-03     -0.17663973E-03     -0.24065591E-03     -0.44299011E-03
    3074     -0.17545383E-03     -0.17663973E-03     -0.24069477E-03     -0.44299011E-03
    3075     -0.17545420E-03     -0.17663973E-03     -0.24072434E-03     -0.44299011E-03
    3076     -0.17545474E-03     -0.17663973E-03     -0.24077149E-03     -0.44299011E-03
    3077     -0.17545511E-03     -0.17663973E-03     -0.24081087E-03     -0.44299011E-03
    3078     -0.17545556E-03     -0.17663973E-03     -0.24085731E-03     -0.44299011E-03
    3079     -0.17545586E-03     -0.17663973E-03     -0.24089315E-03     -0.44299011E-03
    3080     -0.17545647E-03     -0.17663973E-03     -0.24094626E-03     -0.44299011E-03
    3081     -0.17545708E-03     -0.17663973E-03     -0.24099244E-03     -0.44299011E-03
    3082     -0.17545760E-03     -0.17663973E-03     -0.24104358E-03     -0.44299011E-03
    3083     -0.17545822E-03     -0.17663973E-03     -0.24111341E-03     -0.44299011E-03
    3084     -0.17545885E-03     -0.17663973E-03     -0.24116982E-03     -0.44299011E-03
    3085     -0.17545928E-03     -0.17663973E-03     -0.24120943E-03     -0.44299011E-03
    3086     -0.17545990E-03     -0.17663973E-03     -0.24126611E-03     -0.44299011E-03
    3087     -0.17546036E-03     -0.17663973E-03     -0.24131722E-03     -0.44299011E-03
    3088     -0.17546084E-03     -0.17663973E-03     -0.24136553E-03     -0.44299011E-03
    3089     -0.17546147E-03     -0.17663973E-03     -0.24141834E-03     -0.44299011E-03
    3090     -0.17546217E-03     -0.17663973E-03     -0.24147446E-03     -0.44299011E-03
    3091     -0.17546355E-03     -0.17663973E-03     -0.24157246E-03     -0.44299011E-03
    3092     -0.17546453E-03     -0.17663973E-03     -0.24164475E-03     -0.44299011E-03
    3093     -0.17546503E-03     -0.17663973E-03     -0.24170153E-03     -0.44299011E-03
    3094     -0.17546566E-03     -0.17663973E-03     -0.24175365E-03     -0.44299011E-03
    3095     -0.17546645E-03     -0.17663973E-03     -0.24182251E-03     -0.44299011E-03
    3096     -0.17546764E-03     -0.17663973E-03     -0.24191574E-03     -0.44299011E-03
    3097     -0.17546904E-03     -0.17663973E-03     -0.24202733E-03     -0.44299011E-03
    3098     -0.17547002E-03     -0.17663973E-03     -0.24209700E-03     -0.44299011E-03
    3099     -0.17547055E-03     -0.17663973E-03     -0.24214659E-03     -0.44299011E-03
    3100     -0.17547113E-03     -0.17663973E-03     -0.24221142E-03     -0.44299011E-03
    3101     -0.17547158E-03     -0.17663973E-03     -0.24225464E-03     -0.44299011E-03
    3102     -0.17547197E-03     -0.17663973E-03     -0.24230766E-03     -0.44299011E-03
    3103     -0.17547248E-03     -0.17663973E-03     -0.24237806E-03     -0.44299011E-03
    3104     -0.17547296E-03     -0.17663973E-03     -0.24241729E-03     -0.44299011E-03
    3105     -0.17547352E-03     -0.17663973E-03     -0.24246592E-03     -0.44299011E-03
    3106     -0.17547437E-03     -0.17663973E-03     -0.24253656E-03     -0.44299011E-03
    3107     -0.17547484E-03     -0.17663973E-03     -0.24258230E-03     -0.44299011E-03
    3108     -0.17547533E-03     -0.17663973E-03     -0.24262596E-03     -0.44299011E-03
    3109     -0.17547584E-03     -0.17663973E-03     -0.24266598E-03     -0.44299011E-03
    3110     -0.17547626E-03     -0.17663973E-03     -0.24270338E-03     -0.44299011E-03
    3111     -0.17547667E-03     -0.17663973E-03     -0.24274768E-03     -0.44299011E-03
    3112     -0.17547711E-03     -0.17663973E-03     -0.24280069E-03     -0.44299011E-03
    3113     -0.17547765E-03     -0.17663973E-03     -0.24284747E-03     -0.44299011E-03
    3114     -0.17547807E-03     -0.17663973E-03     -0.24289110E-03     -0.44299011E-03
    3115     -0.17547847E-03     -0.17663973E-03     -0.24292849E-03     -0.44299011E-03
    3116     -0.17547881E-03     -0.17663973E-03     -0.24296348E-03     -0.44299011E-03
    3117     -0.17547924E-03     -0.17663973E-03     -0.24299970E-03     -0.44299011E-03
    3118     -0.17547977E-03     -0.17663973E-03     -0.24304700E-03     -0.44299011E-03
    3119     -0.17548027E-03     -0.17663973E-03     -0.24310101E-03     -0.44299011E-03
    3120     -0.17548082E-03     -0.17663973E-03     -0.24315484E-03     -0.44299011E-03
    3121     -0.17548134E-03     -0.17663973E-03     -0.24320780E-03     -0.44299011E-03
    3122     -0.17548175E-03     -0.17663973E-03     -0.24326402E-03     -0.44299011E-03
    3123     -0.17548216E-03     -0.17663973E-03     -0.24331253E-03     -0.44299011E-03
    3124     -0.17548270E-03     -0.17663973E-03     -0.24336387E-03     -0.44299011E-03
    3125     -0.17548314E-03     -0.17663973E-03     -0.24342643E-03     -0.44299011E-03
    3126     -0.17548367E-03     -0.17663973E-03     -0.24347648E-03     -0.44299011E-03
    3127     -0.17548415E-03     -0.17663973E-03     -0.24353397E-03     -0.44299011E-03
    3128     -0.17548465E-03     -0.17663973E-03     -0.24361260E-03     -0.44299011E-03
    3129     -0.17548524E-03     -0.17663973E-03     -0.24366639E-03     -0.44299011E-03
    3130     -0.17548568E-03     -0.17663973E-03     -0.24371663E-03     -0.44299011E-03
    3131     -0.17548611E-03     -0.17663973E-03     -0.24375618E-03     -0.44299011E-03
    3132     -0.17548663E-03     -0.17663973E-03     -0.24380846E-03     -0.44299011E-03
    3133     -0.17548710E-03     -0.17663973E-03     -0.24384448E-03     -0.44299011E-03
    3134     -0.17548763E-03     -0.17663973E-03     -0.24390173E-03     -0.44299011E-03
    3135     -0.17548804E-03     -0.17663973E-03     -0.24395076E-03     -0.44299011E-03
    3136     -0.17548850E-03     -0.17663973E-03     -0.24399107E-03     -0.44299011E-03
    3137     -0.17548885E-03     -0.17663973E-03     -0.24402949E-03     -0.44299011E-03
    3138     -0.17548927E-03     -0.17663973E-03     -0.24407192E-03     -0.44299011E-03
    3139     -0.17548973E-03     -0.17663973E-03     -0.24411762E-03     -0.44299011E-03
    3140     -0.17549013E-03     -0.17663973E-03     -0.24416019E-03     -0.44299011E-03
    3141     -0.17549052E-03     -0.17663973E-03     -0.24419642E-03     -0.44299011E-03
    3142     -0.17549093E-03     -0.17663973E-03     -0.24425320E-03     -0.44299011E-03
    3143     -0.17549147E-03     -0.17663973E-03     -0.24433404E-03     -0.44299011E-03
    3144     -0.17549183E-03     -0.17663973E-03     -0.24438355E-03     -0.44299011E-03
    3145     -0.17549232E-03     -0.17663973E-03     -0.24445100E-03     -0.44299011E-03
    3146     -0.17549274E-03     -0.17663973E-03     -0.24449786E-03     -0.44299011E-03
    3147     -0.17549311E-03     -0.17663973E-03     -0.24454019E-03     -0.44299011E-03
    3148     -0.17549351E-03     -0.17663973E-03     -0.24458960E-03     -0.44299011E-03
    3149     -0.17549394E-03     -0.17663973E-03     -0.24464427E-03     -0.44299011E-03
    3150     -0.17549444E-03     -0.17663973E-03     -0.24469430E-03     -0.44299011E-03
    3151     -0.17549483E-03     -0.17663973E-03     -0.24474608E-03     -0.44299011E-03
    3152     -0.17549527E-03     -0.17663973E-03     -0.24479453E-03     -0.44299011E-03
    3153     -0.17549575E-03     -0.17663973E-03     -0.24485186E-03     -0.44299011E-03
    3154     -0.17549625E-03     -0.17663973E-03     -0.24491367E-03     -0.44299011E-03
    3155     -0.17549677E-03     -0.17663973E-03     -0.24496895E-03     -0.44299011E-03
    3156     -0.17549719E-03     -0.17663973E-03     -0.24501388E-03     -0.44299011E-03
    3157     -0.17549774E-03     -0.17663973E-03     -0.24508145E-03     -0.44299011E-03
    3158     -0.17549837E-03     -0.17663973E-03     -0.24513643E-03     -0.44299011E-03
    3159     -0.17549891E-03     -0.17663973E-03     -0.24519894E-03     -0.44299011E-03
    3160     -0.17549948E-03     -0.17663973E-03     -0.24525570E-03     -0.44299011E-03
    3161     -0.17550002E-03     -0.17663973E-03     -0.24531416E-03     -0.44299011E-03
    3162     -0.17550073E-03     -0.17663973E-03     -0.24538257E-03     -0.44299011E-03
    3163     -0.17550137E-03     -0.17663973E-03     -0.24544464E-03     -0.44299011E-03
    3164     -0.17550188E-03     -0.17663973E-03     -0.24550057E-03     -0.44299011E-03
    3165     -0.17550237E-03     -0.17663973E-03     -0.24555389E-03     -0.44299011E-03
    3166     -0.17550290E-03     -0.17663973E-03     -0.24561385E-03     -0.44299011E-03
    3167     -0.17550339E-03     -0.17663973E-03     -0.24566376E-03     -0.44299011E-03
    3168     -0.17550382E-03     -0.17663973E-03     -0.24571779E-03     -0.44299011E-03
    3169     -0.17550429E-03     -0.17663973E-03     -0.24577150E-03     -0.44299011E-03
    3170     -0.17550469E-03     -0.17663973E-03     -0.24581881E-03     -0.44299011E-03
    3171     -0.17550507E-03     -0.17663973E-03     -0.24587916E-03     -0.44299011E-03
    3172     -0.17550542E-03     -0.17663973E-03     -0.24592849E-03     -0.44299011E-03
    3173     -0.17550580E-03     -0.17663973E-03     -0.24600094E-03     -0.44299011E-03
    3174     -0.17550619E-03     -0.17663973E-03     -0.24604920E-03     -0.44299011E-03
    3175     -0.17550657E-03     -0.17663973E-03     -0.24610352E-03     -0.44299011E-03
    3176     -0.17550698E-03     -0.17663973E-03     -0.24615012E-03     -0.44299011E-03
    3177     -0.17550743E-03     -0.17663973E-03     -0.24619820E-03     -0.44299011E-03
    3178     -0.17550790E-03     -0.17663973E-03     -0.24625318E-03     -0.44299011E-03
    3179     -0.17550827E-03     -0.17663973E-03     -0.24629096E-03     -0.44299011E-03
    3180     -0.17550869E-03     -0.17663973E-03     -0.24633622E-03     -0.44299011E-03
    3181     -0.17550916E-03     -0.17663973E-03     -0.24638255E-03     -0.44299011E-03
    3182     -0.17550963E-03     -0.17663973E-03     -0.24643226E-03     -0.44299011E-03
    3183     -0.17551013E-03     -0.17663973E-03     -0.24648292E-03     -0.44299011E-03
    3184     -0.17551053E-03     -0.17663973E-03     -0.24652863E-03     -0.44299011E-03
    3185     -0.17551106E-03     -0.17663973E-03     -0.24658519E-03     -0.44299011E-03
    3186     -0.17551162E-03     -0.17663973E-03     -0.24664464E-03     -0.44299011E-03
    3187     -0.17551197E-03     -0.17663973E-03     -0.24668471E-03     -0.44299011E-03
    3188     -0.17551250E-03     -0.17663973E-03     -0.24673997E-03     -0.44299011E-03
    3189     -0.17551310E-03     -0.17663973E-03     -0.24679535E-03     -0.44299011E-03
    3190     -0.17551348E-03     -0.17663973E-03     -0.24684086E-03     -0.44299011E-03
    3191     -0.17551399E-03     -0.17663973E-03     -0.24689640E-03     -0.44299011E-03
    3192     -0.17551443E-03     -0.17663973E-03     -0.24695574E-03     -0.44299011E-03
    3193     -0.17551488E-03     -0.17663973E-03     -0.24700703E-03     -0.44299011E-03
    3194     -0.17551532E-03     -0.17663973E-03     -0.24706458E-03     -0.44299011E-03
    3195     -0.17551570E-03     -0.17663973E-03     -0.24710377E-03     -0.44299011E-03
    3196     -0.17551624E-03     -0.17663973E-03     -0.24718857E-03     -0.44299011E-03
    3197     -0.17551670E-03     -0.17663973E-03     -0.24723498E-03     -0.44299011E-03
    3198     -0.17551717E-03     -0.17663973E-03     -0.24728441E-03     -0.44299011E-03
    3199     -0.17551766E-03     -0.17663973E-03     -0.24733548E-03     -0.44299011E-03
    3200     -0.17551805E-03     -0.17663973E-03     -0.24737782E-03     -0.44299011E-03
    3201     -0.17551853E-03     -0.17663973E-03     -0.24742626E-03     -0.44299011E-03
    3202     -0.17551890E-03     -0.17663973E-03     -0.24746847E-03     -0.44299011E-03
    3203     -0.17551930E-03     -0.17663973E-03     -0.24752180E-03     -0.44299011E-03
    3204     -0.17551970E-03     -0.17663973E-03     -0.24757089E-03     -0.44299011E-03
    3205     -0.17552004E-03     -0.17663973E-03     -0.24760805E-03     -0.44299011E-03
    3206     -0.17552056E-03     -0.17663973E-03     -0.24766029E-03     -0.44299011E-03
    3207     -0.17552092E-03     -0.17663973E-03     -0.24770385E-03     -0.44299011E-03
    3208     -0.17552142E-03     -0.17663973E-03     -0.24774661E-03     -0.44299011E-03
    3209     -0.17552184E-03     -0.17663973E-03     -0.24779064E-03     -0.44299011E-03
    3210     -0.17552230E-03     -0.17663973E-03     -0.24783263E-03     -0.44299011E-03
    3211     -0.17552277E-03     -0.17663973E-03     -0.24787587E-03     -0.44299011E-03
    3212     -0.17552324E-03     -0.17663973E-03     -0.24793240E-03     -0.44299011E-03
    3213     -0.17552373E-03     -0.17663973E-03     -0.24796859E-03     -0.44299011E-03
    3214     -0.17552433E-03     -0.17663973E-03     -0.24802819E-03     -0.44299011E-03
    3215     -0.17552489E-03     -0.17663973E-03     -0.24808896E-03     -0.44299011E-03
    3216     -0.17552537E-03     -0.17663973E-03     -0.24814006E-03     -0.44299011E-03
    3217     -0.17552581E-03     -0.17663973E-03     -0.24818340E-03     -0.44299011E-03
    3218     -0.17552627E-03     -0.17663973E-03     -0.24822954E-03     -0.44299011E-03
    3219     -0.17552667E-03     -0.17663973E-03     -0.24827670E-03     -0.44299011E-03
    3220     -0.17552738E-03     -0.17663973E-03     -0.24834288E-03     -0.44299011E-03
    3221     -0.17552774E-03     -0.17663973E-03     -0.24838080E-03     -0.44299011E-03
    3222     -0.17552814E-03     -0.17663973E-03     -0.24843143E-03     -0.44299011E-03
    3223     -0.17552863E-03     -0.17663973E-03     -0.24848621E-03     -0.44299011E-03
    3224     -0.17552898E-03     -0.17663973E-03     -0.24852894E-03     -0.44299011E-03
    3225     -0.17552934E-03     -0.17663973E-03     -0.24857491E-03     -0.44299011E-03
    3226     -0.17552973E-03     -0.17663973E-03     -0.24862979E-03     -0.44299011E-03
    3227     -0.17553015E-03     -0.17663973E-03     -0.24867277E-03     -0.44299011E-03
    3228     -0.17553053E-03     -0.17663973E-03     -0.24871908E-03     -0.44299011E-03
    3229     -0.17553105E-03     -0.17663973E-03     -0.24877306E-03     -0.44299011E-03
    3230     -0.17553148E-03     -0.17663973E-03     -0.24881529E-03     -0.44299011E-03
    3231     -0.17553202E-03     -0.17663973E-03     -0.24886709E-03     -0.44299011E-03
    3232     -0.17553247E-03     -0.17663973E-03     -0.24891787E-03     -0.44299011E-03
    3233     -0.17553293E-03     -0.17663973E-03     -0.24899942E-03     -0.44299011E-03
    3234     -0.17553328E-03     -0.17663973E-03     -0.24903875E-03     -0.44299011E-03
    3235     -0.17553368E-03     -0.17663973E-03     -0.24907814E-03     -0.44299011E-03
    3236     -0.17553425E-03     -0.17663973E-03     -0.24913288E-03     -0.44299011E-03
    3237     -0.17553476E-03     -0.17663973E-03     -0.24917415E-03     -0.44299011E-03
    3238     -0.17553554E-03     -0.17663973E-03     -0.24924209E-03     -0.44299011E-03
    3239     -0.17553601E-03     -0.17663973E-03     -0.24929455E-03     -0.44299011E-03
    3240     -0.17553644E-03     -0.17663973E-03     -0.24934902E-03     -0.44299011E-03
    3241     -0.17553687E-03     -0.17663973E-03     -0.24940122E-03     -0.44299011E-03
    3242     -0.17553727E-03     -0.17663973E-03     -0.24944405E-03     -0.44299011E-03
    3243     -0.17553777E-03     -0.17663973E-03     -0.24950424E-03     -0.44299011E-03
    3244     -0.17553817E-03     -0.17663973E-03     -0.24954994E-03     -0.44299011E-03
    3245     -0.17553858E-03     -0.17663973E-03     -0.24960051E-03     -0.44299011E-03
    3246     -0.17553894E-03     -0.17663973E-03     -0.24964577E-03     -0.44299011E-03
    3247     -0.17553932E-03     -0.17663973E-03     -0.24969055E-03     -0.44299011E-03
    3248     -0.17553968E-03     -0.17663973E-03     -0.24973785E-03     -0.44299011E-03
    3249     -0.17554003E-03     -0.17663973E-03     -0.24977494E-03     -0.44299011E-03
    3250     -0.17554040E-03     -0.17663973E-03     -0.24981218E-03     -0.44299011E-03
    3251     -0.17554072E-03     -0.17663973E-03     -0.24984693E-03     -0.44299011E-03
    3252     -0.17554105E-03     -0.17663973E-03     -0.24989204E-03     -0.44299011E-03
    3253     -0.17554143E-03     -0.17663973E-03     -0.24994001E-03     -0.44299011E-03
    3254     -0.17554184E-03     -0.17663973E-03     -0.24998273E-03     -0.44299011E-03
    3255     -0.17554218E-03     -0.17663973E-03     -0.25001774E-03     -0.44299011E-03
    3256     -0.17554255E-03     -0.17663973E-03     -0.25006655E-03     -0.44299011E-03
    3257     -0.17554308E-03     -0.17663973E-03     -0.25012038E-03     -0.44299011E-03
    3258     -0.17554346E-03     -0.17663973E-03     -0.25017977E-03     -0.44299011E-03
    3259     -0.17554399E-03     -0.17663973E-03     -0.25024491E-03     -0.44299011E-03
    3260     -0.17554443E-03     -0.17663973E-03     -0.25029783E-03     -0.44299011E-03
    3261     -0.17554491E-03     -0.17663973E-03     -0.25034581E-03     -0.44299011E-03
    3262     -0.17554531E-03     -0.17663973E-03     -0.25038682E-03     -0.44299011E-03
    3263     -0.17554586E-03     -0.17663973E-03     -0.25044573E-03     -0.44299011E-03
    3264     -0.17554625E-03     -0.17663973E-03     -0.25049385E-03     -0.44299011E-03
    3265     -0.17554663E-03     -0.17663973E-03     -0.25054045E-03     -0.44299011E-03
    3266     -0.17554699E-03     -0.17663973E-03     -0.25058517E-03     -0.44299011E-03
    3267     -0.17554748E-03     -0.17663973E-03     -0.25064689E-03     -0.44299011E-03
    3268     -0.17554793E-03     -0.17663973E-03     -0.25069272E-03     -0.44299011E-03
    3269     -0.17554865E-03     -0.17663973E-03     -0.25078991E-03     -0.44299011E-03
    3270     -0.17554940E-03     -0.17663973E-03     -0.25088542E-03     -0.44299011E-03
    3271     -0.17554972E-03     -0.17663973E-03     -0.25092850E-03     -0.44299011E-03
    3272     -0.17555024E-03     -0.17663973E-03     -0.25099064E-03     -0.44299011E-03
    3273     -0.17555080E-03     -0.17663973E-03     -0.25105508E-03     -0.44299011E-03
    3274     -0.17555172E-03     -0.17663973E-03     -0.25115164E-03     -0.44299011E-03
    3275     -0.17555283E-03     -0.17663973E-03     -0.25125408E-03     -0.44299011E-03
    3276     -0.17555343E-03     -0.17663973E-03     -0.25133106E-03     -0.44299011E-03
    3277     -0.17555383E-03     -0.17663973E-03     -0.25137847E-03     -0.44299011E-03
    3278     -0.17555422E-03     -0.17663973E-03     -0.25143154E-03     -0.44299011E-03
    3279     -0.17555471E-03     -0.17663973E-03     -0.25149689E-03     -0.44299011E-03
    3280     -0.17555529E-03     -0.17663973E-03     -0.25158958E-03     -0.44299011E-03
    3281     -0.17555599E-03     -0.17663973E-03     -0.25170103E-03     -0.44299011E-03
    3282     -0.17555667E-03     -0.17663973E-03     -0.25181562E-03     -0.44299011E-03
    3283     -0.17555720E-03     -0.17663973E-03     -0.25187997E-03     -0.44299011E-03
    3284     -0.17555785E-03     -0.17663973E-03     -0.25193648E-03     -0.44299011E-03
    3285     -0.17555820E-03     -0.17663973E-03     -0.25197905E-03     -0.44299011E-03
    3286     -0.17555864E-03     -0.17663973E-03     -0.25202984E-03     -0.44299011E-03
    3287     -0.17555926E-03     -0.17663973E-03     -0.25211097E-03     -0.44299011E-03
    3288     -0.17555980E-03     -0.17663973E-03     -0.25218391E-03     -0.44299011E-03
    3289     -0.17556030E-03     -0.17663973E-03     -0.25223201E-03     -0.44299011E-03
    3290     -0.17556078E-03     -0.17663973E-03     -0.25229053E-03     -0.44299011E-03
    3291     -0.17556112E-03     -0.17663973E-03     -0.25233521E-03     -0.44299011E-03
    3292     -0.17556156E-03     -0.17663973E-03     -0.25239038E-03     -0.44299011E-03
    3293     -0.17556215E-03     -0.17663973E-03     -0.25244109E-03     -0.44299011E-03
    3294     -0.17556253E-03     -0.17663973E-03     -0.25249005E-03     -0.44299011E-03
    3295     -0.17556286E-03     -0.17663973E-03     -0.25252782E-03     -0.44299011E-03
    3296     -0.17556331E-03     -0.17663973E-03     -0.25257823E-03     -0.44299011E-03
    3297     -0.17556361E-03     -0.17663973E-03     -0.25261413E-03     -0.44299011E-03
    3298     -0.17556406E-03     -0.17663973E-03     -0.25265882E-03     -0.44299011E-03
    3299     -0.17556439E-03     -0.17663973E-03     -0.25269458E-03     -0.44299011E-03
    3300     -0.17556469E-03     -0.17663973E-03     -0.25273263E-03     -0.44299011E-03
    3301     -0.17556504E-03     -0.17663973E-03     -0.25277454E-03     -0.44299011E-03
    3302     -0.17556545E-03     -0.17663973E-03     -0.25282568E-03     -0.44299011E-03
    3303     -0.17556578E-03     -0.17663973E-03     -0.25287197E-03     -0.44299011E-03
    3304     -0.17556613E-03     -0.17663973E-03     -0.25290673E-03     -0.44299011E-03
    3305     -0.17556650E-03     -0.17663973E-03     -0.25294128E-03     -0.44299011E-03
    3306     -0.17556681E-03     -0.17663973E-03     -0.25298008E-03     -0.44299011E-03
    3307     -0.17556717E-03     -0.17663973E-03     -0.25301732E-03     -0.44299011E-03
    3308     -0.17556748E-03     -0.17663973E-03     -0.25305281E-03     -0.44299011E-03
    3309     -0.17556789E-03     -0.17663973E-03     -0.25309225E-03     -0.44299011E-03
    3310     -0.17556821E-03     -0.17663973E-03     -0.25312345E-03     -0.44299011E-03
    3311     -0.17556849E-03     -0.17663973E-03     -0.25315424E-03     -0.44299011E-03
    3312     -0.17556881E-03     -0.17663973E-03     -0.25318763E-03     -0.44299011E-03
    3313     -0.17556907E-03     -0.17663973E-03     -0.25323021E-03     -0.44299011E-03
    3314     -0.17556943E-03     -0.17663973E-03     -0.25326367E-03     -0.44299011E-03
    3315     -0.17556979E-03     -0.17663973E-03     -0.25329854E-03     -0.44299011E-03
    3316     -0.17557013E-03     -0.17663973E-03     -0.25333180E-03     -0.44299011E-03
    3317     -0.17557039E-03     -0.17663973E-03     -0.25336251E-03     -0.44299011E-03
    3318     -0.17557069E-03     -0.17663973E-03     -0.25339257E-03     -0.44299011E-03
    3319     -0.17557102E-03     -0.17663973E-03     -0.25342455E-03     -0.44299011E-03
    3320     -0.17557135E-03     -0.17663973E-03     -0.25346906E-03     -0.44299011E-03
    3321     -0.17557166E-03     -0.17663973E-03     -0.25350435E-03     -0.44299011E-03
    3322     -0.17557201E-03     -0.17663973E-03     -0.25354083E-03     -0.44299011E-03
    3323     -0.17557234E-03     -0.17663973E-03     -0.25357863E-03     -0.44299011E-03
    3324     -0.17557270E-03     -0.17663973E-03     -0.25361486E-03     -0.44299011E-03
    3325     -0.17557305E-03     -0.17663973E-03     -0.25366341E-03     -0.44299011E-03
    3326     -0.17557343E-03     -0.17663973E-03     -0.25369963E-03     -0.44299011E-03
    3327     -0.17557373E-03     -0.17663973E-03     -0.25373149E-03     -0.44299011E-03
    3328     -0.17557416E-03     -0.17663973E-03     -0.25376842E-03     -0.44299011E-03
    3329     -0.17557452E-03     -0.17663973E-03     -0.25380629E-03     -0.44299011E-03
    3330     -0.17557479E-03     -0.17663973E-03     -0.25383876E-03     -0.44299011E-03
    3331     -0.17557508E-03     -0.17663973E-03     -0.25386892E-03     -0.44299011E-03
    3332     -0.17557533E-03     -0.17663973E-03     -0.25389864E-03     -0.44299011E-03
    3333     -0.17557554E-03     -0.17663973E-03     -0.25393340E-03     -0.44299011E-03
    3334     -0.17557579E-03     -0.17663973E-03     -0.25396505E-03     -0.44299011E-03
    3335     -0.17557612E-03     -0.17663973E-03     -0.25400675E-03     -0.44299011E-03
    3336     -0.17557645E-03     -0.17663973E-03     -0.25404566E-03     -0.44299011E-03
    3337     -0.17557671E-03     -0.17663973E-03     -0.25407548E-03     -0.44299011E-03
    3338     -0.17557698E-03     -0.17663973E-03     -0.25411036E-03     -0.44299011E-03
    3339     -0.17557716E-03     -0.17663973E-03     -0.25414329E-03     -0.44299011E-03
    3340     -0.17557744E-03     -0.17663973E-03     -0.25418052E-03     -0.44299011E-03
    3341     -0.17557772E-03     -0.17663973E-03     -0.25421680E-03     -0.44299011E-03
    3342     -0.17557800E-03     -0.17663973E-03     -0.25425034E-03     -0.44299011E-03
    3343     -0.17557835E-03     -0.17663973E-03     -0.25428835E-03     -0.44299011E-03
    3344     -0.17557869E-03     -0.17663973E-03     -0.25432677E-03     -0.44299011E-03
    3345     -0.17557904E-03     -0.17663973E-03     -0.25437427E-03     -0.44299011E-03
    3346     -0.17557935E-03     -0.17663973E-03     -0.25441946E-03     -0.44299011E-03
    3347     -0.17557962E-03     -0.17663973E-03     -0.25446167E-03     -0.44299011E-03
    3348     -0.17558004E-03     -0.17663973E-03     -0.25450957E-03     -0.44299011E-03
    3349     -0.17558039E-03     -0.17663973E-03     -0.25455036E-03     -0.44299011E-03
    3350     -0.17558069E-03     -0.17663973E-03     -0.25459305E-03     -0.44299011E-03
    3351     -0.17558106E-03     -0.17663973E-03     -0.25464135E-03     -0.44299011E-03
    3352     -0.17558143E-03     -0.17663973E-03     -0.25468199E-03     -0.44299011E-03
    3353     -0.17558180E-03     -0.17663973E-03     -0.25472792E-03     -0.44299011E-03
    3354     -0.17558217E-03     -0.17663973E-03     -0.25477569E-03     -0.44299011E-03
    3355     -0.17558243E-03     -0.17663973E-03     -0.25481472E-03     -0.44299011E-03
    3356     -0.17558268E-03     -0.17663973E-03     -0.25485077E-03     -0.44299011E-03
    3357     -0.17558306E-03     -0.17663973E-03     -0.25489226E-03     -0.44299011E-03
    3358     -0.17558342E-03     -0.17663973E-03     -0.25493456E-03     -0.44299011E-03
    3359     -0.17558381E-03     -0.17663973E-03     -0.25497920E-03     -0.44299011E-03
    3360     -0.17558418E-03     -0.17663973E-03     -0.25502693E-03     -0.44299011E-03
    3361     -0.17558448E-03     -0.17663973E-03     -0.25506002E-03     -0.44299011E-03
    3362     -0.17558483E-03     -0.17663973E-03     -0.25510089E-03     -0.44299011E-03
    3363     -0.17558520E-03     -0.17663973E-03     -0.25514270E-03     -0.44299011E-03
    3364     -0.17558550E-03     -0.17663973E-03     -0.25517915E-03     -0.44299011E-03
    3365     -0.17558581E-03     -0.17663973E-03     -0.25521794E-03     -0.44299011E-03
    3366     -0.17558612E-03     -0.17663973E-03     -0.25525387E-03     -0.44299011E-03
    3367     -0.17558643E-03     -0.17663973E-03     -0.25528614E-03     -0.44299011E-03
    3368     -0.17558668E-03     -0.17663973E-03     -0.25532277E-03     -0.44299011E-03
    3369     -0.17558698E-03     -0.17663973E-03     -0.25536203E-03     -0.44299011E-03
    3370     -0.17558730E-03     -0.17663973E-03     -0.25540330E-03     -0.44299011E-03
    3371     -0.17558764E-03     -0.17663973E-03     -0.25543773E-03     -0.44299011E-03
    3372     -0.17558801E-03     -0.17663973E-03     -0.25549092E-03     -0.44299011E-03
    3373     -0.17558834E-03     -0.17663973E-03     -0.25554151E-03     -0.44299011E-03
    3374     -0.17558861E-03     -0.17663973E-03     -0.25558737E-03     -0.44299011E-03
    3375     -0.17558890E-03     -0.17663973E-03     -0.25563564E-03     -0.44299011E-03
    3376     -0.17558930E-03     -0.17663973E-03     -0.25568370E-03     -0.44299011E-03
    3377     -0.17558961E-03     -0.17663973E-03     -0.25573670E-03     -0.44299011E-03
    3378     -0.17558985E-03     -0.17663973E-03     -0.25577268E-03     -0.44299011E-03
    3379     -0.17559029E-03     -0.17663973E-03     -0.25582032E-03     -0.44299011E-03
    3380     -0.17559065E-03     -0.17663973E-03     -0.25586252E-03     -0.44299011E-03
    3381     -0.17559095E-03     -0.17663973E-03     -0.25590919E-03     -0.44299011E-03
    3382     -0.17559134E-03     -0.17663973E-03     -0.25596490E-03     -0.44299011E-03
    3383     -0.17559175E-03     -0.17663973E-03     -0.25600802E-03     -0.44299011E-03
    3384     -0.17559205E-03     -0.17663973E-03     -0.25605037E-03     -0.44299011E-03
    3385     -0.17559242E-03     -0.17663973E-03     -0.25610512E-03     -0.44299011E-03
    3386     -0.17559284E-03     -0.17663973E-03     -0.25614814E-03     -0.44299011E-03
    3387     -0.17559325E-03     -0.17663973E-03     -0.25618744E-03     -0.44299011E-03
    3388     -0.17559361E-03     -0.17663973E-03     -0.25622845E-03     -0.44299011E-03
    3389     -0.17559388E-03     -0.17663973E-03     -0.25626087E-03     -0.44299011E-03
    3390     -0.17559424E-03     -0.17663973E-03     -0.25629555E-03     -0.44299011E-03
    3391     -0.17559453E-03     -0.17663973E-03     -0.25632975E-03     -0.44299011E-03
    3392     -0.17559478E-03     -0.17663973E-03     -0.25635921E-03     -0.44299011E-03
    3393     -0.17559516E-03     -0.17663973E-03     -0.25639726E-03     -0.44299011E-03
    3394     -0.17559544E-03     -0.17663973E-03     -0.25643297E-03     -0.44299011E-03
    3395     -0.17559573E-03     -0.17663973E-03     -0.25646891E-03     -0.44299011E-03
    3396     -0.17559609E-03     -0.17663973E-03     -0.25650939E-03     -0.44299011E-03
    3397     -0.17559652E-03     -0.17663973E-03     -0.25655593E-03     -0.44299011E-03
    3398     -0.17559685E-03     -0.17663973E-03     -0.25659555E-03     -0.44299011E-03
    3399     -0.17559723E-03     -0.17663973E-03     -0.25663689E-03     -0.44299011E-03
    3400     -0.17559754E-03     -0.17663973E-03     -0.25667990E-03     -0.44299011E-03
    3401     -0.17559787E-03     -0.17663973E-03     -0.25671461E-03     -0.44299011E-03
    3402     -0.17559826E-03     -0.17663973E-03     -0.25675106E-03     -0.44299011E-03
    3403     -0.17559865E-03     -0.17663973E-03     -0.25679436E-03     -0.44299011E-03
    3404     -0.17559895E-03     -0.17663973E-03     -0.25682767E-03     -0.44299011E-03
    3405     -0.17559934E-03     -0.17663973E-03     -0.25687128E-03     -0.44299011E-03
    3406     -0.17559964E-03     -0.17663973E-03     -0.25691031E-03     -0.44299011E-03
    3407     -0.17559988E-03     -0.17663973E-03     -0.25694561E-03     -0.44299011E-03
    3408     -0.17560019E-03     -0.17663973E-03     -0.25698205E-03     -0.44299011E-03
    3409     -0.17560053E-03     -0.17663973E-03     -0.25702541E-03     -0.44299011E-03
    3410     -0.17560083E-03     -0.17663973E-03     -0.25706059E-03     -0.44299011E-03
    3411     -0.17560110E-03     -0.17663973E-03     -0.25710844E-03     -0.44299011E-03
    3412     -0.17560142E-03     -0.17663973E-03     -0.25714735E-03     -0.44299011E-03
    3413     -0.17560171E-03     -0.17663973E-03     -0.25718341E-03     -0.44299011E-03
    3414     -0.17560207E-03     -0.17663973E-03     -0.25722413E-03     -0.44299011E-03
    3415     -0.17560236E-03     -0.17663973E-03     -0.25726481E-03     -0.44299011E-03
    3416     -0.17560261E-03     -0.17663973E-03     -0.25729588E-03     -0.44299011E-03
    3417     -0.17560291E-03     -0.17663973E-03     -0.25732926E-03     -0.44299011E-03
    3418     -0.17560319E-03     -0.17663973E-03     -0.25736435E-03     -0.44299011E-03
    3419     -0.17560357E-03     -0.17663973E-03     -0.25740443E-03     -0.44299011E-03
    3420     -0.17560386E-03     -0.17663973E-03     -0.25744219E-03     -0.44299011E-03
    3421     -0.17560417E-03     -0.17663973E-03     -0.25747647E-03     -0.44299011E-03
    3422     -0.17560449E-03     -0.17663973E-03     -0.25750968E-03     -0.44299011E-03
    3423     -0.17560474E-03     -0.17663973E-03     -0.25754565E-03     -0.44299011E-03
    3424     -0.17560501E-03     -0.17663973E-03     -0.25757991E-03     -0.44299011E-03
    3425     -0.17560536E-03     -0.17663973E-03     -0.25761667E-03     -0.44299011E-03
    3426     -0.17560567E-03     -0.17663973E-03     -0.25765142E-03     -0.44299011E-03
    3427     -0.17560604E-03     -0.17663973E-03     -0.25769340E-03     -0.44299011E-03
    3428     -0.17560639E-03     -0.17663973E-03     -0.25773491E-03     -0.44299011E-03
    3429     -0.17560668E-03     -0.17663973E-03     -0.25777382E-03     -0.44299011E-03
    3430     -0.17560706E-03     -0.17663973E-03     -0.25781063E-03     -0.44299011E-03
    3431     -0.17560733E-03     -0.17663973E-03     -0.25784763E-03     -0.44299011E-03
    3432     -0.17560762E-03     -0.17663973E-03     -0.25788588E-03     -0.44299011E-03
    3433     -0.17560804E-03     -0.17663973E-03     -0.25792543E-03     -0.44299011E-03
    3434     -0.17560833E-03     -0.17663973E-03     -0.25797279E-03     -0.44299011E-03
    3435     -0.17560872E-03     -0.17663973E-03     -0.25801529E-03     -0.44299011E-03
    3436     -0.17560912E-03     -0.17663973E-03     -0.25806130E-03     -0.44299011E-03
    3437     -0.17560950E-03     -0.17663973E-03     -0.25810914E-03     -0.44299011E-03
    3438     -0.17560993E-03     -0.17663973E-03     -0.25815175E-03     -0.44299011E-03
    3439     -0.17561038E-03     -0.17663973E-03     -0.25820029E-03     -0.44299011E-03
    3440     -0.17561087E-03     -0.17663973E-03     -0.25824933E-03     -0.44299011E-03
    3441     -0.17561114E-03     -0.17663973E-03     -0.25828513E-03     -0.44299011E-03
    3442     -0.17561149E-03     -0.17663973E-03     -0.25832497E-03     -0.44299011E-03
    3443     -0.17561189E-03     -0.17663973E-03     -0.25837564E-03     -0.44299011E-03
    3444     -0.17561216E-03     -0.17663973E-03     -0.25841598E-03     -0.44299011E-03
    3445     -0.17561255E-03     -0.17663973E-03     -0.25846498E-03     -0.44299011E-03
    3446     -0.17561286E-03     -0.17663973E-03     -0.25851236E-03     -0.44299011E-03
    3447     -0.17561329E-03     -0.17663973E-03     -0.25856604E-03     -0.44299011E-03
    3448     -0.17561366E-03     -0.17663973E-03     -0.25861849E-03     -0.44299011E-03
    3449     -0.17561408E-03     -0.17663973E-03     -0.25865957E-03     -0.44299011E-03
    3450     -0.17561441E-03     -0.17663973E-03     -0.25870165E-03     -0.44299011E-03
    3451     -0.17561482E-03     -0.17663973E-03     -0.25874485E-03     -0.44299011E-03
    3452     -0.17561521E-03     -0.17663973E-03     -0.25878317E-03     -0.44299011E-03
    3453     -0.17561560E-03     -0.17663973E-03     -0.25882278E-03     -0.44299011E-03
    3454     -0.17561591E-03     -0.17663973E-03     -0.25886071E-03     -0.44299011E-03
    3455     -0.17561628E-03     -0.17663973E-03     -0.25890008E-03     -0.44299011E-03
    3456     -0.17561657E-03     -0.17663973E-03     -0.25893983E-03     -0.44299011E-03
    3457     -0.17561687E-03     -0.17663973E-03     -0.25898376E-03     -0.44299011E-03
    3458     -0.17561719E-03     -0.17663973E-03     -0.25902759E-03     -0.44299011E-03
    3459     -0.17561752E-03     -0.17663973E-03     -0.25906427E-03     -0.44299011E-03
    3460     -0.17561782E-03     -0.17663973E-03     -0.25910667E-03     -0.44299011E-03
    3461     -0.17561816E-03     -0.17663973E-03     -0.25914393E-03     -0.44299011E-03
    3462     -0.17561851E-03     -0.17663973E-03     -0.25918450E-03     -0.44299011E-03
    3463     -0.17561896E-03     -0.17663973E-03     -0.25922890E-03     -0.44299011E-03
    3464     -0.17561933E-03     -0.17663973E-03     -0.25927103E-03     -0.44299011E-03
    3465     -0.17561977E-03     -0.17663973E-03     -0.25932232E-03     -0.44299011E-03
    3466     -0.17562015E-03     -0.17663973E-03     -0.25937307E-03     -0.44299011E-03
    3467     -0.17562050E-03     -0.17663973E-03     -0.25941408E-03     -0.44299011E-03
    3468     -0.17562093E-03     -0.17663973E-03     -0.25946158E-03     -0.44299011E-03
    3469     -0.17562125E-03     -0.17663973E-03     -0.25949676E-03     -0.44299011E-03
    3470     -0.17562156E-03     -0.17663973E-03     -0.25953833E-03     -0.44299011E-03
    3471     -0.17562208E-03     -0.17663973E-03     -0.25958808E-03     -0.44299011E-03
    3472     -0.17562250E-03     -0.17663973E-03     -0.25963611E-03     -0.44299011E-03
    3473     -0.17562283E-03     -0.17663973E-03     -0.25967577E-03     -0.44299011E-03
    3474     -0.17562316E-03     -0.17663973E-03     -0.25972041E-03     -0.44299011E-03
    3475     -0.17562367E-03     -0.17663973E-03     -0.25977203E-03     -0.44299011E-03
    3476     -0.17562421E-03     -0.17663973E-03     -0.25982851E-03     -0.44299011E-03
    3477     -0.17562463E-03     -0.17663973E-03     -0.25988026E-03     -0.44299011E-03
    3478     -0.17562503E-03     -0.17663973E-03     -0.25992563E-03     -0.44299011E-03
    3479     -0.17562548E-03     -0.17663973E-03     -0.25997271E-03     -0.44299011E-03
    3480     -0.17562578E-03     -0.17663973E-03     -0.26001345E-03     -0.44299011E-03
    3481     -0.17562622E-03     -0.17663973E-03     -0.26006670E-03     -0.44299011E-03
    3482     -0.17562661E-03     -0.17663973E-03     -0.26011126E-03     -0.44299011E-03
    3483     -0.17562696E-03     -0.17663973E-03     -0.26015741E-03     -0.44299011E-03
    3484     -0.17562731E-03     -0.17663973E-03     -0.26020401E-03     -0.44299011E-03
    3485     -0.17562762E-03     -0.17663973E-03     -0.26024970E-03     -0.44299011E-03
    3486     -0.17562793E-03     -0.17663973E-03     -0.26029090E-03     -0.44299011E-03
    3487     -0.17562831E-03     -0.17663973E-03     -0.26034010E-03     -0.44299011E-03
    3488     -0.17562861E-03     -0.17663973E-03     -0.26037828E-03     -0.44299011E-03
    3489     -0.17562895E-03     -0.17663973E-03     -0.26041544E-03     -0.44299011E-03
    3490     -0.17562924E-03     -0.17663973E-03     -0.26045617E-03     -0.44299011E-03
    3491     -0.17562952E-03     -0.17663973E-03     -0.26049743E-03     -0.44299011E-03
    3492     -0.17562985E-03     -0.17663973E-03     -0.26054442E-03     -0.44299011E-03
    3493     -0.17563010E-03     -0.17663973E-03     -0.26058622E-03     -0.44299011E-03
    3494     -0.17563044E-03     -0.17663973E-03     -0.26064061E-03     -0.44299011E-03
    3495     -0.17563084E-03     -0.17663973E-03     -0.26069156E-03     -0.44299011E-03
    3496     -0.17563120E-03     -0.17663973E-03     -0.26073493E-03     -0.44299011E-03
    3497     -0.17563150E-03     -0.17663973E-03     -0.26077395E-03     -0.44299011E-03
    3498     -0.17563177E-03     -0.17663973E-03     -0.26081396E-03     -0.44299011E-03
    3499     -0.17563214E-03     -0.17663973E-03     -0.26086379E-03     -0.44299011E-03
    3500     -0.17563249E-03     -0.17663973E-03     -0.26090901E-03     -0.44299011E-03
    3501     -0.17563282E-03     -0.17663973E-03     -0.26095630E-03     -0.44299011E-03
    3502     -0.17563319E-03     -0.17663973E-03     -0.26100241E-03     -0.44299011E-03
    3503     -0.17563357E-03     -0.17663973E-03     -0.26104408E-03     -0.44299011E-03
    3504     -0.17563385E-03     -0.17663973E-03     -0.26107593E-03     -0.44299011E-03
    3505     -0.17563428E-03     -0.17663973E-03     -0.26112911E-03     -0.44299011E-03
    3506     -0.17563467E-03     -0.17663973E-03     -0.26118224E-03     -0.44299011E-03
    3507     -0.17563505E-03     -0.17663973E-03     -0.26122899E-03     -0.44299011E-03
    3508     -0.17563539E-03     -0.17663973E-03     -0.26128213E-03     -0.44299011E-03
    3509     -0.17563578E-03     -0.17663973E-03     -0.26133959E-03     -0.44299011E-03
    3510     -0.17563616E-03     -0.17663973E-03     -0.26139399E-03     -0.44299011E-03
    3511     -0.17563646E-03     -0.17663973E-03     -0.26143800E-03     -0.44299011E-03
    3512     -0.17563687E-03     -0.17663973E-03     -0.26149111E-03     -0.44299011E-03
    3513     -0.17563728E-03     -0.17663973E-03     -0.26154599E-03     -0.44299011E-03
    3514     -0.17563781E-03     -0.17663973E-03     -0.26160239E-03     -0.44299011E-03
    3515     -0.17563809E-03     -0.17663973E-03     -0.26164272E-03     -0.44299011E-03
    3516     -0.17563847E-03     -0.17663973E-03     -0.26168565E-03     -0.44299011E-03
    3517     -0.17563875E-03     -0.17663973E-03     -0.26172608E-03     -0.44299011E-03
    3518     -0.17563910E-03     -0.17663973E-03     -0.26176988E-03     -0.44299011E-03
    3519     -0.17563947E-03     -0.17663973E-03     -0.26181844E-03     -0.44299011E-03
    3520     -0.17563974E-03     -0.17663973E-03     -0.26185148E-03     -0.44299011E-03
    3521     -0.17564012E-03     -0.17663973E-03     -0.26190753E-03     -0.44299011E-03
    3522     -0.17564049E-03     -0.17663973E-03     -0.26196349E-03     -0.44299011E-03
    3523     -0.17564086E-03     -0.17663973E-03     -0.26200941E-03     -0.44299011E-03
    3524     -0.17564123E-03     -0.17663973E-03     -0.26206844E-03     -0.44299011E-03
    3525     -0.17564159E-03     -0.17663973E-03     -0.26211317E-03     -0.44299011E-03
    3526     -0.17564198E-03     -0.17663973E-03     -0.26216063E-03     -0.44299011E-03
    3527     -0.17564228E-03     -0.17663973E-03     -0.26220042E-03     -0.44299011E-03
    3528     -0.17564269E-03     -0.17663973E-03     -0.26225371E-03     -0.44299011E-03
    3529     -0.17564314E-03     -0.17663973E-03     -0.26231552E-03     -0.44299011E-03
    3530     -0.17564351E-03     -0.17663973E-03     -0.26235773E-03     -0.44299011E-03
    3531     -0.17564385E-03     -0.17663973E-03     -0.26240439E-03     -0.44299011E-03
    3532     -0.17564422E-03     -0.17663973E-03     -0.26244835E-03     -0.44299011E-03
    3533     -0.17564459E-03     -0.17663973E-03     -0.26249334E-03     -0.44299011E-03
    3534     -0.17564492E-03     -0.17663973E-03     -0.26254275E-03     -0.44299011E-03
    3535     -0.17564547E-03     -0.17663973E-03     -0.26260488E-03     -0.44299011E-03
    3536     -0.17564588E-03     -0.17663973E-03     -0.26265186E-03     -0.44299011E-03
    3537     -0.17564618E-03     -0.17663973E-03     -0.26269622E-03     -0.44299011E-03
    3538     -0.17564665E-03     -0.17663973E-03     -0.26273953E-03     -0.44299011E-03
    3539     -0.17564695E-03     -0.17663973E-03     -0.26279265E-03     -0.44299011E-03
    3540     -0.17564726E-03     -0.17663973E-03     -0.26284086E-03     -0.44299011E-03
    3541     -0.17564761E-03     -0.17663973E-03     -0.26290073E-03     -0.44299011E-03
    3542     -0.17564808E-03     -0.17663973E-03     -0.26295796E-03     -0.44299011E-03
    3543     -0.17564841E-03     -0.17663973E-03     -0.26300544E-03     -0.44299011E-03
    3544     -0.17564870E-03     -0.17663973E-03     -0.26305130E-03     -0.44299011E-03
    3545     -0.17564903E-03     -0.17663973E-03     -0.26309408E-03     -0.44299011E-03
    3546     -0.17564942E-03     -0.17663973E-03     -0.26314195E-03     -0.44299011E-03
    3547     -0.17564973E-03     -0.17663973E-03     -0.26319117E-03     -0.44299011E-03
    3548     -0.17565011E-03     -0.17663973E-03     -0.26324159E-03     -0.44299011E-03
    3549     -0.17565040E-03     -0.17663973E-03     -0.26327735E-03     -0.44299011E-03
    3550     -0.17565068E-03     -0.17663973E-03     -0.26332339E-03     -0.44299011E-03
    3551     -0.17565102E-03     -0.17663973E-03     -0.26337046E-03     -0.44299011E-03
    3552     -0.17565129E-03     -0.17663973E-03     -0.26341425E-03     -0.44299011E-03
    3553     -0.17565164E-03     -0.17663973E-03     -0.26346495E-03     -0.44299011E-03
    3554     -0.17565193E-03     -0.17663973E-03     -0.26350348E-03     -0.44299011E-03
    3555     -0.17565221E-03     -0.17663973E-03     -0.26354278E-03     -0.44299011E-03
    3556     -0.17565251E-03     -0.17663973E-03     -0.26357733E-03     -0.44299011E-03
    3557     -0.17565276E-03     -0.17663973E-03     -0.26361322E-03     -0.44299011E-03
    3558     -0.17565306E-03     -0.17663973E-03     -0.26364883E-03     -0.44299011E-03
    3559     -0.17565329E-03     -0.17663973E-03     -0.26368289E-03     -0.44299011E-03
    3560     -0.17565358E-03     -0.17663973E-03     -0.26372646E-03     -0.44299011E-03
    3561     -0.17565387E-03     -0.17663973E-03     -0.26377068E-03     -0.44299011E-03
    3562     -0.17565417E-03     -0.17663973E-03     -0.26381495E-03     -0.44299011E-03
    3563     -0.17565443E-03     -0.17663973E-03     -0.26384753E-03     -0.44299011E-03
    3564     -0.17565469E-03     -0.17663973E-03     -0.26388573E-03     -0.44299011E-03
    3565     -0.17565496E-03     -0.17663973E-03     -0.26392232E-03     -0.44299011E-03
    3566     -0.17565524E-03     -0.17663973E-03     -0.26396141E-03     -0.44299011E-03
    3567     -0.17565550E-03     -0.17663973E-03     -0.26400087E-03     -0.44299011E-03
    3568     -0.17565580E-03     -0.17663973E-03     -0.26404125E-03     -0.44299011E-03
    3569     -0.17565608E-03     -0.17663973E-03     -0.26408086E-03     -0.44299011E-03
    3570     -0.17565631E-03     -0.17663973E-03     -0.26412316E-03     -0.44299011E-03
    3571     -0.17565660E-03     -0.17663973E-03     -0.26416667E-03     -0.44299011E-03
    3572     -0.17565693E-03     -0.17663973E-03     -0.26421198E-03     -0.44299011E-03
    3573     -0.17565716E-03     -0.17663973E-03     -0.26425302E-03     -0.44299011E-03
    3574     -0.17565747E-03     -0.17663973E-03     -0.26430307E-03     -0.44299011E-03
    3575     -0.17565766E-03     -0.17663973E-03     -0.26434218E-03     -0.44299011E-03
    3576     -0.17565791E-03     -0.17663973E-03     -0.26438419E-03     -0.44299011E-03
    3577     -0.17565816E-03     -0.17663973E-03     -0.26442219E-03     -0.44299011E-03
    3578     -0.17565846E-03     -0.17663973E-03     -0.26446975E-03     -0.44299011E-03
    3579     -0.17565886E-03     -0.17663973E-03     -0.26451521E-03     -0.44299011E-03
    3580     -0.17565920E-03     -0.17663973E-03     -0.26455247E-03     -0.44299011E-03
    3581     -0.17565946E-03     -0.17663973E-03     -0.26459179E-03     -0.44299011E-03
    3582     -0.17565973E-03     -0.17663973E-03     -0.26463041E-03     -0.44299011E-03
    3583     -0.17566006E-03     -0.17663973E-03     -0.26467974E-03     -0.44299011E-03
    3584     -0.17566030E-03     -0.17663973E-03     -0.26472642E-03     -0.44299011E-03
    3585     -0.17566061E-03     -0.17663973E-03     -0.26476945E-03     -0.44299011E-03
    3586     -0.17566091E-03     -0.17663973E-03     -0.26482381E-03     -0.44299011E-03
    3587     -0.17566122E-03     -0.17663973E-03     -0.26486448E-03     -0.44299011E-03
    3588     -0.17566150E-03     -0.17663973E-03     -0.26490606E-03     -0.44299011E-03
    3589     -0.17566184E-03     -0.17663973E-03     -0.26495131E-03     -0.44299011E-03
    3590     -0.17566216E-03     -0.17663973E-03     -0.26499558E-03     -0.44299011E-03
    3591     -0.17566251E-03     -0.17663973E-03     -0.26503958E-03     -0.44299011E-03
    3592     -0.17566280E-03     -0.17663973E-03     -0.26507678E-03     -0.44299011E-03
    3593     -0.17566308E-03     -0.17663973E-03     -0.26511599E-03     -0.44299011E-03
    3594     -0.17566332E-03     -0.17663973E-03     -0.26515216E-03     -0.44299011E-03
    3595     -0.17566362E-03     -0.17663973E-03     -0.26519289E-03     -0.44299011E-03
    3596     -0.17566390E-03     -0.17663973E-03     -0.26523451E-03     -0.44299011E-03
    3597     -0.17566414E-03     -0.17663973E-03     -0.26527619E-03     -0.44299011E-03
    3598     -0.17566434E-03     -0.17663973E-03     -0.26530933E-03     -0.44299011E-03
    3599     -0.17566461E-03     -0.17663973E-03     -0.26535318E-03     -0.44299011E-03
    3600     -0.17566488E-03     -0.17663973E-03     -0.26539244E-03     -0.44299011E-03
    3601     -0.17566510E-03     -0.17663973E-03     -0.26541794E-03     -0.44299011E-03
    3602     -0.17566540E-03     -0.17663973E-03     -0.26545903E-03     -0.44299011E-03
    3603     -0.17566563E-03     -0.17663973E-03     -0.26550271E-03     -0.44299011E-03
    3604     -0.17566588E-03     -0.17663973E-03     -0.26554461E-03     -0.44299011E-03
    3605     -0.17566618E-03     -0.17663973E-03     -0.26558798E-03     -0.44299011E-03
    3606     -0.17566647E-03     -0.17663973E-03     -0.26563468E-03     -0.44299011E-03
    3607     -0.17566674E-03     -0.17663973E-03     -0.26567511E-03     -0.44299011E-03
    3608     -0.17566699E-03     -0.17663973E-03     -0.26571035E-03     -0.44299011E-03
    3609     -0.17566739E-03     -0.17663973E-03     -0.26575499E-03     -0.44299011E-03
    3610     -0.17566768E-03     -0.17663973E-03     -0.26579160E-03     -0.44299011E-03
    3611     -0.17566800E-03     -0.17663973E-03     -0.26583224E-03     -0.44299011E-03
    3612     -0.17566823E-03     -0.17663973E-03     -0.26587074E-03     -0.44299011E-03
    3613     -0.17566849E-03     -0.17663973E-03     -0.26591026E-03     -0.44299011E-03
    3614     -0.17566878E-03     -0.17663973E-03     -0.26594805E-03     -0.44299011E-03
    3615     -0.17566899E-03     -0.17663973E-03     -0.26598474E-03     -0.44299011E-03
    3616     -0.17566925E-03     -0.17663973E-03     -0.26602039E-03     -0.44299011E-03
    3617     -0.17566961E-03     -0.17663973E-03     -0.26606480E-03     -0.44299011E-03
    3618     -0.17566984E-03     -0.17663973E-03     -0.26611271E-03     -0.44299011E-03
    3619     -0.17567015E-03     -0.17663973E-03     -0.26615457E-03     -0.44299011E-03
    3620     -0.17567042E-03     -0.17663973E-03     -0.26619500E-03     -0.44299011E-03
    3621     -0.17567074E-03     -0.17663973E-03     -0.26623089E-03     -0.44299011E-03
    3622     -0.17567100E-03     -0.17663973E-03     -0.26627600E-03     -0.44299011E-03
    3623     -0.17567134E-03     -0.17663973E-03     -0.26631585E-03     -0.44299011E-03
    3624     -0.17567177E-03     -0.17663973E-03     -0.26637845E-03     -0.44299011E-03
    3625     -0.17567200E-03     -0.17663973E-03     -0.26641267E-03     -0.44299011E-03
    3626     -0.17567228E-03     -0.17663973E-03     -0.26645361E-03     -0.44299011E-03
    3627     -0.17567256E-03     -0.17663973E-03     -0.26649025E-03     -0.44299011E-03
    3628     -0.17567276E-03     -0.17663973E-03     -0.26652795E-03     -0.44299011E-03
    3629     -0.17567300E-03     -0.17663973E-03     -0.26656819E-03     -0.44299011E-03
    3630     -0.17567325E-03     -0.17663973E-03     -0.26661449E-03     -0.44299011E-03
    3631     -0.17567352E-03     -0.17663973E-03     -0.26665404E-03     -0.44299011E-03
    3632     -0.17567377E-03     -0.17663973E-03     -0.26669251E-03     -0.44299011E-03
    3633     -0.17567405E-03     -0.17663973E-03     -0.26673767E-03     -0.44299011E-03
    3634     -0.17567431E-03     -0.17663973E-03     -0.26678443E-03     -0.44299011E-03
    3635     -0.17567455E-03     -0.17663973E-03     -0.26681472E-03     -0.44299011E-03
    3636     -0.17567500E-03     -0.17663973E-03     -0.26688145E-03     -0.44299011E-03
    3637     -0.17567523E-03     -0.17663973E-03     -0.26691926E-03     -0.44299011E-03
    3638     -0.17567557E-03     -0.17663973E-03     -0.26697038E-03     -0.44299011E-03
    3639     -0.17567579E-03     -0.17663973E-03     -0.26700421E-03     -0.44299011E-03
    3640     -0.17567616E-03     -0.17663973E-03     -0.26705594E-03     -0.44299011E-03
    3641     -0.17567642E-03     -0.17663973E-03     -0.26709380E-03     -0.44299011E-03
    3642     -0.17567666E-03     -0.17663973E-03     -0.26713352E-03     -0.44299011E-03
    3643     -0.17567693E-03     -0.17663973E-03     -0.26717951E-03     -0.44299011E-03
    3644     -0.17567722E-03     -0.17663973E-03     -0.26722105E-03     -0.44299011E-03
    3645     -0.17567751E-03     -0.17663973E-03     -0.26727357E-03     -0.44299011E-03
    3646     -0.17567773E-03     -0.17663973E-03     -0.26731133E-03     -0.44299011E-03
    3647     -0.17567801E-03     -0.17663973E-03     -0.26734837E-03     -0.44299011E-03
    3648     -0.17567823E-03     -0.17663973E-03     -0.26737838E-03     -0.44299011E-03
    3649     -0.17567845E-03     -0.17663973E-03     -0.26742209E-03     -0.44299011E-03
    3650     -0.17567869E-03     -0.17663973E-03     -0.26745963E-03     -0.44299011E-03
    3651     -0.17567893E-03     -0.17663973E-03     -0.26749643E-03     -0.44299011E-03
    3652     -0.17567919E-03     -0.17663973E-03     -0.26753352E-03     -0.44299011E-03
    3653     -0.17567940E-03     -0.17663973E-03     -0.26756819E-03     -0.44299011E-03
    3654     -0.17567959E-03     -0.17663973E-03     -0.26760287E-03     -0.44299011E-03
    3655     -0.17567981E-03     -0.17663973E-03     -0.26763938E-03     -0.44299011E-03
    3656     -0.17568013E-03     -0.17663973E-03     -0.26768396E-03     -0.44299011E-03
    3657     -0.17568038E-03     -0.17663973E-03     -0.26771817E-03     -0.44299011E-03
    3658     -0.17568061E-03     -0.17663973E-03     -0.26776685E-03     -0.44299011E-03
    3659     -0.17568086E-03     -0.17663973E-03     -0.26780888E-03     -0.44299011E-03
    3660     -0.17568110E-03     -0.17663973E-03     -0.26784780E-03     -0.44299011E-03
    3661     -0.17568131E-03     -0.17663973E-03     -0.26789182E-03     -0.44299011E-03
    3662     -0.17568159E-03     -0.17663973E-03     -0.26796009E-03     -0.44299011E-03
    3663     -0.17568187E-03     -0.17663973E-03     -0.26801252E-03     -0.44299011E-03
    3664     -0.17568214E-03     -0.17663973E-03     -0.26805794E-03     -0.44299011E-03
    3665     -0.17568241E-03     -0.17663973E-03     -0.26809828E-03     -0.44299011E-03
    3666     -0.17568265E-03     -0.17663973E-03     -0.26813561E-03     -0.44299011E-03
    3667     -0.17568287E-03     -0.17663973E-03     -0.26817386E-03     -0.44299011E-03
    3668     -0.17568311E-03     -0.17663973E-03     -0.26821251E-03     -0.44299011E-03
    3669     -0.17568337E-03     -0.17663973E-03     -0.26825258E-03     -0.44299011E-03
    3670     -0.17568355E-03     -0.17663973E-03     -0.26828910E-03     -0.44299011E-03
    3671     -0.17568375E-03     -0.17663973E-03     -0.26832429E-03     -0.44299011E-03
    3672     -0.17568397E-03     -0.17663973E-03     -0.26836194E-03     -0.44299011E-03
    3673     -0.17568420E-03     -0.17663973E-03     -0.26839872E-03     -0.44299011E-03
    3674     -0.17568441E-03     -0.17663973E-03     -0.26844367E-03     -0.44299011E-03
    3675     -0.17568461E-03     -0.17663973E-03     -0.26848336E-03     -0.44299011E-03
    3676     -0.17568480E-03     -0.17663973E-03     -0.26851980E-03     -0.44299011E-03
    3677     -0.17568504E-03     -0.17663973E-03     -0.26855428E-03     -0.44299011E-03
    3678     -0.17568523E-03     -0.17663973E-03     -0.26858919E-03     -0.44299011E-03
    3679     -0.17568543E-03     -0.17663973E-03     -0.26862397E-03     -0.44299011E-03
    3680     -0.17568564E-03     -0.17663973E-03     -0.26867227E-03     -0.44299011E-03
    3681     -0.17568585E-03     -0.17663973E-03     -0.26870338E-03     -0.44299011E-03
    3682     -0.17568601E-03     -0.17663973E-03     -0.26874311E-03     -0.44299011E-03
    3683     -0.17568620E-03     -0.17663973E-03     -0.26878151E-03     -0.44299011E-03
    3684     -0.17568639E-03     -0.17663973E-03     -0.26881585E-03     -0.44299011E-03
    3685     -0.17568657E-03     -0.17663973E-03     -0.26884524E-03     -0.44299011E-03
    3686     -0.17568680E-03     -0.17663973E-03     -0.26888055E-03     -0.44299011E-03
    3687     -0.17568698E-03     -0.17663973E-03     -0.26891730E-03     -0.44299011E-03
    3688     -0.17568713E-03     -0.17663973E-03     -0.26894832E-03     -0.44299011E-03
    3689     -0.17568733E-03     -0.17663973E-03     -0.26898755E-03     -0.44299011E-03
    3690     -0.17568759E-03     -0.17663973E-03     -0.26902350E-03     -0.44299011E-03
    3691     -0.17568783E-03     -0.17663973E-03     -0.26906405E-03     -0.44299011E-03
    3692     -0.17568805E-03     -0.17663973E-03     -0.26910418E-03     -0.44299011E-03
    3693     -0.17568835E-03     -0.17663973E-03     -0.26917044E-03     -0.44299011E-03
    3694     -0.17568864E-03     -0.17663973E-03     -0.26921871E-03     -0.44299011E-03
    3695     -0.17568886E-03     -0.17663973E-03     -0.26927268E-03     -0.44299011E-03
    3696     -0.17568904E-03     -0.17663973E-03     -0.26930456E-03     -0.44299011E-03
    3697     -0.17568921E-03     -0.17663973E-03     -0.26933742E-03     -0.44299011E-03
    3698     -0.17568941E-03     -0.17663973E-03     -0.26938092E-03     -0.44299011E-03
    3699     -0.17568962E-03     -0.17663973E-03     -0.26942836E-03     -0.44299011E-03
    3700     -0.17568984E-03     -0.17663973E-03     -0.26946406E-03     -0.44299011E-03
    3701     -0.17569000E-03     -0.17663973E-03     -0.26954048E-03     -0.44299011E-03
    3702     -0.17569027E-03     -0.17663973E-03     -0.26958941E-03     -0.44299011E-03
    3703     -0.17569051E-03     -0.17663973E-03     -0.26962961E-03     -0.44299011E-03
    3704     -0.17569074E-03     -0.17663973E-03     -0.26966620E-03     -0.44299011E-03
    3705     -0.17569095E-03     -0.17663973E-03     -0.26970018E-03     -0.44299011E-03
    3706     -0.17569116E-03     -0.17663973E-03     -0.26974775E-03     -0.44299011E-03
    3707     -0.17569136E-03     -0.17663973E-03     -0.26980057E-03     -0.44299011E-03
    3708     -0.17569162E-03     -0.17663973E-03     -0.26984751E-03     -0.44299011E-03
    3709     -0.17569187E-03     -0.17663973E-03     -0.26988838E-03     -0.44299011E-03
    3710     -0.17569208E-03     -0.17663973E-03     -0.26993059E-03     -0.44299011E-03
    3711     -0.17569227E-03     -0.17663973E-03     -0.26996327E-03     -0.44299011E-03
    3712     -0.17569245E-03     -0.17663973E-03     -0.27000190E-03     -0.44299011E-03
    3713     -0.17569264E-03     -0.17663973E-03     -0.27003739E-03     -0.44299011E-03
    3714     -0.17569289E-03     -0.17663973E-03     -0.27007521E-03     -0.44299011E-03
    3715     -0.17569310E-03     -0.17663973E-03     -0.27011249E-03     -0.44299011E-03
    3716     -0.17569332E-03     -0.17663973E-03     -0.27015330E-03     -0.44299011E-03
    3717     -0.17569350E-03     -0.17663973E-03     -0.27019083E-03     -0.44299011E-03
    3718     -0.17569371E-03     -0.17663973E-03     -0.27022392E-03     -0.44299011E-03
    3719     -0.17569393E-03     -0.17663973E-03     -0.27026208E-03     -0.44299011E-03
    3720     -0.17569412E-03     -0.17663973E-03     -0.27029028E-03     -0.44299011E-03
    3721     -0.17569430E-03     -0.17663973E-03     -0.27032637E-03     -0.44299011E-03
    3722     -0.17569454E-03     -0.17663973E-03     -0.27036191E-03     -0.44299011E-03
    3723     -0.17569479E-03     -0.17663973E-03     -0.27040163E-03     -0.44299011E-03
    3724     -0.17569499E-03     -0.17663973E-03     -0.27043730E-03     -0.44299011E-03
    3725     -0.17569521E-03     -0.17663973E-03     -0.27046986E-03     -0.44299011E-03
    3726     -0.17569542E-03     -0.17663973E-03     -0.27049679E-03     -0.44299011E-03
    3727     -0.17569564E-03     -0.17663973E-03     -0.27052833E-03     -0.44299011E-03
    3728     -0.17569588E-03     -0.17663973E-03     -0.27056682E-03     -0.44299011E-03
    3729     -0.17569610E-03     -0.17663973E-03     -0.27059890E-03     -0.44299011E-03
    3730     -0.17569630E-03     -0.17663973E-03     -0.27063551E-03     -0.44299011E-03
    3731     -0.17569655E-03     -0.17663973E-03     -0.27067033E-03     -0.44299011E-03
    3732     -0.17569682E-03     -0.17663973E-03     -0.27071104E-03     -0.44299011E-03
    3733     -0.17569702E-03     -0.17663973E-03     -0.27074232E-03     -0.44299011E-03
    3734     -0.17569734E-03     -0.17663973E-03     -0.27078439E-03     -0.44299011E-03
    3735     -0.17569756E-03     -0.17663973E-03     -0.27081703E-03     -0.44299011E-03
    3736     -0.17569786E-03     -0.17663973E-03     -0.27085465E-03     -0.44299011E-03
    3737     -0.17569804E-03     -0.17663973E-03     -0.27089114E-03     -0.44299011E-03
    3738     -0.17569825E-03     -0.17663973E-03     -0.27092828E-03     -0.44299011E-03
    3739     -0.17569842E-03     -0.17663973E-03     -0.27095821E-03     -0.44299011E-03
    3740     -0.17569863E-03     -0.17663973E-03     -0.27098810E-03     -0.44299011E-03
    3741     -0.17569884E-03     -0.17663973E-03     -0.27102097E-03     -0.44299011E-03
    3742     -0.17569911E-03     -0.17663973E-03     -0.27105670E-03     -0.44299011E-03
    3743     -0.17569933E-03     -0.17663973E-03     -0.27109387E-03     -0.44299011E-03
    3744     -0.17569951E-03     -0.17663973E-03     -0.27112732E-03     -0.44299011E-03
    3745     -0.17569971E-03     -0.17663973E-03     -0.27116687E-03     -0.44299011E-03
    3746     -0.17569994E-03     -0.17663973E-03     -0.27120111E-03     -0.44299011E-03
    3747     -0.17570016E-03     -0.17663973E-03     -0.27123701E-03     -0.44299011E-03
    3748     -0.17570043E-03     -0.17663973E-03     -0.27127698E-03     -0.44299011E-03
    3749     -0.17570068E-03     -0.17663973E-03     -0.27131550E-03     -0.44299011E-03
    3750     -0.17570091E-03     -0.17663973E-03     -0.27135368E-03     -0.44299011E-03
    3751     -0.17570121E-03     -0.17663973E-03     -0.27139706E-03     -0.44299011E-03
    3752     -0.17570145E-03     -0.17663973E-03     -0.27143968E-03     -0.44299011E-03
    3753     -0.17570175E-03     -0.17663973E-03     -0.27148088E-03     -0.44299011E-03
    3754     -0.17570197E-03     -0.17663973E-03     -0.27151707E-03     -0.44299011E-03
    3755     -0.17570220E-03     -0.17663973E-03     -0.27155313E-03     -0.44299011E-03
    3756     -0.17570249E-03     -0.17663973E-03     -0.27159728E-03     -0.44299011E-03
    3757     -0.17570272E-03     -0.17663973E-03     -0.27163402E-03     -0.44299011E-03
    3758     -0.17570298E-03     -0.17663973E-03     -0.27167914E-03     -0.44299011E-03
    3759     -0.17570323E-03     -0.17663973E-03     -0.27171943E-03     -0.44299011E-03
    3760     -0.17570346E-03     -0.17663973E-03     -0.27175787E-03     -0.44299011E-03
    3761     -0.17570369E-03     -0.17663973E-03     -0.27179210E-03     -0.44299011E-03
    3762     -0.17570392E-03     -0.17663973E-03     -0.27183495E-03     -0.44299011E-03
    3763     -0.17570418E-03     -0.17663973E-03     -0.27187811E-03     -0.44299011E-03
    3764     -0.17570441E-03     -0.17663973E-03     -0.27191680E-03     -0.44299011E-03
    3765     -0.17570468E-03     -0.17663973E-03     -0.27195830E-03     -0.44299011E-03
    3766     -0.17570496E-03     -0.17663973E-03     -0.27200319E-03     -0.44299011E-03
    3767     -0.17570521E-03     -0.17663973E-03     -0.27204470E-03     -0.44299011E-03
    3768     -0.17570542E-03     -0.17663973E-03     -0.27208726E-03     -0.44299011E-03
    3769     -0.17570563E-03     -0.17663973E-03     -0.27212319E-03     -0.44299011E-03
    3770     -0.17570587E-03     -0.17663973E-03     -0.27216106E-03     -0.44299011E-03
    3771     -0.17570610E-03     -0.17663973E-03     -0.27220638E-03     -0.44299011E-03
    3772     -0.17570629E-03     -0.17663973E-03     -0.27223742E-03     -0.44299011E-03
    3773     -0.17570649E-03     -0.17663973E-03     -0.27227812E-03     -0.44299011E-03
    3774     -0.17570679E-03     -0.17663973E-03     -0.27232940E-03     -0.44299011E-03
    3775     -0.17570701E-03     -0.17663973E-03     -0.27237973E-03     -0.44299011E-03
    3776     -0.17570732E-03     -0.17663973E-03     -0.27243081E-03     -0.44299011E-03
    3777     -0.17570762E-03     -0.17663973E-03     -0.27247427E-03     -0.44299011E-03
    3778     -0.17570782E-03     -0.17663973E-03     -0.27251451E-03     -0.44299011E-03
    3779     -0.17570807E-03     -0.17663973E-03     -0.27255679E-03     -0.44299011E-03
    3780     -0.17570831E-03     -0.17663973E-03     -0.27260305E-03     -0.44299011E-03
    3781     -0.17570856E-03     -0.17663973E-03     -0.27264333E-03     -0.44299011E-03
    3782     -0.17570875E-03     -0.17663973E-03     -0.27268624E-03     -0.44299011E-03
    3783     -0.17570897E-03     -0.17663973E-03     -0.27273417E-03     -0.44299011E-03
    3784     -0.17570925E-03     -0.17663973E-03     -0.27281688E-03     -0.44299011E-03
    3785     -0.17570943E-03     -0.17663973E-03     -0.27286577E-03     -0.44299011E-03
    3786     -0.17570957E-03     -0.17663973E-03     -0.27290387E-03     -0.44299011E-03
    3787     -0.17570986E-03     -0.17663973E-03     -0.27294777E-03     -0.44299011E-03
    3788     -0.17571011E-03     -0.17663973E-03     -0.27299028E-03     -0.44299011E-03
    3789     -0.17571033E-03     -0.17663973E-03     -0.27303286E-03     -0.44299011E-03
    3790     -0.17571058E-03     -0.17663973E-03     -0.27308470E-03     -0.44299011E-03
    3791     -0.17571083E-03     -0.17663973E-03     -0.27313915E-03     -0.44299011E-03
    3792     -0.17571110E-03     -0.17663973E-03     -0.27319059E-03     -0.44299011E-03
    3793     -0.17571132E-03     -0.17663973E-03     -0.27322923E-03     -0.44299011E-03
    3794     -0.17571165E-03     -0.17663973E-03     -0.27327494E-03     -0.44299011E-03
    3795     -0.17571191E-03     -0.17663973E-03     -0.27331444E-03     -0.44299011E-03
    3796     -0.17571216E-03     -0.17663973E-03     -0.27335166E-03     -0.44299011E-03
    3797     -0.17571241E-03     -0.17663973E-03     -0.27341677E-03     -0.44299011E-03
    3798     -0.17571264E-03     -0.17663973E-03     -0.27345714E-03     -0.44299011E-03
    3799     -0.17571292E-03     -0.17663973E-03     -0.27349862E-03     -0.44299011E-03
    3800     -0.17571315E-03     -0.17663973E-03     -0.27353605E-03     -0.44299011E-03
    3801     -0.17571340E-03     -0.17663973E-03     -0.27357527E-03     -0.44299011E-03
    3802     -0.17571364E-03     -0.17663973E-03     -0.27361708E-03     -0.44299011E-03
    3803     -0.17571386E-03     -0.17663973E-03     -0.27365694E-03     -0.44299011E-03
    3804     -0.17571410E-03     -0.17663973E-03     -0.27369741E-03     -0.44299011E-03
    3805     -0.17571431E-03     -0.17663973E-03     -0.27373809E-03     -0.44299011E-03
    3806     -0.17571451E-03     -0.17663973E-03     -0.27378392E-03     -0.44299011E-03
    3807     -0.17571470E-03     -0.17663973E-03     -0.27381480E-03     -0.44299011E-03
    3808     -0.17571492E-03     -0.17663973E-03     -0.27385532E-03     -0.44299011E-03
    3809     -0.17571515E-03     -0.17663973E-03     -0.27389576E-03     -0.44299011E-03
    3810     -0.17571536E-03     -0.17663973E-03     -0.27394413E-03     -0.44299011E-03
    3811     -0.17571560E-03     -0.17663973E-03     -0.27400403E-03     -0.44299011E-03
    3812     -0.17571584E-03     -0.17663973E-03     -0.27406569E-03     -0.44299011E-03
    3813     -0.17571607E-03     -0.17663973E-03     -0.27410183E-03     -0.44299011E-03
    3814     -0.17571626E-03     -0.17663973E-03     -0.27413695E-03     -0.44299011E-03
    3815     -0.17571650E-03     -0.17663973E-03     -0.27418914E-03     -0.44299011E-03
    3816     -0.17571675E-03     -0.17663973E-03     -0.27424870E-03     -0.44299011E-03
    3817     -0.17571703E-03     -0.17663973E-03     -0.27428767E-03     -0.44299011E-03
    3818     -0.17571725E-03     -0.17663973E-03     -0.27432399E-03     -0.44299011E-03
    3819     -0.17571745E-03     -0.17663973E-03     -0.27436218E-03     -0.44299011E-03
    3820     -0.17571770E-03     -0.17663973E-03     -0.27439850E-03     -0.44299011E-03
    3821     -0.17571796E-03     -0.17663973E-03     -0.27443826E-03     -0.44299011E-03
    3822     -0.17571817E-03     -0.17663973E-03     -0.27448657E-03     -0.44299011E-03
    3823     -0.17571845E-03     -0.17663973E-03     -0.27452556E-03     -0.44299011E-03
    3824     -0.17571870E-03     -0.17663973E-03     -0.27456913E-03     -0.44299011E-03
    3825     -0.17571891E-03     -0.17663973E-03     -0.27460103E-03     -0.44299011E-03
    3826     -0.17571911E-03     -0.17663973E-03     -0.27464331E-03     -0.44299011E-03
    3827     -0.17571931E-03     -0.17663973E-03     -0.27467472E-03     -0.44299011E-03
    3828     -0.17571952E-03     -0.17663973E-03     -0.27471617E-03     -0.44299011E-03
    3829     -0.17571976E-03     -0.17663973E-03     -0.27475476E-03     -0.44299011E-03
    3830     -0.17571998E-03     -0.17663973E-03     -0.27479197E-03     -0.44299011E-03
    3831     -0.17572022E-03     -0.17663973E-03     -0.27483058E-03     -0.44299011E-03
    3832     -0.17572044E-03     -0.17663973E-03     -0.27487158E-03     -0.44299011E-03
    3833     -0.17572068E-03     -0.17663973E-03     -0.27491057E-03     -0.44299011E-03
    3834     -0.17572091E-03     -0.17663973E-03     -0.27494989E-03     -0.44299011E-03
    3835     -0.17572113E-03     -0.17663973E-03     -0.27499304E-03     -0.44299011E-03
    3836     -0.17572135E-03     -0.17663973E-03     -0.27503085E-03     -0.44299011E-03
    3837     -0.17572156E-03     -0.17663973E-03     -0.27506834E-03     -0.44299011E-03
    3838     -0.17572178E-03     -0.17663973E-03     -0.27510768E-03     -0.44299011E-03
    3839     -0.17572203E-03     -0.17663973E-03     -0.27514630E-03     -0.44299011E-03
    3840     -0.17572225E-03     -0.17663973E-03     -0.27518549E-03     -0.44299011E-03
    3841     -0.17572247E-03     -0.17663973E-03     -0.27522539E-03     -0.44299011E-03
    3842     -0.17572265E-03     -0.17663973E-03     -0.27526183E-03     -0.44299011E-03
    3843     -0.17572287E-03     -0.17663973E-03     -0.27529839E-03     -0.44299011E-03
    3844     -0.17572304E-03     -0.17663973E-03     -0.27533357E-03     -0.44299011E-03
    3845     -0.17572326E-03     -0.17663973E-03     -0.27536998E-03     -0.44299011E-03
    3846     -0.17572347E-03     -0.17663973E-03     -0.27540726E-03     -0.44299011E-03
    3847     -0.17572370E-03     -0.17663973E-03     -0.27545088E-03     -0.44299011E-03
    3848     -0.17572391E-03     -0.17663973E-03     -0.27548622E-03     -0.44299011E-03
    3849     -0.17572416E-03     -0.17663973E-03     -0.27552746E-03     -0.44299011E-03
    3850     -0.17572434E-03     -0.17663973E-03     -0.27555852E-03     -0.44299011E-03
    3851     -0.17572456E-03     -0.17663973E-03     -0.27559450E-03     -0.44299011E-03
    3852     -0.17572476E-03     -0.17663973E-03     -0.27562768E-03     -0.44299011E-03
    3853     -0.17572494E-03     -0.17663973E-03     -0.27566176E-03     -0.44299011E-03
    3854     -0.17572524E-03     -0.17663973E-03     -0.27570525E-03     -0.44299011E-03
    3855     -0.17572549E-03     -0.17663973E-03     -0.27576062E-03     -0.44299011E-03
    3856     -0.17572572E-03     -0.17663973E-03     -0.27580009E-03     -0.44299011E-03
    3857     -0.17572597E-03     -0.17663973E-03     -0.27584557E-03     -0.44299011E-03
    3858     -0.17572621E-03     -0.17663973E-03     -0.27588671E-03     -0.44299011E-03
    3859     -0.17572646E-03     -0.17663973E-03     -0.27593001E-03     -0.44299011E-03
    3860     -0.17572667E-03     -0.17663973E-03     -0.27596278E-03     -0.44299011E-03
    3861     -0.17572690E-03     -0.17663973E-03     -0.27600675E-03     -0.44299011E-03
    3862     -0.17572712E-03     -0.17663973E-03     -0.27605333E-03     -0.44299011E-03
    3863     -0.17572733E-03     -0.17663973E-03     -0.27609010E-03     -0.44299011E-03
    3864     -0.17572760E-03     -0.17663973E-03     -0.27613624E-03     -0.44299011E-03
    3865     -0.17572783E-03     -0.17663973E-03     -0.27617166E-03     -0.44299011E-03
    3866     -0.17572804E-03     -0.17663973E-03     -0.27621347E-03     -0.44299011E-03
    3867     -0.17572829E-03     -0.17663973E-03     -0.27626482E-03     -0.44299011E-03
    3868     -0.17572856E-03     -0.17663973E-03     -0.27631320E-03     -0.44299011E-03
    3869     -0.17572879E-03     -0.17663973E-03     -0.27635597E-03     -0.44299011E-03
    3870     -0.17572905E-03     -0.17663973E-03     -0.27639066E-03     -0.44299011E-03
    3871     -0.17572926E-03     -0.17663973E-03     -0.27643066E-03     -0.44299011E-03
    3872     -0.17572949E-03     -0.17663973E-03     -0.27647283E-03     -0.44299011E-03
    3873     -0.17572976E-03     -0.17663973E-03     -0.27651874E-03     -0.44299011E-03
    3874     -0.17572998E-03     -0.17663973E-03     -0.27655440E-03     -0.44299011E-03
    3875     -0.17573021E-03     -0.17663973E-03     -0.27659099E-03     -0.44299011E-03
    3876     -0.17573046E-03     -0.17663973E-03     -0.27663743E-03     -0.44299011E-03
    3877     -0.17573067E-03     -0.17663973E-03     -0.27668133E-03     -0.44299011E-03
    3878     -0.17573093E-03     -0.17663973E-03     -0.27672696E-03     -0.44299011E-03
    3879     -0.17573111E-03     -0.17663973E-03     -0.27676300E-03     -0.44299011E-03
    3880     -0.17573130E-03     -0.17663973E-03     -0.27681409E-03     -0.44299011E-03
    3881     -0.17573154E-03     -0.17663973E-03     -0.27685714E-03     -0.44299011E-03
    3882     -0.17573173E-03     -0.17663973E-03     -0.27689877E-03     -0.44299011E-03
    3883     -0.17573196E-03     -0.17663973E-03     -0.27694663E-03     -0.44299011E-03
    3884     -0.17573219E-03     -0.17663973E-03     -0.27698709E-03     -0.44299011E-03
    3885     -0.17573248E-03     -0.17663973E-03     -0.27703612E-03     -0.44299011E-03
    3886     -0.17573270E-03     -0.17663973E-03     -0.27707837E-03     -0.44299011E-03
    3887     -0.17573292E-03     -0.17663973E-03     -0.27711911E-03     -0.44299011E-03
    3888     -0.17573310E-03     -0.17663973E-03     -0.27715013E-03     -0.44299011E-03
    3889     -0.17573337E-03     -0.17663973E-03     -0.27719641E-03     -0.44299011E-03
    3890     -0.17573360E-03     -0.17663973E-03     -0.27722906E-03     -0.44299011E-03
    3891     -0.17573384E-03     -0.17663973E-03     -0.27726833E-03     -0.44299011E-03
    3892     -0.17573405E-03     -0.17663973E-03     -0.27730660E-03     -0.44299011E-03
    3893     -0.17573423E-03     -0.17663973E-03     -0.27734293E-03     -0.44299011E-03
    3894     -0.17573451E-03     -0.17663973E-03     -0.27739585E-03     -0.44299011E-03
    3895     -0.17573473E-03     -0.17663973E-03     -0.27743473E-03     -0.44299011E-03
    3896     -0.17573500E-03     -0.17663973E-03     -0.27748330E-03     -0.44299011E-03
    3897     -0.17573521E-03     -0.17663973E-03     -0.27751718E-03     -0.44299011E-03
    3898     -0.17573545E-03     -0.17663973E-03     -0.27756747E-03     -0.44299011E-03
    3899     -0.17573566E-03     -0.17663973E-03     -0.27761286E-03     -0.44299011E-03
    3900     -0.17573589E-03     -0.17663973E-03     -0.27764934E-03     -0.44299011E-03
    3901     -0.17573610E-03     -0.17663973E-03     -0.27769168E-03     -0.44299011E-03
    3902     -0.17573634E-03     -0.17663973E-03     -0.27774117E-03     -0.44299011E-03
    3903     -0.17573653E-03     -0.17663973E-03     -0.27777686E-03     -0.44299011E-03
    3904     -0.17573672E-03     -0.17663973E-03     -0.27781134E-03     -0.44299011E-03
    3905     -0.17573692E-03     -0.17663973E-03     -0.27784752E-03     -0.44299011E-03
    3906     -0.17573722E-03     -0.17663973E-03     -0.27790353E-03     -0.44299011E-03
    3907     -0.17573742E-03     -0.17663973E-03     -0.27794446E-03     -0.44299011E-03
    3908     -0.17573769E-03     -0.17663973E-03     -0.27799062E-03     -0.44299011E-03
    3909     -0.17573794E-03     -0.17663973E-03     -0.27803946E-03     -0.44299011E-03
    3910     -0.17573815E-03     -0.17663973E-03     -0.27808190E-03     -0.44299011E-03
    3911     -0.17573836E-03     -0.17663973E-03     -0.27811619E-03     -0.44299011E-03
    3912     -0.17573855E-03     -0.17663973E-03     -0.27815564E-03     -0.44299011E-03
    3913     -0.17573878E-03     -0.17663973E-03     -0.27819625E-03     -0.44299011E-03
    3914     -0.17573902E-03     -0.17663973E-03     -0.27823564E-03     -0.44299011E-03
    3915     -0.17573922E-03     -0.17663973E-03     -0.27827203E-03     -0.44299011E-03
    3916     -0.17573941E-03     -0.17663973E-03     -0.27832554E-03     -0.44299011E-03
    3917     -0.17573962E-03     -0.17663973E-03     -0.27836878E-03     -0.44299011E-03
    3918     -0.17573988E-03     -0.17663973E-03     -0.27841714E-03     -0.44299011E-03
    3919     -0.17574010E-03     -0.17663973E-03     -0.27847533E-03     -0.44299011E-03
    3920     -0.17574030E-03     -0.17663973E-03     -0.27850953E-03     -0.44299011E-03
    3921     -0.17574051E-03     -0.17663973E-03     -0.27854745E-03     -0.44299011E-03
    3922     -0.17574075E-03     -0.17663973E-03     -0.27858002E-03     -0.44299011E-03
    3923     -0.17574095E-03     -0.17663973E-03     -0.27861340E-03     -0.44299011E-03
    3924     -0.17574114E-03     -0.17663973E-03     -0.27865243E-03     -0.44299011E-03
    3925     -0.17574138E-03     -0.17663973E-03     -0.27869848E-03     -0.44299011E-03
    3926     -0.17574163E-03     -0.17663973E-03     -0.27875008E-03     -0.44299011E-03
    3927     -0.17574181E-03     -0.17663973E-03     -0.27878793E-03     -0.44299011E-03
    3928     -0.17574207E-03     -0.17663973E-03     -0.27883569E-03     -0.44299011E-03
    3929     -0.17574226E-03     -0.17663973E-03     -0.27886952E-03     -0.44299011E-03
    3930     -0.17574248E-03     -0.17663973E-03     -0.27890842E-03     -0.44299011E-03
    3931     -0.17574268E-03     -0.17663973E-03     -0.27894628E-03     -0.44299011E-03
    3932     -0.17574287E-03     -0.17663973E-03     -0.27898644E-03     -0.44299011E-03
    3933     -0.17574309E-03     -0.17663973E-03     -0.27902800E-03     -0.44299011E-03
    3934     -0.17574328E-03     -0.17663973E-03     -0.27906092E-03     -0.44299011E-03
    3935     -0.17574350E-03     -0.17663973E-03     -0.27909969E-03     -0.44299011E-03
    3936     -0.17574375E-03     -0.17663973E-03     -0.27914612E-03     -0.44299011E-03
    3937     -0.17574399E-03     -0.17663973E-03     -0.27918859E-03     -0.44299011E-03
    3938     -0.17574420E-03     -0.17663973E-03     -0.27923446E-03     -0.44299011E-03
    3939     -0.17574445E-03     -0.17663973E-03     -0.27927248E-03     -0.44299011E-03
    3940     -0.17574472E-03     -0.17663973E-03     -0.27931331E-03     -0.44299011E-03
    3941     -0.17574494E-03     -0.17663973E-03     -0.27934738E-03     -0.44299011E-03
    3942     -0.17574520E-03     -0.17663973E-03     -0.27939330E-03     -0.44299011E-03
    3943     -0.17574538E-03     -0.17663973E-03     -0.27943200E-03     -0.44299011E-03
    3944     -0.17574559E-03     -0.17663973E-03     -0.27946908E-03     -0.44299011E-03
    3945     -0.17574585E-03     -0.17663973E-03     -0.27953007E-03     -0.44299011E-03
    3946     -0.17574606E-03     -0.17663973E-03     -0.27956101E-03     -0.44299011E-03
    3947     -0.17574631E-03     -0.17663973E-03     -0.27961385E-03     -0.44299011E-03
    3948     -0.17574655E-03     -0.17663973E-03     -0.27965016E-03     -0.44299011E-03
    3949     -0.17574680E-03     -0.17663973E-03     -0.27969423E-03     -0.44299011E-03
    3950     -0.17574706E-03     -0.17663973E-03     -0.27974134E-03     -0.44299011E-03
    3951     -0.17574729E-03     -0.17663973E-03     -0.27978521E-03     -0.44299011E-03
    3952     -0.17574746E-03     -0.17663973E-03     -0.27982116E-03     -0.44299011E-03
    3953     -0.17574769E-03     -0.17663973E-03     -0.27987079E-03     -0.44299011E-03
    3954     -0.17574789E-03     -0.17663973E-03     -0.27991941E-03     -0.44299011E-03
    3955     -0.17574810E-03     -0.17663973E-03     -0.27995315E-03     -0.44299011E-03
    3956     -0.17574835E-03     -0.17663973E-03     -0.27999343E-03     -0.44299011E-03
    3957     -0.17574861E-03     -0.17663973E-03     -0.28004283E-03     -0.44299011E-03
    3958     -0.17574895E-03     -0.17663973E-03     -0.28010266E-03     -0.44299011E-03
    3959     -0.17574917E-03     -0.17663973E-03     -0.28014112E-03     -0.44299011E-03
    3960     -0.17574957E-03     -0.17663973E-03     -0.28019211E-03     -0.44299011E-03
    3961     -0.17574975E-03     -0.17663973E-03     -0.28022322E-03     -0.44299011E-03
    3962     -0.17575013E-03     -0.17663973E-03     -0.28028146E-03     -0.44299011E-03
    3963     -0.17575051E-03     -0.17663973E-03     -0.28032851E-03     -0.44299011E-03
    3964     -0.17575073E-03     -0.17663973E-03     -0.28036064E-03     -0.44299011E-03
    3965     -0.17575097E-03     -0.17663973E-03     -0.28040012E-03     -0.44299011E-03
    3966     -0.17575119E-03     -0.17663973E-03     -0.28043086E-03     -0.44299011E-03
    3967     -0.17575139E-03     -0.17663973E-03     -0.28046819E-03     -0.44299011E-03
    3968     -0.17575156E-03     -0.17663973E-03     -0.28050840E-03     -0.44299011E-03
    3969     -0.17575176E-03     -0.17663973E-03     -0.28054160E-03     -0.44299011E-03
    3970     -0.17575199E-03     -0.17663973E-03     -0.28059453E-03     -0.44299011E-03
    3971     -0.17575219E-03     -0.17663973E-03     -0.28062870E-03     -0.44299011E-03
    3972     -0.17575243E-03     -0.17663973E-03     -0.28067205E-03     -0.44299011E-03
    3973     -0.17575264E-03     -0.17663973E-03     -0.28070985E-03     -0.44299011E-03
    3974     -0.17575284E-03     -0.17663973E-03     -0.28075497E-03     -0.44299011E-03
    3975     -0.17575304E-03     -0.17663973E-03     -0.28080064E-03     -0.44299011E-03
    3976     -0.17575324E-03     -0.17663973E-03     -0.28083974E-03     -0.44299011E-03
    3977     -0.17575349E-03     -0.17663973E-03     -0.28090568E-03     -0.44299011E-03
    3978     -0.17575371E-03     -0.17663973E-03     -0.28095704E-03     -0.44299011E-03
    3979     -0.17575396E-03     -0.17663973E-03     -0.28100304E-03     -0.44299011E-03
    3980     -0.17575421E-03     -0.17663973E-03     -0.28105953E-03     -0.44299011E-03
    3981     -0.17575441E-03     -0.17663973E-03     -0.28109696E-03     -0.44299011E-03
    3982     -0.17575462E-03     -0.17663973E-03     -0.28113176E-03     -0.44299011E-03
    3983     -0.17575482E-03     -0.17663973E-03     -0.28116747E-03     -0.44299011E-03
    3984     -0.17575505E-03     -0.17663973E-03     -0.28121040E-03     -0.44299011E-03
    3985     -0.17575525E-03     -0.17663973E-03     -0.28125248E-03     -0.44299011E-03
    3986     -0.17575552E-03     -0.17663973E-03     -0.28131034E-03     -0.44299011E-03
    3987     -0.17575575E-03     -0.17663973E-03     -0.28134916E-03     -0.44299011E-03
    3988     -0.17575599E-03     -0.17663973E-03     -0.28138434E-03     -0.44299011E-03
    3989     -0.17575619E-03     -0.17663973E-03     -0.28142885E-03     -0.44299011E-03
    3990     -0.17575642E-03     -0.17663973E-03     -0.28147014E-03     -0.44299011E-03
    3991     -0.17575663E-03     -0.17663973E-03     -0.28151845E-03     -0.44299011E-03
    3992     -0.17575685E-03     -0.17663973E-03     -0.28155599E-03     -0.44299011E-03
    3993     -0.17575707E-03     -0.17663973E-03     -0.28160317E-03     -0.44299011E-03
    3994     -0.17575730E-03     -0.17663973E-03     -0.28164181E-03     -0.44299011E-03
    3995     -0.17575745E-03     -0.17663973E-03     -0.28167899E-03     -0.44299011E-03
    3996     -0.17575766E-03     -0.17663973E-03     -0.28172566E-03     -0.44299011E-03
    3997     -0.17575790E-03     -0.17663973E-03     -0.28177032E-03     -0.44299011E-03
    3998     -0.17575815E-03     -0.17663973E-03     -0.28180526E-03     -0.44299011E-03
    3999     -0.17575836E-03     -0.17663973E-03     -0.28184545E-03     -0.44299011E-03
    4000     -0.17575860E-03     -0.17663973E-03     -0.28188951E-03     -0.44299011E-03
    4001     -0.17575883E-03     -0.17663973E-03     -0.28192734E-03     -0.44299011E-03
    4002     -0.17575908E-03     -0.17663973E-03     -0.28196970E-03     -0.44299011E-03
    4003     -0.17575933E-03     -0.17663973E-03     -0.28201446E-03     -0.44299011E-03
    4004     -0.17575956E-03     -0.17663973E-03     -0.28206545E-03     -0.44299011E-03
    4005     -0.17575983E-03     -0.17663973E-03     -0.28211345E-03     -0.44299011E-03
    4006     -0.17576004E-03     -0.17663973E-03     -0.28214772E-03     -0.44299011E-03
    4007     -0.17576023E-03     -0.17663973E-03     -0.28218034E-03     -0.44299011E-03
    4008     -0.17576052E-03     -0.17663973E-03     -0.28222749E-03     -0.44299011E-03
    4009     -0.17576075E-03     -0.17663973E-03     -0.28227166E-03     -0.44299011E-03
    4010     -0.17576099E-03     -0.17663973E-03     -0.28231555E-03     -0.44299011E-03
    4011     -0.17576125E-03     -0.17663973E-03     -0.28235393E-03     -0.44299011E-03
    4012     -0.17576156E-03     -0.17663973E-03     -0.28240932E-03     -0.44299011E-03
    4013     -0.17576176E-03     -0.17663973E-03     -0.28244857E-03     -0.44299011E-03
    4014     -0.17576198E-03     -0.17663973E-03     -0.28249284E-03     -0.44299011E-03
    4015     -0.17576224E-03     -0.17663973E-03     -0.28253284E-03     -0.44299011E-03
    4016     -0.17576249E-03     -0.17663973E-03     -0.28257622E-03     -0.44299011E-03
    4017     -0.17576274E-03     -0.17663973E-03     -0.28262644E-03     -0.44299011E-03
    4018     -0.17576297E-03     -0.17663973E-03     -0.28266715E-03     -0.44299011E-03
    4019     -0.17576318E-03     -0.17663973E-03     -0.28270245E-03     -0.44299011E-03
    4020     -0.17576342E-03     -0.17663973E-03     -0.28274094E-03     -0.44299011E-03
    4021     -0.17576362E-03     -0.17663973E-03     -0.28277362E-03     -0.44299011E-03
    4022     -0.17576393E-03     -0.17663973E-03     -0.28282610E-03     -0.44299011E-03
    4023     -0.17576414E-03     -0.17663973E-03     -0.28286493E-03     -0.44299011E-03
    4024     -0.17576450E-03     -0.17663973E-03     -0.28292131E-03     -0.44299011E-03
    4025     -0.17576471E-03     -0.17663973E-03     -0.28296446E-03     -0.44299011E-03
    4026     -0.17576490E-03     -0.17663973E-03     -0.28300168E-03     -0.44299011E-03
    4027     -0.17576514E-03     -0.17663973E-03     -0.28304911E-03     -0.44299011E-03
    4028     -0.17576538E-03     -0.17663973E-03     -0.28309268E-03     -0.44299011E-03
    4029     -0.17576560E-03     -0.17663973E-03     -0.28313038E-03     -0.44299011E-03
    4030     -0.17576583E-03     -0.17663973E-03     -0.28317755E-03     -0.44299011E-03
    4031     -0.17576609E-03     -0.17663973E-03     -0.28321506E-03     -0.44299011E-03
    4032     -0.17576638E-03     -0.17663973E-03     -0.28326912E-03     -0.44299011E-03
    4033     -0.17576668E-03     -0.17663973E-03     -0.28332247E-03     -0.44299011E-03
    4034     -0.17576698E-03     -0.17663973E-03     -0.28338599E-03     -0.44299011E-03
    4035     -0.17576736E-03     -0.17663973E-03     -0.28344806E-03     -0.44299011E-03
    4036     -0.17576773E-03     -0.17663973E-03     -0.28350797E-03     -0.44299011E-03
    4037     -0.17576794E-03     -0.17663973E-03     -0.28354443E-03     -0.44299011E-03
    4038     -0.17576824E-03     -0.17663973E-03     -0.28358992E-03     -0.44299011E-03
    4039     -0.17576855E-03     -0.17663973E-03     -0.28364872E-03     -0.44299011E-03
    4040     -0.17576877E-03     -0.17663973E-03     -0.28369057E-03     -0.44299011E-03
    4041     -0.17576910E-03     -0.17663973E-03     -0.28375001E-03     -0.44299011E-03
    4042     -0.17576947E-03     -0.17663973E-03     -0.28385279E-03     -0.44299011E-03
    4043     -0.17576977E-03     -0.17663973E-03     -0.28394327E-03     -0.44299011E-03
    4044     -0.17576997E-03     -0.17663973E-03     -0.28398757E-03     -0.44299011E-03
    4045     -0.17577028E-03     -0.17663973E-03     -0.28405292E-03     -0.44299011E-03
    4046     -0.17577054E-03     -0.17663973E-03     -0.28411043E-03     -0.44299011E-03
    4047     -0.17577078E-03     -0.17663973E-03     -0.28416392E-03     -0.44299011E-03
    4048     -0.17577100E-03     -0.17663973E-03     -0.28421066E-03     -0.44299011E-03
    4049     -0.17577125E-03     -0.17663973E-03     -0.28426938E-03     -0.44299011E-03
    4050     -0.17577147E-03     -0.17663973E-03     -0.28432079E-03     -0.44299011E-03
    4051     -0.17577173E-03     -0.17663973E-03     -0.28437809E-03     -0.44299011E-03
    4052     -0.17577193E-03     -0.17663973E-03     -0.28441357E-03     -0.44299011E-03
    4053     -0.17577238E-03     -0.17663973E-03     -0.28452770E-03     -0.44299011E-03
    4054     -0.17577277E-03     -0.17663973E-03     -0.28462955E-03     -0.44299011E-03
    4055     -0.17577307E-03     -0.17663973E-03     -0.28468954E-03     -0.44299011E-03
    4056     -0.17577332E-03     -0.17663973E-03     -0.28473824E-03     -0.44299011E-03
    4057     -0.17577354E-03     -0.17663973E-03     -0.28478825E-03     -0.44299011E-03
    4058     -0.17577380E-03     -0.17663973E-03     -0.28483663E-03     -0.44299011E-03
    4059     -0.17577413E-03     -0.17663973E-03     -0.28490795E-03     -0.44299011E-03
    4060     -0.17577441E-03     -0.17663973E-03     -0.28495741E-03     -0.44299011E-03
    4061     -0.17577462E-03     -0.17663973E-03     -0.28499467E-03     -0.44299011E-03
    4062     -0.17577492E-03     -0.17663973E-03     -0.28504941E-03     -0.44299011E-03
    4063     -0.17577520E-03     -0.17663973E-03     -0.28509700E-03     -0.44299011E-03
    4064     -0.17577551E-03     -0.17663973E-03     -0.28514311E-03     -0.44299011E-03
    4065     -0.17577574E-03     -0.17663973E-03     -0.28518446E-03     -0.44299011E-03
    4066     -0.17577601E-03     -0.17663973E-03     -0.28523175E-03     -0.44299011E-03
    4067     -0.17577626E-03     -0.17663973E-03     -0.28527256E-03     -0.44299011E-03
    4068     -0.17577650E-03     -0.17663973E-03     -0.28531699E-03     -0.44299011E-03
    4069     -0.17577668E-03     -0.17663973E-03     -0.28534839E-03     -0.44299011E-03
    4070     -0.17577687E-03     -0.17663973E-03     -0.28538000E-03     -0.44299011E-03
    4071     -0.17577709E-03     -0.17663973E-03     -0.28541724E-03     -0.44299011E-03
    4072     -0.17577730E-03     -0.17663973E-03     -0.28545247E-03     -0.44299011E-03
    4073     -0.17577755E-03     -0.17663973E-03     -0.28549269E-03     -0.44299011E-03
    4074     -0.17577777E-03     -0.17663973E-03     -0.28553747E-03     -0.44299011E-03
    4075     -0.17577793E-03     -0.17663973E-03     -0.28557351E-03     -0.44299011E-03
    4076     -0.17577813E-03     -0.17663973E-03     -0.28561122E-03     -0.44299011E-03
    4077     -0.17577835E-03     -0.17663973E-03     -0.28564811E-03     -0.44299011E-03
    4078     -0.17577858E-03     -0.17663973E-03     -0.28568545E-03     -0.44299011E-03
    4079     -0.17577888E-03     -0.17663973E-03     -0.28572823E-03     -0.44299011E-03
    4080     -0.17577903E-03     -0.17663973E-03     -0.28575566E-03     -0.44299011E-03
    4081     -0.17577919E-03     -0.17663973E-03     -0.28578878E-03     -0.44299011E-03
    4082     -0.17577941E-03     -0.17663973E-03     -0.28582821E-03     -0.44299011E-03
    4083     -0.17577963E-03     -0.17663973E-03     -0.28586274E-03     -0.44299011E-03
    4084     -0.17577985E-03     -0.17663973E-03     -0.28590275E-03     -0.44299011E-03
    4085     -0.17578002E-03     -0.17663973E-03     -0.28593740E-03     -0.44299011E-03
    4086     -0.17578023E-03     -0.17663973E-03     -0.28597338E-03     -0.44299011E-03
    4087     -0.17578045E-03     -0.17663973E-03     -0.28600788E-03     -0.44299011E-03
    4088     -0.17578067E-03     -0.17663973E-03     -0.28604229E-03     -0.44299011E-03
    4089     -0.17578089E-03     -0.17663973E-03     -0.28607637E-03     -0.44299011E-03
    4090     -0.17578109E-03     -0.17663973E-03     -0.28611496E-03     -0.44299011E-03
    4091     -0.17578129E-03     -0.17663973E-03     -0.28615308E-03     -0.44299011E-03
    4092     -0.17578147E-03     -0.17663973E-03     -0.28618601E-03     -0.44299011E-03
    4093     -0.17578166E-03     -0.17663973E-03     -0.28622051E-03     -0.44299011E-03

