Difference added,Energy (eV)
0.0,-16.75977886
1.0,-16.75976536
1.0,-16.76155198
2.0,-16.76742663
2.0,-16.75977868
3.0,-16.75983028
4.0,-16.75983102
5.0,-16.75984728
6.0,-16.75984776
7.0,-16.75986109
8.0,-16.75986948
9.0,-16.75987163
10.0,-16.75988748
