# spin    band          kx          ky          kz          E(MF)          E(QP)        Delta E
#                        (Cartesian coordinates)             (eV)           (eV)           (eV)
     1     714     0.00000     0.00000     0.00000   -4.564529946   -5.186002642   -0.621472696
     1     714     0.00000     0.00000     0.00137   -4.565261150   -5.186573270   -0.621312120
     1     714     0.00000     0.00000     0.00274   -4.567180203   -5.188190271   -0.621010068
     1     714     0.00000     0.00000     0.00411   -4.569825825   -5.190575156   -0.620749331
     1     714     0.00000     0.00000     0.00548   -4.572916335   -5.193464775   -0.620548440
     1     714     0.00000     0.00000     0.00685   -4.576288128   -5.196603562   -0.620315435
     1     714     0.00000     0.00000     0.00822   -4.579731711   -5.198852928   -0.619121217
     1     714     0.00000     0.00000     0.00959   -4.580878175   -5.185379122   -0.604500947
     1     714     0.00000     0.00000     0.01096   -4.578138260   -5.178847070   -0.600708810
     1     714     0.00000     0.00000     0.01233   -4.575048878   -5.175444437   -0.600395559
     1     714     0.00000     0.00000     0.01370   -4.572026699   -5.172333986   -0.600307287
     1     714     0.00000     0.00000     0.01507   -4.569180259   -5.169431423   -0.600251164
     1     714     0.00000     0.00000     0.01644   -4.566562017   -5.166805604   -0.600243587
     1     714     0.00000     0.00000     0.01781   -4.564214391   -5.164535348   -0.600320957
     1     714     0.00000     0.00000     0.01918   -4.562164538   -5.162669880   -0.600505343
     1     714     0.00000     0.00000     0.02055   -4.560409684   -5.161194779   -0.600785096
     1     714     0.00000     0.00000     0.02192   -4.558935408   -5.160056867   -0.601121458
     1     714     0.00000     0.00000     0.02329   -4.557715302   -5.159176307   -0.601461005
     1     714     0.00000     0.00000     0.02466   -4.556707925   -5.158450294   -0.601742369
     1     714     0.00000     0.00000     0.02603   -4.555858691   -5.157754432   -0.601895741
     1     714     0.00000     0.00000     0.02740   -4.555085356   -5.156911265   -0.601825909
     1     714     0.00000     0.00000     0.02877   -4.554267483   -5.155573076   -0.601305593
     1     714     0.00000     0.00000     0.03014   -4.553111125   -5.152522544   -0.599411419
     1     714     0.00000     0.00000     0.03151   -4.550328757   -5.142326919   -0.591998162
     1     714     0.00000     0.00000     0.03288   -4.541670855   -5.125600756   -0.583929901
     1     714     0.00000     0.00000     0.03425   -4.529016125   -5.111776188   -0.582760063
     1     714     0.00000     0.00000     0.03562   -4.522917331   -5.124087568   -0.601170237
     1     714     0.00000     0.00000     0.03699   -4.525126034   -5.125882249   -0.600756215
     1     714     0.00000     0.00000     0.03836   -4.526879490   -5.126326522   -0.599447033
     1     714     0.00000     0.00000     0.03973   -4.522800857   -5.118808046   -0.596007189
     1     714     0.00000     0.00000     0.04110   -4.512011104   -5.105638439   -0.593627335
     1     715     0.00000     0.00000     0.00000   -4.551601643   -5.169586742   -0.617985099
     1     715     0.00000     0.00000     0.00137   -4.551015088   -5.169152508   -0.618137421
     1     715     0.00000     0.00000     0.00274   -4.549554360   -5.167968906   -0.618414547
     1     715     0.00000     0.00000     0.00411   -4.547664172   -5.166294211   -0.618630039
     1     715     0.00000     0.00000     0.00548   -4.545607369   -5.164337887   -0.618730518
     1     715     0.00000     0.00000     0.00685   -4.543501792   -5.162171379   -0.618669587
     1     715     0.00000     0.00000     0.00822   -4.541398007   -5.159784753   -0.618386746
     1     715     0.00000     0.00000     0.00959   -4.539307092   -5.157140663   -0.617833572
     1     715     0.00000     0.00000     0.01096   -4.537230016   -5.154219483   -0.616989467
     1     715     0.00000     0.00000     0.01233   -4.535146736   -5.151011559   -0.615864823
     1     715     0.00000     0.00000     0.01370   -4.533044780   -5.147544082   -0.614499302
     1     715     0.00000     0.00000     0.01507   -4.530919027   -5.143871090   -0.612952063
     1     715     0.00000     0.00000     0.01644   -4.528754899   -5.140054939   -0.611300040
     1     715     0.00000     0.00000     0.01781   -4.526562643   -5.136190587   -0.609627944
     1     715     0.00000     0.00000     0.01918   -4.524375652   -5.132395239   -0.608019587
     1     715     0.00000     0.00000     0.02055   -4.522234975   -5.128787182   -0.606552207
     1     715     0.00000     0.00000     0.02192   -4.520211440   -5.125498432   -0.605286992
     1     715     0.00000     0.00000     0.02329   -4.518399140   -5.122660420   -0.604261280
     1     715     0.00000     0.00000     0.02466   -4.516900862   -5.120391315   -0.603490454
     1     715     0.00000     0.00000     0.02603   -4.515821678   -5.118789417   -0.602967739
     1     715     0.00000     0.00000     0.02740   -4.515244854   -5.117904472   -0.602659618
     1     715     0.00000     0.00000     0.02877   -4.515235602   -5.117747074   -0.602511472
     1     715     0.00000     0.00000     0.03014   -4.515809615   -5.118264213   -0.602454598
     1     715     0.00000     0.00000     0.03151   -4.516933616   -5.119347984   -0.602414368
     1     715     0.00000     0.00000     0.03288   -4.518540883   -5.120852380   -0.602311497
     1     715     0.00000     0.00000     0.03425   -4.520479904   -5.122455328   -0.601975423
     1     715     0.00000     0.00000     0.03562   -4.515346024   -5.098316514   -0.582970489
     1     715     0.00000     0.00000     0.03699   -4.501943348   -5.084826153   -0.582882805
     1     715     0.00000     0.00000     0.03836   -4.489679536   -5.074932867   -0.585253331
     1     715     0.00000     0.00000     0.03973   -4.493121287   -5.090121221   -0.596999934
     1     715     0.00000     0.00000     0.04110   -4.504454807   -5.104128824   -0.599674017
     1     716     0.00000     0.00000     0.00000   -4.422613403   -5.027734708   -0.605121305
     1     716     0.00000     0.00000     0.00137   -4.422741285   -5.027773834   -0.605032549
     1     716     0.00000     0.00000     0.00274   -4.423120235   -5.027888570   -0.604768336
     1     716     0.00000     0.00000     0.00411   -4.423748066   -5.028079060   -0.604330994
     1     716     0.00000     0.00000     0.00548   -4.424621082   -5.028315872   -0.603694790
     1     716     0.00000     0.00000     0.00685   -4.425726652   -5.028523490   -0.602796838
     1     716     0.00000     0.00000     0.00822   -4.427052873   -5.028649668   -0.601596795
     1     716     0.00000     0.00000     0.00959   -4.428587518   -5.028705139   -0.600117621
     1     716     0.00000     0.00000     0.01096   -4.430312023   -5.028749488   -0.598437464
     1     716     0.00000     0.00000     0.01233   -4.432200707   -5.028859793   -0.596659087
     1     716     0.00000     0.00000     0.01370   -4.434226762   -5.029109541   -0.594882779
     1     716     0.00000     0.00000     0.01507   -4.436364135   -5.029552855   -0.593188720
     1     716     0.00000     0.00000     0.01644   -4.438573482   -5.030206019   -0.591632537
     1     716     0.00000     0.00000     0.01781   -4.440806889   -5.031055619   -0.590248729
     1     716     0.00000     0.00000     0.01918   -4.443020961   -5.032073061   -0.589052101
     1     716     0.00000     0.00000     0.02055   -4.445146750   -5.033194876   -0.588048126
     1     716     0.00000     0.00000     0.02192   -4.447120113   -5.034356018   -0.587235905
     1     716     0.00000     0.00000     0.02329   -4.448855465   -5.035471430   -0.586615965
     1     716     0.00000     0.00000     0.02466   -4.450264863   -5.036460195   -0.586195332
     1     716     0.00000     0.00000     0.02603   -4.451280401   -5.037274475   -0.585994074
     1     716     0.00000     0.00000     0.02740   -4.451830973   -5.037874084   -0.586043111
     1     716     0.00000     0.00000     0.02877   -4.451895388   -5.038279801   -0.586384413
     1     716     0.00000     0.00000     0.03014   -4.451487149   -5.038545245   -0.587058096
     1     716     0.00000     0.00000     0.03151   -4.450668847   -5.038758851   -0.588090004
     1     716     0.00000     0.00000     0.03288   -4.449567022   -5.039053233   -0.589486211
     1     716     0.00000     0.00000     0.03425   -4.448381121   -5.039673279   -0.591292159
     1     716     0.00000     0.00000     0.03562   -4.448264175   -5.043266443   -0.595002269
     1     716     0.00000     0.00000     0.03699   -4.459771564   -5.056359628   -0.596588064
     1     716     0.00000     0.00000     0.03836   -4.473854813   -5.067866563   -0.594011750
     1     716     0.00000     0.00000     0.03973   -4.472492862   -5.055031628   -0.582538766
     1     716     0.00000     0.00000     0.04110   -4.463485177   -5.046038788   -0.582553611
     1     717     0.00000     0.00000     0.00000   -4.283720255   -4.834727451   -0.551007196
     1     717     0.00000     0.00000     0.00137   -4.284114276   -4.835857845   -0.551743569
     1     717     0.00000     0.00000     0.00274   -4.285268604   -4.839068920   -0.553800316
     1     717     0.00000     0.00000     0.00411   -4.287109078   -4.843909542   -0.556800464
     1     717     0.00000     0.00000     0.00548   -4.289530508   -4.849853689   -0.560323182
     1     717     0.00000     0.00000     0.00685   -4.292420025   -4.856447457   -0.564027431
     1     717     0.00000     0.00000     0.00822   -4.295679919   -4.863328864   -0.567648945
     1     717     0.00000     0.00000     0.00959   -4.299231202   -4.870215200   -0.570983998
     1     717     0.00000     0.00000     0.01096   -4.303004451   -4.876885514   -0.573881063
     1     717     0.00000     0.00000     0.01233   -4.306951631   -4.883190515   -0.576238884
     1     717     0.00000     0.00000     0.01370   -4.311028810   -4.889036650   -0.578007841
     1     717     0.00000     0.00000     0.01507   -4.315217589   -4.894392969   -0.579175380
     1     717     0.00000     0.00000     0.01644   -4.319494308   -4.899254483   -0.579760175
     1     717     0.00000     0.00000     0.01781   -4.323844801   -4.903646516   -0.579801715
     1     717     0.00000     0.00000     0.01918   -4.328278435   -4.907634717   -0.579356281
     1     717     0.00000     0.00000     0.02055   -4.332788947   -4.911287840   -0.578498893
     1     717     0.00000     0.00000     0.02192   -4.337412987   -4.914749537   -0.577336550
     1     717     0.00000     0.00000     0.02329   -4.342206949   -4.918261639   -0.576054690
     1     717     0.00000     0.00000     0.02466   -4.347320189   -4.922372362   -0.575052173
     1     717     0.00000     0.00000     0.02603   -4.353135734   -4.928446358   -0.575310623
     1     717     0.00000     0.00000     0.02740   -4.360497652   -4.939298059   -0.578800407
     1     717     0.00000     0.00000     0.02877   -4.370571655   -4.956100005   -0.585528350
     1     717     0.00000     0.00000     0.03014   -4.383299834   -4.974240116   -0.590940283
     1     717     0.00000     0.00000     0.03151   -4.397555439   -4.991270880   -0.593715441
     1     717     0.00000     0.00000     0.03288   -4.412539840   -5.007474655   -0.594934815
     1     717     0.00000     0.00000     0.03425   -4.427795539   -5.023027322   -0.595231783
     1     717     0.00000     0.00000     0.03562   -4.442127292   -5.035413126   -0.593285834
     1     717     0.00000     0.00000     0.03699   -4.444940592   -5.037821337   -0.592880745
     1     717     0.00000     0.00000     0.03836   -4.444499402   -5.037612658   -0.593113257
     1     717     0.00000     0.00000     0.03973   -4.446905355   -5.031143039   -0.584237685
     1     717     0.00000     0.00000     0.04110   -4.454760219   -5.035194812   -0.580434593
     1     718     0.00000     0.00000     0.00000   -4.226673599   -4.844635271   -0.617961672
     1     718     0.00000     0.00000     0.00137   -4.226423320   -4.843225549   -0.616802229
     1     718     0.00000     0.00000     0.00274   -4.225704397   -4.839186603   -0.613482206
     1     718     0.00000     0.00000     0.00411   -4.224614827   -4.833023725   -0.608408898
     1     718     0.00000     0.00000     0.00548   -4.223283547   -4.825414021   -0.602130474
     1     718     0.00000     0.00000     0.00685   -4.221852104   -4.817058568   -0.595206464
     1     718     0.00000     0.00000     0.00822   -4.220467071   -4.808518321   -0.588051251
     1     718     0.00000     0.00000     0.00959   -4.219284472   -4.800067770   -0.580783298
     1     718     0.00000     0.00000     0.01096   -4.218508881   -4.791621436   -0.573112555
     1     718     0.00000     0.00000     0.01233   -4.218581647   -4.782567008   -0.563985361
     1     718     0.00000     0.00000     0.01370   -4.220789085   -4.773135305   -0.552346220
     1     718     0.00000     0.00000     0.01507   -4.227295816   -4.774180317   -0.546884501
     1     718     0.00000     0.00000     0.01644   -4.237267713   -4.787984853   -0.550717140
     1     718     0.00000     0.00000     0.01781   -4.248736340   -4.805435405   -0.556699065
     1     718     0.00000     0.00000     0.01918   -4.260968478   -4.823957359   -0.562988880
     1     718     0.00000     0.00000     0.02055   -4.273716787   -4.842965970   -0.569249183
     1     718     0.00000     0.00000     0.02192   -4.286860173   -4.862040173   -0.575180000
     1     718     0.00000     0.00000     0.02329   -4.300281416   -4.880608165   -0.580326749
     1     718     0.00000     0.00000     0.02466   -4.313785798   -4.897784834   -0.583999036
     1     718     0.00000     0.00000     0.02603   -4.326924844   -4.912000047   -0.585075203
     1     718     0.00000     0.00000     0.02740   -4.338760417   -4.920476246   -0.581715829
     1     718     0.00000     0.00000     0.02877   -4.348051242   -4.922337673   -0.574286431
     1     718     0.00000     0.00000     0.03014   -4.354785886   -4.922662660   -0.567876774
     1     718     0.00000     0.00000     0.03151   -4.362496366   -4.945200340   -0.582703974
     1     718     0.00000     0.00000     0.03288   -4.375953029   -4.959108383   -0.583155355
     1     718     0.00000     0.00000     0.03425   -4.389530227   -4.972896215   -0.583365988
     1     718     0.00000     0.00000     0.03562   -4.403103714   -4.986666341   -0.583562627
     1     718     0.00000     0.00000     0.03699   -4.416612252   -5.000521293   -0.583909041
     1     718     0.00000     0.00000     0.03836   -4.429792764   -5.015111979   -0.585319215
     1     718     0.00000     0.00000     0.03973   -4.440012447   -5.035179775   -0.595167328
     1     718     0.00000     0.00000     0.04110   -4.441587709   -5.040401947   -0.598814238
     1     719     0.00000     0.00000     0.00000   -4.161859045   -4.668499025   -0.506639980
     1     719     0.00000     0.00000     0.00137   -4.161929003   -4.669340432   -0.507411430
     1     719     0.00000     0.00000     0.00274   -4.162183014   -4.671901494   -0.509718480
     1     719     0.00000     0.00000     0.00411   -4.162813534   -4.676343886   -0.513530352
     1     719     0.00000     0.00000     0.00548   -4.164222526   -4.683010038   -0.518787512
     1     719     0.00000     0.00000     0.00685   -4.167088131   -4.692256148   -0.525168018
     1     719     0.00000     0.00000     0.00822   -4.172095370   -4.703773825   -0.531678455
     1     719     0.00000     0.00000     0.00959   -4.179240973   -4.716936094   -0.537695121
     1     719     0.00000     0.00000     0.01096   -4.187813440   -4.731834346   -0.544020906
     1     719     0.00000     0.00000     0.01233   -4.196824558   -4.749266065   -0.552441507
     1     719     0.00000     0.00000     0.01370   -4.204652581   -4.769114815   -0.564462233
     1     719     0.00000     0.00000     0.01507   -4.208965657   -4.780843299   -0.571877641
     1     719     0.00000     0.00000     0.01644   -4.210725468   -4.787029108   -0.576303640
     1     719     0.00000     0.00000     0.01781   -4.220386557   -4.829671353   -0.609284796
     1     719     0.00000     0.00000     0.01918   -4.235234648   -4.838701651   -0.603467003
     1     719     0.00000     0.00000     0.02055   -4.250050418   -4.848113017   -0.598062600
     1     719     0.00000     0.00000     0.02192   -4.264687596   -4.857824590   -0.593136994
     1     719     0.00000     0.00000     0.02329   -4.279109189   -4.867989062   -0.588879873
     1     719     0.00000     0.00000     0.02466   -4.293323003   -4.878872690   -0.585549687
     1     719     0.00000     0.00000     0.02603   -4.307340751   -4.890615136   -0.583274385
     1     719     0.00000     0.00000     0.02740   -4.321199618   -4.903191266   -0.581991647
     1     719     0.00000     0.00000     0.02877   -4.334938036   -4.916383167   -0.581445131
     1     719     0.00000     0.00000     0.03014   -4.348565446   -4.929508723   -0.580943277
     1     719     0.00000     0.00000     0.03151   -4.359603291   -4.921103408   -0.561500117
     1     719     0.00000     0.00000     0.03288   -4.363998224   -4.921716318   -0.557718093
     1     719     0.00000     0.00000     0.03425   -4.367631013   -4.922451294   -0.554820281
     1     719     0.00000     0.00000     0.03562   -4.370696828   -4.923077018   -0.552380189
     1     719     0.00000     0.00000     0.03699   -4.373186977   -4.923543184   -0.550356207
     1     719     0.00000     0.00000     0.03836   -4.375030293   -4.923797665   -0.548767372
     1     719     0.00000     0.00000     0.03973   -4.376175171   -4.923900711   -0.547725540
     1     719     0.00000     0.00000     0.04110   -4.376564361   -4.923924905   -0.547360544
     1     720     0.00000     0.00000     0.00000   -4.099355790   -4.608797555   -0.509441765
     1     720     0.00000     0.00000     0.00137   -4.103693444   -4.621898621   -0.518205176
     1     720     0.00000     0.00000     0.00274   -4.111532781   -4.635795930   -0.524263149
     1     720     0.00000     0.00000     0.00411   -4.119752970   -4.646954741   -0.527201771
     1     720     0.00000     0.00000     0.00548   -4.127387933   -4.656730976   -0.529343043
     1     720     0.00000     0.00000     0.00685   -4.133557963   -4.665996665   -0.532438701
     1     720     0.00000     0.00000     0.00822   -4.137489491   -4.676704219   -0.539214728
     1     720     0.00000     0.00000     0.00959   -4.139208402   -4.695758264   -0.556549862
     1     720     0.00000     0.00000     0.01096   -4.144627733   -4.788985703   -0.644357971
     1     720     0.00000     0.00000     0.01233   -4.159338617   -4.792276704   -0.632938086
     1     720     0.00000     0.00000     0.01370   -4.174480674   -4.799232729   -0.624752055
     1     720     0.00000     0.00000     0.01507   -4.189641308   -4.807236658   -0.617595350
     1     720     0.00000     0.00000     0.01644   -4.204507710   -4.810515599   -0.606007889
     1     720     0.00000     0.00000     0.01781   -4.210463331   -4.775705360   -0.565242029
     1     720     0.00000     0.00000     0.01918   -4.210884987   -4.775092151   -0.564207164
     1     720     0.00000     0.00000     0.02055   -4.211132257   -4.774898888   -0.563766630
     1     720     0.00000     0.00000     0.02192   -4.211372903   -4.775251797   -0.563878895
     1     720     0.00000     0.00000     0.02329   -4.211631623   -4.776091557   -0.564459934
     1     720     0.00000     0.00000     0.02466   -4.211910094   -4.777295510   -0.565385416
     1     720     0.00000     0.00000     0.02603   -4.212207356   -4.778738083   -0.566530727
     1     720     0.00000     0.00000     0.02740   -4.212506886   -4.780288286   -0.567781400
     1     720     0.00000     0.00000     0.02877   -4.212805874   -4.781843770   -0.569037897
     1     720     0.00000     0.00000     0.03014   -4.213093436   -4.783312350   -0.570218914
     1     720     0.00000     0.00000     0.03151   -4.213359870   -4.784625742   -0.571265872
     1     720     0.00000     0.00000     0.03288   -4.213606155   -4.785752606   -0.572146450
     1     720     0.00000     0.00000     0.03425   -4.213818160   -4.786672773   -0.572854613
     1     720     0.00000     0.00000     0.03562   -4.214000336   -4.787406452   -0.573406116
     1     720     0.00000     0.00000     0.03699   -4.214146423   -4.787971730   -0.573825307
     1     720     0.00000     0.00000     0.03836   -4.214248605   -4.788375268   -0.574126663
     1     720     0.00000     0.00000     0.03973   -4.214313229   -4.788623589   -0.574310361
     1     720     0.00000     0.00000     0.04110   -4.214336065   -4.788708184   -0.574372119
     1     721     0.00000     0.00000     0.00000   -4.084968748   -4.641821614   -0.556852866
     1     721     0.00000     0.00000     0.00137   -4.080861212   -4.629678234   -0.548817022
     1     721     0.00000     0.00000     0.00274   -4.074093664   -4.625298003   -0.551204340
     1     721     0.00000     0.00000     0.00411   -4.073694981   -4.737878841   -0.664183860
     1     721     0.00000     0.00000     0.00548   -4.085406355   -4.765229222   -0.679822866
     1     721     0.00000     0.00000     0.00685   -4.099330715   -4.762567359   -0.663236644
     1     721     0.00000     0.00000     0.00822   -4.113859346   -4.762247463   -0.648388117
     1     721     0.00000     0.00000     0.00959   -4.128543135   -4.758413727   -0.629870592
     1     721     0.00000     0.00000     0.01096   -4.137880110   -4.684486248   -0.546606139
     1     721     0.00000     0.00000     0.01233   -4.136795224   -4.703649000   -0.566853776
     1     721     0.00000     0.00000     0.01370   -4.134472017   -4.721530659   -0.587058642
     1     721     0.00000     0.00000     0.01507   -4.131482702   -4.739829614   -0.608346911
     1     721     0.00000     0.00000     0.01644   -4.128007704   -4.759067455   -0.631059751
     1     721     0.00000     0.00000     0.01781   -4.124167403   -4.779418432   -0.655251029
     1     721     0.00000     0.00000     0.01918   -4.120058590   -4.801079205   -0.681020615
     1     721     0.00000     0.00000     0.02055   -4.115758342   -4.824291505   -0.708533163
     1     721     0.00000     0.00000     0.02192   -4.111343468   -4.849353341   -0.738009873
     1     721     0.00000     0.00000     0.02329   -4.106880139   -4.876545660   -0.769665521
     1     721     0.00000     0.00000     0.02466   -4.102440931   -4.906037219   -0.803596288
     1     721     0.00000     0.00000     0.02603   -4.098089604   -4.937797519   -0.839707915
     1     721     0.00000     0.00000     0.02740   -4.093894893   -4.971449623   -0.877554730
     1     721     0.00000     0.00000     0.02877   -4.089920672   -5.006194170   -0.916273497
     1     721     0.00000     0.00000     0.03014   -4.086232800   -5.040721190   -0.954488391
     1     721     0.00000     0.00000     0.03151   -4.082883160   -5.073386429   -0.990503269
     1     721     0.00000     0.00000     0.03288   -4.079922037   -5.102471524   -1.022549487
     1     721     0.00000     0.00000     0.03425   -4.077382684   -5.126682989   -1.049300305
     1     721     0.00000     0.00000     0.03562   -4.075293996   -5.145565377   -1.070271380
     1     721     0.00000     0.00000     0.03699   -4.073665579   -5.159582514   -1.085916936
     1     721     0.00000     0.00000     0.03836   -4.072504226   -5.169431890   -1.096927664
     1     721     0.00000     0.00000     0.03973   -4.071809872   -5.175371780   -1.103561908
     1     721     0.00000     0.00000     0.04110   -4.071579013   -5.177358499   -1.105779486
     1     722     0.00000     0.00000     0.00000   -4.046817470   -5.016121195   -0.969303725
     1     722     0.00000     0.00000     0.00137   -4.049726516   -4.964102359   -0.914375843
     1     722     0.00000     0.00000     0.00274   -4.057437664   -4.862407464   -0.804969801
     1     722     0.00000     0.00000     0.00411   -4.061775453   -4.682653794   -0.620878341
     1     722     0.00000     0.00000     0.00548   -4.055858258   -4.625300557   -0.569442300
     1     722     0.00000     0.00000     0.00685   -4.049045605   -4.622212552   -0.573166947
     1     722     0.00000     0.00000     0.00822   -4.042934494   -4.640147322   -0.597212827
     1     722     0.00000     0.00000     0.00959   -4.038157744   -4.686959674   -0.648801930
     1     722     0.00000     0.00000     0.01096   -4.035063285   -4.748164624   -0.713101339
     1     722     0.00000     0.00000     0.01233   -4.033250696   -4.791746443   -0.758495748
     1     722     0.00000     0.00000     0.01370   -4.032091262   -4.814899243   -0.782807981
     1     722     0.00000     0.00000     0.01507   -4.031220096   -4.825998994   -0.794778898
     1     722     0.00000     0.00000     0.01644   -4.030466746   -4.830203810   -0.799737064
     1     722     0.00000     0.00000     0.01781   -4.029748563   -4.829795005   -0.800046442
     1     722     0.00000     0.00000     0.01918   -4.029023563   -4.825694061   -0.796670498
     1     722     0.00000     0.00000     0.02055   -4.028258379   -4.818218205   -0.789959826
     1     722     0.00000     0.00000     0.02192   -4.027430303   -4.807384849   -0.779954546
     1     722     0.00000     0.00000     0.02329   -4.026516069   -4.793067068   -0.766550999
     1     722     0.00000     0.00000     0.02466   -4.025498686   -4.775148504   -0.749649818
     1     722     0.00000     0.00000     0.02603   -4.024361465   -4.753577790   -0.729216325
     1     722     0.00000     0.00000     0.02740   -4.023089114   -4.728527125   -0.705438011
     1     722     0.00000     0.00000     0.02877   -4.021673658   -4.700465078   -0.678791421
     1     722     0.00000     0.00000     0.03014   -4.020120157   -4.670283567   -0.650163411
     1     722     0.00000     0.00000     0.03151   -4.018442800   -4.639205692   -0.620762892
     1     722     0.00000     0.00000     0.03288   -4.016684555   -4.608717066   -0.592032511
     1     722     0.00000     0.00000     0.03425   -4.014903752   -4.580286515   -0.565382763
     1     722     0.00000     0.00000     0.03562   -4.013199612   -4.555182781   -0.541983168
     1     722     0.00000     0.00000     0.03699   -4.011679186   -4.534334724   -0.522655538
     1     722     0.00000     0.00000     0.03836   -4.010470795   -4.518581693   -0.508110898
     1     722     0.00000     0.00000     0.03973   -4.009690904   -4.508715500   -0.499024596
     1     722     0.00000     0.00000     0.04110   -4.009421730   -4.505352682   -0.495930952
     1     723     0.00000     0.00000     0.00000   -4.023556079   -4.528307970   -0.504751891
     1     723     0.00000     0.00000     0.00137   -4.025459502   -4.596439414   -0.570979912
     1     723     0.00000     0.00000     0.00274   -4.027767719   -4.707608419   -0.679840701
     1     723     0.00000     0.00000     0.00411   -4.028758124   -4.776895554   -0.748137430
     1     723     0.00000     0.00000     0.00548   -4.028888032   -4.808654066   -0.779766035
     1     723     0.00000     0.00000     0.00685   -4.028418778   -4.816585028   -0.788166250
     1     723     0.00000     0.00000     0.00822   -4.027280815   -4.800940817   -0.773660002
     1     723     0.00000     0.00000     0.00959   -4.025127558   -4.753854644   -0.728727085
     1     723     0.00000     0.00000     0.01096   -4.021737299   -4.690344363   -0.668607065
     1     723     0.00000     0.00000     0.01233   -4.017542386   -4.642479427   -0.624937041
     1     723     0.00000     0.00000     0.01370   -4.013139783   -4.612852143   -0.599712361
     1     723     0.00000     0.00000     0.01507   -4.008834543   -4.592773754   -0.583939211
     1     723     0.00000     0.00000     0.01644   -4.004704721   -4.576859813   -0.572155092
     1     723     0.00000     0.00000     0.01781   -4.000753982   -4.562718999   -0.561965017
     1     723     0.00000     0.00000     0.01918   -3.996962883   -4.549376217   -0.552413335
     1     723     0.00000     0.00000     0.02055   -3.993298901   -4.536453019   -0.543154118
     1     723     0.00000     0.00000     0.02192   -3.989747360   -4.523863212   -0.534115852
     1     723     0.00000     0.00000     0.02329   -3.986293739   -4.511646497   -0.525352758
     1     723     0.00000     0.00000     0.02466   -3.982940821   -4.499924330   -0.516983509
     1     723     0.00000     0.00000     0.02603   -3.979688939   -4.488866294   -0.509177355
     1     723     0.00000     0.00000     0.02740   -3.976540941   -4.478675614   -0.502134674
     1     723     0.00000     0.00000     0.02877   -3.973502982   -4.469570867   -0.496067885
     1     723     0.00000     0.00000     0.03014   -3.970590009   -4.461771120   -0.491181112
     1     723     0.00000     0.00000     0.03151   -3.967802360   -4.455377457   -0.487575096
     1     723     0.00000     0.00000     0.03288   -3.965152895   -4.450310860   -0.485157966
     1     723     0.00000     0.00000     0.03425   -3.962640115   -4.446147463   -0.483507349
     1     723     0.00000     0.00000     0.03562   -3.960287945   -4.442062499   -0.481774554
     1     723     0.00000     0.00000     0.03699   -3.958119701   -4.436830003   -0.478710302
     1     723     0.00000     0.00000     0.03836   -3.956237561   -4.429483122   -0.473245560
     1     723     0.00000     0.00000     0.03973   -3.954865329   -4.421059230   -0.466193901
     1     723     0.00000     0.00000     0.04110   -3.954343276   -4.416813976   -0.462470700
     1     724     0.00000     0.00000     0.00000   -4.002419732   -4.632226203   -0.629806471
     1     724     0.00000     0.00000     0.00137   -4.000837056   -4.623944018   -0.623106962
     1     724     0.00000     0.00000     0.00274   -3.998914783   -4.616940497   -0.618025713
     1     724     0.00000     0.00000     0.00411   -3.997212637   -4.612089921   -0.614877284
     1     724     0.00000     0.00000     0.00548   -3.995228939   -4.606886995   -0.611658057
     1     724     0.00000     0.00000     0.00685   -3.992764666   -4.600084720   -0.607320054
     1     724     0.00000     0.00000     0.00822   -3.989735488   -4.590922985   -0.601187497
     1     724     0.00000     0.00000     0.00959   -3.986095653   -4.579120274   -0.593024621
     1     724     0.00000     0.00000     0.01096   -3.981838912   -4.564952035   -0.583113123
     1     724     0.00000     0.00000     0.01233   -3.977001839   -4.549110766   -0.572108927
     1     724     0.00000     0.00000     0.01370   -3.971654172   -4.532451180   -0.560797008
     1     724     0.00000     0.00000     0.01507   -3.965912823   -4.515754574   -0.549841750
     1     724     0.00000     0.00000     0.01644   -3.959889773   -4.499540546   -0.539650773
     1     724     0.00000     0.00000     0.01781   -3.953707225   -4.484125283   -0.530418057
     1     724     0.00000     0.00000     0.01918   -3.947482710   -4.469697459   -0.522214749
     1     724     0.00000     0.00000     0.02055   -3.941304313   -4.456395451   -0.515091138
     1     724     0.00000     0.00000     0.02192   -3.935274553   -4.444457752   -0.509183198
     1     724     0.00000     0.00000     0.02329   -3.929493570   -4.434323270   -0.504829700
     1     724     0.00000     0.00000     0.02466   -3.924111517   -4.426900912   -0.502789394
     1     724     0.00000     0.00000     0.02603   -3.919347469   -4.424009066   -0.504661597
     1     724     0.00000     0.00000     0.02740   -3.915586489   -4.429012014   -0.513425525
     1     724     0.00000     0.00000     0.02877   -3.913461280   -4.445691302   -0.532230022
     1     724     0.00000     0.00000     0.03014   -3.913552696   -4.471186346   -0.557633650
     1     724     0.00000     0.00000     0.03151   -3.915687860   -4.495152415   -0.579464555
     1     724     0.00000     0.00000     0.03288   -3.919066104   -4.513362649   -0.594296545
     1     724     0.00000     0.00000     0.03425   -3.922954878   -4.527472319   -0.604517441
     1     724     0.00000     0.00000     0.03562   -3.926902782   -4.539702216   -0.612799434
     1     724     0.00000     0.00000     0.03699   -3.930587348   -4.551758452   -0.621171104
     1     724     0.00000     0.00000     0.03836   -3.933703816   -4.564491110   -0.630787294
     1     724     0.00000     0.00000     0.03973   -3.935883645   -4.576443714   -0.640560069
     1     724     0.00000     0.00000     0.04110   -3.936686410   -4.581924232   -0.645237822
     1     725     0.00000     0.00000     0.00000   -3.991107624   -4.570136439   -0.579028815
     1     725     0.00000     0.00000     0.00137   -3.987513819   -4.560886502   -0.573372684
     1     725     0.00000     0.00000     0.00274   -3.977895720   -4.547461566   -0.569565846
     1     725     0.00000     0.00000     0.00411   -3.965478470   -4.536400005   -0.570921535
     1     725     0.00000     0.00000     0.00548   -3.952026638   -4.525577656   -0.573551019
     1     725     0.00000     0.00000     0.00685   -3.938173913   -4.513609915   -0.575436002
     1     725     0.00000     0.00000     0.00822   -3.924209858   -4.499695850   -0.575485991
     1     725     0.00000     0.00000     0.00959   -3.910311982   -4.483401305   -0.573089323
     1     725     0.00000     0.00000     0.01096   -3.896671227   -4.464555329   -0.567884102
     1     725     0.00000     0.00000     0.01233   -3.883596953   -4.442934971   -0.559338018
     1     725     0.00000     0.00000     0.01370   -3.871752671   -4.417693906   -0.545941235
     1     725     0.00000     0.00000     0.01507   -3.862650041   -4.388298265   -0.525648224
     1     725     0.00000     0.00000     0.01644   -3.858230962   -4.364151101   -0.505920139
     1     725     0.00000     0.00000     0.01781   -3.858114811   -4.357441230   -0.499326419
     1     725     0.00000     0.00000     0.01918   -3.860362396   -4.362723557   -0.502361161
     1     725     0.00000     0.00000     0.02055   -3.863771398   -4.373088446   -0.509317048
     1     725     0.00000     0.00000     0.02192   -3.867800421   -4.385307076   -0.517506655
     1     725     0.00000     0.00000     0.02329   -3.872146210   -4.397618863   -0.525472653
     1     725     0.00000     0.00000     0.02466   -3.876566594   -4.408452243   -0.531885649
     1     725     0.00000     0.00000     0.02603   -3.880771923   -4.415582512   -0.534810590
     1     725     0.00000     0.00000     0.02740   -3.884307852   -4.415347781   -0.531039929
     1     725     0.00000     0.00000     0.02877   -3.886502185   -4.403753581   -0.517251397
     1     725     0.00000     0.00000     0.03014   -3.886707920   -4.383461006   -0.496753086
     1     725     0.00000     0.00000     0.03151   -3.885039557   -4.364746725   -0.479707169
     1     725     0.00000     0.00000     0.03288   -3.882248172   -4.351901723   -0.469653552
     1     725     0.00000     0.00000     0.03425   -3.878962393   -4.343434148   -0.464471755
     1     725     0.00000     0.00000     0.03562   -3.875544204   -4.337545971   -0.462001766
     1     725     0.00000     0.00000     0.03699   -3.872164012   -4.333105184   -0.460941172
     1     725     0.00000     0.00000     0.03836   -3.868893414   -4.329476803   -0.460583388
     1     725     0.00000     0.00000     0.03973   -3.865762652   -4.326468968   -0.460706316
     1     725     0.00000     0.00000     0.04110   -3.863080071   -4.327242146   -0.464162075
     1     726     0.00000     0.00000     0.00000   -3.823819319   -4.262054580   -0.438235261
     1     726     0.00000     0.00000     0.00137   -3.823940305   -4.262215892   -0.438275587
     1     726     0.00000     0.00000     0.00274   -3.824302596   -4.262702751   -0.438400155
     1     726     0.00000     0.00000     0.00411   -3.824901065   -4.263530940   -0.438629875
     1     726     0.00000     0.00000     0.00548   -3.825734963   -4.264815651   -0.439080687
     1     726     0.00000     0.00000     0.00685   -3.826788751   -4.266835112   -0.440046362
     1     726     0.00000     0.00000     0.00822   -3.828041790   -4.269969209   -0.441927418
     1     726     0.00000     0.00000     0.00959   -3.829445344   -4.274592233   -0.445146889
     1     726     0.00000     0.00000     0.01096   -3.830892698   -4.281091125   -0.450198428
     1     726     0.00000     0.00000     0.01233   -3.832133394   -4.290070140   -0.457936745
     1     726     0.00000     0.00000     0.01370   -3.832554999   -4.302828596   -0.470273598
     1     726     0.00000     0.00000     0.01507   -3.830715013   -4.320336421   -0.489621408
     1     726     0.00000     0.00000     0.01644   -3.824842200   -4.333388765   -0.508546565
     1     726     0.00000     0.00000     0.01781   -3.816654481   -4.324167151   -0.507512670
     1     726     0.00000     0.00000     0.01918   -3.815454885   -4.291236801   -0.475781917
     1     726     0.00000     0.00000     0.02055   -3.818358613   -4.288081272   -0.469722659
     1     726     0.00000     0.00000     0.02192   -3.821646981   -4.289828140   -0.468181159
     1     726     0.00000     0.00000     0.02329   -3.824944110   -4.292381265   -0.467437155
     1     726     0.00000     0.00000     0.02466   -3.828183670   -4.295090880   -0.466907210
     1     726     0.00000     0.00000     0.02603   -3.831343869   -4.297769894   -0.466426026
     1     726     0.00000     0.00000     0.02740   -3.834422939   -4.300345870   -0.465922931
     1     726     0.00000     0.00000     0.02877   -3.837421328   -4.302774873   -0.465353545
     1     726     0.00000     0.00000     0.03014   -3.840353027   -4.305050121   -0.464697094
     1     726     0.00000     0.00000     0.03151   -3.843213969   -4.307177578   -0.463963609
     1     726     0.00000     0.00000     0.03288   -3.846022583   -4.309217700   -0.463195117
     1     726     0.00000     0.00000     0.03425   -3.848779669   -4.311234252   -0.462454583
     1     726     0.00000     0.00000     0.03562   -3.851517900   -4.313313460   -0.461795559
     1     726     0.00000     0.00000     0.03699   -3.854250869   -4.315481539   -0.461230670
     1     726     0.00000     0.00000     0.03836   -3.857004053   -4.317727281   -0.460723229
     1     726     0.00000     0.00000     0.03973   -3.859806833   -4.319962169   -0.460155336
     1     726     0.00000     0.00000     0.04110   -3.862381647   -4.318942610   -0.456560963
     1     727     0.00000     0.00000     0.00000   -3.777008221   -4.228341700   -0.451333479
     1     727     0.00000     0.00000     0.00137   -3.777254710   -4.228498632   -0.451243922
     1     727     0.00000     0.00000     0.00274   -3.777993356   -4.228973356   -0.450979999
     1     727     0.00000     0.00000     0.00411   -3.779211770   -4.229776989   -0.450565219
     1     727     0.00000     0.00000     0.00548   -3.780901638   -4.231021196   -0.450119558
     1     727     0.00000     0.00000     0.00685   -3.783034776   -4.232955331   -0.449920555
     1     727     0.00000     0.00000     0.00822   -3.785576706   -4.235838838   -0.450262132
     1     727     0.00000     0.00000     0.00959   -3.788482749   -4.239766930   -0.451284181
     1     727     0.00000     0.00000     0.01096   -3.791688353   -4.244603423   -0.452915069
     1     727     0.00000     0.00000     0.01233   -3.795121485   -4.250033607   -0.454912122
     1     727     0.00000     0.00000     0.01370   -3.798693150   -4.255633455   -0.456940305
     1     727     0.00000     0.00000     0.01507   -3.802293021   -4.260946275   -0.458653253
     1     727     0.00000     0.00000     0.01644   -3.805687303   -4.265599145   -0.459911843
     1     727     0.00000     0.00000     0.01781   -3.807490543   -4.275178910   -0.467688367
     1     727     0.00000     0.00000     0.01918   -3.800289436   -4.296451989   -0.496162553
     1     727     0.00000     0.00000     0.02055   -3.788101754   -4.282623970   -0.494522216
     1     727     0.00000     0.00000     0.02192   -3.775149892   -4.261640212   -0.486490320
     1     727     0.00000     0.00000     0.02329   -3.762153579   -4.239126100   -0.476972521
     1     727     0.00000     0.00000     0.02466   -3.751212394   -4.221209572   -0.469997178
     1     727     0.00000     0.00000     0.02603   -3.750200650   -4.222268412   -0.472067762
     1     727     0.00000     0.00000     0.02740   -3.751673467   -4.225627132   -0.473953665
     1     727     0.00000     0.00000     0.02877   -3.753326842   -4.228936140   -0.475609298
     1     727     0.00000     0.00000     0.03014   -3.754969975   -4.231967762   -0.476997786
     1     727     0.00000     0.00000     0.03151   -3.756537137   -4.234623643   -0.478086506
     1     727     0.00000     0.00000     0.03288   -3.757994794   -4.236870293   -0.478875500
     1     727     0.00000     0.00000     0.03425   -3.759299464   -4.238705205   -0.479405740
     1     727     0.00000     0.00000     0.03562   -3.760428589   -4.240180250   -0.479751661
     1     727     0.00000     0.00000     0.03699   -3.761347889   -4.241337144   -0.479989255
     1     727     0.00000     0.00000     0.03836   -3.762025365   -4.242184965   -0.480159600
     1     727     0.00000     0.00000     0.03973   -3.762442702   -4.242708689   -0.480265986
     1     727     0.00000     0.00000     0.04110   -3.762584897   -4.242887187   -0.480302290
     1     728     0.00000     0.00000     0.00000   -3.716436309   -4.148204319   -0.431768010
     1     728     0.00000     0.00000     0.00137   -3.716687039   -4.148622231   -0.431935191
     1     728     0.00000     0.00000     0.00274   -3.717421704   -4.149845974   -0.432424270
     1     728     0.00000     0.00000     0.00411   -3.718575020   -4.151781424   -0.433206405
     1     728     0.00000     0.00000     0.00548   -3.720074242   -4.154364411   -0.434290170
     1     728     0.00000     0.00000     0.00685   -3.721823707   -4.157579801   -0.435756094
     1     728     0.00000     0.00000     0.00822   -3.723735155   -4.161409459   -0.437674304
     1     728     0.00000     0.00000     0.00959   -3.725741724   -4.165769446   -0.440027722
     1     728     0.00000     0.00000     0.01096   -3.727788643   -4.170507038   -0.442718395
     1     728     0.00000     0.00000     0.01233   -3.729836767   -4.175449941   -0.445613174
     1     728     0.00000     0.00000     0.01370   -3.731870347   -4.180460326   -0.448589979
     1     728     0.00000     0.00000     0.01507   -3.733879855   -4.185438907   -0.451559052
     1     728     0.00000     0.00000     0.01644   -3.735857301   -4.190320007   -0.454462706
     1     728     0.00000     0.00000     0.01781   -3.737805687   -4.195077308   -0.457271621
     1     728     0.00000     0.00000     0.01918   -3.739729806   -4.199701602   -0.459971797
     1     728     0.00000     0.00000     0.02055   -3.741612411   -4.204164493   -0.462552082
     1     728     0.00000     0.00000     0.02192   -3.743423695   -4.208409606   -0.464985911
     1     728     0.00000     0.00000     0.02329   -3.745008006   -4.212134861   -0.467126855
     1     728     0.00000     0.00000     0.02466   -3.744450726   -4.210600873   -0.466150146
     1     728     0.00000     0.00000     0.02603   -3.733950206   -4.189707603   -0.455757397
     1     728     0.00000     0.00000     0.02740   -3.720982874   -4.166837005   -0.445854131
     1     728     0.00000     0.00000     0.02877   -3.707871500   -4.144644263   -0.436772762
     1     728     0.00000     0.00000     0.03014   -3.694818273   -4.123731729   -0.428913456
     1     728     0.00000     0.00000     0.03151   -3.681877146   -4.104543151   -0.422666005
     1     728     0.00000     0.00000     0.03288   -3.669109805   -4.087403643   -0.418293838
     1     728     0.00000     0.00000     0.03425   -3.656549409   -4.072356705   -0.415807297
     1     728     0.00000     0.00000     0.03562   -3.644282613   -4.059159882   -0.414877269
     1     728     0.00000     0.00000     0.03699   -3.632453358   -4.047373260   -0.414919902
     1     728     0.00000     0.00000     0.03836   -3.621415342   -4.036866666   -0.415451324
     1     728     0.00000     0.00000     0.03973   -3.612245060   -4.028629512   -0.416384452
     1     728     0.00000     0.00000     0.04110   -3.608113781   -4.025268294   -0.417154513
     1     729     0.00000     0.00000     0.00000   -3.602861614   -4.047131208   -0.444269594
     1     729     0.00000     0.00000     0.00137   -3.602354147   -4.046565968   -0.444211821
     1     729     0.00000     0.00000     0.00274   -3.600855311   -4.044902318   -0.444047007
     1     729     0.00000     0.00000     0.00411   -3.598422233   -4.042214882   -0.443792648
     1     729     0.00000     0.00000     0.00548   -3.595149223   -4.038565325   -0.443416102
     1     729     0.00000     0.00000     0.00685   -3.591137293   -4.033893893   -0.442756600
     1     729     0.00000     0.00000     0.00822   -3.586494118   -4.028075386   -0.441581268
     1     729     0.00000     0.00000     0.00959   -3.581322965   -4.021032799   -0.439709834
     1     729     0.00000     0.00000     0.01096   -3.575713063   -4.012792837   -0.437079773
     1     729     0.00000     0.00000     0.01233   -3.569743322   -4.003483082   -0.433739760
     1     729     0.00000     0.00000     0.01370   -3.563489157   -3.993295256   -0.429806099
     1     729     0.00000     0.00000     0.01507   -3.557000464   -3.982417879   -0.425417415
     1     729     0.00000     0.00000     0.01644   -3.550333642   -3.971040040   -0.420706398
     1     729     0.00000     0.00000     0.01781   -3.543530642   -3.959313540   -0.415782897
     1     729     0.00000     0.00000     0.01918   -3.536634710   -3.947367479   -0.410732769
     1     729     0.00000     0.00000     0.02055   -3.529677397   -3.935300217   -0.405622821
     1     729     0.00000     0.00000     0.02192   -3.522691648   -3.923200559   -0.400508911
     1     729     0.00000     0.00000     0.02329   -3.515714453   -3.911162203   -0.395447750
     1     729     0.00000     0.00000     0.02466   -3.508783570   -3.899294642   -0.390511072
     1     729     0.00000     0.00000     0.02603   -3.501948379   -3.887768124   -0.385819745
     1     729     0.00000     0.00000     0.02740   -3.495363178   -3.877212345   -0.381849167
     1     729     0.00000     0.00000     0.02877   -3.492065260   -3.889347611   -0.397282351
     1     729     0.00000     0.00000     0.03014   -3.500926814   -3.908322528   -0.407395713
     1     729     0.00000     0.00000     0.03151   -3.511103799   -3.920842143   -0.409738344
     1     729     0.00000     0.00000     0.03288   -3.521550479   -3.932714630   -0.411164151
     1     729     0.00000     0.00000     0.03425   -3.532154384   -3.944038842   -0.411884458
     1     729     0.00000     0.00000     0.03562   -3.542834511   -3.954868414   -0.412033903
     1     729     0.00000     0.00000     0.03699   -3.553429417   -3.965214422   -0.411785004
     1     729     0.00000     0.00000     0.03836   -3.563581866   -3.974810190   -0.411228325
     1     729     0.00000     0.00000     0.03973   -3.572229546   -3.982519507   -0.410289961
     1     729     0.00000     0.00000     0.04110   -3.576186385   -3.985704587   -0.409518202
     1     730     0.00000     0.00000     0.00000   -3.363338348   -3.721085833   -0.357747485
     1     730     0.00000     0.00000     0.00137   -3.363742904   -3.721451933   -0.357709029
     1     730     0.00000     0.00000     0.00274   -3.364945299   -3.722544576   -0.357599277
     1     730     0.00000     0.00000     0.00411   -3.366917920   -3.724356989   -0.357439069
     1     730     0.00000     0.00000     0.00548   -3.369620923   -3.726933910   -0.357312988
     1     730     0.00000     0.00000     0.00685   -3.373002131   -3.730417711   -0.357415580
     1     730     0.00000     0.00000     0.00822   -3.377018985   -3.734987240   -0.357968255
     1     730     0.00000     0.00000     0.00959   -3.381622556   -3.740739765   -0.359117209
     1     730     0.00000     0.00000     0.01096   -3.386767606   -3.747667121   -0.360899515
     1     730     0.00000     0.00000     0.01233   -3.392417381   -3.755680236   -0.363262855
     1     730     0.00000     0.00000     0.01370   -3.398538610   -3.764645205   -0.366106595
     1     730     0.00000     0.00000     0.01507   -3.405109043   -3.774425997   -0.369316954
     1     730     0.00000     0.00000     0.01644   -3.412095691   -3.784885028   -0.372789337
     1     730     0.00000     0.00000     0.01781   -3.419468326   -3.795906210   -0.376437885
     1     730     0.00000     0.00000     0.01918   -3.427216009   -3.807412042   -0.380196033
     1     730     0.00000     0.00000     0.02055   -3.435316158   -3.819328329   -0.384012171
     1     730     0.00000     0.00000     0.02192   -3.443753618   -3.831596043   -0.387842425
     1     730     0.00000     0.00000     0.02329   -3.452495012   -3.844136878   -0.391641866
     1     730     0.00000     0.00000     0.02466   -3.461535465   -3.856888014   -0.395352549
     1     730     0.00000     0.00000     0.02603   -3.470825839   -3.869698650   -0.398872811
     1     730     0.00000     0.00000     0.02740   -3.480243526   -3.882010548   -0.401767021
     1     730     0.00000     0.00000     0.02877   -3.486759443   -3.872290513   -0.385531070
     1     730     0.00000     0.00000     0.03014   -3.481542277   -3.855880912   -0.374338636
     1     730     0.00000     0.00000     0.03151   -3.475470728   -3.846751529   -0.371280801
     1     730     0.00000     0.00000     0.03288   -3.469635506   -3.838951651   -0.369316145
     1     730     0.00000     0.00000     0.03425   -3.464203323   -3.832404994   -0.368201671
     1     730     0.00000     0.00000     0.03562   -3.459324253   -3.827057537   -0.367733284
     1     730     0.00000     0.00000     0.03699   -3.455179224   -3.822804841   -0.367625617
     1     730     0.00000     0.00000     0.03836   -3.451972814   -3.819604553   -0.367631739
     1     730     0.00000     0.00000     0.03973   -3.449925842   -3.817575204   -0.367649363
     1     730     0.00000     0.00000     0.04110   -3.449223225   -3.816880345   -0.367657120
     1     731     0.00000     0.00000     0.00000   -3.314669851   -3.662750714   -0.348080863
     1     731     0.00000     0.00000     0.00137   -3.314680701   -3.662802665   -0.348121964
     1     731     0.00000     0.00000     0.00274   -3.314722637   -3.662962443   -0.348239806
     1     731     0.00000     0.00000     0.00411   -3.314823668   -3.663247745   -0.348424076
     1     731     0.00000     0.00000     0.00548   -3.315015063   -3.663706763   -0.348691700
     1     731     0.00000     0.00000     0.00685   -3.315340056   -3.664438128   -0.349098072
     1     731     0.00000     0.00000     0.00822   -3.315839511   -3.665529648   -0.349690137
     1     731     0.00000     0.00000     0.00959   -3.316544211   -3.667017771   -0.350473560
     1     731     0.00000     0.00000     0.01096   -3.317483196   -3.668902073   -0.351418877
     1     731     0.00000     0.00000     0.01233   -3.318672628   -3.671154209   -0.352481581
     1     731     0.00000     0.00000     0.01370   -3.320126881   -3.673743442   -0.353616561
     1     731     0.00000     0.00000     0.01507   -3.321859418   -3.676646067   -0.354786649
     1     731     0.00000     0.00000     0.01644   -3.323871149   -3.679835834   -0.355964685
     1     731     0.00000     0.00000     0.01781   -3.326158973   -3.683291510   -0.357132537
     1     731     0.00000     0.00000     0.01918   -3.328724833   -3.687003427   -0.358278594
     1     731     0.00000     0.00000     0.02055   -3.331553123   -3.690947942   -0.359394819
     1     731     0.00000     0.00000     0.02192   -3.334637319   -3.695111458   -0.360474139
     1     731     0.00000     0.00000     0.02329   -3.337953233   -3.699461168   -0.361507935
     1     731     0.00000     0.00000     0.02466   -3.341486306   -3.703970329   -0.362484024
     1     731     0.00000     0.00000     0.02603   -3.345211721   -3.708596837   -0.363385116
     1     731     0.00000     0.00000     0.02740   -3.349102788   -3.713290881   -0.364188093
     1     731     0.00000     0.00000     0.02877   -3.353128427   -3.717993819   -0.364865392
     1     731     0.00000     0.00000     0.03014   -3.357226835   -3.722615607   -0.365388772
     1     731     0.00000     0.00000     0.03151   -3.361353003   -3.727091047   -0.365738044
     1     731     0.00000     0.00000     0.03288   -3.365430981   -3.731343145   -0.365912164
     1     731     0.00000     0.00000     0.03425   -3.369352273   -3.735291880   -0.365939607
     1     731     0.00000     0.00000     0.03562   -3.372993174   -3.738870324   -0.365877149
     1     731     0.00000     0.00000     0.03699   -3.376180008   -3.741967343   -0.365787335
     1     731     0.00000     0.00000     0.03836   -3.378701815   -3.744409300   -0.365707485
     1     731     0.00000     0.00000     0.03973   -3.380333413   -3.745985375   -0.365651962
     1     731     0.00000     0.00000     0.04110   -3.380903731   -3.746535484   -0.365631753
     1     732     0.00000     0.00000     0.00000   -2.460449835   -1.653290538    0.807159297
     1     732     0.00000     0.00000     0.00137   -2.460347597   -1.653163891    0.807183706
     1     732     0.00000     0.00000     0.00274   -2.460057664   -1.652801638    0.807256025
     1     732     0.00000     0.00000     0.00411   -2.459566010   -1.652189486    0.807376523
     1     732     0.00000     0.00000     0.00548   -2.458873651   -1.651302337    0.807571314
     1     732     0.00000     0.00000     0.00685   -2.457975101   -1.650073895    0.807901206
     1     732     0.00000     0.00000     0.00822   -2.456869450   -1.648456077    0.808413374
     1     732     0.00000     0.00000     0.00959   -2.455543277   -1.646434215    0.809109063
     1     732     0.00000     0.00000     0.01096   -2.454006201   -1.644055531    0.809950671
     1     732     0.00000     0.00000     0.01233   -2.452247834   -1.641365239    0.810882596
     1     732     0.00000     0.00000     0.01370   -2.450275377   -1.638425023    0.811850354
     1     732     0.00000     0.00000     0.01507   -2.448099697   -1.635290204    0.812809493
     1     732     0.00000     0.00000     0.01644   -2.445719824   -1.631992175    0.813727649
     1     732     0.00000     0.00000     0.01781   -2.443139181   -1.628555855    0.814583326
     1     732     0.00000     0.00000     0.01918   -2.440393087   -1.625030787    0.815362301
     1     732     0.00000     0.00000     0.02055   -2.437477651   -1.621423362    0.816054289
     1     732     0.00000     0.00000     0.02192   -2.434424790   -1.617774781    0.816650009
     1     732     0.00000     0.00000     0.02329   -2.431248668   -1.614109396    0.817139271
     1     732     0.00000     0.00000     0.02466   -2.427988768   -1.610478649    0.817510119
     1     732     0.00000     0.00000     0.02603   -2.424675942   -1.606927199    0.817748743
     1     732     0.00000     0.00000     0.02740   -2.421343916   -1.603502352    0.817841564
     1     732     0.00000     0.00000     0.02877   -2.418041679   -1.600262578    0.817779101
     1     732     0.00000     0.00000     0.03014   -2.414812782   -1.597250342    0.817562440
     1     732     0.00000     0.00000     0.03151   -2.411714759   -1.594504257    0.817210502
     1     732     0.00000     0.00000     0.03288   -2.408817772   -1.592052660    0.816765112
     1     732     0.00000     0.00000     0.03425   -2.406185908   -1.589898048    0.816287860
     1     732     0.00000     0.00000     0.03562   -2.403892778   -1.588049489    0.815843289
     1     732     0.00000     0.00000     0.03699   -2.402012123   -1.586537170    0.815474953
     1     732     0.00000     0.00000     0.03836   -2.400610486   -1.585412150    0.815198336
     1     732     0.00000     0.00000     0.03973   -2.399744175   -1.584720755    0.815023419
     1     732     0.00000     0.00000     0.04110   -2.399452954   -1.584489628    0.814963326
     1     733     0.00000     0.00000     0.00000   -2.403135658   -1.581680967    0.821454691
     1     733     0.00000     0.00000     0.00137   -2.402849046   -1.581415829    0.821433217
     1     733     0.00000     0.00000     0.00274   -2.402007815   -1.580637945    0.821369870
     1     733     0.00000     0.00000     0.00411   -2.400608010   -1.579334363    0.821273648
     1     733     0.00000     0.00000     0.00548   -2.398666746   -1.577459913    0.821206832
     1     733     0.00000     0.00000     0.00685   -2.396197016   -1.574871558    0.821325458
     1     733     0.00000     0.00000     0.00822   -2.393220272   -1.571406408    0.821813865
     1     733     0.00000     0.00000     0.00959   -2.389745697   -1.566946206    0.822799491
     1     733     0.00000     0.00000     0.01096   -2.385801560   -1.561479581    0.824321980
     1     733     0.00000     0.00000     0.01233   -2.381402933   -1.555054899    0.826348034
     1     733     0.00000     0.00000     0.01370   -2.376573201   -1.547772376    0.828800826
     1     733     0.00000     0.00000     0.01507   -2.371330941   -1.539741723    0.831589218
     1     733     0.00000     0.00000     0.01644   -2.365690518   -1.531063587    0.834626931
     1     733     0.00000     0.00000     0.01781   -2.359663511   -1.521822714    0.837840796
     1     733     0.00000     0.00000     0.01918   -2.353287978   -1.512115606    0.841172372
     1     733     0.00000     0.00000     0.02055   -2.346567420   -1.501992584    0.844574836
     1     733     0.00000     0.00000     0.02192   -2.339515815   -1.491508631    0.848007184
     1     733     0.00000     0.00000     0.02329   -2.332148383   -1.480720954    0.851427429
     1     733     0.00000     0.00000     0.02466   -2.324496752   -1.469712360    0.854784392
     1     733     0.00000     0.00000     0.02603   -2.316567740   -1.458559733    0.858008007
     1     733     0.00000     0.00000     0.02740   -2.308385632   -1.447389485    0.860996147
     1     733     0.00000     0.00000     0.02877   -2.299977863   -1.436397720    0.863580143
     1     733     0.00000     0.00000     0.03014   -2.291416360   -1.426068681    0.865347679
     1     733     0.00000     0.00000     0.03151   -2.283078522   -1.419689992    0.863388531
     1     733     0.00000     0.00000     0.03288   -2.279325789   -1.441317665    0.838008125
     1     733     0.00000     0.00000     0.03425   -2.281293043   -1.448118484    0.833174558
     1     733     0.00000     0.00000     0.03562   -2.283540607   -1.450893585    0.832647023
     1     733     0.00000     0.00000     0.03699   -2.285461757   -1.452844684    0.832617073
     1     733     0.00000     0.00000     0.03836   -2.286907673   -1.454218593    0.832689079
     1     733     0.00000     0.00000     0.03973   -2.287807360   -1.455055166    0.832752195
     1     733     0.00000     0.00000     0.04110   -2.288114849   -1.455338946    0.832775903
     1     734     0.00000     0.00000     0.00000   -2.222716442   -1.357209100    0.865507342
     1     734     0.00000     0.00000     0.00137   -2.222826409   -1.357302158    0.865524251
     1     734     0.00000     0.00000     0.00274   -2.223151876   -1.357576832    0.865575044
     1     734     0.00000     0.00000     0.00411   -2.223695011   -1.358036582    0.865658429
     1     734     0.00000     0.00000     0.00548   -2.224459155   -1.358702932    0.865756222
     1     734     0.00000     0.00000     0.00685   -2.225444065   -1.359633365    0.865810701
     1     734     0.00000     0.00000     0.00822   -2.226654398   -1.360919821    0.865734577
     1     734     0.00000     0.00000     0.00959   -2.228089670   -1.362647646    0.865442024
     1     734     0.00000     0.00000     0.01096   -2.229752013   -1.364880960    0.864871054
     1     734     0.00000     0.00000     0.01233   -2.231635980   -1.367645209    0.863990771
     1     734     0.00000     0.00000     0.01370   -2.233744215   -1.370946597    0.862797617
     1     734     0.00000     0.00000     0.01507   -2.236072884   -1.374766014    0.861306869
     1     734     0.00000     0.00000     0.01644   -2.238612385   -1.379067522    0.859544863
     1     734     0.00000     0.00000     0.01781   -2.241351501   -1.383808185    0.857543316
     1     734     0.00000     0.00000     0.01918   -2.244284413   -1.388947850    0.855336563
     1     734     0.00000     0.00000     0.02055   -2.247384557   -1.394423237    0.852961321
     1     734     0.00000     0.00000     0.02192   -2.250634737   -1.400176202    0.850458535
     1     734     0.00000     0.00000     0.02329   -2.254006305   -1.406130110    0.847876194
     1     734     0.00000     0.00000     0.02466   -2.257468133   -1.412193155    0.845274978
     1     734     0.00000     0.00000     0.02603   -2.260980521   -1.418245859    0.842734662
     1     734     0.00000     0.00000     0.02740   -2.264495660   -1.424131260    0.840364399
     1     734     0.00000     0.00000     0.02877   -2.267949731   -1.429614064    0.838335667
     1     734     0.00000     0.00000     0.03014   -2.271229923   -1.434172331    0.837057592
     1     734     0.00000     0.00000     0.03151   -2.273918233   -1.434480166    0.839438067
     1     734     0.00000     0.00000     0.03288   -2.271616054   -1.406495413    0.865120641
     1     734     0.00000     0.00000     0.03425   -2.263136475   -1.393008140    0.870128335
     1     734     0.00000     0.00000     0.03562   -2.253893785   -1.383179591    0.870714194
     1     734     0.00000     0.00000     0.03699   -2.244523319   -1.373861896    0.870661423
     1     734     0.00000     0.00000     0.03836   -2.235323557   -1.365018295    0.870305262
     1     734     0.00000     0.00000     0.03973   -2.227119015   -1.357548567    0.869570447
     1     734     0.00000     0.00000     0.04110   -2.223041601   -1.354244297    0.868797304
     1     735     0.00000     0.00000     0.00000   -2.019476511   -1.130258047    0.889218464
     1     735     0.00000     0.00000     0.00137   -2.020070946   -1.130827033    0.889243913
     1     735     0.00000     0.00000     0.00274   -2.021756605   -1.132443147    0.889313458
     1     735     0.00000     0.00000     0.00411   -2.024333143   -1.134923654    0.889409489
     1     735     0.00000     0.00000     0.00548   -2.027549974   -1.138053321    0.889496653
     1     735     0.00000     0.00000     0.00685   -2.031190514   -1.141677915    0.889512599
     1     735     0.00000     0.00000     0.00822   -2.035083040   -1.145683149    0.889399891
     1     735     0.00000     0.00000     0.00959   -2.039103486   -1.149962188    0.889141298
     1     735     0.00000     0.00000     0.01096   -2.043154819   -1.154391550    0.888763269
     1     735     0.00000     0.00000     0.01233   -2.047159791   -1.158840942    0.888318849
     1     735     0.00000     0.00000     0.01370   -2.051077049   -1.163210427    0.887866622
     1     735     0.00000     0.00000     0.01507   -2.054866797   -1.167408872    0.887457925
     1     735     0.00000     0.00000     0.01644   -2.058502812   -1.171372123    0.887130690
     1     735     0.00000     0.00000     0.01781   -2.061969514   -1.175059986    0.886909528
     1     735     0.00000     0.00000     0.01918   -2.065271514   -1.178461242    0.886810272
     1     735     0.00000     0.00000     0.02055   -2.068423400   -1.181573698    0.886849702
     1     735     0.00000     0.00000     0.02192   -2.071508936   -1.184435808    0.887073128
     1     735     0.00000     0.00000     0.02329   -2.074810610   -1.187139642    0.887670968
     1     735     0.00000     0.00000     0.02466   -2.079518654   -1.190384787    0.889133867
     1     735     0.00000     0.00000     0.02603   -2.087968500   -1.199158800    0.888809700
     1     735     0.00000     0.00000     0.02740   -2.098825690   -1.213360423    0.885465267
     1     735     0.00000     0.00000     0.02877   -2.110263381   -1.228533900    0.881729481
     1     735     0.00000     0.00000     0.03014   -2.121778007   -1.243384303    0.878393704
     1     735     0.00000     0.00000     0.03151   -2.133244716   -1.257509415    0.875735300
     1     735     0.00000     0.00000     0.03288   -2.144596530   -1.270706302    0.873890227
     1     735     0.00000     0.00000     0.03425   -2.155776222   -1.282909222    0.872867000
     1     735     0.00000     0.00000     0.03562   -2.166741916   -1.294214486    0.872527430
     1     735     0.00000     0.00000     0.03699   -2.177391116   -1.304757786    0.872633329
     1     735     0.00000     0.00000     0.03836   -2.187481954   -1.314464323    0.873017631
     1     735     0.00000     0.00000     0.03973   -2.196220651   -1.322455549    0.873765102
     1     735     0.00000     0.00000     0.04110   -2.200474143   -1.325932325    0.874541818
     1     736     0.00000     0.00000     0.00000   -1.973508499   -1.084244010    0.889264489
     1     736     0.00000     0.00000     0.00137   -1.973191823   -1.083850676    0.889341147
     1     736     0.00000     0.00000     0.00274   -1.972334577   -1.082749253    0.889585323
     1     736     0.00000     0.00000     0.00411   -1.971188188   -1.081161884    0.890026304
     1     736     0.00000     0.00000     0.00548   -1.970017193   -1.079315710    0.890701483
     1     736     0.00000     0.00000     0.00685   -1.969032246   -1.077376592    0.891655654
     1     736     0.00000     0.00000     0.00822   -1.968340904   -1.075432297    0.892908607
     1     736     0.00000     0.00000     0.00959   -1.968016105   -1.073508412    0.894507693
     1     736     0.00000     0.00000     0.01096   -1.968196543   -1.071310232    0.896886311
     1     736     0.00000     0.00000     0.01233   -1.969594306   -1.066197717    0.903396589
     1     736     0.00000     0.00000     0.01370   -1.975463133   -1.054529327    0.920933807
     1     736     0.00000     0.00000     0.01507   -1.986277083   -1.060348327    0.925928756
     1     736     0.00000     0.00000     0.01644   -1.998379616   -1.074817774    0.923561842
     1     736     0.00000     0.00000     0.01781   -2.010735335   -1.091239139    0.919496196
     1     736     0.00000     0.00000     0.01918   -2.023116842   -1.108276414    0.914840428
     1     736     0.00000     0.00000     0.02055   -2.035402772   -1.125494326    0.909908446
     1     736     0.00000     0.00000     0.02192   -2.047469012   -1.142673046    0.904795966
     1     736     0.00000     0.00000     0.02329   -2.059004179   -1.159605161    0.899399018
     1     736     0.00000     0.00000     0.02466   -2.068817308   -1.175517776    0.893299532
     1     736     0.00000     0.00000     0.02603   -2.074557187   -1.185384208    0.889172980
     1     736     0.00000     0.00000     0.02740   -2.077555116   -1.189168453    0.888386663
     1     736     0.00000     0.00000     0.02877   -2.079641832   -1.191194958    0.888446875
     1     736     0.00000     0.00000     0.03014   -2.081297045   -1.192602026    0.888695019
     1     736     0.00000     0.00000     0.03151   -2.082661636   -1.193676013    0.888985623
     1     736     0.00000     0.00000     0.03288   -2.083797123   -1.194528731    0.889268392
     1     736     0.00000     0.00000     0.03425   -2.084721980   -1.195202902    0.889519078
     1     736     0.00000     0.00000     0.03562   -2.085461042   -1.195735177    0.889725865
     1     736     0.00000     0.00000     0.03699   -2.086028399   -1.196143910    0.889884489
     1     736     0.00000     0.00000     0.03836   -2.086424924   -1.196429704    0.889995220
     1     736     0.00000     0.00000     0.03973   -2.086662747   -1.196602320    0.890060426
     1     736     0.00000     0.00000     0.04110   -2.086742421   -1.196660483    0.890081938
     1     737     0.00000     0.00000     0.00000   -1.943031794   -1.046357687    0.896674107
     1     737     0.00000     0.00000     0.00137   -1.942718080   -1.046089880    0.896628200
     1     737     0.00000     0.00000     0.00274   -1.941754957   -1.045260175    0.896494782
     1     737     0.00000     0.00000     0.00411   -1.940137927   -1.043819326    0.896318601
     1     737     0.00000     0.00000     0.00548   -1.937917393   -1.041591990    0.896325403
     1     737     0.00000     0.00000     0.00685   -1.935357146   -1.037952565    0.897404581
     1     737     0.00000     0.00000     0.00822   -1.933521139   -1.029590652    0.903930487
     1     737     0.00000     0.00000     0.00959   -1.936503033   -1.010784374    0.925718659
     1     737     0.00000     0.00000     0.01096   -1.945914488   -1.010211475    0.935703014
     1     737     0.00000     0.00000     0.01233   -1.956427964   -1.025711657    0.930716308
     1     737     0.00000     0.00000     0.01370   -1.963102234   -1.051329471    0.911772762
     1     737     0.00000     0.00000     0.01507   -1.965040744   -1.060907419    0.904133326
     1     737     0.00000     0.00000     0.01644   -1.965737911   -1.062543404    0.903194507
     1     737     0.00000     0.00000     0.01781   -1.966138357   -1.062615354    0.903523002
     1     737     0.00000     0.00000     0.01918   -1.966421021   -1.062282362    0.904138659
     1     737     0.00000     0.00000     0.02055   -1.966623861   -1.061821475    0.904802386
     1     737     0.00000     0.00000     0.02192   -1.966755811   -1.061318061    0.905437750
     1     737     0.00000     0.00000     0.02329   -1.966808190   -1.060791802    0.906016388
     1     737     0.00000     0.00000     0.02466   -1.966774460   -1.060247356    0.906527104
     1     737     0.00000     0.00000     0.02603   -1.966646743   -1.059681577    0.906965166
     1     737     0.00000     0.00000     0.02740   -1.966418268   -1.059090095    0.907328173
     1     737     0.00000     0.00000     0.02877   -1.966079686   -1.058465021    0.907614665
     1     737     0.00000     0.00000     0.03014   -1.965618109   -1.057793586    0.907824523
     1     737     0.00000     0.00000     0.03151   -1.965033212   -1.057073097    0.907960115
     1     737     0.00000     0.00000     0.03288   -1.964319689   -1.056291848    0.908027842
     1     737     0.00000     0.00000     0.03425   -1.963474836   -1.055435512    0.908039324
     1     737     0.00000     0.00000     0.03562   -1.962519865   -1.054509941    0.908009923
     1     737     0.00000     0.00000     0.03699   -1.961482645   -1.053530034    0.907952611
     1     737     0.00000     0.00000     0.03836   -1.960435375   -1.052564626    0.907870750
     1     737     0.00000     0.00000     0.03973   -1.959562208   -1.051791231    0.907770977
     1     737     0.00000     0.00000     0.04110   -1.959200173   -1.051485318    0.907714855
     1     738     0.00000     0.00000     0.00000   -1.847880335   -0.911336288    0.936544047
     1     738     0.00000     0.00000     0.00137   -1.852150553   -0.909643475    0.942507078
     1     738     0.00000     0.00000     0.00274   -1.863751996   -0.916210163    0.947541833
     1     738     0.00000     0.00000     0.00411   -1.876593360   -0.927952167    0.948641193
     1     738     0.00000     0.00000     0.00548   -1.889463594   -0.940856703    0.948606891
     1     738     0.00000     0.00000     0.00685   -1.901928066   -0.955002114    0.946925951
     1     738     0.00000     0.00000     0.00822   -1.912916209   -0.973673692    0.939242516
     1     738     0.00000     0.00000     0.00959   -1.918353268   -1.002695126    0.915658142
     1     738     0.00000     0.00000     0.01096   -1.916564562   -1.013797471    0.902767091
     1     738     0.00000     0.00000     0.01233   -1.912204415   -1.011731432    0.900472983
     1     738     0.00000     0.00000     0.01370   -1.907040198   -1.006080446    0.900959753
     1     738     0.00000     0.00000     0.01507   -1.901626680   -0.998804893    0.902821787
     1     738     0.00000     0.00000     0.01644   -1.896603986   -0.989374169    0.907229817
     1     738     0.00000     0.00000     0.01781   -1.894367314   -0.974280368    0.920086946
     1     738     0.00000     0.00000     0.01918   -1.897208110   -0.970044860    0.927163249
     1     738     0.00000     0.00000     0.02055   -1.901743759   -0.975154680    0.926589079
     1     738     0.00000     0.00000     0.02192   -1.906521310   -0.981964422    0.924556888
     1     738     0.00000     0.00000     0.02329   -1.911239204   -0.989048057    0.922191147
     1     738     0.00000     0.00000     0.02466   -1.915818599   -0.996055665    0.919762934
     1     738     0.00000     0.00000     0.02603   -1.920221730   -1.002833060    0.917388669
     1     738     0.00000     0.00000     0.02740   -1.924414786   -1.009261822    0.915152964
     1     738     0.00000     0.00000     0.02877   -1.928401544   -1.015263715    0.913137829
     1     738     0.00000     0.00000     0.03014   -1.932154665   -1.020728110    0.911426555
     1     738     0.00000     0.00000     0.03151   -1.935677236   -1.025583841    0.910093395
     1     738     0.00000     0.00000     0.03288   -1.938969946   -1.029787342    0.909182604
     1     738     0.00000     0.00000     0.03425   -1.941999465   -1.033317458    0.908682007
     1     738     0.00000     0.00000     0.03562   -1.944761927   -1.036254618    0.908507309
     1     738     0.00000     0.00000     0.03699   -1.947215756   -1.038693220    0.908522536
     1     738     0.00000     0.00000     0.03836   -1.949273479   -1.040663559    0.908609920
     1     738     0.00000     0.00000     0.03973   -1.950750289   -1.042034085    0.908716205
     1     738     0.00000     0.00000     0.04110   -1.951320284   -1.042545708    0.908774576
     1     739     0.00000     0.00000     0.00000   -1.837338065   -0.887944465    0.949393600
     1     739     0.00000     0.00000     0.00137   -1.843110427   -0.897066315    0.946044112
     1     739     0.00000     0.00000     0.00274   -1.844588219   -0.902872449    0.941715770
     1     739     0.00000     0.00000     0.00411   -1.845236232   -0.904243229    0.940993002
     1     739     0.00000     0.00000     0.00548   -1.846291865   -0.905073441    0.941218424
     1     739     0.00000     0.00000     0.00685   -1.848289060   -0.906230105    0.942058955
     1     739     0.00000     0.00000     0.00822   -1.851544456   -0.908497917    0.943046538
     1     739     0.00000     0.00000     0.00959   -1.855934740   -0.912463131    0.943471609
     1     739     0.00000     0.00000     0.01096   -1.861059568   -0.918046183    0.943013385
     1     739     0.00000     0.00000     0.01233   -1.866533080   -0.924792094    0.941740987
     1     739     0.00000     0.00000     0.01370   -1.872081320   -0.932303730    0.939777591
     1     739     0.00000     0.00000     0.01507   -1.877456664   -0.940457304    0.936999360
     1     739     0.00000     0.00000     0.01644   -1.882101367   -0.950217704    0.931883663
     1     739     0.00000     0.00000     0.01781   -1.883635112   -0.965207586    0.918427526
     1     739     0.00000     0.00000     0.01918   -1.879819178   -0.969044015    0.910775164
     1     739     0.00000     0.00000     0.02055   -1.874016541   -0.963219164    0.910797378
     1     739     0.00000     0.00000     0.02192   -1.867701620   -0.955409277    0.912292343
     1     739     0.00000     0.00000     0.02329   -1.861176029   -0.947051249    0.914124780
     1     739     0.00000     0.00000     0.02466   -1.854538836   -0.938520819    0.916018016
     1     739     0.00000     0.00000     0.02603   -1.847836675   -0.929982609    0.917854066
     1     739     0.00000     0.00000     0.02740   -1.841085157   -0.921534784    0.919550373
     1     739     0.00000     0.00000     0.02877   -1.834320686   -0.913290434    0.921030252
     1     739     0.00000     0.00000     0.03014   -1.827536086   -0.905316371    0.922219714
     1     739     0.00000     0.00000     0.03151   -1.820760987   -0.897707887    0.923053100
     1     739     0.00000     0.00000     0.03288   -1.814022695   -0.890531115    0.923491580
     1     739     0.00000     0.00000     0.03425   -1.807324498   -0.883783869    0.923540629
     1     739     0.00000     0.00000     0.03562   -1.800730288   -0.877467481    0.923262807
     1     739     0.00000     0.00000     0.03699   -1.794316664   -0.871564060    0.922752604
     1     739     0.00000     0.00000     0.03836   -1.788224598   -0.866127834    0.922096763
     1     739     0.00000     0.00000     0.03973   -1.782851140   -0.861472720    0.921378421
     1     739     0.00000     0.00000     0.04110   -1.779911557   -0.859023355    0.920888202
     1     740     0.00000     0.00000     0.00000   -1.831554383   -0.876651225    0.954903158
     1     740     0.00000     0.00000     0.00137   -1.821880045   -0.869665637    0.952214408
     1     740     0.00000     0.00000     0.00274   -1.812293537   -0.861574262    0.950719275
     1     740     0.00000     0.00000     0.00411   -1.813852306   -0.864589464    0.949262842
     1     740     0.00000     0.00000     0.00548   -1.818428206   -0.870212904    0.948215302
     1     740     0.00000     0.00000     0.00685   -1.822082748   -0.875603943    0.946478805
     1     740     0.00000     0.00000     0.00822   -1.824162771   -0.879957923    0.944204848
     1     740     0.00000     0.00000     0.00959   -1.824711373   -0.882712908    0.941998465
     1     740     0.00000     0.00000     0.01096   -1.824107736   -0.883917425    0.940190311
     1     740     0.00000     0.00000     0.01233   -1.822708927   -0.883937882    0.938771046
     1     740     0.00000     0.00000     0.01370   -1.820758803   -0.883111105    0.937647698
     1     740     0.00000     0.00000     0.01507   -1.818410976   -0.881665577    0.936745399
     1     740     0.00000     0.00000     0.01644   -1.815761565   -0.879748521    0.936013044
     1     740     0.00000     0.00000     0.01781   -1.812875162   -0.877461955    0.935413207
     1     740     0.00000     0.00000     0.01918   -1.809805754   -0.874888464    0.934917290
     1     740     0.00000     0.00000     0.02055   -1.806589779   -0.872089856    0.934499924
     1     740     0.00000     0.00000     0.02192   -1.803271623   -0.869134787    0.934136836
     1     740     0.00000     0.00000     0.02329   -1.799882484   -0.866078687    0.933803797
     1     740     0.00000     0.00000     0.02466   -1.796462710   -0.862987608    0.933475102
     1     740     0.00000     0.00000     0.02603   -1.793054689   -0.859931536    0.933123154
     1     740     0.00000     0.00000     0.02740   -1.789692653   -0.856974963    0.932717690
     1     740     0.00000     0.00000     0.02877   -1.786428918   -0.854199343    0.932229575
     1     740     0.00000     0.00000     0.03014   -1.783307357   -0.851678339    0.931629018
     1     740     0.00000     0.00000     0.03151   -1.780393992   -0.849500053    0.930893938
     1     740     0.00000     0.00000     0.03288   -1.777760792   -0.847752169    0.930008623
     1     740     0.00000     0.00000     0.03425   -1.775476220   -0.846518730    0.928957491
     1     740     0.00000     0.00000     0.03562   -1.773671561   -0.845967232    0.927704328
     1     740     0.00000     0.00000     0.03699   -1.772513846   -0.846341709    0.926172136
     1     740     0.00000     0.00000     0.03836   -1.772286405   -0.847974597    0.924311809
     1     740     0.00000     0.00000     0.03973   -1.773326973   -0.850782214    0.922544758
     1     740     0.00000     0.00000     0.04110   -1.774711752   -0.852775086    0.921936666
     1     741     0.00000     0.00000     0.00000   -1.793128953   -0.844549935    0.948579018
     1     741     0.00000     0.00000     0.00137   -1.797696940   -0.848194416    0.949502524
     1     741     0.00000     0.00000     0.00274   -1.800798339   -0.850487784    0.950310555
     1     741     0.00000     0.00000     0.00411   -1.791975358   -0.840942574    0.951032784
     1     741     0.00000     0.00000     0.00548   -1.779114537   -0.828142131    0.950972406
     1     741     0.00000     0.00000     0.00685   -1.765803677   -0.814656656    0.951147021
     1     741     0.00000     0.00000     0.00822   -1.752558747   -0.800738041    0.951820706
     1     741     0.00000     0.00000     0.00959   -1.739724525   -0.786649767    0.953074758
     1     741     0.00000     0.00000     0.01096   -1.727657607   -0.772724700    0.954932908
     1     741     0.00000     0.00000     0.01233   -1.716486088   -0.759049744    0.957436344
     1     741     0.00000     0.00000     0.01370   -1.705934638   -0.745431694    0.960502944
     1     741     0.00000     0.00000     0.01507   -1.695687149   -0.731740992    0.963946157
     1     741     0.00000     0.00000     0.01644   -1.685565498   -0.718023772    0.967541726
     1     741     0.00000     0.00000     0.01781   -1.675563067   -0.704864791    0.970698277
     1     741     0.00000     0.00000     0.01918   -1.666379145   -0.698646741    0.967732404
     1     741     0.00000     0.00000     0.02055   -1.666341627   -0.711827508    0.954514118
     1     741     0.00000     0.00000     0.02192   -1.671990443   -0.725106373    0.946884069
     1     741     0.00000     0.00000     0.02329   -1.678348502   -0.735721818    0.942626684
     1     741     0.00000     0.00000     0.02466   -1.684947279   -0.745563552    0.939383726
     1     741     0.00000     0.00000     0.02603   -1.691660244   -0.754978602    0.936681642
     1     741     0.00000     0.00000     0.02740   -1.698429353   -0.764040021    0.934389333
     1     741     0.00000     0.00000     0.02877   -1.705215110   -0.772724259    0.932490851
     1     741     0.00000     0.00000     0.03014   -1.711992330   -0.780965796    0.931026533
     1     741     0.00000     0.00000     0.03151   -1.718736317   -0.788676797    0.930059520
     1     741     0.00000     0.00000     0.03288   -1.725408989   -0.795757077    0.929651912
     1     741     0.00000     0.00000     0.03425   -1.731949722   -0.802106083    0.929843639
     1     741     0.00000     0.00000     0.03562   -1.738257745   -0.807607283    0.930650462
     1     741     0.00000     0.00000     0.03699   -1.744136651   -0.812047017    0.932089633
     1     741     0.00000     0.00000     0.03836   -1.749201222   -0.815053700    0.934147523
     1     741     0.00000     0.00000     0.03973   -1.752762738   -0.816419379    0.936343359
     1     741     0.00000     0.00000     0.04110   -1.754054140   -0.816711657    0.937342483
     1     742     0.00000     0.00000     0.00000   -1.787366750   -0.835838508    0.951528242
     1     742     0.00000     0.00000     0.00137   -1.782007488   -0.831395324    0.950612163
     1     742     0.00000     0.00000     0.00274   -1.774125243   -0.823747184    0.950378059
     1     742     0.00000     0.00000     0.00411   -1.765727588   -0.815413281    0.950314307
     1     742     0.00000     0.00000     0.00548   -1.756962878   -0.806567057    0.950395821
     1     742     0.00000     0.00000     0.00685   -1.747817570   -0.797005043    0.950812527
     1     742     0.00000     0.00000     0.00822   -1.738211133   -0.786396951    0.951814182
     1     742     0.00000     0.00000     0.00959   -1.727927358   -0.774323133    0.953604225
     1     742     0.00000     0.00000     0.01096   -1.716658664   -0.760326891    0.956331773
     1     742     0.00000     0.00000     0.01233   -1.704341525   -0.744070860    0.960270665
     1     742     0.00000     0.00000     0.01370   -1.691349550   -0.725192858    0.966156692
     1     742     0.00000     0.00000     0.01507   -1.678257307   -0.701845557    0.976411750
     1     742     0.00000     0.00000     0.01644   -1.667506278   -0.643272392    1.024233886
     1     742     0.00000     0.00000     0.01781   -1.664129650   -0.618853262    1.045276388
     1     742     0.00000     0.00000     0.01918   -1.661857516   -0.623615993    1.038241523
     1     742     0.00000     0.00000     0.02055   -1.658467036   -0.613648115    1.044818922
     1     742     0.00000     0.00000     0.02192   -1.655777925   -0.606790932    1.048986994
     1     742     0.00000     0.00000     0.02329   -1.652878581   -0.602742519    1.050136062
     1     742     0.00000     0.00000     0.02466   -1.649794243   -0.599306008    1.050488234
     1     742     0.00000     0.00000     0.02603   -1.646564465   -0.596612768    1.049951696
     1     742     0.00000     0.00000     0.02740   -1.643268160   -0.595954625    1.047313535
     1     742     0.00000     0.00000     0.02877   -1.640163159   -0.602615320    1.037547839
     1     742     0.00000     0.00000     0.03014   -1.638200561   -0.630817361    1.007383200
     1     742     0.00000     0.00000     0.03151   -1.638523449   -0.658837376    0.979686073
     1     742     0.00000     0.00000     0.03288   -1.640089739   -0.668941266    0.971148473
     1     742     0.00000     0.00000     0.03425   -1.641932443   -0.673318055    0.968614388
     1     742     0.00000     0.00000     0.03562   -1.643700833   -0.675801720    0.967899112
     1     742     0.00000     0.00000     0.03699   -1.645215725   -0.677392853    0.967822872
     1     742     0.00000     0.00000     0.03836   -1.646369875   -0.678427849    0.967942025
     1     742     0.00000     0.00000     0.03973   -1.647090605   -0.679022644    0.968067960
     1     742     0.00000     0.00000     0.04110   -1.647336874   -0.679218683    0.968118191
     1     743     0.00000     0.00000     0.00000   -1.677396666   -0.629612762    1.047783904
     1     743     0.00000     0.00000     0.00137   -1.677326775   -0.629605968    1.047720807
     1     743     0.00000     0.00000     0.00274   -1.677111895   -0.629572103    1.047539792
     1     743     0.00000     0.00000     0.00411   -1.676748957   -0.629478996    1.047269961
     1     743     0.00000     0.00000     0.00548   -1.676230458   -0.629279303    1.046951156
     1     743     0.00000     0.00000     0.00685   -1.675534459   -0.628892059    1.046642400
     1     743     0.00000     0.00000     0.00822   -1.674671699   -0.628275429    1.046396269
     1     743     0.00000     0.00000     0.00959   -1.673628270   -0.627369985    1.046258285
     1     743     0.00000     0.00000     0.01096   -1.672392225   -0.626161021    1.046231204
     1     743     0.00000     0.00000     0.01233   -1.670960989   -0.624700951    1.046260038
     1     743     0.00000     0.00000     0.01370   -1.669303455   -0.623179616    1.046123839
     1     743     0.00000     0.00000     0.01507   -1.667303824   -0.623042555    1.044261269
     1     743     0.00000     0.00000     0.01644   -1.663040011   -0.655201148    1.007838863
     1     743     0.00000     0.00000     0.01781   -1.654250426   -0.666902942    0.987347484
     1     743     0.00000     0.00000     0.01918   -1.657406593   -0.681439278    0.975967316
     1     743     0.00000     0.00000     0.02055   -1.653877770   -0.669553186    0.984324584
     1     743     0.00000     0.00000     0.02192   -1.644811030   -0.646251220    0.998559809
     1     743     0.00000     0.00000     0.02329   -1.638201380   -0.616347258    1.021854122
     1     743     0.00000     0.00000     0.02466   -1.634761781   -0.616103713    1.018658068
     1     743     0.00000     0.00000     0.02603   -1.632698293   -0.625186504    1.007511789
     1     743     0.00000     0.00000     0.02740   -1.631913800   -0.634197593    0.997716208
     1     743     0.00000     0.00000     0.02877   -1.631979053   -0.633573138    0.998405916
     1     743     0.00000     0.00000     0.03014   -1.631541770   -0.608396398    1.023145372
     1     743     0.00000     0.00000     0.03151   -1.629066843   -0.581212819    1.047854024
     1     743     0.00000     0.00000     0.03288   -1.625330568   -0.570276547    1.055054021
     1     743     0.00000     0.00000     0.03425   -1.621079936   -0.563882573    1.057197363
     1     743     0.00000     0.00000     0.03562   -1.616556959   -0.558565732    1.057991227
     1     743     0.00000     0.00000     0.03699   -1.611839298   -0.553496646    1.058342652
     1     743     0.00000     0.00000     0.03836   -1.607004402   -0.548434833    1.058569569
     1     743     0.00000     0.00000     0.03973   -1.602272165   -0.543411217    1.058860948
     1     743     0.00000     0.00000     0.04110   -1.599309489   -0.539958832    1.059350657
     1     744     0.00000     0.00000     0.00000   -1.670512883   -0.635420226    1.035092657
     1     744     0.00000     0.00000     0.00137   -1.670374722   -0.635231283    1.035143439
     1     744     0.00000     0.00000     0.00274   -1.669961474   -0.634674716    1.035286758
     1     744     0.00000     0.00000     0.00411   -1.669275323   -0.633783394    1.035491928
     1     744     0.00000     0.00000     0.00548   -1.668331845   -0.632603561    1.035728284
     1     744     0.00000     0.00000     0.00685   -1.667136266   -0.631176996    1.035959270
     1     744     0.00000     0.00000     0.00822   -1.665703299   -0.629555137    1.036148162
     1     744     0.00000     0.00000     0.00959   -1.664042358   -0.627809559    1.036232799
     1     744     0.00000     0.00000     0.01096   -1.662166173   -0.626034884    1.036131289
     1     744     0.00000     0.00000     0.01233   -1.660087681   -0.624386753    1.035700928
     1     744     0.00000     0.00000     0.01370   -1.657837342   -0.623269735    1.034567608
     1     744     0.00000     0.00000     0.01507   -1.655515699   -0.624216449    1.031299251
     1     744     0.00000     0.00000     0.01644   -1.653587105   -0.635719768    1.017867338
     1     744     0.00000     0.00000     0.01781   -1.652883248   -0.660247968    0.992635280
     1     744     0.00000     0.00000     0.01918   -1.646691138   -0.623057305    1.023633834
     1     744     0.00000     0.00000     0.02055   -1.642925045   -0.615555553    1.027369492
     1     744     0.00000     0.00000     0.02192   -1.638982094   -0.619982364    1.018999730
     1     744     0.00000     0.00000     0.02329   -1.632914295   -0.632512679    1.000401617
     1     744     0.00000     0.00000     0.02466   -1.627883438   -0.607713247    1.020170191
     1     744     0.00000     0.00000     0.02603   -1.624338852   -0.597685961    1.026652891
     1     744     0.00000     0.00000     0.02740   -1.620597291   -0.589846476    1.030750815
     1     744     0.00000     0.00000     0.02877   -1.616491880   -0.583497027    1.032994853
     1     744     0.00000     0.00000     0.03014   -1.612069171   -0.578117264    1.033951908
     1     744     0.00000     0.00000     0.03151   -1.607399498   -0.573157978    1.034241521
     1     744     0.00000     0.00000     0.03288   -1.602526843   -0.568322315    1.034204528
     1     744     0.00000     0.00000     0.03425   -1.597478366   -0.563447189    1.034031177
     1     744     0.00000     0.00000     0.03562   -1.592308514   -0.558374751    1.033933763
     1     744     0.00000     0.00000     0.03699   -1.587189742   -0.551831012    1.035358730
     1     744     0.00000     0.00000     0.03836   -1.585798224   -0.530021169    1.055777055
     1     744     0.00000     0.00000     0.03973   -1.590042626   -0.532247648    1.057794978
     1     744     0.00000     0.00000     0.04110   -1.593000044   -0.535534987    1.057465057
     1     745     0.00000     0.00000     0.00000   -1.658954394   -0.639579195    1.019375199
     1     745     0.00000     0.00000     0.00137   -1.658846699   -0.639469697    1.019377002
     1     745     0.00000     0.00000     0.00274   -1.658523368   -0.639140964    1.019382403
     1     745     0.00000     0.00000     0.00411   -1.657982147   -0.638588091    1.019394055
     1     745     0.00000     0.00000     0.00548   -1.657228884   -0.637798990    1.019429893
     1     745     0.00000     0.00000     0.00685   -1.656259603   -0.636724416    1.019535187
     1     745     0.00000     0.00000     0.00822   -1.655082604   -0.635328953    1.019753652
     1     745     0.00000     0.00000     0.00959   -1.653693974   -0.633592801    1.020101173
     1     745     0.00000     0.00000     0.01096   -1.652099676   -0.631546381    1.020553294
     1     745     0.00000     0.00000     0.01233   -1.650309676   -0.629303382    1.021006294
     1     745     0.00000     0.00000     0.01370   -1.648373920   -0.627344270    1.021029650
     1     745     0.00000     0.00000     0.01507   -1.646619805   -0.629723550    1.016896255
     1     745     0.00000     0.00000     0.01644   -1.646528440   -0.642035622    1.004492818
     1     745     0.00000     0.00000     0.01781   -1.645640278   -0.630408720    1.015231558
     1     745     0.00000     0.00000     0.01918   -1.640834491   -0.623248274    1.017586217
     1     745     0.00000     0.00000     0.02055   -1.636700218   -0.613717341    1.022982876
     1     745     0.00000     0.00000     0.02192   -1.633231430   -0.608704876    1.024526553
     1     745     0.00000     0.00000     0.02329   -1.629347234   -0.608106081    1.021241153
     1     745     0.00000     0.00000     0.02466   -1.622176848   -0.609360979    1.012815868
     1     745     0.00000     0.00000     0.02603   -1.616981805   -0.586873434    1.030108371
     1     745     0.00000     0.00000     0.02740   -1.613278470   -0.580258355    1.033020116
     1     745     0.00000     0.00000     0.02877   -1.609374047   -0.574287484    1.035086563
     1     745     0.00000     0.00000     0.03014   -1.605167433   -0.568454300    1.036713133
     1     745     0.00000     0.00000     0.03151   -1.600702915   -0.562740050    1.037962865
     1     745     0.00000     0.00000     0.03288   -1.596025217   -0.557099925    1.038925292
     1     745     0.00000     0.00000     0.03425   -1.591198131   -0.551466746    1.039731385
     1     745     0.00000     0.00000     0.03562   -1.586403427   -0.545563129    1.040840297
     1     745     0.00000     0.00000     0.03699   -1.582700074   -0.537251176    1.045448899
     1     745     0.00000     0.00000     0.03836   -1.580854852   -0.548180339    1.032674513
     1     745     0.00000     0.00000     0.03973   -1.575855770   -0.545932349    1.029923421
     1     745     0.00000     0.00000     0.04110   -1.572297238   -0.545759941    1.026537297
     1     746     0.00000     0.00000     0.00000   -1.652111887   -0.621436830    1.030675057
     1     746     0.00000     0.00000     0.00137   -1.652013875   -0.621343979    1.030669896
     1     746     0.00000     0.00000     0.00274   -1.651717853   -0.621065753    1.030652100
     1     746     0.00000     0.00000     0.00411   -1.651230188   -0.620615856    1.030614332
     1     746     0.00000     0.00000     0.00548   -1.650558606   -0.620012841    1.030545765
     1     746     0.00000     0.00000     0.00685   -1.649706426   -0.619280680    1.030425745
     1     746     0.00000     0.00000     0.00822   -1.648702754   -0.618511739    1.030191016
     1     746     0.00000     0.00000     0.00959   -1.647578086   -0.617894467    1.029683619
     1     746     0.00000     0.00000     0.01096   -1.646392229   -0.617838645    1.028553585
     1     746     0.00000     0.00000     0.01233   -1.645256094   -0.619202888    1.026053207
     1     746     0.00000     0.00000     0.01370   -1.644376785   -0.623581436    1.020795349
     1     746     0.00000     0.00000     0.01507   -1.643884258   -0.629530718    1.014353540
     1     746     0.00000     0.00000     0.01644   -1.642410164   -0.623687187    1.018722976
     1     746     0.00000     0.00000     0.01781   -1.639298348   -0.621250919    1.018047430
     1     746     0.00000     0.00000     0.01918   -1.634233090   -0.621860039    1.012373051
     1     746     0.00000     0.00000     0.02055   -1.629039710   -0.609458105    1.019581606
     1     746     0.00000     0.00000     0.02192   -1.625424798   -0.601256305    1.024168493
     1     746     0.00000     0.00000     0.02329   -1.622283069   -0.597313882    1.024969186
     1     746     0.00000     0.00000     0.02466   -1.618614640   -0.601033130    1.017581510
     1     746     0.00000     0.00000     0.02603   -1.610653108   -0.611208563    0.999444546
     1     746     0.00000     0.00000     0.02740   -1.601100638   -0.594657387    1.006443251
     1     746     0.00000     0.00000     0.02877   -1.594373990   -0.569773738    1.024600252
     1     746     0.00000     0.00000     0.03014   -1.590483335   -0.557448813    1.033034522
     1     746     0.00000     0.00000     0.03151   -1.586767578   -0.549668315    1.037099263
     1     746     0.00000     0.00000     0.03288   -1.582913969   -0.543230735    1.039683234
     1     746     0.00000     0.00000     0.03425   -1.579182865   -0.537135700    1.042047165
     1     746     0.00000     0.00000     0.03562   -1.576689632   -0.529966302    1.046723329
     1     746     0.00000     0.00000     0.03699   -1.577043380   -0.529685061    1.047358320
     1     746     0.00000     0.00000     0.03836   -1.574427220   -0.534058229    1.040368991
     1     746     0.00000     0.00000     0.03973   -1.570159034   -0.531947039    1.038211995
     1     746     0.00000     0.00000     0.04110   -1.568918549   -0.534414567    1.034503982
     1     747     0.00000     0.00000     0.00000   -1.562511572   -0.604201582    0.958309990
     1     747     0.00000     0.00000     0.00137   -1.565755213   -0.606986366    0.958768847
     1     747     0.00000     0.00000     0.00274   -1.571373350   -0.612123822    0.959249528
     1     747     0.00000     0.00000     0.00411   -1.577521510   -0.617857908    0.959663602
     1     747     0.00000     0.00000     0.00548   -1.583892885   -0.623883239    0.960009646
     1     747     0.00000     0.00000     0.00685   -1.590351151   -0.630108983    0.960242169
     1     747     0.00000     0.00000     0.00822   -1.596830960   -0.636484181    0.960346779
     1     747     0.00000     0.00000     0.00959   -1.603259498   -0.642818053    0.960441444
     1     747     0.00000     0.00000     0.01096   -1.609546935   -0.648645421    0.960901514
     1     747     0.00000     0.00000     0.01233   -1.615520204   -0.652903592    0.962616613
     1     747     0.00000     0.00000     0.01370   -1.620862681   -0.653280134    0.967582547
     1     747     0.00000     0.00000     0.01507   -1.624908358   -0.645942246    0.978966112
     1     747     0.00000     0.00000     0.01644   -1.626757112   -0.631163516    0.995593596
     1     747     0.00000     0.00000     0.01781   -1.625959835   -0.618871162    1.007088673
     1     747     0.00000     0.00000     0.01918   -1.621901662   -0.616747048    1.005154614
     1     747     0.00000     0.00000     0.02055   -1.612847671   -0.617519345    0.995328326
     1     747     0.00000     0.00000     0.02192   -1.600436665   -0.615870029    0.984566636
     1     747     0.00000     0.00000     0.02329   -1.593670866   -0.603447089    0.990223777
     1     747     0.00000     0.00000     0.02466   -1.594759951   -0.594450206    1.000309745
     1     747     0.00000     0.00000     0.02603   -1.594718499   -0.584401139    1.010317360
     1     747     0.00000     0.00000     0.02740   -1.592826792   -0.575763839    1.017062953
     1     747     0.00000     0.00000     0.02877   -1.586681251   -0.576373076    1.010308175
     1     747     0.00000     0.00000     0.03014   -1.576706121   -0.569531044    1.007175076
     1     747     0.00000     0.00000     0.03151   -1.565866881   -0.557699360    1.008167521
     1     747     0.00000     0.00000     0.03288   -1.557046841   -0.502080960    1.054965880
     1     747     0.00000     0.00000     0.03425   -1.562800863   -0.508640788    1.054160075
     1     747     0.00000     0.00000     0.03562   -1.566884083   -0.517858535    1.049025548
     1     747     0.00000     0.00000     0.03699   -1.566810579   -0.524940833    1.041869746
     1     747     0.00000     0.00000     0.03836   -1.564816174   -0.525394593    1.039421581
     1     747     0.00000     0.00000     0.03973   -1.564618564   -0.526584104    1.038034460
     1     747     0.00000     0.00000     0.04110   -1.564378106   -0.522628059    1.041750047
     1     748     0.00000     0.00000     0.00000   -1.556267598   -0.596616599    0.959650999
     1     748     0.00000     0.00000     0.00137   -1.554105617   -0.594095628    0.960009989
     1     748     0.00000     0.00000     0.00274   -1.551922179   -0.589910218    0.962011961
     1     748     0.00000     0.00000     0.00411   -1.551453077   -0.586773182    0.964679895
     1     748     0.00000     0.00000     0.00548   -1.552385521   -0.585550172    0.966835349
     1     748     0.00000     0.00000     0.00685   -1.554228947   -0.585850840    0.968378108
     1     748     0.00000     0.00000     0.00822   -1.556692238   -0.587196213    0.969496025
     1     748     0.00000     0.00000     0.00959   -1.559601360   -0.589268582    0.970332778
     1     748     0.00000     0.00000     0.01096   -1.562839910   -0.591854156    0.970985754
     1     748     0.00000     0.00000     0.01233   -1.566321245   -0.594777042    0.971544202
     1     748     0.00000     0.00000     0.01370   -1.569972185   -0.597866788    0.972105397
     1     748     0.00000     0.00000     0.01507   -1.573719317   -0.600937851    0.972781466
     1     748     0.00000     0.00000     0.01644   -1.577500547   -0.603783394    0.973717154
     1     748     0.00000     0.00000     0.01781   -1.581231967   -0.606126375    0.975105593
     1     748     0.00000     0.00000     0.01918   -1.584824590   -0.607601191    0.977223399
     1     748     0.00000     0.00000     0.02055   -1.588132855   -0.607645588    0.980487267
     1     748     0.00000     0.00000     0.02192   -1.590901290   -0.605307517    0.985593773
     1     748     0.00000     0.00000     0.02329   -1.586142366   -0.586056285    1.000086081
     1     748     0.00000     0.00000     0.02466   -1.572108993   -0.564543426    1.007565567
     1     748     0.00000     0.00000     0.02603   -1.557706715   -0.544936177    1.012770538
     1     748     0.00000     0.00000     0.02740   -1.543235053   -0.523580701    1.019654352
     1     748     0.00000     0.00000     0.02877   -1.537118531   -0.487084361    1.050034170
     1     748     0.00000     0.00000     0.03014   -1.544004398   -0.490334382    1.053670016
     1     748     0.00000     0.00000     0.03151   -1.550674656   -0.495759934    1.054914723
     1     748     0.00000     0.00000     0.03288   -1.554778980   -0.544527185    1.010251795
     1     748     0.00000     0.00000     0.03425   -1.543870328   -0.530336773    1.013533555
     1     748     0.00000     0.00000     0.03562   -1.543521268   -0.509718561    1.033802707
     1     748     0.00000     0.00000     0.03699   -1.549628474   -0.514586406    1.035042068
     1     748     0.00000     0.00000     0.03836   -1.555513453   -0.518578276    1.036935177
     1     748     0.00000     0.00000     0.03973   -1.560510914   -0.519507592    1.041003323
     1     748     0.00000     0.00000     0.04110   -1.563882764   -0.519659054    1.044223710
     1     749     0.00000     0.00000     0.00000   -1.537008185   -0.562414422    0.974593763
     1     749     0.00000     0.00000     0.00137   -1.536236190   -0.562369983    0.973866207
     1     749     0.00000     0.00000     0.00274   -1.533734431   -0.562089269    0.971645163
     1     749     0.00000     0.00000     0.00411   -1.529541441   -0.560558856    0.968982586
     1     749     0.00000     0.00000     0.00548   -1.524263656   -0.557259443    0.967004213
     1     749     0.00000     0.00000     0.00685   -1.518428601   -0.552657043    0.965771558
     1     749     0.00000     0.00000     0.00822   -1.512341051   -0.547132623    0.965208427
     1     749     0.00000     0.00000     0.00959   -1.506133687   -0.540583141    0.965550545
     1     749     0.00000     0.00000     0.01096   -1.499903130   -0.532506149    0.967396980
     1     749     0.00000     0.00000     0.01233   -1.493751717   -0.519993892    0.973757824
     1     749     0.00000     0.00000     0.01370   -1.489805229   -0.452095532    1.037709697
     1     749     0.00000     0.00000     0.01507   -1.487931868   -0.449155574    1.038776294
     1     749     0.00000     0.00000     0.01644   -1.485975748   -0.444534896    1.041440851
     1     749     0.00000     0.00000     0.01781   -1.483966622   -0.438176324    1.045790298
     1     749     0.00000     0.00000     0.01918   -1.484629539   -0.442222878    1.042406660
     1     749     0.00000     0.00000     0.02055   -1.492078642   -0.460243479    1.031835162
     1     749     0.00000     0.00000     0.02192   -1.499866216   -0.466379925    1.033486292
     1     749     0.00000     0.00000     0.02329   -1.507589817   -0.470417785    1.037172032
     1     749     0.00000     0.00000     0.02466   -1.515196860   -0.474032670    1.041164191
     1     749     0.00000     0.00000     0.02603   -1.522655841   -0.477785210    1.044870632
     1     749     0.00000     0.00000     0.02740   -1.529935007   -0.482875910    1.047059097
     1     749     0.00000     0.00000     0.02877   -1.528866154   -0.504177312    1.024688842
     1     749     0.00000     0.00000     0.03014   -1.518591918   -0.492752898    1.025839020
     1     749     0.00000     0.00000     0.03151   -1.523441461   -0.494074069    1.029367392
     1     749     0.00000     0.00000     0.03288   -1.529982369   -0.498488048    1.031494321
     1     749     0.00000     0.00000     0.03425   -1.536242977   -0.504269582    1.031973395
     1     749     0.00000     0.00000     0.03562   -1.531992164   -0.513016102    1.018976062
     1     749     0.00000     0.00000     0.03699   -1.536822502   -0.496825365    1.039997137
     1     749     0.00000     0.00000     0.03836   -1.541454745   -0.502099726    1.039355019
     1     749     0.00000     0.00000     0.03973   -1.543759568   -0.505810808    1.037948760
     1     749     0.00000     0.00000     0.04110   -1.543887526   -0.507722220    1.036165306
