# q=  0.00000000E+00  0.00000000E+00  0.10000000E-02  (qpt 1)
#ncbands         Re chi(0,0)              extrap   Re chi(Gmax,Gmax)              extrap
       1     -0.18083291E-09     -0.72268483E-09     -0.39327267E-06     -0.42499939E-03
       2     -0.36124085E-09     -0.72268483E-09     -0.78647991E-06     -0.42499939E-03
       3     -0.38820571E-09     -0.72268483E-09     -0.11253751E-05     -0.42499939E-03
       4     -0.41513183E-09     -0.72268483E-09     -0.14644203E-05     -0.42499939E-03
       5     -0.44885783E-09     -0.72268483E-09     -0.17977183E-05     -0.42499939E-03
       6     -0.48256821E-09     -0.72268483E-09     -0.21309649E-05     -0.42499939E-03
       7     -0.49100399E-09     -0.72268483E-09     -0.24597199E-05     -0.42499939E-03
       8     -0.49943779E-09     -0.72268483E-09     -0.27887457E-05     -0.42499939E-03
       9     -0.50783442E-09     -0.72268483E-09     -0.30862748E-05     -0.42499939E-03
      10     -0.51623214E-09     -0.72268483E-09     -0.33841119E-05     -0.42499939E-03
      11     -0.52371572E-09     -0.72268483E-09     -0.36501246E-05     -0.42499939E-03
      12     -0.53120724E-09     -0.72268483E-09     -0.39110917E-05     -0.42499939E-03
      13     -0.54347851E-09     -0.72268483E-09     -0.41925149E-05     -0.42499939E-03
      14     -0.55574818E-09     -0.72268483E-09     -0.44738643E-05     -0.42499939E-03
      15     -0.56219309E-09     -0.72268483E-09     -0.47895558E-05     -0.42499939E-03
      16     -0.56863854E-09     -0.72268483E-09     -0.51054492E-05     -0.42499939E-03
      17     -0.57208181E-09     -0.72268483E-09     -0.53712148E-05     -0.42499939E-03
      18     -0.57552527E-09     -0.72268483E-09     -0.56368593E-05     -0.42499939E-03
      19     -0.58109685E-09     -0.72268483E-09     -0.59117883E-05     -0.42499939E-03
      20     -0.58714931E-09     -0.72268483E-09     -0.61843798E-05     -0.42499939E-03
      21     -0.59493522E-09     -0.72268483E-09     -0.64508231E-05     -0.42499939E-03
      22     -0.60060409E-09     -0.72268483E-09     -0.67275533E-05     -0.42499939E-03
      23     -0.60488037E-09     -0.72268483E-09     -0.69971121E-05     -0.42499939E-03
      24     -0.61005293E-09     -0.72268483E-09     -0.72761570E-05     -0.42499939E-03
      25     -0.61298576E-09     -0.72268483E-09     -0.75715071E-05     -0.42499939E-03
      26     -0.61532712E-09     -0.72268483E-09     -0.78541743E-05     -0.42499939E-03
      27     -0.61729193E-09     -0.72268483E-09     -0.81136000E-05     -0.42499939E-03
      28     -0.62006926E-09     -0.72268483E-09     -0.83805851E-05     -0.42499939E-03
      29     -0.62348460E-09     -0.72268483E-09     -0.86916748E-05     -0.42499939E-03
      30     -0.62586789E-09     -0.72268483E-09     -0.89960030E-05     -0.42499939E-03
      31     -0.62986257E-09     -0.72268483E-09     -0.92614527E-05     -0.42499939E-03
      32     -0.63214938E-09     -0.72268483E-09     -0.95110111E-05     -0.42499939E-03
      33     -0.63216429E-09     -0.72268483E-09     -0.97469500E-05     -0.42499939E-03
      34     -0.63244202E-09     -0.72268483E-09     -0.10019053E-04     -0.42499939E-03
      35     -0.63284109E-09     -0.72268483E-09     -0.10318958E-04     -0.42499939E-03
      36     -0.63448397E-09     -0.72268483E-09     -0.10602823E-04     -0.42499939E-03
      37     -0.63601906E-09     -0.72268483E-09     -0.10861879E-04     -0.42499939E-03
      38     -0.63604711E-09     -0.72268483E-09     -0.11099327E-04     -0.42499939E-03
      39     -0.63608767E-09     -0.72268483E-09     -0.11340011E-04     -0.42499939E-03
      40     -0.63681896E-09     -0.72268483E-09     -0.11615060E-04     -0.42499939E-03
      41     -0.63882611E-09     -0.72268483E-09     -0.11901755E-04     -0.42499939E-03
      42     -0.64023146E-09     -0.72268483E-09     -0.12171323E-04     -0.42499939E-03
      43     -0.64123657E-09     -0.72268483E-09     -0.12452034E-04     -0.42499939E-03
      44     -0.64339736E-09     -0.72268483E-09     -0.12724862E-04     -0.42499939E-03
      45     -0.64518906E-09     -0.72268483E-09     -0.13006593E-04     -0.42499939E-03
      46     -0.64596310E-09     -0.72268483E-09     -0.13283330E-04     -0.42499939E-03
      47     -0.64607639E-09     -0.72268483E-09     -0.13550134E-04     -0.42499939E-03
      48     -0.64615209E-09     -0.72268483E-09     -0.13807353E-04     -0.42499939E-03
      49     -0.64621495E-09     -0.72268483E-09     -0.14059265E-04     -0.42499939E-03
      50     -0.64627978E-09     -0.72268483E-09     -0.14312450E-04     -0.42499939E-03
      51     -0.64703848E-09     -0.72268483E-09     -0.14564056E-04     -0.42499939E-03
      52     -0.64786083E-09     -0.72268483E-09     -0.14857282E-04     -0.42499939E-03
      53     -0.64869812E-09     -0.72268483E-09     -0.15138861E-04     -0.42499939E-03
      54     -0.65007771E-09     -0.72268483E-09     -0.15428999E-04     -0.42499939E-03
      55     -0.65145307E-09     -0.72268483E-09     -0.15726205E-04     -0.42499939E-03
      56     -0.65255815E-09     -0.72268483E-09     -0.16013711E-04     -0.42499939E-03
      57     -0.65341228E-09     -0.72268483E-09     -0.16291493E-04     -0.42499939E-03
      58     -0.65420111E-09     -0.72268483E-09     -0.16572032E-04     -0.42499939E-03
      59     -0.65475045E-09     -0.72268483E-09     -0.16843101E-04     -0.42499939E-03
      60     -0.65527554E-09     -0.72268483E-09     -0.17134514E-04     -0.42499939E-03
      61     -0.65558541E-09     -0.72268483E-09     -0.17419093E-04     -0.42499939E-03
      62     -0.65592648E-09     -0.72268483E-09     -0.17697211E-04     -0.42499939E-03
      63     -0.65638322E-09     -0.72268483E-09     -0.17977797E-04     -0.42499939E-03
      64     -0.65687342E-09     -0.72268483E-09     -0.18263589E-04     -0.42499939E-03
      65     -0.65750995E-09     -0.72268483E-09     -0.18569331E-04     -0.42499939E-03
      66     -0.65802936E-09     -0.72268483E-09     -0.18866643E-04     -0.42499939E-03
      67     -0.65840223E-09     -0.72268483E-09     -0.19150652E-04     -0.42499939E-03
      68     -0.65864655E-09     -0.72268483E-09     -0.19441786E-04     -0.42499939E-03
      69     -0.65886508E-09     -0.72268483E-09     -0.19713967E-04     -0.42499939E-03
      70     -0.65904392E-09     -0.72268483E-09     -0.19989285E-04     -0.42499939E-03
      71     -0.65923950E-09     -0.72268483E-09     -0.20269202E-04     -0.42499939E-03
      72     -0.65951314E-09     -0.72268483E-09     -0.20581492E-04     -0.42499939E-03
      73     -0.65981839E-09     -0.72268483E-09     -0.20896074E-04     -0.42499939E-03
      74     -0.65999698E-09     -0.72268483E-09     -0.21187697E-04     -0.42499939E-03
      75     -0.66000831E-09     -0.72268483E-09     -0.21330919E-04     -0.42499939E-03
      76     -0.66000843E-09     -0.72268483E-09     -0.21336661E-04     -0.42499939E-03
      77     -0.66003499E-09     -0.72268483E-09     -0.21467442E-04     -0.42499939E-03
      78     -0.66006156E-09     -0.72268483E-09     -0.21598222E-04     -0.42499939E-03
      79     -0.66026556E-09     -0.72268483E-09     -0.21892230E-04     -0.42499939E-03
      80     -0.66046956E-09     -0.72268483E-09     -0.22186257E-04     -0.42499939E-03
      81     -0.66055102E-09     -0.72268483E-09     -0.22470022E-04     -0.42499939E-03
      82     -0.66063247E-09     -0.72268483E-09     -0.22753785E-04     -0.42499939E-03
      83     -0.66073881E-09     -0.72268483E-09     -0.23038319E-04     -0.42499939E-03
      84     -0.66084516E-09     -0.72268483E-09     -0.23322012E-04     -0.42499939E-03
      85     -0.66084694E-09     -0.72268483E-09     -0.23330095E-04     -0.42499939E-03
      86     -0.66084872E-09     -0.72268483E-09     -0.23338177E-04     -0.42499939E-03
      87     -0.66092223E-09     -0.72268483E-09     -0.23603797E-04     -0.42499939E-03
      88     -0.66099586E-09     -0.72268483E-09     -0.23867570E-04     -0.42499939E-03
      89     -0.66108613E-09     -0.72268483E-09     -0.24159124E-04     -0.42499939E-03
      90     -0.66117626E-09     -0.72268483E-09     -0.24447848E-04     -0.42499939E-03
      91     -0.66123271E-09     -0.72268483E-09     -0.24745655E-04     -0.42499939E-03
      92     -0.66128917E-09     -0.72268483E-09     -0.25043434E-04     -0.42499939E-03
      93     -0.66131698E-09     -0.72268483E-09     -0.25279806E-04     -0.42499939E-03
      94     -0.66134479E-09     -0.72268483E-09     -0.25516181E-04     -0.42499939E-03
      95     -0.66142639E-09     -0.72268483E-09     -0.25666240E-04     -0.42499939E-03
      96     -0.66150827E-09     -0.72268483E-09     -0.25816333E-04     -0.42499939E-03
      97     -0.66155789E-09     -0.72268483E-09     -0.26063231E-04     -0.42499939E-03
      98     -0.66160745E-09     -0.72268483E-09     -0.26292488E-04     -0.42499939E-03
      99     -0.66162185E-09     -0.72268483E-09     -0.26432523E-04     -0.42499939E-03
     100     -0.66163626E-09     -0.72268483E-09     -0.26572557E-04     -0.42499939E-03
     101     -0.66169206E-09     -0.72268483E-09     -0.26732143E-04     -0.42499939E-03
     102     -0.66177335E-09     -0.72268483E-09     -0.27007453E-04     -0.42499939E-03
     103     -0.66181214E-09     -0.72268483E-09     -0.27263513E-04     -0.42499939E-03
     104     -0.66185056E-09     -0.72268483E-09     -0.27536746E-04     -0.42499939E-03
     105     -0.66189714E-09     -0.72268483E-09     -0.27802764E-04     -0.42499939E-03
     106     -0.66191874E-09     -0.72268483E-09     -0.27929768E-04     -0.42499939E-03
     107     -0.66193495E-09     -0.72268483E-09     -0.28060728E-04     -0.42499939E-03
     108     -0.66195115E-09     -0.72268483E-09     -0.28191609E-04     -0.42499939E-03
     109     -0.66199122E-09     -0.72268483E-09     -0.28340445E-04     -0.42499939E-03
     110     -0.66203129E-09     -0.72268483E-09     -0.28489286E-04     -0.42499939E-03
     111     -0.66206302E-09     -0.72268483E-09     -0.28633813E-04     -0.42499939E-03
     112     -0.66209475E-09     -0.72268483E-09     -0.28778432E-04     -0.42499939E-03
     113     -0.66214281E-09     -0.72268483E-09     -0.28931695E-04     -0.42499939E-03
     114     -0.66219088E-09     -0.72268483E-09     -0.29084900E-04     -0.42499939E-03
     115     -0.66219142E-09     -0.72268483E-09     -0.29089641E-04     -0.42499939E-03
     116     -0.66219167E-09     -0.72268483E-09     -0.29094536E-04     -0.42499939E-03
     117     -0.66219195E-09     -0.72268483E-09     -0.29100269E-04     -0.42499939E-03
     118     -0.66219546E-09     -0.72268483E-09     -0.29244886E-04     -0.42499939E-03
     119     -0.66226378E-09     -0.72268483E-09     -0.29532162E-04     -0.42499939E-03
     120     -0.66232887E-09     -0.72268483E-09     -0.29681950E-04     -0.42499939E-03
     121     -0.66232934E-09     -0.72268483E-09     -0.29687835E-04     -0.42499939E-03
     122     -0.66232981E-09     -0.72268483E-09     -0.29693803E-04     -0.42499939E-03
     123     -0.66233035E-09     -0.72268483E-09     -0.29700042E-04     -0.42499939E-03
     124     -0.66233089E-09     -0.72268483E-09     -0.29706536E-04     -0.42499939E-03
     125     -0.66233252E-09     -0.72268483E-09     -0.29716624E-04     -0.42499939E-03
     126     -0.66233397E-09     -0.72268483E-09     -0.29727920E-04     -0.42499939E-03
     127     -0.66233492E-09     -0.72268483E-09     -0.29734587E-04     -0.42499939E-03
     128     -0.66237843E-09     -0.72268483E-09     -0.29892809E-04     -0.42499939E-03
     129     -0.66243956E-09     -0.72268483E-09     -0.30190676E-04     -0.42499939E-03
     130     -0.66245808E-09     -0.72268483E-09     -0.30335717E-04     -0.42499939E-03
     131     -0.66245883E-09     -0.72268483E-09     -0.30341077E-04     -0.42499939E-03
     132     -0.66249503E-09     -0.72268483E-09     -0.30496438E-04     -0.42499939E-03
     133     -0.66253100E-09     -0.72268483E-09     -0.30652109E-04     -0.42499939E-03
     134     -0.66254727E-09     -0.72268483E-09     -0.30789651E-04     -0.42499939E-03
     135     -0.66256416E-09     -0.72268483E-09     -0.30928276E-04     -0.42499939E-03
     136     -0.66259288E-09     -0.72268483E-09     -0.31087176E-04     -0.42499939E-03
     137     -0.66262102E-09     -0.72268483E-09     -0.31245954E-04     -0.42499939E-03
     138     -0.66262156E-09     -0.72268483E-09     -0.31252632E-04     -0.42499939E-03
     139     -0.66262222E-09     -0.72268483E-09     -0.31258191E-04     -0.42499939E-03
     140     -0.66262249E-09     -0.72268483E-09     -0.31262150E-04     -0.42499939E-03
     141     -0.66268218E-09     -0.72268483E-09     -0.31409775E-04     -0.42499939E-03
     142     -0.66274182E-09     -0.72268483E-09     -0.31557491E-04     -0.42499939E-03
     143     -0.66274203E-09     -0.72268483E-09     -0.31562417E-04     -0.42499939E-03
     144     -0.66274309E-09     -0.72268483E-09     -0.31569132E-04     -0.42499939E-03
     145     -0.66274416E-09     -0.72268483E-09     -0.31575716E-04     -0.42499939E-03
     146     -0.66274517E-09     -0.72268483E-09     -0.31586820E-04     -0.42499939E-03
     147     -0.66274887E-09     -0.72268483E-09     -0.31737077E-04     -0.42499939E-03
     148     -0.66275177E-09     -0.72268483E-09     -0.31879812E-04     -0.42499939E-03
     149     -0.66275241E-09     -0.72268483E-09     -0.31883836E-04     -0.42499939E-03
     150     -0.66275308E-09     -0.72268483E-09     -0.31889646E-04     -0.42499939E-03
     151     -0.66275338E-09     -0.72268483E-09     -0.31893689E-04     -0.42499939E-03
     152     -0.66275364E-09     -0.72268483E-09     -0.31898301E-04     -0.42499939E-03
     153     -0.66275384E-09     -0.72268483E-09     -0.31902274E-04     -0.42499939E-03
     154     -0.66275402E-09     -0.72268483E-09     -0.31905232E-04     -0.42499939E-03
     155     -0.66279357E-09     -0.72268483E-09     -0.32065259E-04     -0.42499939E-03
     156     -0.66283318E-09     -0.72268483E-09     -0.32225304E-04     -0.42499939E-03
     157     -0.66284314E-09     -0.72268483E-09     -0.32361100E-04     -0.42499939E-03
     158     -0.66285310E-09     -0.72268483E-09     -0.32496850E-04     -0.42499939E-03
     159     -0.66288883E-09     -0.72268483E-09     -0.32648520E-04     -0.42499939E-03
     160     -0.66292452E-09     -0.72268483E-09     -0.32802172E-04     -0.42499939E-03
     161     -0.66292464E-09     -0.72268483E-09     -0.32807147E-04     -0.42499939E-03
     162     -0.66292478E-09     -0.72268483E-09     -0.32810158E-04     -0.42499939E-03
     163     -0.66292604E-09     -0.72268483E-09     -0.32815003E-04     -0.42499939E-03
     164     -0.66292737E-09     -0.72268483E-09     -0.32819660E-04     -0.42499939E-03
     165     -0.66294518E-09     -0.72268483E-09     -0.32966535E-04     -0.42499939E-03
     166     -0.66296302E-09     -0.72268483E-09     -0.33113385E-04     -0.42499939E-03
     167     -0.66298061E-09     -0.72268483E-09     -0.33268199E-04     -0.42499939E-03
     168     -0.66299821E-09     -0.72268483E-09     -0.33423007E-04     -0.42499939E-03
     169     -0.66299844E-09     -0.72268483E-09     -0.33423643E-04     -0.42499939E-03
     170     -0.66299868E-09     -0.72268483E-09     -0.33424296E-04     -0.42499939E-03
     171     -0.66299878E-09     -0.72268483E-09     -0.33428475E-04     -0.42499939E-03
     172     -0.66299888E-09     -0.72268483E-09     -0.33433811E-04     -0.42499939E-03
     173     -0.66299902E-09     -0.72268483E-09     -0.33437065E-04     -0.42499939E-03
     174     -0.66299972E-09     -0.72268483E-09     -0.33440834E-04     -0.42499939E-03
     175     -0.66300049E-09     -0.72268483E-09     -0.33448327E-04     -0.42499939E-03
     176     -0.66300066E-09     -0.72268483E-09     -0.33454215E-04     -0.42499939E-03
     177     -0.66300072E-09     -0.72268483E-09     -0.33457236E-04     -0.42499939E-03
     178     -0.66300205E-09     -0.72268483E-09     -0.33463255E-04     -0.42499939E-03
     179     -0.66305941E-09     -0.72268483E-09     -0.33616157E-04     -0.42499939E-03
     180     -0.66311555E-09     -0.72268483E-09     -0.33767785E-04     -0.42499939E-03
     181     -0.66311644E-09     -0.72268483E-09     -0.33781389E-04     -0.42499939E-03
     182     -0.66312520E-09     -0.72268483E-09     -0.33919539E-04     -0.42499939E-03
     183     -0.66313334E-09     -0.72268483E-09     -0.34052641E-04     -0.42499939E-03
     184     -0.66313382E-09     -0.72268483E-09     -0.34059403E-04     -0.42499939E-03
     185     -0.66313401E-09     -0.72268483E-09     -0.34063110E-04     -0.42499939E-03
     186     -0.66313419E-09     -0.72268483E-09     -0.34066817E-04     -0.42499939E-03
     187     -0.66313493E-09     -0.72268483E-09     -0.34069029E-04     -0.42499939E-03
     188     -0.66313529E-09     -0.72268483E-09     -0.34071138E-04     -0.42499939E-03
     189     -0.66313579E-09     -0.72268483E-09     -0.34072823E-04     -0.42499939E-03
     190     -0.66318241E-09     -0.72268483E-09     -0.34229243E-04     -0.42499939E-03
     191     -0.66322895E-09     -0.72268483E-09     -0.34385956E-04     -0.42499939E-03
     192     -0.66322945E-09     -0.72268483E-09     -0.34388334E-04     -0.42499939E-03
     193     -0.66322969E-09     -0.72268483E-09     -0.34391365E-04     -0.42499939E-03
     194     -0.66323001E-09     -0.72268483E-09     -0.34393981E-04     -0.42499939E-03
     195     -0.66323049E-09     -0.72268483E-09     -0.34400072E-04     -0.42499939E-03
     196     -0.66324228E-09     -0.72268483E-09     -0.34554731E-04     -0.42499939E-03
     197     -0.66325400E-09     -0.72268483E-09     -0.34705076E-04     -0.42499939E-03
     198     -0.66325421E-09     -0.72268483E-09     -0.34707051E-04     -0.42499939E-03
     199     -0.66327637E-09     -0.72268483E-09     -0.34851523E-04     -0.42499939E-03
     200     -0.66329853E-09     -0.72268483E-09     -0.34995960E-04     -0.42499939E-03
     201     -0.66332942E-09     -0.72268483E-09     -0.35162431E-04     -0.42499939E-03
     202     -0.66336031E-09     -0.72268483E-09     -0.35328911E-04     -0.42499939E-03
     203     -0.66336400E-09     -0.72268483E-09     -0.35476073E-04     -0.42499939E-03
     204     -0.66336769E-09     -0.72268483E-09     -0.35623198E-04     -0.42499939E-03
     205     -0.66336799E-09     -0.72268483E-09     -0.35625475E-04     -0.42499939E-03
     206     -0.66336828E-09     -0.72268483E-09     -0.35627750E-04     -0.42499939E-03
     207     -0.66336903E-09     -0.72268483E-09     -0.35635650E-04     -0.42499939E-03
     208     -0.66336979E-09     -0.72268483E-09     -0.35643546E-04     -0.42499939E-03
     209     -0.66337023E-09     -0.72268483E-09     -0.35650577E-04     -0.42499939E-03
     210     -0.66337068E-09     -0.72268483E-09     -0.35657630E-04     -0.42499939E-03
     211     -0.66338034E-09     -0.72268483E-09     -0.35759417E-04     -0.42499939E-03
     212     -0.66338952E-09     -0.72268483E-09     -0.35865976E-04     -0.42499939E-03
     213     -0.66339139E-09     -0.72268483E-09     -0.35877228E-04     -0.42499939E-03
     214     -0.66344185E-09     -0.72268483E-09     -0.36028785E-04     -0.42499939E-03
     215     -0.66349271E-09     -0.72268483E-09     -0.36182368E-04     -0.42499939E-03
     216     -0.66349452E-09     -0.72268483E-09     -0.36188846E-04     -0.42499939E-03
     217     -0.66349550E-09     -0.72268483E-09     -0.36197056E-04     -0.42499939E-03
     218     -0.66349642E-09     -0.72268483E-09     -0.36206864E-04     -0.42499939E-03
     219     -0.66349730E-09     -0.72268483E-09     -0.36220296E-04     -0.42499939E-03
     220     -0.66349817E-09     -0.72268483E-09     -0.36233725E-04     -0.42499939E-03
     221     -0.66349904E-09     -0.72268483E-09     -0.36237128E-04     -0.42499939E-03
     222     -0.66349991E-09     -0.72268483E-09     -0.36240481E-04     -0.42499939E-03
     223     -0.66355101E-09     -0.72268483E-09     -0.36394123E-04     -0.42499939E-03
     224     -0.66360210E-09     -0.72268483E-09     -0.36547749E-04     -0.42499939E-03
     225     -0.66360258E-09     -0.72268483E-09     -0.36551681E-04     -0.42499939E-03
     226     -0.66360305E-09     -0.72268483E-09     -0.36555835E-04     -0.42499939E-03
     227     -0.66361238E-09     -0.72268483E-09     -0.36701394E-04     -0.42499939E-03
     228     -0.66362171E-09     -0.72268483E-09     -0.36846935E-04     -0.42499939E-03
     229     -0.66362235E-09     -0.72268483E-09     -0.36852891E-04     -0.42499939E-03
     230     -0.66362298E-09     -0.72268483E-09     -0.36858829E-04     -0.42499939E-03
     231     -0.66363800E-09     -0.72268483E-09     -0.36969603E-04     -0.42499939E-03
     232     -0.66365302E-09     -0.72268483E-09     -0.37080412E-04     -0.42499939E-03
     233     -0.66365741E-09     -0.72268483E-09     -0.37088413E-04     -0.42499939E-03
     234     -0.66366019E-09     -0.72268483E-09     -0.37093602E-04     -0.42499939E-03
     235     -0.66366101E-09     -0.72268483E-09     -0.37097383E-04     -0.42499939E-03
     236     -0.66366183E-09     -0.72268483E-09     -0.37101155E-04     -0.42499939E-03
     237     -0.66366289E-09     -0.72268483E-09     -0.37107637E-04     -0.42499939E-03
     238     -0.66366373E-09     -0.72268483E-09     -0.37112556E-04     -0.42499939E-03
     239     -0.66366911E-09     -0.72268483E-09     -0.37142341E-04     -0.42499939E-03
     240     -0.66367611E-09     -0.72268483E-09     -0.37182207E-04     -0.42499939E-03
     241     -0.66370290E-09     -0.72268483E-09     -0.37332240E-04     -0.42499939E-03
     242     -0.66372930E-09     -0.72268483E-09     -0.37474785E-04     -0.42499939E-03
     243     -0.66373141E-09     -0.72268483E-09     -0.37481320E-04     -0.42499939E-03
     244     -0.66376239E-09     -0.72268483E-09     -0.37625535E-04     -0.42499939E-03
     245     -0.66381391E-09     -0.72268483E-09     -0.37853367E-04     -0.42499939E-03
     246     -0.66383551E-09     -0.72268483E-09     -0.37940753E-04     -0.42499939E-03
     247     -0.66383922E-09     -0.72268483E-09     -0.38083497E-04     -0.42499939E-03
     248     -0.66384403E-09     -0.72268483E-09     -0.38232335E-04     -0.42499939E-03
     249     -0.66384566E-09     -0.72268483E-09     -0.38240930E-04     -0.42499939E-03
     250     -0.66384795E-09     -0.72268483E-09     -0.38247563E-04     -0.42499939E-03
     251     -0.66385143E-09     -0.72268483E-09     -0.38258238E-04     -0.42499939E-03
     252     -0.66386226E-09     -0.72268483E-09     -0.38390934E-04     -0.42499939E-03
     253     -0.66387392E-09     -0.72268483E-09     -0.38529425E-04     -0.42499939E-03
     254     -0.66387693E-09     -0.72268483E-09     -0.38551553E-04     -0.42499939E-03
     255     -0.66387806E-09     -0.72268483E-09     -0.38565030E-04     -0.42499939E-03
     256     -0.66387882E-09     -0.72268483E-09     -0.38570383E-04     -0.42499939E-03
     257     -0.66388019E-09     -0.72268483E-09     -0.38576691E-04     -0.42499939E-03
     258     -0.66388289E-09     -0.72268483E-09     -0.38586356E-04     -0.42499939E-03
     259     -0.66388736E-09     -0.72268483E-09     -0.38604801E-04     -0.42499939E-03
     260     -0.66394702E-09     -0.72268483E-09     -0.38764735E-04     -0.42499939E-03
     261     -0.66400434E-09     -0.72268483E-09     -0.38913817E-04     -0.42499939E-03
     262     -0.66400629E-09     -0.72268483E-09     -0.38922097E-04     -0.42499939E-03
     263     -0.66401242E-09     -0.72268483E-09     -0.38949396E-04     -0.42499939E-03
     264     -0.66401851E-09     -0.72268483E-09     -0.38971834E-04     -0.42499939E-03
     265     -0.66406379E-09     -0.72268483E-09     -0.39102262E-04     -0.42499939E-03
     266     -0.66410949E-09     -0.72268483E-09     -0.39226495E-04     -0.42499939E-03
     267     -0.66415402E-09     -0.72268483E-09     -0.39376050E-04     -0.42499939E-03
     268     -0.66419855E-09     -0.72268483E-09     -0.39525544E-04     -0.42499939E-03
     269     -0.66419982E-09     -0.72268483E-09     -0.39530738E-04     -0.42499939E-03
     270     -0.66420109E-09     -0.72268483E-09     -0.39535916E-04     -0.42499939E-03
     271     -0.66422216E-09     -0.72268483E-09     -0.39675448E-04     -0.42499939E-03
     272     -0.66424319E-09     -0.72268483E-09     -0.39814761E-04     -0.42499939E-03
     273     -0.66431003E-09     -0.72268483E-09     -0.39952407E-04     -0.42499939E-03
     274     -0.66441728E-09     -0.72268483E-09     -0.40181664E-04     -0.42499939E-03
     275     -0.66446141E-09     -0.72268483E-09     -0.40266212E-04     -0.42499939E-03
     276     -0.66448724E-09     -0.72268483E-09     -0.40378339E-04     -0.42499939E-03
     277     -0.66452400E-09     -0.72268483E-09     -0.40519387E-04     -0.42499939E-03
     278     -0.66453708E-09     -0.72268483E-09     -0.40557272E-04     -0.42499939E-03
     279     -0.66454139E-09     -0.72268483E-09     -0.40571426E-04     -0.42499939E-03
     280     -0.66454569E-09     -0.72268483E-09     -0.40585587E-04     -0.42499939E-03
     281     -0.66458138E-09     -0.72268483E-09     -0.40679883E-04     -0.42499939E-03
     282     -0.66461643E-09     -0.72268483E-09     -0.40773082E-04     -0.42499939E-03
     283     -0.66461841E-09     -0.72268483E-09     -0.40789779E-04     -0.42499939E-03
     284     -0.66462038E-09     -0.72268483E-09     -0.40806468E-04     -0.42499939E-03
     285     -0.66462130E-09     -0.72268483E-09     -0.40809812E-04     -0.42499939E-03
     286     -0.66462219E-09     -0.72268483E-09     -0.40813246E-04     -0.42499939E-03
     287     -0.66462356E-09     -0.72268483E-09     -0.40821249E-04     -0.42499939E-03
     288     -0.66462494E-09     -0.72268483E-09     -0.40829274E-04     -0.42499939E-03
     289     -0.66466666E-09     -0.72268483E-09     -0.40959593E-04     -0.42499939E-03
     290     -0.66470837E-09     -0.72268483E-09     -0.41089929E-04     -0.42499939E-03
     291     -0.66471066E-09     -0.72268483E-09     -0.41096717E-04     -0.42499939E-03
     292     -0.66471195E-09     -0.72268483E-09     -0.41101477E-04     -0.42499939E-03
     293     -0.66476723E-09     -0.72268483E-09     -0.41240132E-04     -0.42499939E-03
     294     -0.66482276E-09     -0.72268483E-09     -0.41377671E-04     -0.42499939E-03
     295     -0.66484470E-09     -0.72268483E-09     -0.41511644E-04     -0.42499939E-03
     296     -0.66486664E-09     -0.72268483E-09     -0.41645641E-04     -0.42499939E-03
     297     -0.66486862E-09     -0.72268483E-09     -0.41650729E-04     -0.42499939E-03
     298     -0.66487011E-09     -0.72268483E-09     -0.41654850E-04     -0.42499939E-03
     299     -0.66487109E-09     -0.72268483E-09     -0.41656678E-04     -0.42499939E-03
     300     -0.66487208E-09     -0.72268483E-09     -0.41658532E-04     -0.42499939E-03
     301     -0.66487551E-09     -0.72268483E-09     -0.41668532E-04     -0.42499939E-03
     302     -0.66487894E-09     -0.72268483E-09     -0.41678517E-04     -0.42499939E-03
     303     -0.66488096E-09     -0.72268483E-09     -0.41684166E-04     -0.42499939E-03
     304     -0.66488296E-09     -0.72268483E-09     -0.41689702E-04     -0.42499939E-03
     305     -0.66488676E-09     -0.72268483E-09     -0.41823972E-04     -0.42499939E-03
     306     -0.66489184E-09     -0.72268483E-09     -0.41962373E-04     -0.42499939E-03
     307     -0.66489366E-09     -0.72268483E-09     -0.41967105E-04     -0.42499939E-03
     308     -0.66489443E-09     -0.72268483E-09     -0.41968477E-04     -0.42499939E-03
     309     -0.66489634E-09     -0.72268483E-09     -0.41974939E-04     -0.42499939E-03
     310     -0.66489826E-09     -0.72268483E-09     -0.41981399E-04     -0.42499939E-03
     311     -0.66489943E-09     -0.72268483E-09     -0.41984966E-04     -0.42499939E-03
     312     -0.66490059E-09     -0.72268483E-09     -0.41988519E-04     -0.42499939E-03
     313     -0.66490085E-09     -0.72268483E-09     -0.41990103E-04     -0.42499939E-03
     314     -0.66490111E-09     -0.72268483E-09     -0.41991630E-04     -0.42499939E-03
     315     -0.66493986E-09     -0.72268483E-09     -0.42147496E-04     -0.42499939E-03
     316     -0.66497863E-09     -0.72268483E-09     -0.42303422E-04     -0.42499939E-03
     317     -0.66497989E-09     -0.72268483E-09     -0.42309526E-04     -0.42499939E-03
     318     -0.66498115E-09     -0.72268483E-09     -0.42315629E-04     -0.42499939E-03
     319     -0.66498225E-09     -0.72268483E-09     -0.42323225E-04     -0.42499939E-03
     320     -0.66498336E-09     -0.72268483E-09     -0.42330822E-04     -0.42499939E-03
     321     -0.66501929E-09     -0.72268483E-09     -0.42419584E-04     -0.42499939E-03
     322     -0.66504733E-09     -0.72268483E-09     -0.42488966E-04     -0.42499939E-03
     323     -0.66506559E-09     -0.72268483E-09     -0.42535970E-04     -0.42499939E-03
     324     -0.66509248E-09     -0.72268483E-09     -0.42604200E-04     -0.42499939E-03
     325     -0.66514031E-09     -0.72268483E-09     -0.42724140E-04     -0.42499939E-03
     326     -0.66518812E-09     -0.72268483E-09     -0.42844061E-04     -0.42499939E-03
     327     -0.66518898E-09     -0.72268483E-09     -0.42851090E-04     -0.42499939E-03
     328     -0.66518984E-09     -0.72268483E-09     -0.42858118E-04     -0.42499939E-03
     329     -0.66519371E-09     -0.72268483E-09     -0.42869091E-04     -0.42499939E-03
     330     -0.66519756E-09     -0.72268483E-09     -0.42880016E-04     -0.42499939E-03
     331     -0.66520003E-09     -0.72268483E-09     -0.42885681E-04     -0.42499939E-03
     332     -0.66520250E-09     -0.72268483E-09     -0.42891337E-04     -0.42499939E-03
     333     -0.66520431E-09     -0.72268483E-09     -0.42895091E-04     -0.42499939E-03
     334     -0.66520835E-09     -0.72268483E-09     -0.42906169E-04     -0.42499939E-03
     335     -0.66521227E-09     -0.72268483E-09     -0.42917113E-04     -0.42499939E-03
     336     -0.66521276E-09     -0.72268483E-09     -0.42919686E-04     -0.42499939E-03
     337     -0.66521441E-09     -0.72268483E-09     -0.42923880E-04     -0.42499939E-03
     338     -0.66522535E-09     -0.72268483E-09     -0.42947738E-04     -0.42499939E-03
     339     -0.66523642E-09     -0.72268483E-09     -0.42970869E-04     -0.42499939E-03
     340     -0.66523966E-09     -0.72268483E-09     -0.42975357E-04     -0.42499939E-03
     341     -0.66526754E-09     -0.72268483E-09     -0.43117930E-04     -0.42499939E-03
     342     -0.66529535E-09     -0.72268483E-09     -0.43260068E-04     -0.42499939E-03
     343     -0.66530405E-09     -0.72268483E-09     -0.43282043E-04     -0.42499939E-03
     344     -0.66531284E-09     -0.72268483E-09     -0.43304048E-04     -0.42499939E-03
     345     -0.66535407E-09     -0.72268483E-09     -0.43387490E-04     -0.42499939E-03
     346     -0.66539419E-09     -0.72268483E-09     -0.43470023E-04     -0.42499939E-03
     347     -0.66539531E-09     -0.72268483E-09     -0.43471481E-04     -0.42499939E-03
     348     -0.66539685E-09     -0.72268483E-09     -0.43475673E-04     -0.42499939E-03
     349     -0.66542002E-09     -0.72268483E-09     -0.43527749E-04     -0.42499939E-03
     350     -0.66544322E-09     -0.72268483E-09     -0.43578567E-04     -0.42499939E-03
     351     -0.66546759E-09     -0.72268483E-09     -0.43637352E-04     -0.42499939E-03
     352     -0.66549497E-09     -0.72268483E-09     -0.43701145E-04     -0.42499939E-03
     353     -0.66550207E-09     -0.72268483E-09     -0.43827670E-04     -0.42499939E-03
     354     -0.66550677E-09     -0.72268483E-09     -0.43949156E-04     -0.42499939E-03
     355     -0.66550905E-09     -0.72268483E-09     -0.43952073E-04     -0.42499939E-03
     356     -0.66551142E-09     -0.72268483E-09     -0.43954151E-04     -0.42499939E-03
     357     -0.66554250E-09     -0.72268483E-09     -0.44102906E-04     -0.42499939E-03
     358     -0.66557359E-09     -0.72268483E-09     -0.44251689E-04     -0.42499939E-03
     359     -0.66557596E-09     -0.72268483E-09     -0.44257111E-04     -0.42499939E-03
     360     -0.66557832E-09     -0.72268483E-09     -0.44262500E-04     -0.42499939E-03
     361     -0.66559047E-09     -0.72268483E-09     -0.44293912E-04     -0.42499939E-03
     362     -0.66560265E-09     -0.72268483E-09     -0.44325388E-04     -0.42499939E-03
     363     -0.66561894E-09     -0.72268483E-09     -0.44378371E-04     -0.42499939E-03
     364     -0.66563523E-09     -0.72268483E-09     -0.44431405E-04     -0.42499939E-03
     365     -0.66563672E-09     -0.72268483E-09     -0.44435416E-04     -0.42499939E-03
     366     -0.66563820E-09     -0.72268483E-09     -0.44439414E-04     -0.42499939E-03
     367     -0.66564034E-09     -0.72268483E-09     -0.44445153E-04     -0.42499939E-03
     368     -0.66564083E-09     -0.72268483E-09     -0.44447964E-04     -0.42499939E-03
     369     -0.66564283E-09     -0.72268483E-09     -0.44453560E-04     -0.42499939E-03
     370     -0.66564615E-09     -0.72268483E-09     -0.44461309E-04     -0.42499939E-03
     371     -0.66564811E-09     -0.72268483E-09     -0.44467578E-04     -0.42499939E-03
     372     -0.66564951E-09     -0.72268483E-09     -0.44471236E-04     -0.42499939E-03
     373     -0.66565142E-09     -0.72268483E-09     -0.44474586E-04     -0.42499939E-03
     374     -0.66569916E-09     -0.72268483E-09     -0.44568844E-04     -0.42499939E-03
     375     -0.66575986E-09     -0.72268483E-09     -0.44686441E-04     -0.42499939E-03
     376     -0.66577534E-09     -0.72268483E-09     -0.44717400E-04     -0.42499939E-03
     377     -0.66577748E-09     -0.72268483E-09     -0.44724041E-04     -0.42499939E-03
     378     -0.66578027E-09     -0.72268483E-09     -0.44730578E-04     -0.42499939E-03
     379     -0.66578330E-09     -0.72268483E-09     -0.44739981E-04     -0.42499939E-03
     380     -0.66589665E-09     -0.72268483E-09     -0.44798109E-04     -0.42499939E-03
     381     -0.66592608E-09     -0.72268483E-09     -0.44916710E-04     -0.42499939E-03
     382     -0.66595473E-09     -0.72268483E-09     -0.45032080E-04     -0.42499939E-03
     383     -0.66606134E-09     -0.72268483E-09     -0.45110460E-04     -0.42499939E-03
     384     -0.66615628E-09     -0.72268483E-09     -0.45166707E-04     -0.42499939E-03
     385     -0.66616526E-09     -0.72268483E-09     -0.45175020E-04     -0.42499939E-03
     386     -0.66618201E-09     -0.72268483E-09     -0.45210780E-04     -0.42499939E-03
     387     -0.66619818E-09     -0.72268483E-09     -0.45246873E-04     -0.42499939E-03
     388     -0.66620082E-09     -0.72268483E-09     -0.45268876E-04     -0.42499939E-03
     389     -0.66620290E-09     -0.72268483E-09     -0.45291426E-04     -0.42499939E-03
     390     -0.66620804E-09     -0.72268483E-09     -0.45305859E-04     -0.42499939E-03
     391     -0.66621273E-09     -0.72268483E-09     -0.45318158E-04     -0.42499939E-03
     392     -0.66621310E-09     -0.72268483E-09     -0.45319953E-04     -0.42499939E-03
     393     -0.66622130E-09     -0.72268483E-09     -0.45347697E-04     -0.42499939E-03
     394     -0.66623198E-09     -0.72268483E-09     -0.45469655E-04     -0.42499939E-03
     395     -0.66623505E-09     -0.72268483E-09     -0.45569893E-04     -0.42499939E-03
     396     -0.66630359E-09     -0.72268483E-09     -0.45634185E-04     -0.42499939E-03
     397     -0.66637144E-09     -0.72268483E-09     -0.45694892E-04     -0.42499939E-03
     398     -0.66640122E-09     -0.72268483E-09     -0.45767773E-04     -0.42499939E-03
     399     -0.66643878E-09     -0.72268483E-09     -0.45855241E-04     -0.42499939E-03
     400     -0.66645682E-09     -0.72268483E-09     -0.45916535E-04     -0.42499939E-03
     401     -0.66646741E-09     -0.72268483E-09     -0.45964699E-04     -0.42499939E-03
     402     -0.66647232E-09     -0.72268483E-09     -0.45976366E-04     -0.42499939E-03
     403     -0.66647685E-09     -0.72268483E-09     -0.45991311E-04     -0.42499939E-03
     404     -0.66649703E-09     -0.72268483E-09     -0.46094868E-04     -0.42499939E-03
     405     -0.66651715E-09     -0.72268483E-09     -0.46194159E-04     -0.42499939E-03
     406     -0.66651940E-09     -0.72268483E-09     -0.46205481E-04     -0.42499939E-03
     407     -0.66652175E-09     -0.72268483E-09     -0.46220137E-04     -0.42499939E-03
     408     -0.66652224E-09     -0.72268483E-09     -0.46226914E-04     -0.42499939E-03
     409     -0.66656368E-09     -0.72268483E-09     -0.46320313E-04     -0.42499939E-03
     410     -0.66660658E-09     -0.72268483E-09     -0.46417035E-04     -0.42499939E-03
     411     -0.66664608E-09     -0.72268483E-09     -0.46487223E-04     -0.42499939E-03
     412     -0.66668450E-09     -0.72268483E-09     -0.46555510E-04     -0.42499939E-03
     413     -0.66668515E-09     -0.72268483E-09     -0.46558093E-04     -0.42499939E-03
     414     -0.66668625E-09     -0.72268483E-09     -0.46564215E-04     -0.42499939E-03
     415     -0.66673324E-09     -0.72268483E-09     -0.46673806E-04     -0.42499939E-03
     416     -0.66681849E-09     -0.72268483E-09     -0.46857373E-04     -0.42499939E-03
     417     -0.66686151E-09     -0.72268483E-09     -0.47040869E-04     -0.42499939E-03
     418     -0.66687025E-09     -0.72268483E-09     -0.47148348E-04     -0.42499939E-03
     419     -0.66692579E-09     -0.72268483E-09     -0.47252956E-04     -0.42499939E-03
     420     -0.66698134E-09     -0.72268483E-09     -0.47357405E-04     -0.42499939E-03
     421     -0.66700582E-09     -0.72268483E-09     -0.47449802E-04     -0.42499939E-03
     422     -0.66703040E-09     -0.72268483E-09     -0.47542465E-04     -0.42499939E-03
     423     -0.66704351E-09     -0.72268483E-09     -0.47555246E-04     -0.42499939E-03
     424     -0.66705632E-09     -0.72268483E-09     -0.47567660E-04     -0.42499939E-03
     425     -0.66714257E-09     -0.72268483E-09     -0.47667231E-04     -0.42499939E-03
     426     -0.66722875E-09     -0.72268483E-09     -0.47766800E-04     -0.42499939E-03
     427     -0.66730885E-09     -0.72268483E-09     -0.47826937E-04     -0.42499939E-03
     428     -0.66739091E-09     -0.72268483E-09     -0.47888305E-04     -0.42499939E-03
     429     -0.66743470E-09     -0.72268483E-09     -0.47998727E-04     -0.42499939E-03
     430     -0.66744617E-09     -0.72268483E-09     -0.48173870E-04     -0.42499939E-03
     431     -0.66745054E-09     -0.72268483E-09     -0.48267806E-04     -0.42499939E-03
     432     -0.66745124E-09     -0.72268483E-09     -0.48275273E-04     -0.42499939E-03
     433     -0.66748925E-09     -0.72268483E-09     -0.48411610E-04     -0.42499939E-03
     434     -0.66754118E-09     -0.72268483E-09     -0.48579445E-04     -0.42499939E-03
     435     -0.66761646E-09     -0.72268483E-09     -0.48712536E-04     -0.42499939E-03
     436     -0.66776158E-09     -0.72268483E-09     -0.48920905E-04     -0.42499939E-03
     437     -0.66790825E-09     -0.72268483E-09     -0.49084532E-04     -0.42499939E-03
     438     -0.66803420E-09     -0.72268483E-09     -0.49161971E-04     -0.42499939E-03
     439     -0.66803475E-09     -0.72268483E-09     -0.49165648E-04     -0.42499939E-03
     440     -0.66809550E-09     -0.72268483E-09     -0.49214135E-04     -0.42499939E-03
     441     -0.66811251E-09     -0.72268483E-09     -0.49233955E-04     -0.42499939E-03
     442     -0.66820512E-09     -0.72268483E-09     -0.49294772E-04     -0.42499939E-03
     443     -0.66832800E-09     -0.72268483E-09     -0.49403644E-04     -0.42499939E-03
     444     -0.66845112E-09     -0.72268483E-09     -0.49516044E-04     -0.42499939E-03
     445     -0.66850065E-09     -0.72268483E-09     -0.49559914E-04     -0.42499939E-03
     446     -0.66855269E-09     -0.72268483E-09     -0.49604712E-04     -0.42499939E-03
     447     -0.66866383E-09     -0.72268483E-09     -0.49718841E-04     -0.42499939E-03
     448     -0.66876482E-09     -0.72268483E-09     -0.49820471E-04     -0.42499939E-03
     449     -0.66876518E-09     -0.72268483E-09     -0.49824953E-04     -0.42499939E-03
     450     -0.66876554E-09     -0.72268483E-09     -0.49829437E-04     -0.42499939E-03
     451     -0.66876886E-09     -0.72268483E-09     -0.49836408E-04     -0.42499939E-03
     452     -0.66877217E-09     -0.72268483E-09     -0.49843380E-04     -0.42499939E-03
     453     -0.66887089E-09     -0.72268483E-09     -0.49963841E-04     -0.42499939E-03
     454     -0.66897280E-09     -0.72268483E-09     -0.50084764E-04     -0.42499939E-03
     455     -0.66903204E-09     -0.72268483E-09     -0.50197492E-04     -0.42499939E-03
     456     -0.66909080E-09     -0.72268483E-09     -0.50308220E-04     -0.42499939E-03
     457     -0.66918015E-09     -0.72268483E-09     -0.50399299E-04     -0.42499939E-03
     458     -0.66922944E-09     -0.72268483E-09     -0.50449607E-04     -0.42499939E-03
     459     -0.66926373E-09     -0.72268483E-09     -0.50500702E-04     -0.42499939E-03
     460     -0.66932841E-09     -0.72268483E-09     -0.50576271E-04     -0.42499939E-03
     461     -0.66933647E-09     -0.72268483E-09     -0.50592331E-04     -0.42499939E-03
     462     -0.66934444E-09     -0.72268483E-09     -0.50608149E-04     -0.42499939E-03
     463     -0.66934576E-09     -0.72268483E-09     -0.50612347E-04     -0.42499939E-03
     464     -0.66934708E-09     -0.72268483E-09     -0.50616545E-04     -0.42499939E-03
     465     -0.66935114E-09     -0.72268483E-09     -0.50622067E-04     -0.42499939E-03
     466     -0.66935395E-09     -0.72268483E-09     -0.50629152E-04     -0.42499939E-03
     467     -0.66935746E-09     -0.72268483E-09     -0.50638484E-04     -0.42499939E-03
     468     -0.66936026E-09     -0.72268483E-09     -0.50650491E-04     -0.42499939E-03
     469     -0.66936112E-09     -0.72268483E-09     -0.50658154E-04     -0.42499939E-03
     470     -0.66936345E-09     -0.72268483E-09     -0.50661952E-04     -0.42499939E-03
     471     -0.66936395E-09     -0.72268483E-09     -0.50668905E-04     -0.42499939E-03
     472     -0.66936444E-09     -0.72268483E-09     -0.50675858E-04     -0.42499939E-03
     473     -0.66936673E-09     -0.72268483E-09     -0.50681295E-04     -0.42499939E-03
     474     -0.66936907E-09     -0.72268483E-09     -0.50686824E-04     -0.42499939E-03
     475     -0.66937231E-09     -0.72268483E-09     -0.50692290E-04     -0.42499939E-03
     476     -0.66937556E-09     -0.72268483E-09     -0.50697757E-04     -0.42499939E-03
     477     -0.66937832E-09     -0.72268483E-09     -0.50704959E-04     -0.42499939E-03
     478     -0.66938147E-09     -0.72268483E-09     -0.50712554E-04     -0.42499939E-03
     479     -0.66938519E-09     -0.72268483E-09     -0.50716517E-04     -0.42499939E-03
     480     -0.66938714E-09     -0.72268483E-09     -0.50720495E-04     -0.42499939E-03
     481     -0.66938786E-09     -0.72268483E-09     -0.50728662E-04     -0.42499939E-03
     482     -0.66938951E-09     -0.72268483E-09     -0.50737279E-04     -0.42499939E-03
     483     -0.66939165E-09     -0.72268483E-09     -0.50741381E-04     -0.42499939E-03
     484     -0.66939300E-09     -0.72268483E-09     -0.50748751E-04     -0.42499939E-03
     485     -0.66939367E-09     -0.72268483E-09     -0.50755713E-04     -0.42499939E-03
     486     -0.66939450E-09     -0.72268483E-09     -0.50759950E-04     -0.42499939E-03
     487     -0.66939667E-09     -0.72268483E-09     -0.50764023E-04     -0.42499939E-03
     488     -0.66940093E-09     -0.72268483E-09     -0.50769664E-04     -0.42499939E-03
     489     -0.66940141E-09     -0.72268483E-09     -0.50775037E-04     -0.42499939E-03
     490     -0.66940188E-09     -0.72268483E-09     -0.50780402E-04     -0.42499939E-03
     491     -0.66940215E-09     -0.72268483E-09     -0.50781632E-04     -0.42499939E-03
     492     -0.66940241E-09     -0.72268483E-09     -0.50782868E-04     -0.42499939E-03
     493     -0.66940301E-09     -0.72268483E-09     -0.50791273E-04     -0.42499939E-03
     494     -0.66940360E-09     -0.72268483E-09     -0.50799678E-04     -0.42499939E-03
     495     -0.66940470E-09     -0.72268483E-09     -0.50801185E-04     -0.42499939E-03
     496     -0.66940596E-09     -0.72268483E-09     -0.50802685E-04     -0.42499939E-03
     497     -0.66940846E-09     -0.72268483E-09     -0.50811597E-04     -0.42499939E-03
     498     -0.66941099E-09     -0.72268483E-09     -0.50820439E-04     -0.42499939E-03
     499     -0.66941317E-09     -0.72268483E-09     -0.50826556E-04     -0.42499939E-03
     500     -0.66941535E-09     -0.72268483E-09     -0.50832671E-04     -0.42499939E-03
     501     -0.66941627E-09     -0.72268483E-09     -0.50835127E-04     -0.42499939E-03
     502     -0.66941719E-09     -0.72268483E-09     -0.50837581E-04     -0.42499939E-03
     503     -0.66941825E-09     -0.72268483E-09     -0.50841239E-04     -0.42499939E-03
     504     -0.66941930E-09     -0.72268483E-09     -0.50844895E-04     -0.42499939E-03
     505     -0.66942552E-09     -0.72268483E-09     -0.50853573E-04     -0.42499939E-03
     506     -0.66943206E-09     -0.72268483E-09     -0.50862211E-04     -0.42499939E-03
     507     -0.66943896E-09     -0.72268483E-09     -0.50873924E-04     -0.42499939E-03
     508     -0.66944022E-09     -0.72268483E-09     -0.50883804E-04     -0.42499939E-03
     509     -0.66944146E-09     -0.72268483E-09     -0.50889670E-04     -0.42499939E-03
     510     -0.66944275E-09     -0.72268483E-09     -0.50891988E-04     -0.42499939E-03
     511     -0.66944402E-09     -0.72268483E-09     -0.50896541E-04     -0.42499939E-03
     512     -0.66944597E-09     -0.72268483E-09     -0.50906008E-04     -0.42499939E-03
     513     -0.66944754E-09     -0.72268483E-09     -0.50914740E-04     -0.42499939E-03
     514     -0.66945157E-09     -0.72268483E-09     -0.50922029E-04     -0.42499939E-03
     515     -0.66945654E-09     -0.72268483E-09     -0.50930012E-04     -0.42499939E-03
     516     -0.66945853E-09     -0.72268483E-09     -0.50934852E-04     -0.42499939E-03
     517     -0.66945956E-09     -0.72268483E-09     -0.50938277E-04     -0.42499939E-03
     518     -0.66946041E-09     -0.72268483E-09     -0.50941495E-04     -0.42499939E-03
     519     -0.66946121E-09     -0.72268483E-09     -0.50943805E-04     -0.42499939E-03
     520     -0.66946191E-09     -0.72268483E-09     -0.50946104E-04     -0.42499939E-03
     521     -0.66946508E-09     -0.72268483E-09     -0.50951849E-04     -0.42499939E-03
     522     -0.66946835E-09     -0.72268483E-09     -0.50958514E-04     -0.42499939E-03
     523     -0.66946928E-09     -0.72268483E-09     -0.50965799E-04     -0.42499939E-03
     524     -0.66947157E-09     -0.72268483E-09     -0.50979454E-04     -0.42499939E-03
     525     -0.66947504E-09     -0.72268483E-09     -0.50998800E-04     -0.42499939E-03
     526     -0.66947740E-09     -0.72268483E-09     -0.51010740E-04     -0.42499939E-03
     527     -0.66947837E-09     -0.72268483E-09     -0.51013660E-04     -0.42499939E-03
     528     -0.66947937E-09     -0.72268483E-09     -0.51016567E-04     -0.42499939E-03
     529     -0.66948036E-09     -0.72268483E-09     -0.51019429E-04     -0.42499939E-03
     530     -0.66948804E-09     -0.72268483E-09     -0.51027856E-04     -0.42499939E-03
     531     -0.66949564E-09     -0.72268483E-09     -0.51036009E-04     -0.42499939E-03
     532     -0.66949720E-09     -0.72268483E-09     -0.51043216E-04     -0.42499939E-03
     533     -0.66950004E-09     -0.72268483E-09     -0.51052426E-04     -0.42499939E-03
     534     -0.66964525E-09     -0.72268483E-09     -0.51171266E-04     -0.42499939E-03
     535     -0.66964566E-09     -0.72268483E-09     -0.51173168E-04     -0.42499939E-03
     536     -0.66964608E-09     -0.72268483E-09     -0.51175072E-04     -0.42499939E-03
     537     -0.66966146E-09     -0.72268483E-09     -0.51190792E-04     -0.42499939E-03
     538     -0.66966536E-09     -0.72268483E-09     -0.51197068E-04     -0.42499939E-03
     539     -0.66990690E-09     -0.72268483E-09     -0.51411535E-04     -0.42499939E-03
     540     -0.67016012E-09     -0.72268483E-09     -0.51634208E-04     -0.42499939E-03
     541     -0.67016517E-09     -0.72268483E-09     -0.51644014E-04     -0.42499939E-03
     542     -0.67017023E-09     -0.72268483E-09     -0.51653823E-04     -0.42499939E-03
     543     -0.67027375E-09     -0.72268483E-09     -0.51762328E-04     -0.42499939E-03
     544     -0.67037702E-09     -0.72268483E-09     -0.51869665E-04     -0.42499939E-03
     545     -0.67045332E-09     -0.72268483E-09     -0.51896674E-04     -0.42499939E-03
     546     -0.67051119E-09     -0.72268483E-09     -0.51918017E-04     -0.42499939E-03
     547     -0.67052515E-09     -0.72268483E-09     -0.51933813E-04     -0.42499939E-03
     548     -0.67053911E-09     -0.72268483E-09     -0.51949613E-04     -0.42499939E-03
     549     -0.67054692E-09     -0.72268483E-09     -0.51956900E-04     -0.42499939E-03
     550     -0.67055473E-09     -0.72268483E-09     -0.51964312E-04     -0.42499939E-03
     551     -0.67067810E-09     -0.72268483E-09     -0.52069023E-04     -0.42499939E-03
     552     -0.67080150E-09     -0.72268483E-09     -0.52184528E-04     -0.42499939E-03
     553     -0.67080286E-09     -0.72268483E-09     -0.52206562E-04     -0.42499939E-03
     554     -0.67080420E-09     -0.72268483E-09     -0.52228584E-04     -0.42499939E-03
     555     -0.67080496E-09     -0.72268483E-09     -0.52232556E-04     -0.42499939E-03
     556     -0.67080572E-09     -0.72268483E-09     -0.52236531E-04     -0.42499939E-03
     557     -0.67093221E-09     -0.72268483E-09     -0.52355765E-04     -0.42499939E-03
     558     -0.67105874E-09     -0.72268483E-09     -0.52475033E-04     -0.42499939E-03
     559     -0.67109072E-09     -0.72268483E-09     -0.52489431E-04     -0.42499939E-03
     560     -0.67112253E-09     -0.72268483E-09     -0.52503764E-04     -0.42499939E-03
     561     -0.67112357E-09     -0.72268483E-09     -0.52507495E-04     -0.42499939E-03
     562     -0.67112464E-09     -0.72268483E-09     -0.52511228E-04     -0.42499939E-03
     563     -0.67112678E-09     -0.72268483E-09     -0.52514609E-04     -0.42499939E-03
     564     -0.67112893E-09     -0.72268483E-09     -0.52517993E-04     -0.42499939E-03
     565     -0.67122173E-09     -0.72268483E-09     -0.52631687E-04     -0.42499939E-03
     566     -0.67131455E-09     -0.72268483E-09     -0.52745347E-04     -0.42499939E-03
     567     -0.67136645E-09     -0.72268483E-09     -0.52764506E-04     -0.42499939E-03
     568     -0.67141780E-09     -0.72268483E-09     -0.52785028E-04     -0.42499939E-03
     569     -0.67141914E-09     -0.72268483E-09     -0.52792158E-04     -0.42499939E-03
     570     -0.67142047E-09     -0.72268483E-09     -0.52799291E-04     -0.42499939E-03
     571     -0.67144137E-09     -0.72268483E-09     -0.52813122E-04     -0.42499939E-03
     572     -0.67156429E-09     -0.72268483E-09     -0.52924680E-04     -0.42499939E-03
     573     -0.67173191E-09     -0.72268483E-09     -0.53044228E-04     -0.42499939E-03
     574     -0.67176264E-09     -0.72268483E-09     -0.53057374E-04     -0.42499939E-03
     575     -0.67177073E-09     -0.72268483E-09     -0.53066670E-04     -0.42499939E-03
     576     -0.67178744E-09     -0.72268483E-09     -0.53077274E-04     -0.42499939E-03
     577     -0.67185308E-09     -0.72268483E-09     -0.53156729E-04     -0.42499939E-03
     578     -0.67195659E-09     -0.72268483E-09     -0.53247283E-04     -0.42499939E-03
     579     -0.67196204E-09     -0.72268483E-09     -0.53261033E-04     -0.42499939E-03
     580     -0.67196962E-09     -0.72268483E-09     -0.53275329E-04     -0.42499939E-03
     581     -0.67203091E-09     -0.72268483E-09     -0.53296778E-04     -0.42499939E-03
     582     -0.67207440E-09     -0.72268483E-09     -0.53313448E-04     -0.42499939E-03
     583     -0.67207785E-09     -0.72268483E-09     -0.53324543E-04     -0.42499939E-03
     584     -0.67208130E-09     -0.72268483E-09     -0.53335678E-04     -0.42499939E-03
     585     -0.67208439E-09     -0.72268483E-09     -0.53340922E-04     -0.42499939E-03
     586     -0.67208749E-09     -0.72268483E-09     -0.53346163E-04     -0.42499939E-03
     587     -0.67213048E-09     -0.72268483E-09     -0.53372585E-04     -0.42499939E-03
     588     -0.67213971E-09     -0.72268483E-09     -0.53409476E-04     -0.42499939E-03
     589     -0.67214659E-09     -0.72268483E-09     -0.53434698E-04     -0.42499939E-03
     590     -0.67218030E-09     -0.72268483E-09     -0.53448039E-04     -0.42499939E-03
     591     -0.67231023E-09     -0.72268483E-09     -0.53560132E-04     -0.42499939E-03
     592     -0.67241078E-09     -0.72268483E-09     -0.53665274E-04     -0.42499939E-03
     593     -0.67248286E-09     -0.72268483E-09     -0.53748768E-04     -0.42499939E-03
     594     -0.67259032E-09     -0.72268483E-09     -0.53868988E-04     -0.42499939E-03
     595     -0.67262636E-09     -0.72268483E-09     -0.53909614E-04     -0.42499939E-03
     596     -0.67262703E-09     -0.72268483E-09     -0.53913699E-04     -0.42499939E-03
     597     -0.67263032E-09     -0.72268483E-09     -0.53923298E-04     -0.42499939E-03
     598     -0.67263389E-09     -0.72268483E-09     -0.53934246E-04     -0.42499939E-03
     599     -0.67268231E-09     -0.72268483E-09     -0.53948660E-04     -0.42499939E-03
     600     -0.67273061E-09     -0.72268483E-09     -0.53962253E-04     -0.42499939E-03
     601     -0.67284147E-09     -0.72268483E-09     -0.54066301E-04     -0.42499939E-03
     602     -0.67295164E-09     -0.72268483E-09     -0.54169685E-04     -0.42499939E-03
     603     -0.67295224E-09     -0.72268483E-09     -0.54171634E-04     -0.42499939E-03
     604     -0.67303967E-09     -0.72268483E-09     -0.54284983E-04     -0.42499939E-03
     605     -0.67315616E-09     -0.72268483E-09     -0.54409009E-04     -0.42499939E-03
     606     -0.67316980E-09     -0.72268483E-09     -0.54422832E-04     -0.42499939E-03
     607     -0.67329853E-09     -0.72268483E-09     -0.54466827E-04     -0.42499939E-03
     608     -0.67330050E-09     -0.72268483E-09     -0.54474382E-04     -0.42499939E-03
     609     -0.67330249E-09     -0.72268483E-09     -0.54481938E-04     -0.42499939E-03
     610     -0.67341959E-09     -0.72268483E-09     -0.54520032E-04     -0.42499939E-03
     611     -0.67342434E-09     -0.72268483E-09     -0.54526598E-04     -0.42499939E-03
     612     -0.67348362E-09     -0.72268483E-09     -0.54544209E-04     -0.42499939E-03
     613     -0.67352583E-09     -0.72268483E-09     -0.54556020E-04     -0.42499939E-03
     614     -0.67352902E-09     -0.72268483E-09     -0.54560746E-04     -0.42499939E-03
     615     -0.67353375E-09     -0.72268483E-09     -0.54566943E-04     -0.42499939E-03
     616     -0.67353586E-09     -0.72268483E-09     -0.54570032E-04     -0.42499939E-03
     617     -0.67353764E-09     -0.72268483E-09     -0.54576787E-04     -0.42499939E-03
     618     -0.67354350E-09     -0.72268483E-09     -0.54585168E-04     -0.42499939E-03
     619     -0.67370531E-09     -0.72268483E-09     -0.54634413E-04     -0.42499939E-03
     620     -0.67380098E-09     -0.72268483E-09     -0.54665147E-04     -0.42499939E-03
     621     -0.67383647E-09     -0.72268483E-09     -0.54687843E-04     -0.42499939E-03
     622     -0.67387466E-09     -0.72268483E-09     -0.54711360E-04     -0.42499939E-03
     623     -0.67396718E-09     -0.72268483E-09     -0.54741527E-04     -0.42499939E-03
     624     -0.67410521E-09     -0.72268483E-09     -0.54786051E-04     -0.42499939E-03
     625     -0.67433164E-09     -0.72268483E-09     -0.54947846E-04     -0.42499939E-03
     626     -0.67441847E-09     -0.72268483E-09     -0.55066036E-04     -0.42499939E-03
     627     -0.67441943E-09     -0.72268483E-09     -0.55069099E-04     -0.42499939E-03
     628     -0.67442566E-09     -0.72268483E-09     -0.55082962E-04     -0.42499939E-03
     629     -0.67443431E-09     -0.72268483E-09     -0.55103659E-04     -0.42499939E-03
     630     -0.67446629E-09     -0.72268483E-09     -0.55120449E-04     -0.42499939E-03
     631     -0.67452882E-09     -0.72268483E-09     -0.55142057E-04     -0.42499939E-03
     632     -0.67454271E-09     -0.72268483E-09     -0.55149805E-04     -0.42499939E-03
     633     -0.67463006E-09     -0.72268483E-09     -0.55176970E-04     -0.42499939E-03
     634     -0.67470919E-09     -0.72268483E-09     -0.55200368E-04     -0.42499939E-03
     635     -0.67471529E-09     -0.72268483E-09     -0.55214737E-04     -0.42499939E-03
     636     -0.67472136E-09     -0.72268483E-09     -0.55229088E-04     -0.42499939E-03
     637     -0.67473587E-09     -0.72268483E-09     -0.55237272E-04     -0.42499939E-03
     638     -0.67473846E-09     -0.72268483E-09     -0.55243768E-04     -0.42499939E-03
     639     -0.67476529E-09     -0.72268483E-09     -0.55256873E-04     -0.42499939E-03
     640     -0.67483817E-09     -0.72268483E-09     -0.55378237E-04     -0.42499939E-03
     641     -0.67491070E-09     -0.72268483E-09     -0.55499015E-04     -0.42499939E-03
     642     -0.67497340E-09     -0.72268483E-09     -0.55523163E-04     -0.42499939E-03
     643     -0.67506678E-09     -0.72268483E-09     -0.55622591E-04     -0.42499939E-03
     644     -0.67516013E-09     -0.72268483E-09     -0.55722047E-04     -0.42499939E-03
     645     -0.67521157E-09     -0.72268483E-09     -0.55744187E-04     -0.42499939E-03
     646     -0.67521861E-09     -0.72268483E-09     -0.55765737E-04     -0.42499939E-03
     647     -0.67528678E-09     -0.72268483E-09     -0.55803253E-04     -0.42499939E-03
     648     -0.67548459E-09     -0.72268483E-09     -0.55868342E-04     -0.42499939E-03
     649     -0.67551992E-09     -0.72268483E-09     -0.55885009E-04     -0.42499939E-03
     650     -0.67555576E-09     -0.72268483E-09     -0.55901513E-04     -0.42499939E-03
     651     -0.67556369E-09     -0.72268483E-09     -0.55913551E-04     -0.42499939E-03
     652     -0.67557085E-09     -0.72268483E-09     -0.55925386E-04     -0.42499939E-03
     653     -0.67558493E-09     -0.72268483E-09     -0.55933251E-04     -0.42499939E-03
     654     -0.67560936E-09     -0.72268483E-09     -0.55942628E-04     -0.42499939E-03
     655     -0.67565282E-09     -0.72268483E-09     -0.55989489E-04     -0.42499939E-03
     656     -0.67570401E-09     -0.72268483E-09     -0.56040433E-04     -0.42499939E-03
     657     -0.67578804E-09     -0.72268483E-09     -0.56166369E-04     -0.42499939E-03
     658     -0.67587092E-09     -0.72268483E-09     -0.56276704E-04     -0.42499939E-03
     659     -0.67592333E-09     -0.72268483E-09     -0.56298749E-04     -0.42499939E-03
     660     -0.67593201E-09     -0.72268483E-09     -0.56322170E-04     -0.42499939E-03
     661     -0.67595154E-09     -0.72268483E-09     -0.56346812E-04     -0.42499939E-03
     662     -0.67600982E-09     -0.72268483E-09     -0.56444592E-04     -0.42499939E-03
     663     -0.67612510E-09     -0.72268483E-09     -0.56558658E-04     -0.42499939E-03
     664     -0.67622646E-09     -0.72268483E-09     -0.56589997E-04     -0.42499939E-03
     665     -0.67627564E-09     -0.72268483E-09     -0.56653390E-04     -0.42499939E-03
     666     -0.67629055E-09     -0.72268483E-09     -0.56705589E-04     -0.42499939E-03
     667     -0.67636119E-09     -0.72268483E-09     -0.56819959E-04     -0.42499939E-03
     668     -0.67647326E-09     -0.72268483E-09     -0.56947391E-04     -0.42499939E-03
     669     -0.67664853E-09     -0.72268483E-09     -0.57013283E-04     -0.42499939E-03
     670     -0.67676906E-09     -0.72268483E-09     -0.57060760E-04     -0.42499939E-03
     671     -0.67677290E-09     -0.72268483E-09     -0.57086281E-04     -0.42499939E-03
     672     -0.67678792E-09     -0.72268483E-09     -0.57114786E-04     -0.42499939E-03
     673     -0.67681948E-09     -0.72268483E-09     -0.57167007E-04     -0.42499939E-03
     674     -0.67683892E-09     -0.72268483E-09     -0.57217665E-04     -0.42499939E-03
     675     -0.67684199E-09     -0.72268483E-09     -0.57224317E-04     -0.42499939E-03
     676     -0.67685105E-09     -0.72268483E-09     -0.57242920E-04     -0.42499939E-03
     677     -0.67685949E-09     -0.72268483E-09     -0.57260309E-04     -0.42499939E-03
     678     -0.67686671E-09     -0.72268483E-09     -0.57272096E-04     -0.42499939E-03
     679     -0.67694074E-09     -0.72268483E-09     -0.57307205E-04     -0.42499939E-03
     680     -0.67703067E-09     -0.72268483E-09     -0.57368938E-04     -0.42499939E-03
     681     -0.67710760E-09     -0.72268483E-09     -0.57466699E-04     -0.42499939E-03
     682     -0.67716290E-09     -0.72268483E-09     -0.57534819E-04     -0.42499939E-03
     683     -0.67717093E-09     -0.72268483E-09     -0.57554164E-04     -0.42499939E-03
     684     -0.67727129E-09     -0.72268483E-09     -0.57594223E-04     -0.42499939E-03
     685     -0.67734092E-09     -0.72268483E-09     -0.57618119E-04     -0.42499939E-03
     686     -0.67742687E-09     -0.72268483E-09     -0.57646347E-04     -0.42499939E-03
     687     -0.67746367E-09     -0.72268483E-09     -0.57663517E-04     -0.42499939E-03
     688     -0.67750076E-09     -0.72268483E-09     -0.57680867E-04     -0.42499939E-03
     689     -0.67750901E-09     -0.72268483E-09     -0.57691368E-04     -0.42499939E-03
     690     -0.67751728E-09     -0.72268483E-09     -0.57701907E-04     -0.42499939E-03
     691     -0.67753386E-09     -0.72268483E-09     -0.57710953E-04     -0.42499939E-03
     692     -0.67753872E-09     -0.72268483E-09     -0.57717880E-04     -0.42499939E-03
     693     -0.67755752E-09     -0.72268483E-09     -0.57729743E-04     -0.42499939E-03
     694     -0.67757492E-09     -0.72268483E-09     -0.57740349E-04     -0.42499939E-03
     695     -0.67759046E-09     -0.72268483E-09     -0.57786749E-04     -0.42499939E-03
     696     -0.67760862E-09     -0.72268483E-09     -0.57831187E-04     -0.42499939E-03
     697     -0.67768290E-09     -0.72268483E-09     -0.57863601E-04     -0.42499939E-03
     698     -0.67774233E-09     -0.72268483E-09     -0.57889863E-04     -0.42499939E-03
     699     -0.67775104E-09     -0.72268483E-09     -0.57895226E-04     -0.42499939E-03
     700     -0.67775304E-09     -0.72268483E-09     -0.57901540E-04     -0.42499939E-03
     701     -0.67775999E-09     -0.72268483E-09     -0.57910765E-04     -0.42499939E-03
     702     -0.67782193E-09     -0.72268483E-09     -0.57934953E-04     -0.42499939E-03
     703     -0.67784244E-09     -0.72268483E-09     -0.57946401E-04     -0.42499939E-03
     704     -0.67786208E-09     -0.72268483E-09     -0.57957285E-04     -0.42499939E-03
     705     -0.67790097E-09     -0.72268483E-09     -0.57975172E-04     -0.42499939E-03
     706     -0.67797273E-09     -0.72268483E-09     -0.58083642E-04     -0.42499939E-03
     707     -0.67804883E-09     -0.72268483E-09     -0.58197086E-04     -0.42499939E-03
     708     -0.67809698E-09     -0.72268483E-09     -0.58225401E-04     -0.42499939E-03
     709     -0.67813563E-09     -0.72268483E-09     -0.58248618E-04     -0.42499939E-03
     710     -0.67818998E-09     -0.72268483E-09     -0.58303847E-04     -0.42499939E-03
     711     -0.67821053E-09     -0.72268483E-09     -0.58346570E-04     -0.42499939E-03
     712     -0.67821295E-09     -0.72268483E-09     -0.58351069E-04     -0.42499939E-03
     713     -0.67822863E-09     -0.72268483E-09     -0.58380065E-04     -0.42499939E-03
     714     -0.67825479E-09     -0.72268483E-09     -0.58415558E-04     -0.42499939E-03
     715     -0.67835880E-09     -0.72268483E-09     -0.58543822E-04     -0.42499939E-03
     716     -0.67848838E-09     -0.72268483E-09     -0.58673479E-04     -0.42499939E-03
     717     -0.67856874E-09     -0.72268483E-09     -0.58703753E-04     -0.42499939E-03
     718     -0.67866290E-09     -0.72268483E-09     -0.58773115E-04     -0.42499939E-03
     719     -0.67868861E-09     -0.72268483E-09     -0.58818962E-04     -0.42499939E-03
     720     -0.67870534E-09     -0.72268483E-09     -0.58827950E-04     -0.42499939E-03
     721     -0.67875118E-09     -0.72268483E-09     -0.58956958E-04     -0.42499939E-03
     722     -0.67879901E-09     -0.72268483E-09     -0.59086616E-04     -0.42499939E-03
     723     -0.67880398E-09     -0.72268483E-09     -0.59092154E-04     -0.42499939E-03
     724     -0.67881172E-09     -0.72268483E-09     -0.59098567E-04     -0.42499939E-03
     725     -0.67885819E-09     -0.72268483E-09     -0.59114596E-04     -0.42499939E-03
     726     -0.67886388E-09     -0.72268483E-09     -0.59121096E-04     -0.42499939E-03
     727     -0.67887149E-09     -0.72268483E-09     -0.59131773E-04     -0.42499939E-03
     728     -0.67891690E-09     -0.72268483E-09     -0.59150983E-04     -0.42499939E-03
     729     -0.67900963E-09     -0.72268483E-09     -0.59295819E-04     -0.42499939E-03
     730     -0.67909943E-09     -0.72268483E-09     -0.59439735E-04     -0.42499939E-03
     731     -0.67923588E-09     -0.72268483E-09     -0.59490621E-04     -0.42499939E-03
     732     -0.67936908E-09     -0.72268483E-09     -0.59540247E-04     -0.42499939E-03
     733     -0.67939676E-09     -0.72268483E-09     -0.59553607E-04     -0.42499939E-03
     734     -0.67942604E-09     -0.72268483E-09     -0.59567530E-04     -0.42499939E-03
     735     -0.67949371E-09     -0.72268483E-09     -0.59619442E-04     -0.42499939E-03
     736     -0.67951335E-09     -0.72268483E-09     -0.59663240E-04     -0.42499939E-03
     737     -0.67956061E-09     -0.72268483E-09     -0.59776234E-04     -0.42499939E-03
     738     -0.67960922E-09     -0.72268483E-09     -0.59889097E-04     -0.42499939E-03
     739     -0.67961289E-09     -0.72268483E-09     -0.59895337E-04     -0.42499939E-03
     740     -0.67965189E-09     -0.72268483E-09     -0.60027164E-04     -0.42499939E-03
     741     -0.67972626E-09     -0.72268483E-09     -0.60166193E-04     -0.42499939E-03
     742     -0.67972818E-09     -0.72268483E-09     -0.60172502E-04     -0.42499939E-03
     743     -0.67973008E-09     -0.72268483E-09     -0.60178805E-04     -0.42499939E-03
     744     -0.67976370E-09     -0.72268483E-09     -0.60189534E-04     -0.42499939E-03
     745     -0.67979827E-09     -0.72268483E-09     -0.60207616E-04     -0.42499939E-03
     746     -0.67985895E-09     -0.72268483E-09     -0.60233161E-04     -0.42499939E-03
     747     -0.67988385E-09     -0.72268483E-09     -0.60243381E-04     -0.42499939E-03
     748     -0.67988499E-09     -0.72268483E-09     -0.60248158E-04     -0.42499939E-03
     749     -0.67989750E-09     -0.72268483E-09     -0.60267999E-04     -0.42499939E-03
     750     -0.67992879E-09     -0.72268483E-09     -0.60352457E-04     -0.42499939E-03
     751     -0.67996076E-09     -0.72268483E-09     -0.60428298E-04     -0.42499939E-03
     752     -0.67997636E-09     -0.72268483E-09     -0.60439407E-04     -0.42499939E-03
     753     -0.68002432E-09     -0.72268483E-09     -0.60554621E-04     -0.42499939E-03
     754     -0.68029461E-09     -0.72268483E-09     -0.61110749E-04     -0.42499939E-03
     755     -0.68073939E-09     -0.72268483E-09     -0.61990821E-04     -0.42499939E-03
     756     -0.68076173E-09     -0.72268483E-09     -0.62008968E-04     -0.42499939E-03
     757     -0.68078334E-09     -0.72268483E-09     -0.62025177E-04     -0.42499939E-03
     758     -0.68099765E-09     -0.72268483E-09     -0.62450621E-04     -0.42499939E-03
     759     -0.68100624E-09     -0.72268483E-09     -0.62465166E-04     -0.42499939E-03
     760     -0.68123969E-09     -0.72268483E-09     -0.62927163E-04     -0.42499939E-03
     761     -0.68145885E-09     -0.72268483E-09     -0.63360701E-04     -0.42499939E-03
     762     -0.68168849E-09     -0.72268483E-09     -0.63812504E-04     -0.42499939E-03
     763     -0.68170097E-09     -0.72268483E-09     -0.63835743E-04     -0.42499939E-03
     764     -0.68170926E-09     -0.72268483E-09     -0.63850622E-04     -0.42499939E-03
     765     -0.68192138E-09     -0.72268483E-09     -0.64283452E-04     -0.42499939E-03
     766     -0.68213838E-09     -0.72268483E-09     -0.64726503E-04     -0.42499939E-03
     767     -0.68215801E-09     -0.72268483E-09     -0.64764631E-04     -0.42499939E-03
     768     -0.68217814E-09     -0.72268483E-09     -0.64803668E-04     -0.42499939E-03
     769     -0.68220001E-09     -0.72268483E-09     -0.64854947E-04     -0.42499939E-03
     770     -0.68222194E-09     -0.72268483E-09     -0.64906348E-04     -0.42499939E-03
     771     -0.68225595E-09     -0.72268483E-09     -0.64952513E-04     -0.42499939E-03
     772     -0.68228926E-09     -0.72268483E-09     -0.64998058E-04     -0.42499939E-03
     773     -0.68240351E-09     -0.72268483E-09     -0.65103377E-04     -0.42499939E-03
     774     -0.68250211E-09     -0.72268483E-09     -0.65203047E-04     -0.42499939E-03
     775     -0.68253089E-09     -0.72268483E-09     -0.65225089E-04     -0.42499939E-03
     776     -0.68255960E-09     -0.72268483E-09     -0.65246766E-04     -0.42499939E-03
     777     -0.68266621E-09     -0.72268483E-09     -0.65294203E-04     -0.42499939E-03
     778     -0.68278977E-09     -0.72268483E-09     -0.65348711E-04     -0.42499939E-03
     779     -0.68280856E-09     -0.72268483E-09     -0.65373065E-04     -0.42499939E-03
     780     -0.68282736E-09     -0.72268483E-09     -0.65397470E-04     -0.42499939E-03
     781     -0.68299738E-09     -0.72268483E-09     -0.65762871E-04     -0.42499939E-03
     782     -0.68316713E-09     -0.72268483E-09     -0.66130934E-04     -0.42499939E-03
     783     -0.68317871E-09     -0.72268483E-09     -0.66140929E-04     -0.42499939E-03
     784     -0.68318950E-09     -0.72268483E-09     -0.66149836E-04     -0.42499939E-03
     785     -0.68319355E-09     -0.72268483E-09     -0.66156726E-04     -0.42499939E-03
     786     -0.68334501E-09     -0.72268483E-09     -0.66243009E-04     -0.42499939E-03
     787     -0.68349669E-09     -0.72268483E-09     -0.66330887E-04     -0.42499939E-03
     788     -0.68350035E-09     -0.72268483E-09     -0.66341214E-04     -0.42499939E-03
     789     -0.68350371E-09     -0.72268483E-09     -0.66349727E-04     -0.42499939E-03
     790     -0.68350793E-09     -0.72268483E-09     -0.66353567E-04     -0.42499939E-03
     791     -0.68351458E-09     -0.72268483E-09     -0.66370054E-04     -0.42499939E-03
     792     -0.68358231E-09     -0.72268483E-09     -0.66414599E-04     -0.42499939E-03
     793     -0.68363189E-09     -0.72268483E-09     -0.66441800E-04     -0.42499939E-03
     794     -0.68368447E-09     -0.72268483E-09     -0.66556929E-04     -0.42499939E-03
     795     -0.68391396E-09     -0.72268483E-09     -0.66719803E-04     -0.42499939E-03
     796     -0.68414088E-09     -0.72268483E-09     -0.66787360E-04     -0.42499939E-03
     797     -0.68418354E-09     -0.72268483E-09     -0.66811897E-04     -0.42499939E-03
     798     -0.68434506E-09     -0.72268483E-09     -0.66875399E-04     -0.42499939E-03
     799     -0.68439519E-09     -0.72268483E-09     -0.66966252E-04     -0.42499939E-03
     800     -0.68442905E-09     -0.72268483E-09     -0.67008986E-04     -0.42499939E-03
     801     -0.68460529E-09     -0.72268483E-09     -0.67325313E-04     -0.42499939E-03
     802     -0.68478510E-09     -0.72268483E-09     -0.67624261E-04     -0.42499939E-03
     803     -0.68492876E-09     -0.72268483E-09     -0.67963996E-04     -0.42499939E-03
     804     -0.68498224E-09     -0.72268483E-09     -0.67999568E-04     -0.42499939E-03
     805     -0.68499478E-09     -0.72268483E-09     -0.68026270E-04     -0.42499939E-03
     806     -0.68500733E-09     -0.72268483E-09     -0.68052969E-04     -0.42499939E-03
     807     -0.68514417E-09     -0.72268483E-09     -0.68099024E-04     -0.42499939E-03
     808     -0.68515697E-09     -0.72268483E-09     -0.68108654E-04     -0.42499939E-03
     809     -0.68516778E-09     -0.72268483E-09     -0.68131184E-04     -0.42499939E-03
     810     -0.68517901E-09     -0.72268483E-09     -0.68153284E-04     -0.42499939E-03
     811     -0.68518508E-09     -0.72268483E-09     -0.68162384E-04     -0.42499939E-03
     812     -0.68518693E-09     -0.72268483E-09     -0.68169095E-04     -0.42499939E-03
     813     -0.68518882E-09     -0.72268483E-09     -0.68174816E-04     -0.42499939E-03
     814     -0.68521531E-09     -0.72268483E-09     -0.68225603E-04     -0.42499939E-03
     815     -0.68524062E-09     -0.72268483E-09     -0.68273161E-04     -0.42499939E-03
     816     -0.68525738E-09     -0.72268483E-09     -0.68285792E-04     -0.42499939E-03
     817     -0.68528502E-09     -0.72268483E-09     -0.68303763E-04     -0.42499939E-03
     818     -0.68533791E-09     -0.72268483E-09     -0.68342921E-04     -0.42499939E-03
     819     -0.68534605E-09     -0.72268483E-09     -0.68368469E-04     -0.42499939E-03
     820     -0.68543955E-09     -0.72268483E-09     -0.68425203E-04     -0.42499939E-03
     821     -0.68556983E-09     -0.72268483E-09     -0.68492458E-04     -0.42499939E-03
     822     -0.68559460E-09     -0.72268483E-09     -0.68542942E-04     -0.42499939E-03
     823     -0.68562084E-09     -0.72268483E-09     -0.68593773E-04     -0.42499939E-03
     824     -0.68565573E-09     -0.72268483E-09     -0.68680542E-04     -0.42499939E-03
     825     -0.68571658E-09     -0.72268483E-09     -0.68804669E-04     -0.42499939E-03
     826     -0.68575088E-09     -0.72268483E-09     -0.68850533E-04     -0.42499939E-03
     827     -0.68576184E-09     -0.72268483E-09     -0.68868376E-04     -0.42499939E-03
     828     -0.68595966E-09     -0.72268483E-09     -0.68941726E-04     -0.42499939E-03
     829     -0.68625271E-09     -0.72268483E-09     -0.69306696E-04     -0.42499939E-03
     830     -0.68637477E-09     -0.72268483E-09     -0.69644341E-04     -0.42499939E-03
     831     -0.68637960E-09     -0.72268483E-09     -0.69674915E-04     -0.42499939E-03
     832     -0.68642556E-09     -0.72268483E-09     -0.69701091E-04     -0.42499939E-03
     833     -0.68653262E-09     -0.72268483E-09     -0.69833475E-04     -0.42499939E-03
     834     -0.68658530E-09     -0.72268483E-09     -0.69943699E-04     -0.42499939E-03
     835     -0.68661844E-09     -0.72268483E-09     -0.70060713E-04     -0.42499939E-03
     836     -0.68665211E-09     -0.72268483E-09     -0.70176489E-04     -0.42499939E-03
     837     -0.68684637E-09     -0.72268483E-09     -0.70244107E-04     -0.42499939E-03
     838     -0.68705190E-09     -0.72268483E-09     -0.70318191E-04     -0.42499939E-03
     839     -0.68706697E-09     -0.72268483E-09     -0.70330867E-04     -0.42499939E-03
     840     -0.68707843E-09     -0.72268483E-09     -0.70351530E-04     -0.42499939E-03
     841     -0.68709314E-09     -0.72268483E-09     -0.70371992E-04     -0.42499939E-03
     842     -0.68709868E-09     -0.72268483E-09     -0.70381981E-04     -0.42499939E-03
     843     -0.68710418E-09     -0.72268483E-09     -0.70402226E-04     -0.42499939E-03
     844     -0.68712603E-09     -0.72268483E-09     -0.70451591E-04     -0.42499939E-03
     845     -0.68714599E-09     -0.72268483E-09     -0.70495758E-04     -0.42499939E-03
     846     -0.68715041E-09     -0.72268483E-09     -0.70508708E-04     -0.42499939E-03
     847     -0.68715635E-09     -0.72268483E-09     -0.70518933E-04     -0.42499939E-03
     848     -0.68717428E-09     -0.72268483E-09     -0.70554198E-04     -0.42499939E-03
     849     -0.68718937E-09     -0.72268483E-09     -0.70587413E-04     -0.42499939E-03
     850     -0.68719423E-09     -0.72268483E-09     -0.70599275E-04     -0.42499939E-03
     851     -0.68720342E-09     -0.72268483E-09     -0.70611974E-04     -0.42499939E-03
     852     -0.68723121E-09     -0.72268483E-09     -0.70658193E-04     -0.42499939E-03
     853     -0.68725334E-09     -0.72268483E-09     -0.70710764E-04     -0.42499939E-03
     854     -0.68725716E-09     -0.72268483E-09     -0.70727024E-04     -0.42499939E-03
     855     -0.68727057E-09     -0.72268483E-09     -0.70746876E-04     -0.42499939E-03
     856     -0.68731879E-09     -0.72268483E-09     -0.70844308E-04     -0.42499939E-03
     857     -0.68736590E-09     -0.72268483E-09     -0.70934144E-04     -0.42499939E-03
     858     -0.68737813E-09     -0.72268483E-09     -0.70945464E-04     -0.42499939E-03
     859     -0.68738238E-09     -0.72268483E-09     -0.70952736E-04     -0.42499939E-03
     860     -0.68741087E-09     -0.72268483E-09     -0.70960700E-04     -0.42499939E-03
     861     -0.68743865E-09     -0.72268483E-09     -0.70982755E-04     -0.42499939E-03
     862     -0.68744199E-09     -0.72268483E-09     -0.71003309E-04     -0.42499939E-03
     863     -0.68754654E-09     -0.72268483E-09     -0.71310355E-04     -0.42499939E-03
     864     -0.68765109E-09     -0.72268483E-09     -0.71617452E-04     -0.42499939E-03
     865     -0.68773059E-09     -0.72268483E-09     -0.71668433E-04     -0.42499939E-03
     866     -0.68781394E-09     -0.72268483E-09     -0.71721616E-04     -0.42499939E-03
     867     -0.68783781E-09     -0.72268483E-09     -0.71789164E-04     -0.42499939E-03
     868     -0.68786158E-09     -0.72268483E-09     -0.71856465E-04     -0.42499939E-03
     869     -0.68786871E-09     -0.72268483E-09     -0.71861644E-04     -0.42499939E-03
     870     -0.68787583E-09     -0.72268483E-09     -0.71866828E-04     -0.42499939E-03
     871     -0.68789785E-09     -0.72268483E-09     -0.71915405E-04     -0.42499939E-03
     872     -0.68791996E-09     -0.72268483E-09     -0.71964183E-04     -0.42499939E-03
     873     -0.68793233E-09     -0.72268483E-09     -0.71996304E-04     -0.42499939E-03
     874     -0.68794466E-09     -0.72268483E-09     -0.72028505E-04     -0.42499939E-03
     875     -0.68800656E-09     -0.72268483E-09     -0.72132285E-04     -0.42499939E-03
     876     -0.68806832E-09     -0.72268483E-09     -0.72236060E-04     -0.42499939E-03
     877     -0.68808969E-09     -0.72268483E-09     -0.72253068E-04     -0.42499939E-03
     878     -0.68809115E-09     -0.72268483E-09     -0.72256902E-04     -0.42499939E-03
     879     -0.68809666E-09     -0.72268483E-09     -0.72264750E-04     -0.42499939E-03
     880     -0.68811067E-09     -0.72268483E-09     -0.72278189E-04     -0.42499939E-03
     881     -0.68813782E-09     -0.72268483E-09     -0.72310011E-04     -0.42499939E-03
     882     -0.68815277E-09     -0.72268483E-09     -0.72335331E-04     -0.42499939E-03
     883     -0.68817728E-09     -0.72268483E-09     -0.72356364E-04     -0.42499939E-03
     884     -0.68820306E-09     -0.72268483E-09     -0.72377948E-04     -0.42499939E-03
     885     -0.68831538E-09     -0.72268483E-09     -0.72442179E-04     -0.42499939E-03
     886     -0.68841790E-09     -0.72268483E-09     -0.72504807E-04     -0.42499939E-03
     887     -0.68844406E-09     -0.72268483E-09     -0.72560292E-04     -0.42499939E-03
     888     -0.68847042E-09     -0.72268483E-09     -0.72615796E-04     -0.42499939E-03
     889     -0.68855602E-09     -0.72268483E-09     -0.72666448E-04     -0.42499939E-03
     890     -0.68865133E-09     -0.72268483E-09     -0.72718327E-04     -0.42499939E-03
     891     -0.68868959E-09     -0.72268483E-09     -0.72818161E-04     -0.42499939E-03
     892     -0.68872758E-09     -0.72268483E-09     -0.72917889E-04     -0.42499939E-03
     893     -0.68875570E-09     -0.72268483E-09     -0.72950355E-04     -0.42499939E-03
     894     -0.68878527E-09     -0.72268483E-09     -0.72983749E-04     -0.42499939E-03
     895     -0.68881653E-09     -0.72268483E-09     -0.73109155E-04     -0.42499939E-03
     896     -0.68884778E-09     -0.72268483E-09     -0.73234655E-04     -0.42499939E-03
     897     -0.68886219E-09     -0.72268483E-09     -0.73254616E-04     -0.42499939E-03
     898     -0.68887657E-09     -0.72268483E-09     -0.73274453E-04     -0.42499939E-03
     899     -0.68888807E-09     -0.72268483E-09     -0.73293704E-04     -0.42499939E-03
     900     -0.68889955E-09     -0.72268483E-09     -0.73312956E-04     -0.42499939E-03
     901     -0.68890752E-09     -0.72268483E-09     -0.73324671E-04     -0.42499939E-03
     902     -0.68891548E-09     -0.72268483E-09     -0.73336408E-04     -0.42499939E-03
     903     -0.68899391E-09     -0.72268483E-09     -0.73403271E-04     -0.42499939E-03
     904     -0.68908243E-09     -0.72268483E-09     -0.73474110E-04     -0.42499939E-03
     905     -0.68909164E-09     -0.72268483E-09     -0.73487037E-04     -0.42499939E-03
     906     -0.68909855E-09     -0.72268483E-09     -0.73498438E-04     -0.42499939E-03
     907     -0.68911771E-09     -0.72268483E-09     -0.73542789E-04     -0.42499939E-03
     908     -0.68913686E-09     -0.72268483E-09     -0.73587117E-04     -0.42499939E-03
     909     -0.68917334E-09     -0.72268483E-09     -0.73695369E-04     -0.42499939E-03
     910     -0.68920941E-09     -0.72268483E-09     -0.73802226E-04     -0.42499939E-03
     911     -0.68925717E-09     -0.72268483E-09     -0.73839391E-04     -0.42499939E-03
     912     -0.68940970E-09     -0.72268483E-09     -0.73927101E-04     -0.42499939E-03
     913     -0.68956950E-09     -0.72268483E-09     -0.74075886E-04     -0.42499939E-03
     914     -0.68960054E-09     -0.72268483E-09     -0.74159571E-04     -0.42499939E-03
     915     -0.68967034E-09     -0.72268483E-09     -0.74404000E-04     -0.42499939E-03
     916     -0.68975803E-09     -0.72268483E-09     -0.74700240E-04     -0.42499939E-03
     917     -0.68981163E-09     -0.72268483E-09     -0.74783554E-04     -0.42499939E-03
     918     -0.68985459E-09     -0.72268483E-09     -0.74830676E-04     -0.42499939E-03
     919     -0.68992034E-09     -0.72268483E-09     -0.74878030E-04     -0.42499939E-03
     920     -0.68998134E-09     -0.72268483E-09     -0.74922550E-04     -0.42499939E-03
     921     -0.68999288E-09     -0.72268483E-09     -0.74938921E-04     -0.42499939E-03
     922     -0.69004941E-09     -0.72268483E-09     -0.74991060E-04     -0.42499939E-03
     923     -0.69015909E-09     -0.72268483E-09     -0.75111391E-04     -0.42499939E-03
     924     -0.69022489E-09     -0.72268483E-09     -0.75202958E-04     -0.42499939E-03
     925     -0.69023281E-09     -0.72268483E-09     -0.75226257E-04     -0.42499939E-03
     926     -0.69025821E-09     -0.72268483E-09     -0.75287936E-04     -0.42499939E-03
     927     -0.69030162E-09     -0.72268483E-09     -0.75346190E-04     -0.42499939E-03
     928     -0.69032794E-09     -0.72268483E-09     -0.75358330E-04     -0.42499939E-03
     929     -0.69034448E-09     -0.72268483E-09     -0.75377521E-04     -0.42499939E-03
     930     -0.69036425E-09     -0.72268483E-09     -0.75406318E-04     -0.42499939E-03
     931     -0.69039826E-09     -0.72268483E-09     -0.75446374E-04     -0.42499939E-03
     932     -0.69042894E-09     -0.72268483E-09     -0.75480102E-04     -0.42499939E-03
     933     -0.69045127E-09     -0.72268483E-09     -0.75527415E-04     -0.42499939E-03
     934     -0.69047145E-09     -0.72268483E-09     -0.75569462E-04     -0.42499939E-03
     935     -0.69050140E-09     -0.72268483E-09     -0.75648742E-04     -0.42499939E-03
     936     -0.69054102E-09     -0.72268483E-09     -0.75738852E-04     -0.42499939E-03
     937     -0.69062001E-09     -0.72268483E-09     -0.75806531E-04     -0.42499939E-03
     938     -0.69082340E-09     -0.72268483E-09     -0.76255717E-04     -0.42499939E-03
     939     -0.69097990E-09     -0.72268483E-09     -0.76674290E-04     -0.42499939E-03
     940     -0.69101848E-09     -0.72268483E-09     -0.76736843E-04     -0.42499939E-03
     941     -0.69104814E-09     -0.72268483E-09     -0.76814656E-04     -0.42499939E-03
     942     -0.69119486E-09     -0.72268483E-09     -0.77263011E-04     -0.42499939E-03
     943     -0.69146853E-09     -0.72268483E-09     -0.78093010E-04     -0.42499939E-03
     944     -0.69160991E-09     -0.72268483E-09     -0.78512352E-04     -0.42499939E-03
     945     -0.69167139E-09     -0.72268483E-09     -0.78577634E-04     -0.42499939E-03
     946     -0.69173284E-09     -0.72268483E-09     -0.78652226E-04     -0.42499939E-03
     947     -0.69177219E-09     -0.72268483E-09     -0.78749461E-04     -0.42499939E-03
     948     -0.69181145E-09     -0.72268483E-09     -0.78850476E-04     -0.42499939E-03
     949     -0.69184879E-09     -0.72268483E-09     -0.78950025E-04     -0.42499939E-03
     950     -0.69189020E-09     -0.72268483E-09     -0.79050130E-04     -0.42499939E-03
     951     -0.69191179E-09     -0.72268483E-09     -0.79086764E-04     -0.42499939E-03
     952     -0.69193283E-09     -0.72268483E-09     -0.79120088E-04     -0.42499939E-03
     953     -0.69206567E-09     -0.72268483E-09     -0.79502815E-04     -0.42499939E-03
     954     -0.69219278E-09     -0.72268483E-09     -0.79875965E-04     -0.42499939E-03
     955     -0.69219594E-09     -0.72268483E-09     -0.79895907E-04     -0.42499939E-03
     956     -0.69222593E-09     -0.72268483E-09     -0.80014871E-04     -0.42499939E-03
     957     -0.69239328E-09     -0.72268483E-09     -0.80516558E-04     -0.42499939E-03
     958     -0.69254857E-09     -0.72268483E-09     -0.80957057E-04     -0.42499939E-03
     959     -0.69259068E-09     -0.72268483E-09     -0.81041297E-04     -0.42499939E-03
     960     -0.69263896E-09     -0.72268483E-09     -0.81124988E-04     -0.42499939E-03
     961     -0.69267394E-09     -0.72268483E-09     -0.81206711E-04     -0.42499939E-03
     962     -0.69269060E-09     -0.72268483E-09     -0.81250297E-04     -0.42499939E-03
     963     -0.69271721E-09     -0.72268483E-09     -0.81331624E-04     -0.42499939E-03
     964     -0.69274571E-09     -0.72268483E-09     -0.81411289E-04     -0.42499939E-03
     965     -0.69281472E-09     -0.72268483E-09     -0.81474421E-04     -0.42499939E-03
     966     -0.69297893E-09     -0.72268483E-09     -0.81843557E-04     -0.42499939E-03
     967     -0.69309203E-09     -0.72268483E-09     -0.82178897E-04     -0.42499939E-03
     968     -0.69311097E-09     -0.72268483E-09     -0.82228927E-04     -0.42499939E-03
     969     -0.69314743E-09     -0.72268483E-09     -0.82303758E-04     -0.42499939E-03
     970     -0.69318246E-09     -0.72268483E-09     -0.82369691E-04     -0.42499939E-03
     971     -0.69320365E-09     -0.72268483E-09     -0.82420772E-04     -0.42499939E-03
     972     -0.69335492E-09     -0.72268483E-09     -0.82820389E-04     -0.42499939E-03
     973     -0.69349206E-09     -0.72268483E-09     -0.83193944E-04     -0.42499939E-03
     974     -0.69350666E-09     -0.72268483E-09     -0.83241774E-04     -0.42499939E-03
     975     -0.69352111E-09     -0.72268483E-09     -0.83298279E-04     -0.42499939E-03
     976     -0.69354201E-09     -0.72268483E-09     -0.83395293E-04     -0.42499939E-03
     977     -0.69359377E-09     -0.72268483E-09     -0.83611473E-04     -0.42499939E-03
     978     -0.69368654E-09     -0.72268483E-09     -0.83769880E-04     -0.42499939E-03
     979     -0.69382901E-09     -0.72268483E-09     -0.83825592E-04     -0.42499939E-03
     980     -0.69384481E-09     -0.72268483E-09     -0.83889669E-04     -0.42499939E-03
     981     -0.69393782E-09     -0.72268483E-09     -0.84195422E-04     -0.42499939E-03
     982     -0.69402778E-09     -0.72268483E-09     -0.84480432E-04     -0.42499939E-03
     983     -0.69416788E-09     -0.72268483E-09     -0.84562137E-04     -0.42499939E-03
     984     -0.69436904E-09     -0.72268483E-09     -0.84829176E-04     -0.42499939E-03
     985     -0.69444238E-09     -0.72268483E-09     -0.85079067E-04     -0.42499939E-03
     986     -0.69446358E-09     -0.72268483E-09     -0.85135682E-04     -0.42499939E-03
     987     -0.69449725E-09     -0.72268483E-09     -0.85173989E-04     -0.42499939E-03
     988     -0.69452969E-09     -0.72268483E-09     -0.85208463E-04     -0.42499939E-03
     989     -0.69453656E-09     -0.72268483E-09     -0.85228539E-04     -0.42499939E-03
     990     -0.69454351E-09     -0.72268483E-09     -0.85248959E-04     -0.42499939E-03
     991     -0.69467063E-09     -0.72268483E-09     -0.85306200E-04     -0.42499939E-03
     992     -0.69467720E-09     -0.72268483E-09     -0.85328420E-04     -0.42499939E-03
     993     -0.69470263E-09     -0.72268483E-09     -0.85396539E-04     -0.42499939E-03
     994     -0.69475890E-09     -0.72268483E-09     -0.85472977E-04     -0.42499939E-03
     995     -0.69477847E-09     -0.72268483E-09     -0.85498149E-04     -0.42499939E-03
     996     -0.69479865E-09     -0.72268483E-09     -0.85523290E-04     -0.42499939E-03
     997     -0.69485066E-09     -0.72268483E-09     -0.85553658E-04     -0.42499939E-03
     998     -0.69489867E-09     -0.72268483E-09     -0.85581937E-04     -0.42499939E-03
     999     -0.69494677E-09     -0.72268483E-09     -0.85626308E-04     -0.42499939E-03
    1000     -0.69497148E-09     -0.72268483E-09     -0.85668064E-04     -0.42499939E-03
    1001     -0.69501949E-09     -0.72268483E-09     -0.85805182E-04     -0.42499939E-03
    1002     -0.69507885E-09     -0.72268483E-09     -0.85938650E-04     -0.42499939E-03
    1003     -0.69511398E-09     -0.72268483E-09     -0.86035007E-04     -0.42499939E-03
    1004     -0.69514905E-09     -0.72268483E-09     -0.86131097E-04     -0.42499939E-03
    1005     -0.69525384E-09     -0.72268483E-09     -0.86174248E-04     -0.42499939E-03
    1006     -0.69531445E-09     -0.72268483E-09     -0.86218910E-04     -0.42499939E-03
    1007     -0.69532796E-09     -0.72268483E-09     -0.86253845E-04     -0.42499939E-03
    1008     -0.69536709E-09     -0.72268483E-09     -0.86283753E-04     -0.42499939E-03
    1009     -0.69539748E-09     -0.72268483E-09     -0.86311704E-04     -0.42499939E-03
    1010     -0.69540832E-09     -0.72268483E-09     -0.86326841E-04     -0.42499939E-03
    1011     -0.69553222E-09     -0.72268483E-09     -0.86656710E-04     -0.42499939E-03
    1012     -0.69565627E-09     -0.72268483E-09     -0.86988984E-04     -0.42499939E-03
    1013     -0.69568148E-09     -0.72268483E-09     -0.87015097E-04     -0.42499939E-03
    1014     -0.69581206E-09     -0.72268483E-09     -0.87089592E-04     -0.42499939E-03
    1015     -0.69595179E-09     -0.72268483E-09     -0.87231124E-04     -0.42499939E-03
    1016     -0.69598382E-09     -0.72268483E-09     -0.87313828E-04     -0.42499939E-03
    1017     -0.69599886E-09     -0.72268483E-09     -0.87330139E-04     -0.42499939E-03
    1018     -0.69601928E-09     -0.72268483E-09     -0.87349849E-04     -0.42499939E-03
    1019     -0.69617911E-09     -0.72268483E-09     -0.87437543E-04     -0.42499939E-03
    1020     -0.69630897E-09     -0.72268483E-09     -0.87508023E-04     -0.42499939E-03
    1021     -0.69636491E-09     -0.72268483E-09     -0.87568856E-04     -0.42499939E-03
    1022     -0.69643705E-09     -0.72268483E-09     -0.87657707E-04     -0.42499939E-03
    1023     -0.69646651E-09     -0.72268483E-09     -0.87734532E-04     -0.42499939E-03
    1024     -0.69653368E-09     -0.72268483E-09     -0.87819213E-04     -0.42499939E-03
    1025     -0.69653769E-09     -0.72268483E-09     -0.87841511E-04     -0.42499939E-03
    1026     -0.69654162E-09     -0.72268483E-09     -0.87864884E-04     -0.42499939E-03
    1027     -0.69666677E-09     -0.72268483E-09     -0.87961446E-04     -0.42499939E-03
    1028     -0.69679391E-09     -0.72268483E-09     -0.88058650E-04     -0.42499939E-03
    1029     -0.69694481E-09     -0.72268483E-09     -0.88224962E-04     -0.42499939E-03
    1030     -0.69697906E-09     -0.72268483E-09     -0.88358619E-04     -0.42499939E-03
    1031     -0.69699482E-09     -0.72268483E-09     -0.88392934E-04     -0.42499939E-03
    1032     -0.69703705E-09     -0.72268483E-09     -0.88415208E-04     -0.42499939E-03
    1033     -0.69707911E-09     -0.72268483E-09     -0.88434149E-04     -0.42499939E-03
    1034     -0.69709014E-09     -0.72268483E-09     -0.88445533E-04     -0.42499939E-03
    1035     -0.69710734E-09     -0.72268483E-09     -0.88483190E-04     -0.42499939E-03
    1036     -0.69712605E-09     -0.72268483E-09     -0.88522577E-04     -0.42499939E-03
    1037     -0.69715893E-09     -0.72268483E-09     -0.88652364E-04     -0.42499939E-03
    1038     -0.69727672E-09     -0.72268483E-09     -0.88817740E-04     -0.42499939E-03
    1039     -0.69730780E-09     -0.72268483E-09     -0.88850534E-04     -0.42499939E-03
    1040     -0.69733880E-09     -0.72268483E-09     -0.88883247E-04     -0.42499939E-03
    1041     -0.69735068E-09     -0.72268483E-09     -0.88906617E-04     -0.42499939E-03
    1042     -0.69736232E-09     -0.72268483E-09     -0.88929798E-04     -0.42499939E-03
    1043     -0.69737832E-09     -0.72268483E-09     -0.88966165E-04     -0.42499939E-03
    1044     -0.69739432E-09     -0.72268483E-09     -0.89002509E-04     -0.42499939E-03
    1045     -0.69740513E-09     -0.72268483E-09     -0.89023955E-04     -0.42499939E-03
    1046     -0.69741642E-09     -0.72268483E-09     -0.89045389E-04     -0.42499939E-03
    1047     -0.69749496E-09     -0.72268483E-09     -0.89223771E-04     -0.42499939E-03
    1048     -0.69756609E-09     -0.72268483E-09     -0.89330328E-04     -0.42499939E-03
    1049     -0.69758288E-09     -0.72268483E-09     -0.89387807E-04     -0.42499939E-03
    1050     -0.69760698E-09     -0.72268483E-09     -0.89508795E-04     -0.42499939E-03
    1051     -0.69762198E-09     -0.72268483E-09     -0.89530727E-04     -0.42499939E-03
    1052     -0.69763696E-09     -0.72268483E-09     -0.89553495E-04     -0.42499939E-03
    1053     -0.69768190E-09     -0.72268483E-09     -0.89599808E-04     -0.42499939E-03
    1054     -0.69774651E-09     -0.72268483E-09     -0.89697753E-04     -0.42499939E-03
    1055     -0.69778104E-09     -0.72268483E-09     -0.89767302E-04     -0.42499939E-03
    1056     -0.69779804E-09     -0.72268483E-09     -0.89786404E-04     -0.42499939E-03
    1057     -0.69781125E-09     -0.72268483E-09     -0.89813227E-04     -0.42499939E-03
    1058     -0.69790308E-09     -0.72268483E-09     -0.90104190E-04     -0.42499939E-03
    1059     -0.69798580E-09     -0.72268483E-09     -0.90372985E-04     -0.42499939E-03
    1060     -0.69799310E-09     -0.72268483E-09     -0.90387081E-04     -0.42499939E-03
    1061     -0.69802310E-09     -0.72268483E-09     -0.90413185E-04     -0.42499939E-03
    1062     -0.69804647E-09     -0.72268483E-09     -0.90425823E-04     -0.42499939E-03
    1063     -0.69806258E-09     -0.72268483E-09     -0.90479597E-04     -0.42499939E-03
    1064     -0.69807879E-09     -0.72268483E-09     -0.90534011E-04     -0.42499939E-03
    1065     -0.69810041E-09     -0.72268483E-09     -0.90612752E-04     -0.42499939E-03
    1066     -0.69812210E-09     -0.72268483E-09     -0.90691668E-04     -0.42499939E-03
    1067     -0.69813120E-09     -0.72268483E-09     -0.90710533E-04     -0.42499939E-03
    1068     -0.69814038E-09     -0.72268483E-09     -0.90729363E-04     -0.42499939E-03
    1069     -0.69817351E-09     -0.72268483E-09     -0.90788034E-04     -0.42499939E-03
    1070     -0.69820660E-09     -0.72268483E-09     -0.90846689E-04     -0.42499939E-03
    1071     -0.69822264E-09     -0.72268483E-09     -0.90879644E-04     -0.42499939E-03
    1072     -0.69823868E-09     -0.72268483E-09     -0.90912630E-04     -0.42499939E-03
    1073     -0.69825423E-09     -0.72268483E-09     -0.90955033E-04     -0.42499939E-03
    1074     -0.69826976E-09     -0.72268483E-09     -0.90997461E-04     -0.42499939E-03
    1075     -0.69831487E-09     -0.72268483E-09     -0.91026732E-04     -0.42499939E-03
    1076     -0.69835191E-09     -0.72268483E-09     -0.91058303E-04     -0.42499939E-03
    1077     -0.69836032E-09     -0.72268483E-09     -0.91080192E-04     -0.42499939E-03
    1078     -0.69838105E-09     -0.72268483E-09     -0.91102893E-04     -0.42499939E-03
    1079     -0.69839793E-09     -0.72268483E-09     -0.91149599E-04     -0.42499939E-03
    1080     -0.69841480E-09     -0.72268483E-09     -0.91196304E-04     -0.42499939E-03
    1081     -0.69847632E-09     -0.72268483E-09     -0.91240032E-04     -0.42499939E-03
    1082     -0.69853218E-09     -0.72268483E-09     -0.91281146E-04     -0.42499939E-03
    1083     -0.69856091E-09     -0.72268483E-09     -0.91317921E-04     -0.42499939E-03
    1084     -0.69858957E-09     -0.72268483E-09     -0.91354692E-04     -0.42499939E-03
    1085     -0.69859808E-09     -0.72268483E-09     -0.91364210E-04     -0.42499939E-03
    1086     -0.69861852E-09     -0.72268483E-09     -0.91391874E-04     -0.42499939E-03
    1087     -0.69875867E-09     -0.72268483E-09     -0.91476726E-04     -0.42499939E-03
    1088     -0.69888483E-09     -0.72268483E-09     -0.91540301E-04     -0.42499939E-03
    1089     -0.69889075E-09     -0.72268483E-09     -0.91553889E-04     -0.42499939E-03
    1090     -0.69892182E-09     -0.72268483E-09     -0.91602657E-04     -0.42499939E-03
    1091     -0.69895236E-09     -0.72268483E-09     -0.91658605E-04     -0.42499939E-03
    1092     -0.69901745E-09     -0.72268483E-09     -0.91722906E-04     -0.42499939E-03
    1093     -0.69909613E-09     -0.72268483E-09     -0.91792678E-04     -0.42499939E-03
    1094     -0.69912611E-09     -0.72268483E-09     -0.91841590E-04     -0.42499939E-03
    1095     -0.69916454E-09     -0.72268483E-09     -0.91940952E-04     -0.42499939E-03
    1096     -0.69922853E-09     -0.72268483E-09     -0.92057654E-04     -0.42499939E-03
    1097     -0.69933267E-09     -0.72268483E-09     -0.92359706E-04     -0.42499939E-03
    1098     -0.69945928E-09     -0.72268483E-09     -0.92711569E-04     -0.42499939E-03
    1099     -0.69952863E-09     -0.72268483E-09     -0.92816804E-04     -0.42499939E-03
    1100     -0.69954332E-09     -0.72268483E-09     -0.92835844E-04     -0.42499939E-03
    1101     -0.69955138E-09     -0.72268483E-09     -0.92852976E-04     -0.42499939E-03
    1102     -0.69958198E-09     -0.72268483E-09     -0.92899557E-04     -0.42499939E-03
    1103     -0.69960810E-09     -0.72268483E-09     -0.92936614E-04     -0.42499939E-03
    1104     -0.69961700E-09     -0.72268483E-09     -0.92972442E-04     -0.42499939E-03
    1105     -0.69963147E-09     -0.72268483E-09     -0.93028304E-04     -0.42499939E-03
    1106     -0.69967040E-09     -0.72268483E-09     -0.93217768E-04     -0.42499939E-03
    1107     -0.69970841E-09     -0.72268483E-09     -0.93404425E-04     -0.42499939E-03
    1108     -0.69972695E-09     -0.72268483E-09     -0.93456886E-04     -0.42499939E-03
    1109     -0.69974622E-09     -0.72268483E-09     -0.93512940E-04     -0.42499939E-03
    1110     -0.69977732E-09     -0.72268483E-09     -0.93638294E-04     -0.42499939E-03
    1111     -0.69980252E-09     -0.72268483E-09     -0.93739675E-04     -0.42499939E-03
    1112     -0.69981360E-09     -0.72268483E-09     -0.93757210E-04     -0.42499939E-03
    1113     -0.69984688E-09     -0.72268483E-09     -0.93789815E-04     -0.42499939E-03
    1114     -0.69990706E-09     -0.72268483E-09     -0.93866178E-04     -0.42499939E-03
    1115     -0.69995473E-09     -0.72268483E-09     -0.93948744E-04     -0.42499939E-03
    1116     -0.69996812E-09     -0.72268483E-09     -0.93978357E-04     -0.42499939E-03
    1117     -0.70000537E-09     -0.72268483E-09     -0.94117682E-04     -0.42499939E-03
    1118     -0.70004259E-09     -0.72268483E-09     -0.94256849E-04     -0.42499939E-03
    1119     -0.70005598E-09     -0.72268483E-09     -0.94294177E-04     -0.42499939E-03
    1120     -0.70006936E-09     -0.72268483E-09     -0.94331401E-04     -0.42499939E-03
    1121     -0.70009063E-09     -0.72268483E-09     -0.94390745E-04     -0.42499939E-03
    1122     -0.70011203E-09     -0.72268483E-09     -0.94451047E-04     -0.42499939E-03
    1123     -0.70012369E-09     -0.72268483E-09     -0.94482531E-04     -0.42499939E-03
    1124     -0.70020168E-09     -0.72268483E-09     -0.94750173E-04     -0.42499939E-03
    1125     -0.70027454E-09     -0.72268483E-09     -0.94999158E-04     -0.42499939E-03
    1126     -0.70029638E-09     -0.72268483E-09     -0.95061825E-04     -0.42499939E-03
    1127     -0.70031997E-09     -0.72268483E-09     -0.95132766E-04     -0.42499939E-03
    1128     -0.70040959E-09     -0.72268483E-09     -0.95301926E-04     -0.42499939E-03
    1129     -0.70049607E-09     -0.72268483E-09     -0.95460837E-04     -0.42499939E-03
    1130     -0.70050009E-09     -0.72268483E-09     -0.95471627E-04     -0.42499939E-03
    1131     -0.70050163E-09     -0.72268483E-09     -0.95481768E-04     -0.42499939E-03
    1132     -0.70050322E-09     -0.72268483E-09     -0.95501294E-04     -0.42499939E-03
    1133     -0.70051718E-09     -0.72268483E-09     -0.95528187E-04     -0.42499939E-03
    1134     -0.70053124E-09     -0.72268483E-09     -0.95546309E-04     -0.42499939E-03
    1135     -0.70055308E-09     -0.72268483E-09     -0.95614743E-04     -0.42499939E-03
    1136     -0.70057492E-09     -0.72268483E-09     -0.95683080E-04     -0.42499939E-03
    1137     -0.70058546E-09     -0.72268483E-09     -0.95713294E-04     -0.42499939E-03
    1138     -0.70059599E-09     -0.72268483E-09     -0.95743772E-04     -0.42499939E-03
    1139     -0.70060536E-09     -0.72268483E-09     -0.95780811E-04     -0.42499939E-03
    1140     -0.70061478E-09     -0.72268483E-09     -0.95818083E-04     -0.42499939E-03
    1141     -0.70061864E-09     -0.72268483E-09     -0.95827770E-04     -0.42499939E-03
    1142     -0.70062251E-09     -0.72268483E-09     -0.95837458E-04     -0.42499939E-03
    1143     -0.70063617E-09     -0.72268483E-09     -0.95861989E-04     -0.42499939E-03
    1144     -0.70064985E-09     -0.72268483E-09     -0.95886743E-04     -0.42499939E-03
    1145     -0.70065136E-09     -0.72268483E-09     -0.95908430E-04     -0.42499939E-03
    1146     -0.70065571E-09     -0.72268483E-09     -0.95940367E-04     -0.42499939E-03
    1147     -0.70069824E-09     -0.72268483E-09     -0.96019157E-04     -0.42499939E-03
    1148     -0.70073786E-09     -0.72268483E-09     -0.96087633E-04     -0.42499939E-03
    1149     -0.70075901E-09     -0.72268483E-09     -0.96145266E-04     -0.42499939E-03
    1150     -0.70078027E-09     -0.72268483E-09     -0.96203134E-04     -0.42499939E-03
    1151     -0.70079354E-09     -0.72268483E-09     -0.96241630E-04     -0.42499939E-03
    1152     -0.70080685E-09     -0.72268483E-09     -0.96280221E-04     -0.42499939E-03
    1153     -0.70082388E-09     -0.72268483E-09     -0.96350280E-04     -0.42499939E-03
    1154     -0.70084091E-09     -0.72268483E-09     -0.96420422E-04     -0.42499939E-03
    1155     -0.70090016E-09     -0.72268483E-09     -0.96477983E-04     -0.42499939E-03
    1156     -0.70095975E-09     -0.72268483E-09     -0.96536090E-04     -0.42499939E-03
    1157     -0.70097017E-09     -0.72268483E-09     -0.96574923E-04     -0.42499939E-03
    1158     -0.70098058E-09     -0.72268483E-09     -0.96613643E-04     -0.42499939E-03
    1159     -0.70098203E-09     -0.72268483E-09     -0.96621477E-04     -0.42499939E-03
    1160     -0.70098347E-09     -0.72268483E-09     -0.96629298E-04     -0.42499939E-03
    1161     -0.70099582E-09     -0.72268483E-09     -0.96663469E-04     -0.42499939E-03
    1162     -0.70100828E-09     -0.72268483E-09     -0.96697811E-04     -0.42499939E-03
    1163     -0.70106882E-09     -0.72268483E-09     -0.96765300E-04     -0.42499939E-03
    1164     -0.70112912E-09     -0.72268483E-09     -0.96832625E-04     -0.42499939E-03
    1165     -0.70115450E-09     -0.72268483E-09     -0.96878988E-04     -0.42499939E-03
    1166     -0.70117976E-09     -0.72268483E-09     -0.96925062E-04     -0.42499939E-03
    1167     -0.70118741E-09     -0.72268483E-09     -0.96946420E-04     -0.42499939E-03
    1168     -0.70119508E-09     -0.72268483E-09     -0.96967811E-04     -0.42499939E-03
    1169     -0.70120585E-09     -0.72268483E-09     -0.97008086E-04     -0.42499939E-03
    1170     -0.70121660E-09     -0.72268483E-09     -0.97047996E-04     -0.42499939E-03
    1171     -0.70127429E-09     -0.72268483E-09     -0.97127004E-04     -0.42499939E-03
    1172     -0.70133138E-09     -0.72268483E-09     -0.97205249E-04     -0.42499939E-03
    1173     -0.70145009E-09     -0.72268483E-09     -0.97264234E-04     -0.42499939E-03
    1174     -0.70148155E-09     -0.72268483E-09     -0.97293997E-04     -0.42499939E-03
    1175     -0.70151354E-09     -0.72268483E-09     -0.97338222E-04     -0.42499939E-03
    1176     -0.70169789E-09     -0.72268483E-09     -0.97427795E-04     -0.42499939E-03
    1177     -0.70180623E-09     -0.72268483E-09     -0.97518700E-04     -0.42499939E-03
    1178     -0.70191733E-09     -0.72268483E-09     -0.97610387E-04     -0.42499939E-03
    1179     -0.70192355E-09     -0.72268483E-09     -0.97630284E-04     -0.42499939E-03
    1180     -0.70192978E-09     -0.72268483E-09     -0.97650205E-04     -0.42499939E-03
    1181     -0.70193457E-09     -0.72268483E-09     -0.97664955E-04     -0.42499939E-03
    1182     -0.70193938E-09     -0.72268483E-09     -0.97679629E-04     -0.42499939E-03
    1183     -0.70197336E-09     -0.72268483E-09     -0.97849332E-04     -0.42499939E-03
    1184     -0.70200754E-09     -0.72268483E-09     -0.98019115E-04     -0.42499939E-03
    1185     -0.70206713E-09     -0.72268483E-09     -0.98085368E-04     -0.42499939E-03
    1186     -0.70212710E-09     -0.72268483E-09     -0.98151914E-04     -0.42499939E-03
    1187     -0.70219289E-09     -0.72268483E-09     -0.98199824E-04     -0.42499939E-03
    1188     -0.70220816E-09     -0.72268483E-09     -0.98228350E-04     -0.42499939E-03
    1189     -0.70232579E-09     -0.72268483E-09     -0.98287569E-04     -0.42499939E-03
    1190     -0.70236731E-09     -0.72268483E-09     -0.98318366E-04     -0.42499939E-03
    1191     -0.70239816E-09     -0.72268483E-09     -0.98447839E-04     -0.42499939E-03
    1192     -0.70245596E-09     -0.72268483E-09     -0.98607569E-04     -0.42499939E-03
    1193     -0.70249219E-09     -0.72268483E-09     -0.98658989E-04     -0.42499939E-03
    1194     -0.70254186E-09     -0.72268483E-09     -0.98690203E-04     -0.42499939E-03
    1195     -0.70265915E-09     -0.72268483E-09     -0.98744754E-04     -0.42499939E-03
    1196     -0.70273188E-09     -0.72268483E-09     -0.98794491E-04     -0.42499939E-03
    1197     -0.70274020E-09     -0.72268483E-09     -0.98817683E-04     -0.42499939E-03
    1198     -0.70274473E-09     -0.72268483E-09     -0.98831085E-04     -0.42499939E-03
    1199     -0.70275894E-09     -0.72268483E-09     -0.98861026E-04     -0.42499939E-03
    1200     -0.70276970E-09     -0.72268483E-09     -0.98901627E-04     -0.42499939E-03
    1201     -0.70278514E-09     -0.72268483E-09     -0.98962176E-04     -0.42499939E-03
    1202     -0.70279914E-09     -0.72268483E-09     -0.99012478E-04     -0.42499939E-03
    1203     -0.70280824E-09     -0.72268483E-09     -0.99041334E-04     -0.42499939E-03
    1204     -0.70282286E-09     -0.72268483E-09     -0.99089983E-04     -0.42499939E-03
    1205     -0.70283135E-09     -0.72268483E-09     -0.99139174E-04     -0.42499939E-03
    1206     -0.70283933E-09     -0.72268483E-09     -0.99174313E-04     -0.42499939E-03
    1207     -0.70286127E-09     -0.72268483E-09     -0.99199671E-04     -0.42499939E-03
    1208     -0.70287509E-09     -0.72268483E-09     -0.99227480E-04     -0.42499939E-03
    1209     -0.70299577E-09     -0.72268483E-09     -0.99296638E-04     -0.42499939E-03
    1210     -0.70302043E-09     -0.72268483E-09     -0.99322122E-04     -0.42499939E-03
    1211     -0.70304202E-09     -0.72268483E-09     -0.99345870E-04     -0.42499939E-03
    1212     -0.70312851E-09     -0.72268483E-09     -0.99393182E-04     -0.42499939E-03
    1213     -0.70313642E-09     -0.72268483E-09     -0.99421407E-04     -0.42499939E-03
    1214     -0.70314238E-09     -0.72268483E-09     -0.99446103E-04     -0.42499939E-03
    1215     -0.70315715E-09     -0.72268483E-09     -0.99495192E-04     -0.42499939E-03
    1216     -0.70317193E-09     -0.72268483E-09     -0.99544485E-04     -0.42499939E-03
    1217     -0.70331525E-09     -0.72268483E-09     -0.99608625E-04     -0.42499939E-03
    1218     -0.70350379E-09     -0.72268483E-09     -0.99734064E-04     -0.42499939E-03
    1219     -0.70353515E-09     -0.72268483E-09     -0.99811998E-04     -0.42499939E-03
    1220     -0.70356858E-09     -0.72268483E-09     -0.99881492E-04     -0.42499939E-03
    1221     -0.70361068E-09     -0.72268483E-09     -0.99938666E-04     -0.42499939E-03
    1222     -0.70362285E-09     -0.72268483E-09     -0.99963639E-04     -0.42499939E-03
    1223     -0.70362565E-09     -0.72268483E-09     -0.99978347E-04     -0.42499939E-03
    1224     -0.70363132E-09     -0.72268483E-09     -0.99996183E-04     -0.42499939E-03
    1225     -0.70364449E-09     -0.72268483E-09     -0.10003339E-03     -0.42499939E-03
    1226     -0.70365350E-09     -0.72268483E-09     -0.10005999E-03     -0.42499939E-03
    1227     -0.70369656E-09     -0.72268483E-09     -0.10014045E-03     -0.42499939E-03
    1228     -0.70373964E-09     -0.72268483E-09     -0.10022092E-03     -0.42499939E-03
    1229     -0.70375094E-09     -0.72268483E-09     -0.10025506E-03     -0.42499939E-03
    1230     -0.70376221E-09     -0.72268483E-09     -0.10028920E-03     -0.42499939E-03
    1231     -0.70376409E-09     -0.72268483E-09     -0.10029441E-03     -0.42499939E-03
    1232     -0.70376589E-09     -0.72268483E-09     -0.10029961E-03     -0.42499939E-03
    1233     -0.70377675E-09     -0.72268483E-09     -0.10032486E-03     -0.42499939E-03
    1234     -0.70378762E-09     -0.72268483E-09     -0.10035017E-03     -0.42499939E-03
    1235     -0.70383595E-09     -0.72268483E-09     -0.10038937E-03     -0.42499939E-03
    1236     -0.70384446E-09     -0.72268483E-09     -0.10040756E-03     -0.42499939E-03
    1237     -0.70393121E-09     -0.72268483E-09     -0.10047126E-03     -0.42499939E-03
    1238     -0.70406361E-09     -0.72268483E-09     -0.10055948E-03     -0.42499939E-03
    1239     -0.70406889E-09     -0.72268483E-09     -0.10058343E-03     -0.42499939E-03
    1240     -0.70407582E-09     -0.72268483E-09     -0.10061017E-03     -0.42499939E-03
    1241     -0.70407909E-09     -0.72268483E-09     -0.10062258E-03     -0.42499939E-03
    1242     -0.70408374E-09     -0.72268483E-09     -0.10063267E-03     -0.42499939E-03
    1243     -0.70408981E-09     -0.72268483E-09     -0.10064728E-03     -0.42499939E-03
    1244     -0.70409518E-09     -0.72268483E-09     -0.10066356E-03     -0.42499939E-03
    1245     -0.70409974E-09     -0.72268483E-09     -0.10067556E-03     -0.42499939E-03
    1246     -0.70411993E-09     -0.72268483E-09     -0.10069323E-03     -0.42499939E-03
    1247     -0.70413465E-09     -0.72268483E-09     -0.10074710E-03     -0.42499939E-03
    1248     -0.70415237E-09     -0.72268483E-09     -0.10081254E-03     -0.42499939E-03
    1249     -0.70416140E-09     -0.72268483E-09     -0.10083727E-03     -0.42499939E-03
    1250     -0.70416526E-09     -0.72268483E-09     -0.10085359E-03     -0.42499939E-03
    1251     -0.70432988E-09     -0.72268483E-09     -0.10094025E-03     -0.42499939E-03
    1252     -0.70449615E-09     -0.72268483E-09     -0.10102949E-03     -0.42499939E-03
    1253     -0.70452397E-09     -0.72268483E-09     -0.10104929E-03     -0.42499939E-03
    1254     -0.70456858E-09     -0.72268483E-09     -0.10107979E-03     -0.42499939E-03
    1255     -0.70457846E-09     -0.72268483E-09     -0.10110893E-03     -0.42499939E-03
    1256     -0.70458833E-09     -0.72268483E-09     -0.10113807E-03     -0.42499939E-03
    1257     -0.70459290E-09     -0.72268483E-09     -0.10115408E-03     -0.42499939E-03
    1258     -0.70459746E-09     -0.72268483E-09     -0.10117008E-03     -0.42499939E-03
    1259     -0.70460536E-09     -0.72268483E-09     -0.10119109E-03     -0.42499939E-03
    1260     -0.70461296E-09     -0.72268483E-09     -0.10121202E-03     -0.42499939E-03
    1261     -0.70484296E-09     -0.72268483E-09     -0.10130845E-03     -0.42499939E-03
    1262     -0.70485373E-09     -0.72268483E-09     -0.10133687E-03     -0.42499939E-03
    1263     -0.70507379E-09     -0.72268483E-09     -0.10143644E-03     -0.42499939E-03
    1264     -0.70508403E-09     -0.72268483E-09     -0.10146597E-03     -0.42499939E-03
    1265     -0.70509443E-09     -0.72268483E-09     -0.10149566E-03     -0.42499939E-03
    1266     -0.70510490E-09     -0.72268483E-09     -0.10151254E-03     -0.42499939E-03
    1267     -0.70511533E-09     -0.72268483E-09     -0.10152951E-03     -0.42499939E-03
    1268     -0.70514863E-09     -0.72268483E-09     -0.10159142E-03     -0.42499939E-03
    1269     -0.70518193E-09     -0.72268483E-09     -0.10165333E-03     -0.42499939E-03
    1270     -0.70524384E-09     -0.72268483E-09     -0.10168887E-03     -0.42499939E-03
    1271     -0.70525536E-09     -0.72268483E-09     -0.10171460E-03     -0.42499939E-03
    1272     -0.70541800E-09     -0.72268483E-09     -0.10179894E-03     -0.42499939E-03
    1273     -0.70543443E-09     -0.72268483E-09     -0.10185070E-03     -0.42499939E-03
    1274     -0.70545083E-09     -0.72268483E-09     -0.10190223E-03     -0.42499939E-03
    1275     -0.70545507E-09     -0.72268483E-09     -0.10191721E-03     -0.42499939E-03
    1276     -0.70545937E-09     -0.72268483E-09     -0.10193233E-03     -0.42499939E-03
    1277     -0.70546394E-09     -0.72268483E-09     -0.10194560E-03     -0.42499939E-03
    1278     -0.70546863E-09     -0.72268483E-09     -0.10195894E-03     -0.42499939E-03
    1279     -0.70548225E-09     -0.72268483E-09     -0.10204932E-03     -0.42499939E-03
    1280     -0.70549611E-09     -0.72268483E-09     -0.10214285E-03     -0.42499939E-03
    1281     -0.70550657E-09     -0.72268483E-09     -0.10219904E-03     -0.42499939E-03
    1282     -0.70552192E-09     -0.72268483E-09     -0.10226076E-03     -0.42499939E-03
    1283     -0.70553169E-09     -0.72268483E-09     -0.10229448E-03     -0.42499939E-03
    1284     -0.70554722E-09     -0.72268483E-09     -0.10233472E-03     -0.42499939E-03
    1285     -0.70569302E-09     -0.72268483E-09     -0.10245717E-03     -0.42499939E-03
    1286     -0.70582825E-09     -0.72268483E-09     -0.10255380E-03     -0.42499939E-03
    1287     -0.70583139E-09     -0.72268483E-09     -0.10256138E-03     -0.42499939E-03
    1288     -0.70584358E-09     -0.72268483E-09     -0.10258685E-03     -0.42499939E-03
    1289     -0.70585645E-09     -0.72268483E-09     -0.10260369E-03     -0.42499939E-03
    1290     -0.70586031E-09     -0.72268483E-09     -0.10262271E-03     -0.42499939E-03
    1291     -0.70586516E-09     -0.72268483E-09     -0.10263630E-03     -0.42499939E-03
    1292     -0.70586725E-09     -0.72268483E-09     -0.10264396E-03     -0.42499939E-03
    1293     -0.70586881E-09     -0.72268483E-09     -0.10265191E-03     -0.42499939E-03
    1294     -0.70587206E-09     -0.72268483E-09     -0.10266226E-03     -0.42499939E-03
    1295     -0.70587439E-09     -0.72268483E-09     -0.10266899E-03     -0.42499939E-03
    1296     -0.70588727E-09     -0.72268483E-09     -0.10269188E-03     -0.42499939E-03
    1297     -0.70590533E-09     -0.72268483E-09     -0.10273042E-03     -0.42499939E-03
    1298     -0.70591656E-09     -0.72268483E-09     -0.10276612E-03     -0.42499939E-03
    1299     -0.70592726E-09     -0.72268483E-09     -0.10280024E-03     -0.42499939E-03
    1300     -0.70593374E-09     -0.72268483E-09     -0.10281821E-03     -0.42499939E-03
    1301     -0.70598296E-09     -0.72268483E-09     -0.10295313E-03     -0.42499939E-03
    1302     -0.70604668E-09     -0.72268483E-09     -0.10315357E-03     -0.42499939E-03
    1303     -0.70609737E-09     -0.72268483E-09     -0.10330843E-03     -0.42499939E-03
    1304     -0.70613349E-09     -0.72268483E-09     -0.10339759E-03     -0.42499939E-03
    1305     -0.70615341E-09     -0.72268483E-09     -0.10348504E-03     -0.42499939E-03
    1306     -0.70617283E-09     -0.72268483E-09     -0.10357233E-03     -0.42499939E-03
    1307     -0.70618720E-09     -0.72268483E-09     -0.10361539E-03     -0.42499939E-03
    1308     -0.70620161E-09     -0.72268483E-09     -0.10365853E-03     -0.42499939E-03
    1309     -0.70630382E-09     -0.72268483E-09     -0.10374408E-03     -0.42499939E-03
    1310     -0.70639376E-09     -0.72268483E-09     -0.10382393E-03     -0.42499939E-03
    1311     -0.70651229E-09     -0.72268483E-09     -0.10390208E-03     -0.42499939E-03
    1312     -0.70664343E-09     -0.72268483E-09     -0.10398387E-03     -0.42499939E-03
    1313     -0.70671356E-09     -0.72268483E-09     -0.10405288E-03     -0.42499939E-03
    1314     -0.70678564E-09     -0.72268483E-09     -0.10412281E-03     -0.42499939E-03
    1315     -0.70679316E-09     -0.72268483E-09     -0.10414496E-03     -0.42499939E-03
    1316     -0.70680480E-09     -0.72268483E-09     -0.10417481E-03     -0.42499939E-03
    1317     -0.70689985E-09     -0.72268483E-09     -0.10426167E-03     -0.42499939E-03
    1318     -0.70699132E-09     -0.72268483E-09     -0.10434238E-03     -0.42499939E-03
    1319     -0.70699466E-09     -0.72268483E-09     -0.10435437E-03     -0.42499939E-03
    1320     -0.70699799E-09     -0.72268483E-09     -0.10436634E-03     -0.42499939E-03
    1321     -0.70700393E-09     -0.72268483E-09     -0.10438311E-03     -0.42499939E-03
    1322     -0.70700990E-09     -0.72268483E-09     -0.10439999E-03     -0.42499939E-03
    1323     -0.70702210E-09     -0.72268483E-09     -0.10444273E-03     -0.42499939E-03
    1324     -0.70703317E-09     -0.72268483E-09     -0.10448289E-03     -0.42499939E-03
    1325     -0.70706856E-09     -0.72268483E-09     -0.10456680E-03     -0.42499939E-03
    1326     -0.70710324E-09     -0.72268483E-09     -0.10464923E-03     -0.42499939E-03
    1327     -0.70711620E-09     -0.72268483E-09     -0.10467998E-03     -0.42499939E-03
    1328     -0.70712914E-09     -0.72268483E-09     -0.10471068E-03     -0.42499939E-03
    1329     -0.70715311E-09     -0.72268483E-09     -0.10477532E-03     -0.42499939E-03
    1330     -0.70717441E-09     -0.72268483E-09     -0.10483434E-03     -0.42499939E-03
    1331     -0.70719005E-09     -0.72268483E-09     -0.10487828E-03     -0.42499939E-03
    1332     -0.70720930E-09     -0.72268483E-09     -0.10492569E-03     -0.42499939E-03
    1333     -0.70721732E-09     -0.72268483E-09     -0.10494907E-03     -0.42499939E-03
    1334     -0.70722538E-09     -0.72268483E-09     -0.10497265E-03     -0.42499939E-03
    1335     -0.70727044E-09     -0.72268483E-09     -0.10511462E-03     -0.42499939E-03
    1336     -0.70731545E-09     -0.72268483E-09     -0.10525625E-03     -0.42499939E-03
    1337     -0.70731974E-09     -0.72268483E-09     -0.10527057E-03     -0.42499939E-03
    1338     -0.70732403E-09     -0.72268483E-09     -0.10528485E-03     -0.42499939E-03
    1339     -0.70733509E-09     -0.72268483E-09     -0.10530594E-03     -0.42499939E-03
    1340     -0.70734612E-09     -0.72268483E-09     -0.10532690E-03     -0.42499939E-03
    1341     -0.70735850E-09     -0.72268483E-09     -0.10536019E-03     -0.42499939E-03
    1342     -0.70737266E-09     -0.72268483E-09     -0.10540021E-03     -0.42499939E-03
    1343     -0.70737616E-09     -0.72268483E-09     -0.10541360E-03     -0.42499939E-03
    1344     -0.70737790E-09     -0.72268483E-09     -0.10542182E-03     -0.42499939E-03
    1345     -0.70738183E-09     -0.72268483E-09     -0.10543638E-03     -0.42499939E-03
    1346     -0.70738580E-09     -0.72268483E-09     -0.10545107E-03     -0.42499939E-03
    1347     -0.70739256E-09     -0.72268483E-09     -0.10547436E-03     -0.42499939E-03
    1348     -0.70739863E-09     -0.72268483E-09     -0.10549886E-03     -0.42499939E-03
    1349     -0.70741011E-09     -0.72268483E-09     -0.10553922E-03     -0.42499939E-03
    1350     -0.70741896E-09     -0.72268483E-09     -0.10556950E-03     -0.42499939E-03
    1351     -0.70744751E-09     -0.72268483E-09     -0.10566192E-03     -0.42499939E-03
    1352     -0.70747969E-09     -0.72268483E-09     -0.10576462E-03     -0.42499939E-03
    1353     -0.70748272E-09     -0.72268483E-09     -0.10577707E-03     -0.42499939E-03
    1354     -0.70748583E-09     -0.72268483E-09     -0.10578980E-03     -0.42499939E-03
    1355     -0.70748688E-09     -0.72268483E-09     -0.10579566E-03     -0.42499939E-03
    1356     -0.70748820E-09     -0.72268483E-09     -0.10580058E-03     -0.42499939E-03
    1357     -0.70749620E-09     -0.72268483E-09     -0.10582957E-03     -0.42499939E-03
    1358     -0.70750424E-09     -0.72268483E-09     -0.10585864E-03     -0.42499939E-03
    1359     -0.70751365E-09     -0.72268483E-09     -0.10588616E-03     -0.42499939E-03
    1360     -0.70752346E-09     -0.72268483E-09     -0.10591399E-03     -0.42499939E-03
    1361     -0.70762888E-09     -0.72268483E-09     -0.10600788E-03     -0.42499939E-03
    1362     -0.70773358E-09     -0.72268483E-09     -0.10610102E-03     -0.42499939E-03
    1363     -0.70773946E-09     -0.72268483E-09     -0.10612387E-03     -0.42499939E-03
    1364     -0.70774527E-09     -0.72268483E-09     -0.10614671E-03     -0.42499939E-03
    1365     -0.70774723E-09     -0.72268483E-09     -0.10616010E-03     -0.42499939E-03
    1366     -0.70775412E-09     -0.72268483E-09     -0.10619399E-03     -0.42499939E-03
    1367     -0.70777989E-09     -0.72268483E-09     -0.10626740E-03     -0.42499939E-03
    1368     -0.70780204E-09     -0.72268483E-09     -0.10632392E-03     -0.42499939E-03
    1369     -0.70780446E-09     -0.72268483E-09     -0.10633393E-03     -0.42499939E-03
    1370     -0.70780571E-09     -0.72268483E-09     -0.10634069E-03     -0.42499939E-03
    1371     -0.70780756E-09     -0.72268483E-09     -0.10634800E-03     -0.42499939E-03
    1372     -0.70780897E-09     -0.72268483E-09     -0.10635447E-03     -0.42499939E-03
    1373     -0.70781079E-09     -0.72268483E-09     -0.10636596E-03     -0.42499939E-03
    1374     -0.70781675E-09     -0.72268483E-09     -0.10639195E-03     -0.42499939E-03
    1375     -0.70782394E-09     -0.72268483E-09     -0.10642181E-03     -0.42499939E-03
    1376     -0.70783074E-09     -0.72268483E-09     -0.10644290E-03     -0.42499939E-03
    1377     -0.70798285E-09     -0.72268483E-09     -0.10654704E-03     -0.42499939E-03
    1378     -0.70813225E-09     -0.72268483E-09     -0.10664467E-03     -0.42499939E-03
    1379     -0.70813401E-09     -0.72268483E-09     -0.10665135E-03     -0.42499939E-03
    1380     -0.70813551E-09     -0.72268483E-09     -0.10665960E-03     -0.42499939E-03
    1381     -0.70813801E-09     -0.72268483E-09     -0.10667374E-03     -0.42499939E-03
    1382     -0.70814157E-09     -0.72268483E-09     -0.10669162E-03     -0.42499939E-03
    1383     -0.70814549E-09     -0.72268483E-09     -0.10671003E-03     -0.42499939E-03
    1384     -0.70814944E-09     -0.72268483E-09     -0.10672909E-03     -0.42499939E-03
    1385     -0.70815570E-09     -0.72268483E-09     -0.10675463E-03     -0.42499939E-03
    1386     -0.70816251E-09     -0.72268483E-09     -0.10678279E-03     -0.42499939E-03
    1387     -0.70816863E-09     -0.72268483E-09     -0.10680699E-03     -0.42499939E-03
    1388     -0.70817261E-09     -0.72268483E-09     -0.10682295E-03     -0.42499939E-03
    1389     -0.70817709E-09     -0.72268483E-09     -0.10683789E-03     -0.42499939E-03
    1390     -0.70818225E-09     -0.72268483E-09     -0.10687888E-03     -0.42499939E-03
    1391     -0.70822828E-09     -0.72268483E-09     -0.10714211E-03     -0.42499939E-03
    1392     -0.70827651E-09     -0.72268483E-09     -0.10739061E-03     -0.42499939E-03
    1393     -0.70828145E-09     -0.72268483E-09     -0.10741031E-03     -0.42499939E-03
    1394     -0.70828478E-09     -0.72268483E-09     -0.10743825E-03     -0.42499939E-03
    1395     -0.70829151E-09     -0.72268483E-09     -0.10747292E-03     -0.42499939E-03
    1396     -0.70830001E-09     -0.72268483E-09     -0.10749382E-03     -0.42499939E-03
    1397     -0.70830779E-09     -0.72268483E-09     -0.10755456E-03     -0.42499939E-03
    1398     -0.70831604E-09     -0.72268483E-09     -0.10762219E-03     -0.42499939E-03
    1399     -0.70832192E-09     -0.72268483E-09     -0.10764847E-03     -0.42499939E-03
    1400     -0.70832525E-09     -0.72268483E-09     -0.10766679E-03     -0.42499939E-03
    1401     -0.70832856E-09     -0.72268483E-09     -0.10768186E-03     -0.42499939E-03
    1402     -0.70833171E-09     -0.72268483E-09     -0.10771960E-03     -0.42499939E-03
    1403     -0.70834178E-09     -0.72268483E-09     -0.10776060E-03     -0.42499939E-03
    1404     -0.70842455E-09     -0.72268483E-09     -0.10785068E-03     -0.42499939E-03
    1405     -0.70852377E-09     -0.72268483E-09     -0.10799222E-03     -0.42499939E-03
    1406     -0.70856182E-09     -0.72268483E-09     -0.10807046E-03     -0.42499939E-03
    1407     -0.70858034E-09     -0.72268483E-09     -0.10811046E-03     -0.42499939E-03
    1408     -0.70858766E-09     -0.72268483E-09     -0.10813686E-03     -0.42499939E-03
    1409     -0.70860692E-09     -0.72268483E-09     -0.10820086E-03     -0.42499939E-03
    1410     -0.70869444E-09     -0.72268483E-09     -0.10848086E-03     -0.42499939E-03
    1411     -0.70876401E-09     -0.72268483E-09     -0.10870556E-03     -0.42499939E-03
    1412     -0.70876893E-09     -0.72268483E-09     -0.10872245E-03     -0.42499939E-03
    1413     -0.70877821E-09     -0.72268483E-09     -0.10876216E-03     -0.42499939E-03
    1414     -0.70878433E-09     -0.72268483E-09     -0.10879585E-03     -0.42499939E-03
    1415     -0.70878562E-09     -0.72268483E-09     -0.10880425E-03     -0.42499939E-03
    1416     -0.70878951E-09     -0.72268483E-09     -0.10881839E-03     -0.42499939E-03
    1417     -0.70879474E-09     -0.72268483E-09     -0.10883640E-03     -0.42499939E-03
    1418     -0.70880151E-09     -0.72268483E-09     -0.10885312E-03     -0.42499939E-03
    1419     -0.70880836E-09     -0.72268483E-09     -0.10887375E-03     -0.42499939E-03
    1420     -0.70881382E-09     -0.72268483E-09     -0.10889383E-03     -0.42499939E-03
    1421     -0.70881803E-09     -0.72268483E-09     -0.10891235E-03     -0.42499939E-03
    1422     -0.70886266E-09     -0.72268483E-09     -0.10920126E-03     -0.42499939E-03
    1423     -0.70890973E-09     -0.72268483E-09     -0.10949747E-03     -0.42499939E-03
    1424     -0.70891347E-09     -0.72268483E-09     -0.10951959E-03     -0.42499939E-03
    1425     -0.70891572E-09     -0.72268483E-09     -0.10953197E-03     -0.42499939E-03
    1426     -0.70891798E-09     -0.72268483E-09     -0.10954448E-03     -0.42499939E-03
    1427     -0.70892835E-09     -0.72268483E-09     -0.10957894E-03     -0.42499939E-03
    1428     -0.70893889E-09     -0.72268483E-09     -0.10961340E-03     -0.42499939E-03
    1429     -0.70894247E-09     -0.72268483E-09     -0.10962756E-03     -0.42499939E-03
    1430     -0.70894582E-09     -0.72268483E-09     -0.10964061E-03     -0.42499939E-03
    1431     -0.70894726E-09     -0.72268483E-09     -0.10964684E-03     -0.42499939E-03
    1432     -0.70894870E-09     -0.72268483E-09     -0.10965319E-03     -0.42499939E-03
    1433     -0.70894991E-09     -0.72268483E-09     -0.10966516E-03     -0.42499939E-03
    1434     -0.70895295E-09     -0.72268483E-09     -0.10968130E-03     -0.42499939E-03
    1435     -0.70895955E-09     -0.72268483E-09     -0.10970469E-03     -0.42499939E-03
    1436     -0.70896497E-09     -0.72268483E-09     -0.10972395E-03     -0.42499939E-03
    1437     -0.70896623E-09     -0.72268483E-09     -0.10973720E-03     -0.42499939E-03
    1438     -0.70896713E-09     -0.72268483E-09     -0.10975246E-03     -0.42499939E-03
    1439     -0.70897546E-09     -0.72268483E-09     -0.10981561E-03     -0.42499939E-03
    1440     -0.70897726E-09     -0.72268483E-09     -0.10982483E-03     -0.42499939E-03
    1441     -0.70897907E-09     -0.72268483E-09     -0.10983177E-03     -0.42499939E-03
    1442     -0.70899044E-09     -0.72268483E-09     -0.10990702E-03     -0.42499939E-03
    1443     -0.70899533E-09     -0.72268483E-09     -0.10993126E-03     -0.42499939E-03
    1444     -0.70899755E-09     -0.72268483E-09     -0.10994608E-03     -0.42499939E-03
    1445     -0.70902173E-09     -0.72268483E-09     -0.11003347E-03     -0.42499939E-03
    1446     -0.70904988E-09     -0.72268483E-09     -0.11014202E-03     -0.42499939E-03
    1447     -0.70905715E-09     -0.72268483E-09     -0.11017931E-03     -0.42499939E-03
    1448     -0.70906020E-09     -0.72268483E-09     -0.11019383E-03     -0.42499939E-03
    1449     -0.70913720E-09     -0.72268483E-09     -0.11027662E-03     -0.42499939E-03
    1450     -0.70920728E-09     -0.72268483E-09     -0.11035343E-03     -0.42499939E-03
    1451     -0.70921222E-09     -0.72268483E-09     -0.11037354E-03     -0.42499939E-03
    1452     -0.70921715E-09     -0.72268483E-09     -0.11039363E-03     -0.42499939E-03
    1453     -0.70925405E-09     -0.72268483E-09     -0.11043839E-03     -0.42499939E-03
    1454     -0.70929785E-09     -0.72268483E-09     -0.11048912E-03     -0.42499939E-03
    1455     -0.70930950E-09     -0.72268483E-09     -0.11056524E-03     -0.42499939E-03
    1456     -0.70932122E-09     -0.72268483E-09     -0.11064341E-03     -0.42499939E-03
    1457     -0.70932868E-09     -0.72268483E-09     -0.11070343E-03     -0.42499939E-03
    1458     -0.70933630E-09     -0.72268483E-09     -0.11076463E-03     -0.42499939E-03
    1459     -0.70941337E-09     -0.72268483E-09     -0.11086192E-03     -0.42499939E-03
    1460     -0.70949033E-09     -0.72268483E-09     -0.11095910E-03     -0.42499939E-03
    1461     -0.70952554E-09     -0.72268483E-09     -0.11120869E-03     -0.42499939E-03
    1462     -0.70956296E-09     -0.72268483E-09     -0.11146584E-03     -0.42499939E-03
    1463     -0.70956807E-09     -0.72268483E-09     -0.11148845E-03     -0.42499939E-03
    1464     -0.70957726E-09     -0.72268483E-09     -0.11154678E-03     -0.42499939E-03
    1465     -0.70958516E-09     -0.72268483E-09     -0.11160036E-03     -0.42499939E-03
    1466     -0.70958820E-09     -0.72268483E-09     -0.11161758E-03     -0.42499939E-03
    1467     -0.70959044E-09     -0.72268483E-09     -0.11163004E-03     -0.42499939E-03
    1468     -0.70959156E-09     -0.72268483E-09     -0.11163717E-03     -0.42499939E-03
    1469     -0.70959259E-09     -0.72268483E-09     -0.11165280E-03     -0.42499939E-03
    1470     -0.70959448E-09     -0.72268483E-09     -0.11167299E-03     -0.42499939E-03
    1471     -0.70959625E-09     -0.72268483E-09     -0.11168638E-03     -0.42499939E-03
    1472     -0.70959727E-09     -0.72268483E-09     -0.11170223E-03     -0.42499939E-03
    1473     -0.70959984E-09     -0.72268483E-09     -0.11171569E-03     -0.42499939E-03
    1474     -0.70960154E-09     -0.72268483E-09     -0.11173520E-03     -0.42499939E-03
    1475     -0.70963828E-09     -0.72268483E-09     -0.11190899E-03     -0.42499939E-03
    1476     -0.70970612E-09     -0.72268483E-09     -0.11231613E-03     -0.42499939E-03
    1477     -0.70972045E-09     -0.72268483E-09     -0.11239465E-03     -0.42499939E-03
    1478     -0.70973619E-09     -0.72268483E-09     -0.11247755E-03     -0.42499939E-03
    1479     -0.70976564E-09     -0.72268483E-09     -0.11268505E-03     -0.42499939E-03
    1480     -0.70980913E-09     -0.72268483E-09     -0.11301215E-03     -0.42499939E-03
    1481     -0.70984792E-09     -0.72268483E-09     -0.11329573E-03     -0.42499939E-03
    1482     -0.70985322E-09     -0.72268483E-09     -0.11332261E-03     -0.42499939E-03
    1483     -0.70985903E-09     -0.72268483E-09     -0.11335155E-03     -0.42499939E-03
    1484     -0.70986281E-09     -0.72268483E-09     -0.11338491E-03     -0.42499939E-03
    1485     -0.70986615E-09     -0.72268483E-09     -0.11341199E-03     -0.42499939E-03
    1486     -0.70986947E-09     -0.72268483E-09     -0.11343887E-03     -0.42499939E-03
    1487     -0.70987140E-09     -0.72268483E-09     -0.11346196E-03     -0.42499939E-03
    1488     -0.70987464E-09     -0.72268483E-09     -0.11348075E-03     -0.42499939E-03
    1489     -0.70987789E-09     -0.72268483E-09     -0.11350039E-03     -0.42499939E-03
    1490     -0.70987911E-09     -0.72268483E-09     -0.11351023E-03     -0.42499939E-03
    1491     -0.70989067E-09     -0.72268483E-09     -0.11357357E-03     -0.42499939E-03
    1492     -0.70990203E-09     -0.72268483E-09     -0.11363527E-03     -0.42499939E-03
    1493     -0.70990885E-09     -0.72268483E-09     -0.11367838E-03     -0.42499939E-03
    1494     -0.70991555E-09     -0.72268483E-09     -0.11372066E-03     -0.42499939E-03
    1495     -0.70993491E-09     -0.72268483E-09     -0.11386888E-03     -0.42499939E-03
    1496     -0.70993827E-09     -0.72268483E-09     -0.11388127E-03     -0.42499939E-03
    1497     -0.70994192E-09     -0.72268483E-09     -0.11389905E-03     -0.42499939E-03
    1498     -0.70994428E-09     -0.72268483E-09     -0.11391421E-03     -0.42499939E-03
    1499     -0.70997992E-09     -0.72268483E-09     -0.11419167E-03     -0.42499939E-03
    1500     -0.71002045E-09     -0.72268483E-09     -0.11449745E-03     -0.42499939E-03
    1501     -0.71002487E-09     -0.72268483E-09     -0.11452377E-03     -0.42499939E-03
    1502     -0.71003373E-09     -0.72268483E-09     -0.11456617E-03     -0.42499939E-03
    1503     -0.71004180E-09     -0.72268483E-09     -0.11460550E-03     -0.42499939E-03
    1504     -0.71004956E-09     -0.72268483E-09     -0.11466725E-03     -0.42499939E-03
    1505     -0.71005079E-09     -0.72268483E-09     -0.11467423E-03     -0.42499939E-03
    1506     -0.71007961E-09     -0.72268483E-09     -0.11490243E-03     -0.42499939E-03
    1507     -0.71008797E-09     -0.72268483E-09     -0.11495261E-03     -0.42499939E-03
    1508     -0.71009495E-09     -0.72268483E-09     -0.11499128E-03     -0.42499939E-03
    1509     -0.71016144E-09     -0.72268483E-09     -0.11511337E-03     -0.42499939E-03
    1510     -0.71022786E-09     -0.72268483E-09     -0.11523511E-03     -0.42499939E-03
    1511     -0.71025493E-09     -0.72268483E-09     -0.11541235E-03     -0.42499939E-03
    1512     -0.71027883E-09     -0.72268483E-09     -0.11556121E-03     -0.42499939E-03
    1513     -0.71028244E-09     -0.72268483E-09     -0.11558180E-03     -0.42499939E-03
    1514     -0.71029053E-09     -0.72268483E-09     -0.11564039E-03     -0.42499939E-03
    1515     -0.71029782E-09     -0.72268483E-09     -0.11568169E-03     -0.42499939E-03
    1516     -0.71030538E-09     -0.72268483E-09     -0.11572327E-03     -0.42499939E-03
    1517     -0.71031265E-09     -0.72268483E-09     -0.11576871E-03     -0.42499939E-03
    1518     -0.71031734E-09     -0.72268483E-09     -0.11579586E-03     -0.42499939E-03
    1519     -0.71031841E-09     -0.72268483E-09     -0.11582078E-03     -0.42499939E-03
    1520     -0.71031949E-09     -0.72268483E-09     -0.11584594E-03     -0.42499939E-03
    1521     -0.71032748E-09     -0.72268483E-09     -0.11587579E-03     -0.42499939E-03
    1522     -0.71033549E-09     -0.72268483E-09     -0.11590526E-03     -0.42499939E-03
    1523     -0.71034420E-09     -0.72268483E-09     -0.11595508E-03     -0.42499939E-03
    1524     -0.71035271E-09     -0.72268483E-09     -0.11600249E-03     -0.42499939E-03
    1525     -0.71037051E-09     -0.72268483E-09     -0.11614937E-03     -0.42499939E-03
    1526     -0.71037291E-09     -0.72268483E-09     -0.11616773E-03     -0.42499939E-03
    1527     -0.71038928E-09     -0.72268483E-09     -0.11630022E-03     -0.42499939E-03
    1528     -0.71040665E-09     -0.72268483E-09     -0.11643278E-03     -0.42499939E-03
    1529     -0.71041057E-09     -0.72268483E-09     -0.11645483E-03     -0.42499939E-03
    1530     -0.71041345E-09     -0.72268483E-09     -0.11647699E-03     -0.42499939E-03
    1531     -0.71041590E-09     -0.72268483E-09     -0.11649267E-03     -0.42499939E-03
    1532     -0.71041769E-09     -0.72268483E-09     -0.11650428E-03     -0.42499939E-03
    1533     -0.71042162E-09     -0.72268483E-09     -0.11652443E-03     -0.42499939E-03
    1534     -0.71042686E-09     -0.72268483E-09     -0.11655437E-03     -0.42499939E-03
    1535     -0.71043114E-09     -0.72268483E-09     -0.11656549E-03     -0.42499939E-03
    1536     -0.71043588E-09     -0.72268483E-09     -0.11659418E-03     -0.42499939E-03
    1537     -0.71044691E-09     -0.72268483E-09     -0.11664330E-03     -0.42499939E-03
    1538     -0.71051295E-09     -0.72268483E-09     -0.11683899E-03     -0.42499939E-03
    1539     -0.71051867E-09     -0.72268483E-09     -0.11687929E-03     -0.42499939E-03
    1540     -0.71055060E-09     -0.72268483E-09     -0.11697974E-03     -0.42499939E-03
    1541     -0.71056957E-09     -0.72268483E-09     -0.11703572E-03     -0.42499939E-03
    1542     -0.71060588E-09     -0.72268483E-09     -0.11713833E-03     -0.42499939E-03
    1543     -0.71067444E-09     -0.72268483E-09     -0.11726378E-03     -0.42499939E-03
    1544     -0.71074392E-09     -0.72268483E-09     -0.11738071E-03     -0.42499939E-03
    1545     -0.71074737E-09     -0.72268483E-09     -0.11739068E-03     -0.42499939E-03
    1546     -0.71077832E-09     -0.72268483E-09     -0.11752553E-03     -0.42499939E-03
    1547     -0.71080832E-09     -0.72268483E-09     -0.11766017E-03     -0.42499939E-03
    1548     -0.71081283E-09     -0.72268483E-09     -0.11768517E-03     -0.42499939E-03
    1549     -0.71081715E-09     -0.72268483E-09     -0.11770963E-03     -0.42499939E-03
    1550     -0.71081755E-09     -0.72268483E-09     -0.11771474E-03     -0.42499939E-03
    1551     -0.71082077E-09     -0.72268483E-09     -0.11773836E-03     -0.42499939E-03
    1552     -0.71082344E-09     -0.72268483E-09     -0.11775915E-03     -0.42499939E-03
    1553     -0.71083005E-09     -0.72268483E-09     -0.11780263E-03     -0.42499939E-03
    1554     -0.71083670E-09     -0.72268483E-09     -0.11784625E-03     -0.42499939E-03
    1555     -0.71083891E-09     -0.72268483E-09     -0.11785774E-03     -0.42499939E-03
    1556     -0.71084109E-09     -0.72268483E-09     -0.11786916E-03     -0.42499939E-03
    1557     -0.71084535E-09     -0.72268483E-09     -0.11789735E-03     -0.42499939E-03
    1558     -0.71084960E-09     -0.72268483E-09     -0.11792554E-03     -0.42499939E-03
    1559     -0.71087153E-09     -0.72268483E-09     -0.11802140E-03     -0.42499939E-03
    1560     -0.71089365E-09     -0.72268483E-09     -0.11811797E-03     -0.42499939E-03
    1561     -0.71089654E-09     -0.72268483E-09     -0.11813534E-03     -0.42499939E-03
    1562     -0.71090250E-09     -0.72268483E-09     -0.11816921E-03     -0.42499939E-03
    1563     -0.71090886E-09     -0.72268483E-09     -0.11820378E-03     -0.42499939E-03
    1564     -0.71091057E-09     -0.72268483E-09     -0.11821195E-03     -0.42499939E-03
    1565     -0.71091476E-09     -0.72268483E-09     -0.11823564E-03     -0.42499939E-03
    1566     -0.71092081E-09     -0.72268483E-09     -0.11826937E-03     -0.42499939E-03
    1567     -0.71092497E-09     -0.72268483E-09     -0.11827878E-03     -0.42499939E-03
    1568     -0.71092913E-09     -0.72268483E-09     -0.11828818E-03     -0.42499939E-03
    1569     -0.71093414E-09     -0.72268483E-09     -0.11831473E-03     -0.42499939E-03
    1570     -0.71093913E-09     -0.72268483E-09     -0.11834118E-03     -0.42499939E-03
    1571     -0.71094515E-09     -0.72268483E-09     -0.11836040E-03     -0.42499939E-03
    1572     -0.71095117E-09     -0.72268483E-09     -0.11837964E-03     -0.42499939E-03
    1573     -0.71095153E-09     -0.72268483E-09     -0.11838836E-03     -0.42499939E-03
    1574     -0.71099899E-09     -0.72268483E-09     -0.11849100E-03     -0.42499939E-03
    1575     -0.71104752E-09     -0.72268483E-09     -0.11859797E-03     -0.42499939E-03
    1576     -0.71104926E-09     -0.72268483E-09     -0.11861072E-03     -0.42499939E-03
    1577     -0.71105157E-09     -0.72268483E-09     -0.11862097E-03     -0.42499939E-03
    1578     -0.71105599E-09     -0.72268483E-09     -0.11864473E-03     -0.42499939E-03
    1579     -0.71106360E-09     -0.72268483E-09     -0.11868276E-03     -0.42499939E-03
    1580     -0.71107117E-09     -0.72268483E-09     -0.11872060E-03     -0.42499939E-03
    1581     -0.71107851E-09     -0.72268483E-09     -0.11875438E-03     -0.42499939E-03
    1582     -0.71108540E-09     -0.72268483E-09     -0.11878632E-03     -0.42499939E-03
    1583     -0.71109464E-09     -0.72268483E-09     -0.11883268E-03     -0.42499939E-03
    1584     -0.71110445E-09     -0.72268483E-09     -0.11888421E-03     -0.42499939E-03
    1585     -0.71110710E-09     -0.72268483E-09     -0.11889871E-03     -0.42499939E-03
    1586     -0.71110980E-09     -0.72268483E-09     -0.11891349E-03     -0.42499939E-03
    1587     -0.71111307E-09     -0.72268483E-09     -0.11892681E-03     -0.42499939E-03
    1588     -0.71111634E-09     -0.72268483E-09     -0.11894021E-03     -0.42499939E-03
    1589     -0.71111819E-09     -0.72268483E-09     -0.11897228E-03     -0.42499939E-03
    1590     -0.71112018E-09     -0.72268483E-09     -0.11901204E-03     -0.42499939E-03
    1591     -0.71112181E-09     -0.72268483E-09     -0.11902160E-03     -0.42499939E-03
    1592     -0.71112376E-09     -0.72268483E-09     -0.11903349E-03     -0.42499939E-03
    1593     -0.71112539E-09     -0.72268483E-09     -0.11904447E-03     -0.42499939E-03
    1594     -0.71112670E-09     -0.72268483E-09     -0.11905456E-03     -0.42499939E-03
    1595     -0.71112873E-09     -0.72268483E-09     -0.11906863E-03     -0.42499939E-03
    1596     -0.71113026E-09     -0.72268483E-09     -0.11908323E-03     -0.42499939E-03
    1597     -0.71113418E-09     -0.72268483E-09     -0.11910679E-03     -0.42499939E-03
    1598     -0.71114016E-09     -0.72268483E-09     -0.11913444E-03     -0.42499939E-03
    1599     -0.71114566E-09     -0.72268483E-09     -0.11916147E-03     -0.42499939E-03
    1600     -0.71114962E-09     -0.72268483E-09     -0.11919407E-03     -0.42499939E-03
    1601     -0.71115197E-09     -0.72268483E-09     -0.11928534E-03     -0.42499939E-03
    1602     -0.71115431E-09     -0.72268483E-09     -0.11938601E-03     -0.42499939E-03
    1603     -0.71120764E-09     -0.72268483E-09     -0.11954906E-03     -0.42499939E-03
    1604     -0.71126091E-09     -0.72268483E-09     -0.11971211E-03     -0.42499939E-03
    1605     -0.71126442E-09     -0.72268483E-09     -0.11973728E-03     -0.42499939E-03
    1606     -0.71126793E-09     -0.72268483E-09     -0.11976248E-03     -0.42499939E-03
    1607     -0.71127430E-09     -0.72268483E-09     -0.11979568E-03     -0.42499939E-03
    1608     -0.71128084E-09     -0.72268483E-09     -0.11982919E-03     -0.42499939E-03
    1609     -0.71128538E-09     -0.72268483E-09     -0.11988847E-03     -0.42499939E-03
    1610     -0.71128926E-09     -0.72268483E-09     -0.11994605E-03     -0.42499939E-03
    1611     -0.71132331E-09     -0.72268483E-09     -0.12007899E-03     -0.42499939E-03
    1612     -0.71135857E-09     -0.72268483E-09     -0.12021537E-03     -0.42499939E-03
    1613     -0.71136082E-09     -0.72268483E-09     -0.12022957E-03     -0.42499939E-03
    1614     -0.71140098E-09     -0.72268483E-09     -0.12036650E-03     -0.42499939E-03
    1615     -0.71144246E-09     -0.72268483E-09     -0.12051036E-03     -0.42499939E-03
    1616     -0.71144563E-09     -0.72268483E-09     -0.12053347E-03     -0.42499939E-03
    1617     -0.71144738E-09     -0.72268483E-09     -0.12054570E-03     -0.42499939E-03
    1618     -0.71144995E-09     -0.72268483E-09     -0.12056071E-03     -0.42499939E-03
    1619     -0.71145265E-09     -0.72268483E-09     -0.12060406E-03     -0.42499939E-03
    1620     -0.71145637E-09     -0.72268483E-09     -0.12069361E-03     -0.42499939E-03
    1621     -0.71145923E-09     -0.72268483E-09     -0.12075578E-03     -0.42499939E-03
    1622     -0.71146237E-09     -0.72268483E-09     -0.12079564E-03     -0.42499939E-03
    1623     -0.71146631E-09     -0.72268483E-09     -0.12084019E-03     -0.42499939E-03
    1624     -0.71147089E-09     -0.72268483E-09     -0.12087272E-03     -0.42499939E-03
    1625     -0.71147572E-09     -0.72268483E-09     -0.12090509E-03     -0.42499939E-03
    1626     -0.71148163E-09     -0.72268483E-09     -0.12094160E-03     -0.42499939E-03
    1627     -0.71148647E-09     -0.72268483E-09     -0.12097588E-03     -0.42499939E-03
    1628     -0.71149243E-09     -0.72268483E-09     -0.12103934E-03     -0.42499939E-03
    1629     -0.71149901E-09     -0.72268483E-09     -0.12110173E-03     -0.42499939E-03
    1630     -0.71150192E-09     -0.72268483E-09     -0.12112145E-03     -0.42499939E-03
    1631     -0.71150412E-09     -0.72268483E-09     -0.12113806E-03     -0.42499939E-03
    1632     -0.71150595E-09     -0.72268483E-09     -0.12115280E-03     -0.42499939E-03
    1633     -0.71150692E-09     -0.72268483E-09     -0.12116235E-03     -0.42499939E-03
    1634     -0.71150866E-09     -0.72268483E-09     -0.12117679E-03     -0.42499939E-03
    1635     -0.71152308E-09     -0.72268483E-09     -0.12124757E-03     -0.42499939E-03
    1636     -0.71153934E-09     -0.72268483E-09     -0.12132886E-03     -0.42499939E-03
    1637     -0.71154412E-09     -0.72268483E-09     -0.12135795E-03     -0.42499939E-03
    1638     -0.71154792E-09     -0.72268483E-09     -0.12138042E-03     -0.42499939E-03
    1639     -0.71155048E-09     -0.72268483E-09     -0.12141785E-03     -0.42499939E-03
    1640     -0.71155346E-09     -0.72268483E-09     -0.12144944E-03     -0.42499939E-03
    1641     -0.71156099E-09     -0.72268483E-09     -0.12148828E-03     -0.42499939E-03
    1642     -0.71156731E-09     -0.72268483E-09     -0.12152066E-03     -0.42499939E-03
    1643     -0.71157275E-09     -0.72268483E-09     -0.12154770E-03     -0.42499939E-03
    1644     -0.71157908E-09     -0.72268483E-09     -0.12158172E-03     -0.42499939E-03
    1645     -0.71158158E-09     -0.72268483E-09     -0.12159836E-03     -0.42499939E-03
    1646     -0.71158463E-09     -0.72268483E-09     -0.12161780E-03     -0.42499939E-03
    1647     -0.71158625E-09     -0.72268483E-09     -0.12163136E-03     -0.42499939E-03
    1648     -0.71158805E-09     -0.72268483E-09     -0.12164212E-03     -0.42499939E-03
    1649     -0.71159093E-09     -0.72268483E-09     -0.12165838E-03     -0.42499939E-03
    1650     -0.71159637E-09     -0.72268483E-09     -0.12168995E-03     -0.42499939E-03
    1651     -0.71160291E-09     -0.72268483E-09     -0.12172125E-03     -0.42499939E-03
    1652     -0.71160793E-09     -0.72268483E-09     -0.12175976E-03     -0.42499939E-03
    1653     -0.71162043E-09     -0.72268483E-09     -0.12184801E-03     -0.42499939E-03
    1654     -0.71163067E-09     -0.72268483E-09     -0.12190690E-03     -0.42499939E-03
    1655     -0.71163511E-09     -0.72268483E-09     -0.12193263E-03     -0.42499939E-03
    1656     -0.71163966E-09     -0.72268483E-09     -0.12195876E-03     -0.42499939E-03
    1657     -0.71164697E-09     -0.72268483E-09     -0.12200328E-03     -0.42499939E-03
    1658     -0.71165456E-09     -0.72268483E-09     -0.12204912E-03     -0.42499939E-03
    1659     -0.71166125E-09     -0.72268483E-09     -0.12215531E-03     -0.42499939E-03
    1660     -0.71166793E-09     -0.72268483E-09     -0.12226161E-03     -0.42499939E-03
    1661     -0.71166885E-09     -0.72268483E-09     -0.12227943E-03     -0.42499939E-03
    1662     -0.71166977E-09     -0.72268483E-09     -0.12229724E-03     -0.42499939E-03
    1663     -0.71168198E-09     -0.72268483E-09     -0.12236692E-03     -0.42499939E-03
    1664     -0.71169417E-09     -0.72268483E-09     -0.12243640E-03     -0.42499939E-03
    1665     -0.71169890E-09     -0.72268483E-09     -0.12245114E-03     -0.42499939E-03
    1666     -0.71170363E-09     -0.72268483E-09     -0.12246586E-03     -0.42499939E-03
    1667     -0.71170874E-09     -0.72268483E-09     -0.12249189E-03     -0.42499939E-03
    1668     -0.71171375E-09     -0.72268483E-09     -0.12251754E-03     -0.42499939E-03
    1669     -0.71171741E-09     -0.72268483E-09     -0.12254574E-03     -0.42499939E-03
    1670     -0.71172067E-09     -0.72268483E-09     -0.12257300E-03     -0.42499939E-03
    1671     -0.71174666E-09     -0.72268483E-09     -0.12271893E-03     -0.42499939E-03
    1672     -0.71177272E-09     -0.72268483E-09     -0.12286397E-03     -0.42499939E-03
    1673     -0.71177310E-09     -0.72268483E-09     -0.12286952E-03     -0.42499939E-03
    1674     -0.71177346E-09     -0.72268483E-09     -0.12287482E-03     -0.42499939E-03
    1675     -0.71177581E-09     -0.72268483E-09     -0.12289125E-03     -0.42499939E-03
    1676     -0.71177824E-09     -0.72268483E-09     -0.12290744E-03     -0.42499939E-03
    1677     -0.71178890E-09     -0.72268483E-09     -0.12295484E-03     -0.42499939E-03
    1678     -0.71180028E-09     -0.72268483E-09     -0.12300348E-03     -0.42499939E-03
    1679     -0.71181155E-09     -0.72268483E-09     -0.12304775E-03     -0.42499939E-03
    1680     -0.71182116E-09     -0.72268483E-09     -0.12308356E-03     -0.42499939E-03
    1681     -0.71182271E-09     -0.72268483E-09     -0.12309702E-03     -0.42499939E-03
    1682     -0.71182478E-09     -0.72268483E-09     -0.12311492E-03     -0.42499939E-03
    1683     -0.71183861E-09     -0.72268483E-09     -0.12317642E-03     -0.42499939E-03
    1684     -0.71185206E-09     -0.72268483E-09     -0.12322999E-03     -0.42499939E-03
    1685     -0.71185304E-09     -0.72268483E-09     -0.12323796E-03     -0.42499939E-03
    1686     -0.71185570E-09     -0.72268483E-09     -0.12325771E-03     -0.42499939E-03
    1687     -0.71185960E-09     -0.72268483E-09     -0.12328514E-03     -0.42499939E-03
    1688     -0.71186416E-09     -0.72268483E-09     -0.12331014E-03     -0.42499939E-03
    1689     -0.71187545E-09     -0.72268483E-09     -0.12337098E-03     -0.42499939E-03
    1690     -0.71188510E-09     -0.72268483E-09     -0.12342854E-03     -0.42499939E-03
    1691     -0.71188677E-09     -0.72268483E-09     -0.12344063E-03     -0.42499939E-03
    1692     -0.71188930E-09     -0.72268483E-09     -0.12345685E-03     -0.42499939E-03
    1693     -0.71190646E-09     -0.72268483E-09     -0.12356180E-03     -0.42499939E-03
    1694     -0.71192362E-09     -0.72268483E-09     -0.12366677E-03     -0.42499939E-03
    1695     -0.71192483E-09     -0.72268483E-09     -0.12367663E-03     -0.42499939E-03
    1696     -0.71192793E-09     -0.72268483E-09     -0.12370118E-03     -0.42499939E-03
    1697     -0.71193102E-09     -0.72268483E-09     -0.12372773E-03     -0.42499939E-03
    1698     -0.71193531E-09     -0.72268483E-09     -0.12376169E-03     -0.42499939E-03
    1699     -0.71193642E-09     -0.72268483E-09     -0.12377638E-03     -0.42499939E-03
    1700     -0.71193980E-09     -0.72268483E-09     -0.12380290E-03     -0.42499939E-03
    1701     -0.71196167E-09     -0.72268483E-09     -0.12392025E-03     -0.42499939E-03
    1702     -0.71198143E-09     -0.72268483E-09     -0.12402199E-03     -0.42499939E-03
    1703     -0.71199214E-09     -0.72268483E-09     -0.12410603E-03     -0.42499939E-03
    1704     -0.71200279E-09     -0.72268483E-09     -0.12418967E-03     -0.42499939E-03
    1705     -0.71200332E-09     -0.72268483E-09     -0.12419739E-03     -0.42499939E-03
    1706     -0.71200382E-09     -0.72268483E-09     -0.12420506E-03     -0.42499939E-03
    1707     -0.71200583E-09     -0.72268483E-09     -0.12421892E-03     -0.42499939E-03
    1708     -0.71200754E-09     -0.72268483E-09     -0.12423096E-03     -0.42499939E-03
    1709     -0.71200931E-09     -0.72268483E-09     -0.12424690E-03     -0.42499939E-03
    1710     -0.71201109E-09     -0.72268483E-09     -0.12426219E-03     -0.42499939E-03
    1711     -0.71201262E-09     -0.72268483E-09     -0.12427368E-03     -0.42499939E-03
    1712     -0.71202114E-09     -0.72268483E-09     -0.12433569E-03     -0.42499939E-03
    1713     -0.71203101E-09     -0.72268483E-09     -0.12440730E-03     -0.42499939E-03
    1714     -0.71203450E-09     -0.72268483E-09     -0.12442808E-03     -0.42499939E-03
    1715     -0.71203699E-09     -0.72268483E-09     -0.12444683E-03     -0.42499939E-03
    1716     -0.71203944E-09     -0.72268483E-09     -0.12446560E-03     -0.42499939E-03
    1717     -0.71204334E-09     -0.72268483E-09     -0.12448396E-03     -0.42499939E-03
    1718     -0.71204899E-09     -0.72268483E-09     -0.12458740E-03     -0.42499939E-03
    1719     -0.71205486E-09     -0.72268483E-09     -0.12469563E-03     -0.42499939E-03
    1720     -0.71205740E-09     -0.72268483E-09     -0.12471689E-03     -0.42499939E-03
    1721     -0.71206120E-09     -0.72268483E-09     -0.12475500E-03     -0.42499939E-03
    1722     -0.71206357E-09     -0.72268483E-09     -0.12477998E-03     -0.42499939E-03
    1723     -0.71207115E-09     -0.72268483E-09     -0.12483877E-03     -0.42499939E-03
    1724     -0.71207796E-09     -0.72268483E-09     -0.12488834E-03     -0.42499939E-03
    1725     -0.71208012E-09     -0.72268483E-09     -0.12491167E-03     -0.42499939E-03
    1726     -0.71208230E-09     -0.72268483E-09     -0.12493596E-03     -0.42499939E-03
    1727     -0.71208342E-09     -0.72268483E-09     -0.12494591E-03     -0.42499939E-03
    1728     -0.71208454E-09     -0.72268483E-09     -0.12495577E-03     -0.42499939E-03
    1729     -0.71208936E-09     -0.72268483E-09     -0.12498800E-03     -0.42499939E-03
    1730     -0.71209417E-09     -0.72268483E-09     -0.12502250E-03     -0.42499939E-03
    1731     -0.71209669E-09     -0.72268483E-09     -0.12504897E-03     -0.42499939E-03
    1732     -0.71209932E-09     -0.72268483E-09     -0.12507652E-03     -0.42499939E-03
    1733     -0.71211057E-09     -0.72268483E-09     -0.12514717E-03     -0.42499939E-03
    1734     -0.71212071E-09     -0.72268483E-09     -0.12521169E-03     -0.42499939E-03
    1735     -0.71213379E-09     -0.72268483E-09     -0.12529296E-03     -0.42499939E-03
    1736     -0.71217410E-09     -0.72268483E-09     -0.12551790E-03     -0.42499939E-03
    1737     -0.71219993E-09     -0.72268483E-09     -0.12565654E-03     -0.42499939E-03
    1738     -0.71221300E-09     -0.72268483E-09     -0.12571240E-03     -0.42499939E-03
    1739     -0.71223046E-09     -0.72268483E-09     -0.12580773E-03     -0.42499939E-03
    1740     -0.71223404E-09     -0.72268483E-09     -0.12584147E-03     -0.42499939E-03
    1741     -0.71226006E-09     -0.72268483E-09     -0.12596918E-03     -0.42499939E-03
    1742     -0.71228632E-09     -0.72268483E-09     -0.12609427E-03     -0.42499939E-03
    1743     -0.71229813E-09     -0.72268483E-09     -0.12616445E-03     -0.42499939E-03
    1744     -0.71230972E-09     -0.72268483E-09     -0.12623080E-03     -0.42499939E-03
    1745     -0.71232252E-09     -0.72268483E-09     -0.12632659E-03     -0.42499939E-03
    1746     -0.71233635E-09     -0.72268483E-09     -0.12643027E-03     -0.42499939E-03
    1747     -0.71234119E-09     -0.72268483E-09     -0.12646729E-03     -0.42499939E-03
    1748     -0.71234589E-09     -0.72268483E-09     -0.12650403E-03     -0.42499939E-03
    1749     -0.71234806E-09     -0.72268483E-09     -0.12652486E-03     -0.42499939E-03
    1750     -0.71235025E-09     -0.72268483E-09     -0.12654433E-03     -0.42499939E-03
    1751     -0.71235201E-09     -0.72268483E-09     -0.12655662E-03     -0.42499939E-03
    1752     -0.71235516E-09     -0.72268483E-09     -0.12658090E-03     -0.42499939E-03
    1753     -0.71235769E-09     -0.72268483E-09     -0.12659904E-03     -0.42499939E-03
    1754     -0.71237189E-09     -0.72268483E-09     -0.12670698E-03     -0.42499939E-03
    1755     -0.71238809E-09     -0.72268483E-09     -0.12682883E-03     -0.42499939E-03
    1756     -0.71239328E-09     -0.72268483E-09     -0.12686227E-03     -0.42499939E-03
    1757     -0.71239658E-09     -0.72268483E-09     -0.12690035E-03     -0.42499939E-03
    1758     -0.71239983E-09     -0.72268483E-09     -0.12693860E-03     -0.42499939E-03
    1759     -0.71241169E-09     -0.72268483E-09     -0.12705901E-03     -0.42499939E-03
    1760     -0.71242358E-09     -0.72268483E-09     -0.12717893E-03     -0.42499939E-03
    1761     -0.71242704E-09     -0.72268483E-09     -0.12720096E-03     -0.42499939E-03
    1762     -0.71243028E-09     -0.72268483E-09     -0.12722403E-03     -0.42499939E-03
    1763     -0.71245890E-09     -0.72268483E-09     -0.12744397E-03     -0.42499939E-03
    1764     -0.71248556E-09     -0.72268483E-09     -0.12765458E-03     -0.42499939E-03
    1765     -0.71248819E-09     -0.72268483E-09     -0.12769008E-03     -0.42499939E-03
    1766     -0.71248951E-09     -0.72268483E-09     -0.12772156E-03     -0.42499939E-03
    1767     -0.71249214E-09     -0.72268483E-09     -0.12774690E-03     -0.42499939E-03
    1768     -0.71249841E-09     -0.72268483E-09     -0.12778812E-03     -0.42499939E-03
    1769     -0.71250406E-09     -0.72268483E-09     -0.12782319E-03     -0.42499939E-03
    1770     -0.71250970E-09     -0.72268483E-09     -0.12785852E-03     -0.42499939E-03
    1771     -0.71251037E-09     -0.72268483E-09     -0.12786655E-03     -0.42499939E-03
    1772     -0.71251284E-09     -0.72268483E-09     -0.12788606E-03     -0.42499939E-03
    1773     -0.71251543E-09     -0.72268483E-09     -0.12790579E-03     -0.42499939E-03
    1774     -0.71251645E-09     -0.72268483E-09     -0.12791468E-03     -0.42499939E-03
    1775     -0.71252756E-09     -0.72268483E-09     -0.12800258E-03     -0.42499939E-03
    1776     -0.71253857E-09     -0.72268483E-09     -0.12808950E-03     -0.42499939E-03
    1777     -0.71254047E-09     -0.72268483E-09     -0.12810307E-03     -0.42499939E-03
    1778     -0.71254385E-09     -0.72268483E-09     -0.12811958E-03     -0.42499939E-03
    1779     -0.71254821E-09     -0.72268483E-09     -0.12814412E-03     -0.42499939E-03
    1780     -0.71255276E-09     -0.72268483E-09     -0.12819424E-03     -0.42499939E-03
    1781     -0.71255900E-09     -0.72268483E-09     -0.12832856E-03     -0.42499939E-03
    1782     -0.71256256E-09     -0.72268483E-09     -0.12842621E-03     -0.42499939E-03
    1783     -0.71256666E-09     -0.72268483E-09     -0.12845807E-03     -0.42499939E-03
    1784     -0.71257077E-09     -0.72268483E-09     -0.12849024E-03     -0.42499939E-03
    1785     -0.71258960E-09     -0.72268483E-09     -0.12864835E-03     -0.42499939E-03
    1786     -0.71260877E-09     -0.72268483E-09     -0.12880926E-03     -0.42499939E-03
    1787     -0.71261305E-09     -0.72268483E-09     -0.12883871E-03     -0.42499939E-03
    1788     -0.71261732E-09     -0.72268483E-09     -0.12886800E-03     -0.42499939E-03
    1789     -0.71262150E-09     -0.72268483E-09     -0.12889548E-03     -0.42499939E-03
    1790     -0.71262581E-09     -0.72268483E-09     -0.12892409E-03     -0.42499939E-03
    1791     -0.71264044E-09     -0.72268483E-09     -0.12903592E-03     -0.42499939E-03
    1792     -0.71265480E-09     -0.72268483E-09     -0.12914532E-03     -0.42499939E-03
    1793     -0.71266429E-09     -0.72268483E-09     -0.12925059E-03     -0.42499939E-03
    1794     -0.71267374E-09     -0.72268483E-09     -0.12935585E-03     -0.42499939E-03
    1795     -0.71267808E-09     -0.72268483E-09     -0.12940559E-03     -0.42499939E-03
    1796     -0.71268214E-09     -0.72268483E-09     -0.12944788E-03     -0.42499939E-03
    1797     -0.71268658E-09     -0.72268483E-09     -0.12948466E-03     -0.42499939E-03
    1798     -0.71269150E-09     -0.72268483E-09     -0.12952731E-03     -0.42499939E-03
    1799     -0.71269348E-09     -0.72268483E-09     -0.12954658E-03     -0.42499939E-03
    1800     -0.71269526E-09     -0.72268483E-09     -0.12956320E-03     -0.42499939E-03
    1801     -0.71270010E-09     -0.72268483E-09     -0.12960318E-03     -0.42499939E-03
    1802     -0.71270645E-09     -0.72268483E-09     -0.12968938E-03     -0.42499939E-03
    1803     -0.71271441E-09     -0.72268483E-09     -0.12981027E-03     -0.42499939E-03
    1804     -0.71272064E-09     -0.72268483E-09     -0.12988472E-03     -0.42499939E-03
    1805     -0.71272356E-09     -0.72268483E-09     -0.12992422E-03     -0.42499939E-03
    1806     -0.71272493E-09     -0.72268483E-09     -0.12994220E-03     -0.42499939E-03
    1807     -0.71272772E-09     -0.72268483E-09     -0.12997491E-03     -0.42499939E-03
    1808     -0.71272824E-09     -0.72268483E-09     -0.12998149E-03     -0.42499939E-03
    1809     -0.71273299E-09     -0.72268483E-09     -0.13006477E-03     -0.42499939E-03
    1810     -0.71273787E-09     -0.72268483E-09     -0.13014922E-03     -0.42499939E-03
    1811     -0.71278320E-09     -0.72268483E-09     -0.13034881E-03     -0.42499939E-03
    1812     -0.71282850E-09     -0.72268483E-09     -0.13054889E-03     -0.42499939E-03
    1813     -0.71283199E-09     -0.72268483E-09     -0.13059594E-03     -0.42499939E-03
    1814     -0.71283484E-09     -0.72268483E-09     -0.13063176E-03     -0.42499939E-03
    1815     -0.71283919E-09     -0.72268483E-09     -0.13067237E-03     -0.42499939E-03
    1816     -0.71284122E-09     -0.72268483E-09     -0.13069323E-03     -0.42499939E-03
    1817     -0.71284503E-09     -0.72268483E-09     -0.13072199E-03     -0.42499939E-03
    1818     -0.71284862E-09     -0.72268483E-09     -0.13075207E-03     -0.42499939E-03
    1819     -0.71285575E-09     -0.72268483E-09     -0.13078825E-03     -0.42499939E-03
    1820     -0.71286232E-09     -0.72268483E-09     -0.13082149E-03     -0.42499939E-03
    1821     -0.71286369E-09     -0.72268483E-09     -0.13084032E-03     -0.42499939E-03
    1822     -0.71286526E-09     -0.72268483E-09     -0.13085744E-03     -0.42499939E-03
    1823     -0.71286959E-09     -0.72268483E-09     -0.13089255E-03     -0.42499939E-03
    1824     -0.71287438E-09     -0.72268483E-09     -0.13093765E-03     -0.42499939E-03
    1825     -0.71288066E-09     -0.72268483E-09     -0.13097469E-03     -0.42499939E-03
    1826     -0.71288702E-09     -0.72268483E-09     -0.13101199E-03     -0.42499939E-03
    1827     -0.71289270E-09     -0.72268483E-09     -0.13106475E-03     -0.42499939E-03
    1828     -0.71290057E-09     -0.72268483E-09     -0.13114637E-03     -0.42499939E-03
    1829     -0.71290438E-09     -0.72268483E-09     -0.13120304E-03     -0.42499939E-03
    1830     -0.71290720E-09     -0.72268483E-09     -0.13123985E-03     -0.42499939E-03
    1831     -0.71291136E-09     -0.72268483E-09     -0.13127744E-03     -0.42499939E-03
    1832     -0.71291442E-09     -0.72268483E-09     -0.13130692E-03     -0.42499939E-03
    1833     -0.71291670E-09     -0.72268483E-09     -0.13132103E-03     -0.42499939E-03
    1834     -0.71291727E-09     -0.72268483E-09     -0.13132976E-03     -0.42499939E-03
    1835     -0.71291844E-09     -0.72268483E-09     -0.13134501E-03     -0.42499939E-03
    1836     -0.71291974E-09     -0.72268483E-09     -0.13136559E-03     -0.42499939E-03
    1837     -0.71292233E-09     -0.72268483E-09     -0.13139966E-03     -0.42499939E-03
    1838     -0.71292553E-09     -0.72268483E-09     -0.13143595E-03     -0.42499939E-03
    1839     -0.71292747E-09     -0.72268483E-09     -0.13146066E-03     -0.42499939E-03
    1840     -0.71292846E-09     -0.72268483E-09     -0.13147427E-03     -0.42499939E-03
    1841     -0.71293198E-09     -0.72268483E-09     -0.13153846E-03     -0.42499939E-03
    1842     -0.71293748E-09     -0.72268483E-09     -0.13162717E-03     -0.42499939E-03
    1843     -0.71294202E-09     -0.72268483E-09     -0.13167182E-03     -0.42499939E-03
    1844     -0.71294525E-09     -0.72268483E-09     -0.13170261E-03     -0.42499939E-03
    1845     -0.71294873E-09     -0.72268483E-09     -0.13172786E-03     -0.42499939E-03
    1846     -0.71295212E-09     -0.72268483E-09     -0.13175681E-03     -0.42499939E-03
    1847     -0.71295388E-09     -0.72268483E-09     -0.13178287E-03     -0.42499939E-03
    1848     -0.71295544E-09     -0.72268483E-09     -0.13180436E-03     -0.42499939E-03
    1849     -0.71295679E-09     -0.72268483E-09     -0.13182085E-03     -0.42499939E-03
    1850     -0.71295750E-09     -0.72268483E-09     -0.13183058E-03     -0.42499939E-03
    1851     -0.71295959E-09     -0.72268483E-09     -0.13184678E-03     -0.42499939E-03
    1852     -0.71296166E-09     -0.72268483E-09     -0.13186297E-03     -0.42499939E-03
    1853     -0.71296434E-09     -0.72268483E-09     -0.13188466E-03     -0.42499939E-03
    1854     -0.71296720E-09     -0.72268483E-09     -0.13190929E-03     -0.42499939E-03
    1855     -0.71296910E-09     -0.72268483E-09     -0.13192769E-03     -0.42499939E-03
    1856     -0.71297100E-09     -0.72268483E-09     -0.13194648E-03     -0.42499939E-03
    1857     -0.71297950E-09     -0.72268483E-09     -0.13211316E-03     -0.42499939E-03
    1858     -0.71298583E-09     -0.72268483E-09     -0.13224725E-03     -0.42499939E-03
    1859     -0.71298903E-09     -0.72268483E-09     -0.13229554E-03     -0.42499939E-03
    1860     -0.71298963E-09     -0.72268483E-09     -0.13230564E-03     -0.42499939E-03
    1861     -0.71299030E-09     -0.72268483E-09     -0.13231753E-03     -0.42499939E-03
    1862     -0.71299095E-09     -0.72268483E-09     -0.13232930E-03     -0.42499939E-03
    1863     -0.71299432E-09     -0.72268483E-09     -0.13236123E-03     -0.42499939E-03
    1864     -0.71299767E-09     -0.72268483E-09     -0.13239273E-03     -0.42499939E-03
    1865     -0.71300002E-09     -0.72268483E-09     -0.13241470E-03     -0.42499939E-03
    1866     -0.71300227E-09     -0.72268483E-09     -0.13243628E-03     -0.42499939E-03
    1867     -0.71300485E-09     -0.72268483E-09     -0.13245744E-03     -0.42499939E-03
    1868     -0.71300737E-09     -0.72268483E-09     -0.13247854E-03     -0.42499939E-03
    1869     -0.71300955E-09     -0.72268483E-09     -0.13249685E-03     -0.42499939E-03
    1870     -0.71301176E-09     -0.72268483E-09     -0.13251556E-03     -0.42499939E-03
    1871     -0.71301439E-09     -0.72268483E-09     -0.13253301E-03     -0.42499939E-03
    1872     -0.71301559E-09     -0.72268483E-09     -0.13254435E-03     -0.42499939E-03
    1873     -0.71302281E-09     -0.72268483E-09     -0.13262983E-03     -0.42499939E-03
    1874     -0.71303010E-09     -0.72268483E-09     -0.13271731E-03     -0.42499939E-03
    1875     -0.71303093E-09     -0.72268483E-09     -0.13272806E-03     -0.42499939E-03
    1876     -0.71303270E-09     -0.72268483E-09     -0.13274066E-03     -0.42499939E-03
    1877     -0.71303640E-09     -0.72268483E-09     -0.13276974E-03     -0.42499939E-03
    1878     -0.71304010E-09     -0.72268483E-09     -0.13280171E-03     -0.42499939E-03
    1879     -0.71304150E-09     -0.72268483E-09     -0.13281708E-03     -0.42499939E-03
    1880     -0.71304442E-09     -0.72268483E-09     -0.13284701E-03     -0.42499939E-03
    1881     -0.71304746E-09     -0.72268483E-09     -0.13287748E-03     -0.42499939E-03
    1882     -0.71304894E-09     -0.72268483E-09     -0.13289576E-03     -0.42499939E-03
    1883     -0.71305154E-09     -0.72268483E-09     -0.13292013E-03     -0.42499939E-03
    1884     -0.71305504E-09     -0.72268483E-09     -0.13294052E-03     -0.42499939E-03
    1885     -0.71305756E-09     -0.72268483E-09     -0.13296022E-03     -0.42499939E-03
    1886     -0.71306001E-09     -0.72268483E-09     -0.13297985E-03     -0.42499939E-03
    1887     -0.71306239E-09     -0.72268483E-09     -0.13300600E-03     -0.42499939E-03
    1888     -0.71307011E-09     -0.72268483E-09     -0.13307259E-03     -0.42499939E-03
    1889     -0.71308153E-09     -0.72268483E-09     -0.13316044E-03     -0.42499939E-03
    1890     -0.71308604E-09     -0.72268483E-09     -0.13320397E-03     -0.42499939E-03
    1891     -0.71309134E-09     -0.72268483E-09     -0.13325255E-03     -0.42499939E-03
    1892     -0.71311293E-09     -0.72268483E-09     -0.13340951E-03     -0.42499939E-03
    1893     -0.71313197E-09     -0.72268483E-09     -0.13354584E-03     -0.42499939E-03
    1894     -0.71313661E-09     -0.72268483E-09     -0.13358475E-03     -0.42499939E-03
    1895     -0.71314102E-09     -0.72268483E-09     -0.13362110E-03     -0.42499939E-03
    1896     -0.71314329E-09     -0.72268483E-09     -0.13364516E-03     -0.42499939E-03
    1897     -0.71315236E-09     -0.72268483E-09     -0.13373505E-03     -0.42499939E-03
    1898     -0.71316078E-09     -0.72268483E-09     -0.13382134E-03     -0.42499939E-03
    1899     -0.71316851E-09     -0.72268483E-09     -0.13390366E-03     -0.42499939E-03
    1900     -0.71317604E-09     -0.72268483E-09     -0.13398708E-03     -0.42499939E-03
    1901     -0.71318042E-09     -0.72268483E-09     -0.13404210E-03     -0.42499939E-03
    1902     -0.71318494E-09     -0.72268483E-09     -0.13409628E-03     -0.42499939E-03
    1903     -0.71319725E-09     -0.72268483E-09     -0.13420977E-03     -0.42499939E-03
    1904     -0.71320938E-09     -0.72268483E-09     -0.13432255E-03     -0.42499939E-03
    1905     -0.71321144E-09     -0.72268483E-09     -0.13434271E-03     -0.42499939E-03
    1906     -0.71321556E-09     -0.72268483E-09     -0.13437557E-03     -0.42499939E-03
    1907     -0.71322273E-09     -0.72268483E-09     -0.13448312E-03     -0.42499939E-03
    1908     -0.71323037E-09     -0.72268483E-09     -0.13463967E-03     -0.42499939E-03
    1909     -0.71323949E-09     -0.72268483E-09     -0.13475412E-03     -0.42499939E-03
    1910     -0.71324674E-09     -0.72268483E-09     -0.13484756E-03     -0.42499939E-03
    1911     -0.71325079E-09     -0.72268483E-09     -0.13491913E-03     -0.42499939E-03
    1912     -0.71325501E-09     -0.72268483E-09     -0.13498659E-03     -0.42499939E-03
    1913     -0.71325886E-09     -0.72268483E-09     -0.13501079E-03     -0.42499939E-03
    1914     -0.71326292E-09     -0.72268483E-09     -0.13504593E-03     -0.42499939E-03
    1915     -0.71326487E-09     -0.72268483E-09     -0.13508295E-03     -0.42499939E-03
    1916     -0.71326580E-09     -0.72268483E-09     -0.13510529E-03     -0.42499939E-03
    1917     -0.71326840E-09     -0.72268483E-09     -0.13513800E-03     -0.42499939E-03
    1918     -0.71327103E-09     -0.72268483E-09     -0.13516995E-03     -0.42499939E-03
    1919     -0.71327295E-09     -0.72268483E-09     -0.13519006E-03     -0.42499939E-03
    1920     -0.71327489E-09     -0.72268483E-09     -0.13520930E-03     -0.42499939E-03
    1921     -0.71327760E-09     -0.72268483E-09     -0.13522955E-03     -0.42499939E-03
    1922     -0.71328015E-09     -0.72268483E-09     -0.13524793E-03     -0.42499939E-03
    1923     -0.71328256E-09     -0.72268483E-09     -0.13527424E-03     -0.42499939E-03
    1924     -0.71328500E-09     -0.72268483E-09     -0.13530001E-03     -0.42499939E-03
    1925     -0.71328770E-09     -0.72268483E-09     -0.13535150E-03     -0.42499939E-03
    1926     -0.71329038E-09     -0.72268483E-09     -0.13540189E-03     -0.42499939E-03
    1927     -0.71329202E-09     -0.72268483E-09     -0.13542617E-03     -0.42499939E-03
    1928     -0.71329365E-09     -0.72268483E-09     -0.13545043E-03     -0.42499939E-03
    1929     -0.71329614E-09     -0.72268483E-09     -0.13546850E-03     -0.42499939E-03
    1930     -0.71329857E-09     -0.72268483E-09     -0.13548195E-03     -0.42499939E-03
    1931     -0.71329958E-09     -0.72268483E-09     -0.13549664E-03     -0.42499939E-03
    1932     -0.71330132E-09     -0.72268483E-09     -0.13551748E-03     -0.42499939E-03
    1933     -0.71330342E-09     -0.72268483E-09     -0.13554262E-03     -0.42499939E-03
    1934     -0.71330558E-09     -0.72268483E-09     -0.13556797E-03     -0.42499939E-03
    1935     -0.71331032E-09     -0.72268483E-09     -0.13562706E-03     -0.42499939E-03
    1936     -0.71331470E-09     -0.72268483E-09     -0.13567981E-03     -0.42499939E-03
    1937     -0.71331613E-09     -0.72268483E-09     -0.13570164E-03     -0.42499939E-03
    1938     -0.71331873E-09     -0.72268483E-09     -0.13573956E-03     -0.42499939E-03
    1939     -0.71332136E-09     -0.72268483E-09     -0.13576134E-03     -0.42499939E-03
    1940     -0.71332518E-09     -0.72268483E-09     -0.13580028E-03     -0.42499939E-03
    1941     -0.71332653E-09     -0.72268483E-09     -0.13581083E-03     -0.42499939E-03
    1942     -0.71332788E-09     -0.72268483E-09     -0.13582175E-03     -0.42499939E-03
    1943     -0.71332886E-09     -0.72268483E-09     -0.13583656E-03     -0.42499939E-03
    1944     -0.71332988E-09     -0.72268483E-09     -0.13585223E-03     -0.42499939E-03
    1945     -0.71333214E-09     -0.72268483E-09     -0.13587522E-03     -0.42499939E-03
    1946     -0.71333429E-09     -0.72268483E-09     -0.13589271E-03     -0.42499939E-03
    1947     -0.71336732E-09     -0.72268483E-09     -0.13615308E-03     -0.42499939E-03
    1948     -0.71340029E-09     -0.72268483E-09     -0.13641378E-03     -0.42499939E-03
    1949     -0.71340285E-09     -0.72268483E-09     -0.13643056E-03     -0.42499939E-03
    1950     -0.71340468E-09     -0.72268483E-09     -0.13644810E-03     -0.42499939E-03
    1951     -0.71340869E-09     -0.72268483E-09     -0.13647679E-03     -0.42499939E-03
    1952     -0.71341261E-09     -0.72268483E-09     -0.13650555E-03     -0.42499939E-03
    1953     -0.71341517E-09     -0.72268483E-09     -0.13653320E-03     -0.42499939E-03
    1954     -0.71341760E-09     -0.72268483E-09     -0.13656345E-03     -0.42499939E-03
    1955     -0.71342107E-09     -0.72268483E-09     -0.13660701E-03     -0.42499939E-03
    1956     -0.71342379E-09     -0.72268483E-09     -0.13664053E-03     -0.42499939E-03
    1957     -0.71345453E-09     -0.72268483E-09     -0.13686511E-03     -0.42499939E-03
    1958     -0.71348894E-09     -0.72268483E-09     -0.13714213E-03     -0.42499939E-03
    1959     -0.71349486E-09     -0.72268483E-09     -0.13722697E-03     -0.42499939E-03
    1960     -0.71349836E-09     -0.72268483E-09     -0.13726250E-03     -0.42499939E-03
    1961     -0.71350132E-09     -0.72268483E-09     -0.13729880E-03     -0.42499939E-03
    1962     -0.71351111E-09     -0.72268483E-09     -0.13741094E-03     -0.42499939E-03
    1963     -0.71352056E-09     -0.72268483E-09     -0.13752100E-03     -0.42499939E-03
    1964     -0.71352329E-09     -0.72268483E-09     -0.13755538E-03     -0.42499939E-03
    1965     -0.71353404E-09     -0.72268483E-09     -0.13765083E-03     -0.42499939E-03
    1966     -0.71354494E-09     -0.72268483E-09     -0.13774836E-03     -0.42499939E-03
    1967     -0.71354724E-09     -0.72268483E-09     -0.13777166E-03     -0.42499939E-03
    1968     -0.71354944E-09     -0.72268483E-09     -0.13779782E-03     -0.42499939E-03
    1969     -0.71355665E-09     -0.72268483E-09     -0.13787861E-03     -0.42499939E-03
    1970     -0.71356386E-09     -0.72268483E-09     -0.13795900E-03     -0.42499939E-03
    1971     -0.71356868E-09     -0.72268483E-09     -0.13802452E-03     -0.42499939E-03
    1972     -0.71357941E-09     -0.72268483E-09     -0.13817125E-03     -0.42499939E-03
    1973     -0.71358652E-09     -0.72268483E-09     -0.13827323E-03     -0.42499939E-03
    1974     -0.71359182E-09     -0.72268483E-09     -0.13840798E-03     -0.42499939E-03
    1975     -0.71359667E-09     -0.72268483E-09     -0.13853863E-03     -0.42499939E-03
    1976     -0.71360195E-09     -0.72268483E-09     -0.13862605E-03     -0.42499939E-03
    1977     -0.71361140E-09     -0.72268483E-09     -0.13878184E-03     -0.42499939E-03
    1978     -0.71362321E-09     -0.72268483E-09     -0.13895593E-03     -0.42499939E-03
    1979     -0.71363344E-09     -0.72268483E-09     -0.13909993E-03     -0.42499939E-03
    1980     -0.71363770E-09     -0.72268483E-09     -0.13915724E-03     -0.42499939E-03
    1981     -0.71364092E-09     -0.72268483E-09     -0.13919588E-03     -0.42499939E-03
    1982     -0.71364398E-09     -0.72268483E-09     -0.13923255E-03     -0.42499939E-03
    1983     -0.71364554E-09     -0.72268483E-09     -0.13925468E-03     -0.42499939E-03
    1984     -0.71364778E-09     -0.72268483E-09     -0.13928557E-03     -0.42499939E-03
    1985     -0.71365069E-09     -0.72268483E-09     -0.13932414E-03     -0.42499939E-03
    1986     -0.71365355E-09     -0.72268483E-09     -0.13937373E-03     -0.42499939E-03
    1987     -0.71365664E-09     -0.72268483E-09     -0.13942062E-03     -0.42499939E-03
    1988     -0.71365936E-09     -0.72268483E-09     -0.13944657E-03     -0.42499939E-03
    1989     -0.71366069E-09     -0.72268483E-09     -0.13946150E-03     -0.42499939E-03
    1990     -0.71366274E-09     -0.72268483E-09     -0.13949623E-03     -0.42499939E-03
    1991     -0.71366499E-09     -0.72268483E-09     -0.13953424E-03     -0.42499939E-03
    1992     -0.71366634E-09     -0.72268483E-09     -0.13955258E-03     -0.42499939E-03
    1993     -0.71367259E-09     -0.72268483E-09     -0.13963599E-03     -0.42499939E-03
    1994     -0.71367883E-09     -0.72268483E-09     -0.13971931E-03     -0.42499939E-03
    1995     -0.71368113E-09     -0.72268483E-09     -0.13974589E-03     -0.42499939E-03
    1996     -0.71368284E-09     -0.72268483E-09     -0.13976447E-03     -0.42499939E-03
    1997     -0.71368497E-09     -0.72268483E-09     -0.13978936E-03     -0.42499939E-03
    1998     -0.71368682E-09     -0.72268483E-09     -0.13981053E-03     -0.42499939E-03
    1999     -0.71368957E-09     -0.72268483E-09     -0.13984665E-03     -0.42499939E-03
    2000     -0.71369352E-09     -0.72268483E-09     -0.13988672E-03     -0.42499939E-03
    2001     -0.71369684E-09     -0.72268483E-09     -0.13993261E-03     -0.42499939E-03
    2002     -0.71370018E-09     -0.72268483E-09     -0.13997853E-03     -0.42499939E-03
    2003     -0.71370286E-09     -0.72268483E-09     -0.14001566E-03     -0.42499939E-03
    2004     -0.71370556E-09     -0.72268483E-09     -0.14005278E-03     -0.42499939E-03
    2005     -0.71370758E-09     -0.72268483E-09     -0.14007273E-03     -0.42499939E-03
    2006     -0.71370959E-09     -0.72268483E-09     -0.14009161E-03     -0.42499939E-03
    2007     -0.71371203E-09     -0.72268483E-09     -0.14012216E-03     -0.42499939E-03
    2008     -0.71371477E-09     -0.72268483E-09     -0.14015605E-03     -0.42499939E-03
    2009     -0.71371754E-09     -0.72268483E-09     -0.14019515E-03     -0.42499939E-03
    2010     -0.71372115E-09     -0.72268483E-09     -0.14024121E-03     -0.42499939E-03
    2011     -0.71372977E-09     -0.72268483E-09     -0.14037566E-03     -0.42499939E-03
    2012     -0.71373838E-09     -0.72268483E-09     -0.14051010E-03     -0.42499939E-03
    2013     -0.71374289E-09     -0.72268483E-09     -0.14056796E-03     -0.42499939E-03
    2014     -0.71374737E-09     -0.72268483E-09     -0.14062482E-03     -0.42499939E-03
    2015     -0.71374923E-09     -0.72268483E-09     -0.14065385E-03     -0.42499939E-03
    2016     -0.71375124E-09     -0.72268483E-09     -0.14068570E-03     -0.42499939E-03
    2017     -0.71375841E-09     -0.72268483E-09     -0.14079579E-03     -0.42499939E-03
    2018     -0.71376564E-09     -0.72268483E-09     -0.14090895E-03     -0.42499939E-03
    2019     -0.71377047E-09     -0.72268483E-09     -0.14095458E-03     -0.42499939E-03
    2020     -0.71377390E-09     -0.72268483E-09     -0.14098864E-03     -0.42499939E-03
    2021     -0.71377844E-09     -0.72268483E-09     -0.14105447E-03     -0.42499939E-03
    2022     -0.71378155E-09     -0.72268483E-09     -0.14111452E-03     -0.42499939E-03
    2023     -0.71378615E-09     -0.72268483E-09     -0.14116650E-03     -0.42499939E-03
    2024     -0.71379249E-09     -0.72268483E-09     -0.14124481E-03     -0.42499939E-03
    2025     -0.71380135E-09     -0.72268483E-09     -0.14142903E-03     -0.42499939E-03
    2026     -0.71380661E-09     -0.72268483E-09     -0.14157114E-03     -0.42499939E-03
    2027     -0.71380973E-09     -0.72268483E-09     -0.14161432E-03     -0.42499939E-03
    2028     -0.71381403E-09     -0.72268483E-09     -0.14166484E-03     -0.42499939E-03
    2029     -0.71381737E-09     -0.72268483E-09     -0.14170091E-03     -0.42499939E-03
    2030     -0.71382195E-09     -0.72268483E-09     -0.14176141E-03     -0.42499939E-03
    2031     -0.71382775E-09     -0.72268483E-09     -0.14183716E-03     -0.42499939E-03
    2032     -0.71383393E-09     -0.72268483E-09     -0.14189466E-03     -0.42499939E-03
    2033     -0.71383932E-09     -0.72268483E-09     -0.14195724E-03     -0.42499939E-03
    2034     -0.71384524E-09     -0.72268483E-09     -0.14206769E-03     -0.42499939E-03
    2035     -0.71385035E-09     -0.72268483E-09     -0.14215938E-03     -0.42499939E-03
    2036     -0.71385608E-09     -0.72268483E-09     -0.14223801E-03     -0.42499939E-03
    2037     -0.71386191E-09     -0.72268483E-09     -0.14232038E-03     -0.42499939E-03
    2038     -0.71386473E-09     -0.72268483E-09     -0.14236138E-03     -0.42499939E-03
    2039     -0.71386701E-09     -0.72268483E-09     -0.14239542E-03     -0.42499939E-03
    2040     -0.71386873E-09     -0.72268483E-09     -0.14242012E-03     -0.42499939E-03
    2041     -0.71387977E-09     -0.72268483E-09     -0.14251356E-03     -0.42499939E-03
    2042     -0.71388955E-09     -0.72268483E-09     -0.14259759E-03     -0.42499939E-03
    2043     -0.71390708E-09     -0.72268483E-09     -0.14273600E-03     -0.42499939E-03
    2044     -0.71390952E-09     -0.72268483E-09     -0.14277026E-03     -0.42499939E-03
    2045     -0.71391222E-09     -0.72268483E-09     -0.14280700E-03     -0.42499939E-03
    2046     -0.71391420E-09     -0.72268483E-09     -0.14283611E-03     -0.42499939E-03
    2047     -0.71391539E-09     -0.72268483E-09     -0.14285714E-03     -0.42499939E-03
    2048     -0.71391615E-09     -0.72268483E-09     -0.14287138E-03     -0.42499939E-03
    2049     -0.71391877E-09     -0.72268483E-09     -0.14290914E-03     -0.42499939E-03
    2050     -0.71392155E-09     -0.72268483E-09     -0.14294895E-03     -0.42499939E-03
    2051     -0.71392411E-09     -0.72268483E-09     -0.14298756E-03     -0.42499939E-03
    2052     -0.71393240E-09     -0.72268483E-09     -0.14310534E-03     -0.42499939E-03
    2053     -0.71394445E-09     -0.72268483E-09     -0.14328408E-03     -0.42499939E-03
    2054     -0.71395036E-09     -0.72268483E-09     -0.14337455E-03     -0.42499939E-03
    2055     -0.71395226E-09     -0.72268483E-09     -0.14341272E-03     -0.42499939E-03
    2056     -0.71395629E-09     -0.72268483E-09     -0.14347008E-03     -0.42499939E-03
    2057     -0.71397022E-09     -0.72268483E-09     -0.14357156E-03     -0.42499939E-03
    2058     -0.71398229E-09     -0.72268483E-09     -0.14366110E-03     -0.42499939E-03
    2059     -0.71398863E-09     -0.72268483E-09     -0.14374312E-03     -0.42499939E-03
    2060     -0.71399483E-09     -0.72268483E-09     -0.14382488E-03     -0.42499939E-03
    2061     -0.71399629E-09     -0.72268483E-09     -0.14384796E-03     -0.42499939E-03
    2062     -0.71399871E-09     -0.72268483E-09     -0.14388103E-03     -0.42499939E-03
    2063     -0.71400168E-09     -0.72268483E-09     -0.14393296E-03     -0.42499939E-03
    2064     -0.71400512E-09     -0.72268483E-09     -0.14397895E-03     -0.42499939E-03
    2065     -0.71400837E-09     -0.72268483E-09     -0.14400963E-03     -0.42499939E-03
    2066     -0.71401106E-09     -0.72268483E-09     -0.14403538E-03     -0.42499939E-03
    2067     -0.71401656E-09     -0.72268483E-09     -0.14413995E-03     -0.42499939E-03
    2068     -0.71402209E-09     -0.72268483E-09     -0.14424514E-03     -0.42499939E-03
    2069     -0.71402515E-09     -0.72268483E-09     -0.14427417E-03     -0.42499939E-03
    2070     -0.71402791E-09     -0.72268483E-09     -0.14430351E-03     -0.42499939E-03
    2071     -0.71403270E-09     -0.72268483E-09     -0.14437722E-03     -0.42499939E-03
    2072     -0.71403713E-09     -0.72268483E-09     -0.14444669E-03     -0.42499939E-03
    2073     -0.71403975E-09     -0.72268483E-09     -0.14447690E-03     -0.42499939E-03
    2074     -0.71404335E-09     -0.72268483E-09     -0.14451119E-03     -0.42499939E-03
    2075     -0.71404570E-09     -0.72268483E-09     -0.14455077E-03     -0.42499939E-03
    2076     -0.71404806E-09     -0.72268483E-09     -0.14459028E-03     -0.42499939E-03
    2077     -0.71405016E-09     -0.72268483E-09     -0.14461571E-03     -0.42499939E-03
    2078     -0.71405261E-09     -0.72268483E-09     -0.14464511E-03     -0.42499939E-03
    2079     -0.71405484E-09     -0.72268483E-09     -0.14467930E-03     -0.42499939E-03
    2080     -0.71405857E-09     -0.72268483E-09     -0.14474080E-03     -0.42499939E-03
    2081     -0.71406107E-09     -0.72268483E-09     -0.14477209E-03     -0.42499939E-03
    2082     -0.71406356E-09     -0.72268483E-09     -0.14480052E-03     -0.42499939E-03
    2083     -0.71406625E-09     -0.72268483E-09     -0.14483521E-03     -0.42499939E-03
    2084     -0.71407011E-09     -0.72268483E-09     -0.14489743E-03     -0.42499939E-03
    2085     -0.71407547E-09     -0.72268483E-09     -0.14495935E-03     -0.42499939E-03
    2086     -0.71408090E-09     -0.72268483E-09     -0.14502989E-03     -0.42499939E-03
    2087     -0.71408519E-09     -0.72268483E-09     -0.14512767E-03     -0.42499939E-03
    2088     -0.71408965E-09     -0.72268483E-09     -0.14523314E-03     -0.42499939E-03
    2089     -0.71409245E-09     -0.72268483E-09     -0.14525729E-03     -0.42499939E-03
    2090     -0.71409600E-09     -0.72268483E-09     -0.14534083E-03     -0.42499939E-03
    2091     -0.71409905E-09     -0.72268483E-09     -0.14541674E-03     -0.42499939E-03
    2092     -0.71410034E-09     -0.72268483E-09     -0.14543508E-03     -0.42499939E-03
    2093     -0.71410197E-09     -0.72268483E-09     -0.14545246E-03     -0.42499939E-03
    2094     -0.71410413E-09     -0.72268483E-09     -0.14547280E-03     -0.42499939E-03
    2095     -0.71410778E-09     -0.72268483E-09     -0.14552809E-03     -0.42499939E-03
    2096     -0.71411185E-09     -0.72268483E-09     -0.14558135E-03     -0.42499939E-03
    2097     -0.71412543E-09     -0.72268483E-09     -0.14578525E-03     -0.42499939E-03
    2098     -0.71413809E-09     -0.72268483E-09     -0.14597401E-03     -0.42499939E-03
    2099     -0.71414342E-09     -0.72268483E-09     -0.14604897E-03     -0.42499939E-03
    2100     -0.71414850E-09     -0.72268483E-09     -0.14611991E-03     -0.42499939E-03
    2101     -0.71416260E-09     -0.72268483E-09     -0.14640052E-03     -0.42499939E-03
    2102     -0.71418199E-09     -0.72268483E-09     -0.14675660E-03     -0.42499939E-03
    2103     -0.71419081E-09     -0.72268483E-09     -0.14688138E-03     -0.42499939E-03
    2104     -0.71419592E-09     -0.72268483E-09     -0.14695968E-03     -0.42499939E-03
    2105     -0.71419770E-09     -0.72268483E-09     -0.14699308E-03     -0.42499939E-03
    2106     -0.71419951E-09     -0.72268483E-09     -0.14701820E-03     -0.42499939E-03
    2107     -0.71420349E-09     -0.72268483E-09     -0.14706311E-03     -0.42499939E-03
    2108     -0.71420648E-09     -0.72268483E-09     -0.14710757E-03     -0.42499939E-03
    2109     -0.71421300E-09     -0.72268483E-09     -0.14719911E-03     -0.42499939E-03
    2110     -0.71421966E-09     -0.72268483E-09     -0.14729356E-03     -0.42499939E-03
    2111     -0.71422178E-09     -0.72268483E-09     -0.14732129E-03     -0.42499939E-03
    2112     -0.71422433E-09     -0.72268483E-09     -0.14734191E-03     -0.42499939E-03
    2113     -0.71422792E-09     -0.72268483E-09     -0.14736835E-03     -0.42499939E-03
    2114     -0.71423180E-09     -0.72268483E-09     -0.14742544E-03     -0.42499939E-03
    2115     -0.71423684E-09     -0.72268483E-09     -0.14752731E-03     -0.42499939E-03
    2116     -0.71424182E-09     -0.72268483E-09     -0.14761536E-03     -0.42499939E-03
    2117     -0.71424820E-09     -0.72268483E-09     -0.14771122E-03     -0.42499939E-03
    2118     -0.71425343E-09     -0.72268483E-09     -0.14779835E-03     -0.42499939E-03
    2119     -0.71426866E-09     -0.72268483E-09     -0.14797971E-03     -0.42499939E-03
    2120     -0.71428438E-09     -0.72268483E-09     -0.14816177E-03     -0.42499939E-03
    2121     -0.71428843E-09     -0.72268483E-09     -0.14822719E-03     -0.42499939E-03
    2122     -0.71429454E-09     -0.72268483E-09     -0.14834462E-03     -0.42499939E-03
    2123     -0.71429666E-09     -0.72268483E-09     -0.14837213E-03     -0.42499939E-03
    2124     -0.71430115E-09     -0.72268483E-09     -0.14844789E-03     -0.42499939E-03
    2125     -0.71430606E-09     -0.72268483E-09     -0.14851042E-03     -0.42499939E-03
    2126     -0.71431133E-09     -0.72268483E-09     -0.14856743E-03     -0.42499939E-03
    2127     -0.71431305E-09     -0.72268483E-09     -0.14859051E-03     -0.42499939E-03
    2128     -0.71431472E-09     -0.72268483E-09     -0.14861274E-03     -0.42499939E-03
    2129     -0.71431602E-09     -0.72268483E-09     -0.14862764E-03     -0.42499939E-03
    2130     -0.71431663E-09     -0.72268483E-09     -0.14863577E-03     -0.42499939E-03
    2131     -0.71431863E-09     -0.72268483E-09     -0.14865589E-03     -0.42499939E-03
    2132     -0.71432076E-09     -0.72268483E-09     -0.14868321E-03     -0.42499939E-03
    2133     -0.71432356E-09     -0.72268483E-09     -0.14871606E-03     -0.42499939E-03
    2134     -0.71432624E-09     -0.72268483E-09     -0.14874825E-03     -0.42499939E-03
    2135     -0.71432860E-09     -0.72268483E-09     -0.14878410E-03     -0.42499939E-03
    2136     -0.71433150E-09     -0.72268483E-09     -0.14882336E-03     -0.42499939E-03
    2137     -0.71433398E-09     -0.72268483E-09     -0.14886345E-03     -0.42499939E-03
    2138     -0.71433748E-09     -0.72268483E-09     -0.14890027E-03     -0.42499939E-03
    2139     -0.71433843E-09     -0.72268483E-09     -0.14891934E-03     -0.42499939E-03
    2140     -0.71433949E-09     -0.72268483E-09     -0.14893711E-03     -0.42499939E-03
    2141     -0.71434063E-09     -0.72268483E-09     -0.14895156E-03     -0.42499939E-03
    2142     -0.71434178E-09     -0.72268483E-09     -0.14896615E-03     -0.42499939E-03
    2143     -0.71434405E-09     -0.72268483E-09     -0.14899994E-03     -0.42499939E-03
    2144     -0.71434631E-09     -0.72268483E-09     -0.14903389E-03     -0.42499939E-03
    2145     -0.71434916E-09     -0.72268483E-09     -0.14906387E-03     -0.42499939E-03
    2146     -0.71435058E-09     -0.72268483E-09     -0.14908126E-03     -0.42499939E-03
    2147     -0.71435195E-09     -0.72268483E-09     -0.14909552E-03     -0.42499939E-03
    2148     -0.71435503E-09     -0.72268483E-09     -0.14912194E-03     -0.42499939E-03
    2149     -0.71435850E-09     -0.72268483E-09     -0.14917421E-03     -0.42499939E-03
    2150     -0.71436278E-09     -0.72268483E-09     -0.14923373E-03     -0.42499939E-03
    2151     -0.71436465E-09     -0.72268483E-09     -0.14925401E-03     -0.42499939E-03
    2152     -0.71436688E-09     -0.72268483E-09     -0.14927542E-03     -0.42499939E-03
    2153     -0.71436821E-09     -0.72268483E-09     -0.14929798E-03     -0.42499939E-03
    2154     -0.71436935E-09     -0.72268483E-09     -0.14932347E-03     -0.42499939E-03
    2155     -0.71437071E-09     -0.72268483E-09     -0.14934290E-03     -0.42499939E-03
    2156     -0.71437203E-09     -0.72268483E-09     -0.14936242E-03     -0.42499939E-03
    2157     -0.71437500E-09     -0.72268483E-09     -0.14938867E-03     -0.42499939E-03
    2158     -0.71437612E-09     -0.72268483E-09     -0.14940291E-03     -0.42499939E-03
    2159     -0.71437702E-09     -0.72268483E-09     -0.14941885E-03     -0.42499939E-03
    2160     -0.71438003E-09     -0.72268483E-09     -0.14945291E-03     -0.42499939E-03
    2161     -0.71438253E-09     -0.72268483E-09     -0.14948948E-03     -0.42499939E-03
    2162     -0.71438528E-09     -0.72268483E-09     -0.14953008E-03     -0.42499939E-03
    2163     -0.71438888E-09     -0.72268483E-09     -0.14957619E-03     -0.42499939E-03
    2164     -0.71439237E-09     -0.72268483E-09     -0.14962511E-03     -0.42499939E-03
    2165     -0.71439521E-09     -0.72268483E-09     -0.14966087E-03     -0.42499939E-03
    2166     -0.71439938E-09     -0.72268483E-09     -0.14973104E-03     -0.42499939E-03
    2167     -0.71440353E-09     -0.72268483E-09     -0.14980006E-03     -0.42499939E-03
    2168     -0.71440739E-09     -0.72268483E-09     -0.14985590E-03     -0.42499939E-03
    2169     -0.71441143E-09     -0.72268483E-09     -0.14991949E-03     -0.42499939E-03
    2170     -0.71441447E-09     -0.72268483E-09     -0.14996965E-03     -0.42499939E-03
    2171     -0.71441719E-09     -0.72268483E-09     -0.15001076E-03     -0.42499939E-03
    2172     -0.71441993E-09     -0.72268483E-09     -0.15005068E-03     -0.42499939E-03
    2173     -0.71442282E-09     -0.72268483E-09     -0.15009466E-03     -0.42499939E-03
    2174     -0.71442546E-09     -0.72268483E-09     -0.15013502E-03     -0.42499939E-03
    2175     -0.71442839E-09     -0.72268483E-09     -0.15016710E-03     -0.42499939E-03
    2176     -0.71443373E-09     -0.72268483E-09     -0.15023192E-03     -0.42499939E-03
    2177     -0.71443625E-09     -0.72268483E-09     -0.15026219E-03     -0.42499939E-03
    2178     -0.71444028E-09     -0.72268483E-09     -0.15031442E-03     -0.42499939E-03
    2179     -0.71444287E-09     -0.72268483E-09     -0.15035070E-03     -0.42499939E-03
    2180     -0.71444567E-09     -0.72268483E-09     -0.15039359E-03     -0.42499939E-03
    2181     -0.71444919E-09     -0.72268483E-09     -0.15047028E-03     -0.42499939E-03
    2182     -0.71445575E-09     -0.72268483E-09     -0.15059516E-03     -0.42499939E-03
    2183     -0.71446188E-09     -0.72268483E-09     -0.15069032E-03     -0.42499939E-03
    2184     -0.71446345E-09     -0.72268483E-09     -0.15071658E-03     -0.42499939E-03
    2185     -0.71448193E-09     -0.72268483E-09     -0.15095005E-03     -0.42499939E-03
    2186     -0.71450029E-09     -0.72268483E-09     -0.15117493E-03     -0.42499939E-03
    2187     -0.71451085E-09     -0.72268483E-09     -0.15131631E-03     -0.42499939E-03
    2188     -0.71452099E-09     -0.72268483E-09     -0.15144677E-03     -0.42499939E-03
    2189     -0.71452351E-09     -0.72268483E-09     -0.15148378E-03     -0.42499939E-03
    2190     -0.71452661E-09     -0.72268483E-09     -0.15153574E-03     -0.42499939E-03
    2191     -0.71453000E-09     -0.72268483E-09     -0.15157332E-03     -0.42499939E-03
    2192     -0.71453263E-09     -0.72268483E-09     -0.15161299E-03     -0.42499939E-03
    2193     -0.71454044E-09     -0.72268483E-09     -0.15175942E-03     -0.42499939E-03
    2194     -0.71454811E-09     -0.72268483E-09     -0.15190654E-03     -0.42499939E-03
    2195     -0.71455186E-09     -0.72268483E-09     -0.15196198E-03     -0.42499939E-03
    2196     -0.71455613E-09     -0.72268483E-09     -0.15203690E-03     -0.42499939E-03
    2197     -0.71455940E-09     -0.72268483E-09     -0.15209061E-03     -0.42499939E-03
    2198     -0.71456124E-09     -0.72268483E-09     -0.15210637E-03     -0.42499939E-03
    2199     -0.71456418E-09     -0.72268483E-09     -0.15214759E-03     -0.42499939E-03
    2200     -0.71456631E-09     -0.72268483E-09     -0.15218229E-03     -0.42499939E-03
    2201     -0.71456873E-09     -0.72268483E-09     -0.15221792E-03     -0.42499939E-03
    2202     -0.71456946E-09     -0.72268483E-09     -0.15223318E-03     -0.42499939E-03
    2203     -0.71457447E-09     -0.72268483E-09     -0.15231717E-03     -0.42499939E-03
    2204     -0.71458021E-09     -0.72268483E-09     -0.15240894E-03     -0.42499939E-03
    2205     -0.71458344E-09     -0.72268483E-09     -0.15245005E-03     -0.42499939E-03
    2206     -0.71458544E-09     -0.72268483E-09     -0.15248373E-03     -0.42499939E-03
    2207     -0.71458964E-09     -0.72268483E-09     -0.15255240E-03     -0.42499939E-03
    2208     -0.71459393E-09     -0.72268483E-09     -0.15261971E-03     -0.42499939E-03
    2209     -0.71459544E-09     -0.72268483E-09     -0.15263848E-03     -0.42499939E-03
    2210     -0.71459819E-09     -0.72268483E-09     -0.15266760E-03     -0.42499939E-03
    2211     -0.71460062E-09     -0.72268483E-09     -0.15270105E-03     -0.42499939E-03
    2212     -0.71460244E-09     -0.72268483E-09     -0.15272905E-03     -0.42499939E-03
    2213     -0.71460575E-09     -0.72268483E-09     -0.15277578E-03     -0.42499939E-03
    2214     -0.71460852E-09     -0.72268483E-09     -0.15281378E-03     -0.42499939E-03
    2215     -0.71461162E-09     -0.72268483E-09     -0.15286084E-03     -0.42499939E-03
    2216     -0.71461464E-09     -0.72268483E-09     -0.15291436E-03     -0.42499939E-03
    2217     -0.71461659E-09     -0.72268483E-09     -0.15294777E-03     -0.42499939E-03
    2218     -0.71462025E-09     -0.72268483E-09     -0.15299976E-03     -0.42499939E-03
    2219     -0.71462785E-09     -0.72268483E-09     -0.15313596E-03     -0.42499939E-03
    2220     -0.71463265E-09     -0.72268483E-09     -0.15323937E-03     -0.42499939E-03
    2221     -0.71463917E-09     -0.72268483E-09     -0.15335664E-03     -0.42499939E-03
    2222     -0.71464497E-09     -0.72268483E-09     -0.15345873E-03     -0.42499939E-03
    2223     -0.71464942E-09     -0.72268483E-09     -0.15351642E-03     -0.42499939E-03
    2224     -0.71465410E-09     -0.72268483E-09     -0.15360333E-03     -0.42499939E-03
    2225     -0.71465868E-09     -0.72268483E-09     -0.15368364E-03     -0.42499939E-03
    2226     -0.71466237E-09     -0.72268483E-09     -0.15374110E-03     -0.42499939E-03
    2227     -0.71466909E-09     -0.72268483E-09     -0.15388354E-03     -0.42499939E-03
    2228     -0.71467573E-09     -0.72268483E-09     -0.15402511E-03     -0.42499939E-03
    2229     -0.71467890E-09     -0.72268483E-09     -0.15410094E-03     -0.42499939E-03
    2230     -0.71468235E-09     -0.72268483E-09     -0.15418133E-03     -0.42499939E-03
    2231     -0.71468534E-09     -0.72268483E-09     -0.15421653E-03     -0.42499939E-03
    2232     -0.71469086E-09     -0.72268483E-09     -0.15430235E-03     -0.42499939E-03
    2233     -0.71469533E-09     -0.72268483E-09     -0.15437787E-03     -0.42499939E-03
    2234     -0.71469930E-09     -0.72268483E-09     -0.15444333E-03     -0.42499939E-03
    2235     -0.71470174E-09     -0.72268483E-09     -0.15449132E-03     -0.42499939E-03
    2236     -0.71470693E-09     -0.72268483E-09     -0.15458022E-03     -0.42499939E-03
    2237     -0.71470995E-09     -0.72268483E-09     -0.15461971E-03     -0.42499939E-03
    2238     -0.71471298E-09     -0.72268483E-09     -0.15466551E-03     -0.42499939E-03
    2239     -0.71471991E-09     -0.72268483E-09     -0.15474601E-03     -0.42499939E-03
    2240     -0.71472671E-09     -0.72268483E-09     -0.15482944E-03     -0.42499939E-03
    2241     -0.71473431E-09     -0.72268483E-09     -0.15494800E-03     -0.42499939E-03
    2242     -0.71474065E-09     -0.72268483E-09     -0.15505957E-03     -0.42499939E-03
    2243     -0.71474351E-09     -0.72268483E-09     -0.15508751E-03     -0.42499939E-03
    2244     -0.71475101E-09     -0.72268483E-09     -0.15521968E-03     -0.42499939E-03
    2245     -0.71475528E-09     -0.72268483E-09     -0.15527605E-03     -0.42499939E-03
    2246     -0.71475667E-09     -0.72268483E-09     -0.15529438E-03     -0.42499939E-03
    2247     -0.71475964E-09     -0.72268483E-09     -0.15531979E-03     -0.42499939E-03
    2248     -0.71476239E-09     -0.72268483E-09     -0.15534929E-03     -0.42499939E-03
    2249     -0.71476468E-09     -0.72268483E-09     -0.15537726E-03     -0.42499939E-03
    2250     -0.71476783E-09     -0.72268483E-09     -0.15540260E-03     -0.42499939E-03
    2251     -0.71477144E-09     -0.72268483E-09     -0.15544594E-03     -0.42499939E-03
    2252     -0.71477521E-09     -0.72268483E-09     -0.15550559E-03     -0.42499939E-03
    2253     -0.71477850E-09     -0.72268483E-09     -0.15555681E-03     -0.42499939E-03
    2254     -0.71478060E-09     -0.72268483E-09     -0.15558725E-03     -0.42499939E-03
    2255     -0.71478725E-09     -0.72268483E-09     -0.15571238E-03     -0.42499939E-03
    2256     -0.71479238E-09     -0.72268483E-09     -0.15580769E-03     -0.42499939E-03
    2257     -0.71479395E-09     -0.72268483E-09     -0.15583689E-03     -0.42499939E-03
    2258     -0.71479554E-09     -0.72268483E-09     -0.15586651E-03     -0.42499939E-03
    2259     -0.71479902E-09     -0.72268483E-09     -0.15590543E-03     -0.42499939E-03
    2260     -0.71480111E-09     -0.72268483E-09     -0.15594282E-03     -0.42499939E-03
    2261     -0.71480341E-09     -0.72268483E-09     -0.15596549E-03     -0.42499939E-03
    2262     -0.71480545E-09     -0.72268483E-09     -0.15599089E-03     -0.42499939E-03
    2263     -0.71480958E-09     -0.72268483E-09     -0.15603556E-03     -0.42499939E-03
    2264     -0.71481128E-09     -0.72268483E-09     -0.15606835E-03     -0.42499939E-03
    2265     -0.71481266E-09     -0.72268483E-09     -0.15609668E-03     -0.42499939E-03
    2266     -0.71481394E-09     -0.72268483E-09     -0.15612285E-03     -0.42499939E-03
    2267     -0.71481707E-09     -0.72268483E-09     -0.15616985E-03     -0.42499939E-03
    2268     -0.71482022E-09     -0.72268483E-09     -0.15621704E-03     -0.42499939E-03
    2269     -0.71482338E-09     -0.72268483E-09     -0.15627407E-03     -0.42499939E-03
    2270     -0.71482642E-09     -0.72268483E-09     -0.15633093E-03     -0.42499939E-03
    2271     -0.71482969E-09     -0.72268483E-09     -0.15635822E-03     -0.42499939E-03
    2272     -0.71483297E-09     -0.72268483E-09     -0.15638721E-03     -0.42499939E-03
    2273     -0.71483517E-09     -0.72268483E-09     -0.15641606E-03     -0.42499939E-03
    2274     -0.71483808E-09     -0.72268483E-09     -0.15646790E-03     -0.42499939E-03
    2275     -0.71484144E-09     -0.72268483E-09     -0.15653618E-03     -0.42499939E-03
    2276     -0.71484899E-09     -0.72268483E-09     -0.15668093E-03     -0.42499939E-03
    2277     -0.71485199E-09     -0.72268483E-09     -0.15673187E-03     -0.42499939E-03
    2278     -0.71485327E-09     -0.72268483E-09     -0.15675885E-03     -0.42499939E-03
    2279     -0.71485675E-09     -0.72268483E-09     -0.15682933E-03     -0.42499939E-03
    2280     -0.71486074E-09     -0.72268483E-09     -0.15688446E-03     -0.42499939E-03
    2281     -0.71486435E-09     -0.72268483E-09     -0.15693360E-03     -0.42499939E-03
    2282     -0.71486748E-09     -0.72268483E-09     -0.15698871E-03     -0.42499939E-03
    2283     -0.71487021E-09     -0.72268483E-09     -0.15704575E-03     -0.42499939E-03
    2284     -0.71488112E-09     -0.72268483E-09     -0.15725439E-03     -0.42499939E-03
    2285     -0.71488383E-09     -0.72268483E-09     -0.15729725E-03     -0.42499939E-03
    2286     -0.71488660E-09     -0.72268483E-09     -0.15733932E-03     -0.42499939E-03
    2287     -0.71488998E-09     -0.72268483E-09     -0.15738615E-03     -0.42499939E-03
    2288     -0.71489331E-09     -0.72268483E-09     -0.15742305E-03     -0.42499939E-03
    2289     -0.71489628E-09     -0.72268483E-09     -0.15745790E-03     -0.42499939E-03
    2290     -0.71490131E-09     -0.72268483E-09     -0.15753949E-03     -0.42499939E-03
    2291     -0.71491146E-09     -0.72268483E-09     -0.15774037E-03     -0.42499939E-03
    2292     -0.71491993E-09     -0.72268483E-09     -0.15790670E-03     -0.42499939E-03
    2293     -0.71492270E-09     -0.72268483E-09     -0.15795198E-03     -0.42499939E-03
    2294     -0.71492572E-09     -0.72268483E-09     -0.15800245E-03     -0.42499939E-03
    2295     -0.71492804E-09     -0.72268483E-09     -0.15803897E-03     -0.42499939E-03
    2296     -0.71493048E-09     -0.72268483E-09     -0.15806879E-03     -0.42499939E-03
    2297     -0.71493365E-09     -0.72268483E-09     -0.15812256E-03     -0.42499939E-03
    2298     -0.71493666E-09     -0.72268483E-09     -0.15818362E-03     -0.42499939E-03
    2299     -0.71494152E-09     -0.72268483E-09     -0.15828101E-03     -0.42499939E-03
    2300     -0.71494643E-09     -0.72268483E-09     -0.15837550E-03     -0.42499939E-03
    2301     -0.71494820E-09     -0.72268483E-09     -0.15840966E-03     -0.42499939E-03
    2302     -0.71495156E-09     -0.72268483E-09     -0.15847359E-03     -0.42499939E-03
    2303     -0.71495419E-09     -0.72268483E-09     -0.15852550E-03     -0.42499939E-03
    2304     -0.71495546E-09     -0.72268483E-09     -0.15855137E-03     -0.42499939E-03
    2305     -0.71495726E-09     -0.72268483E-09     -0.15857890E-03     -0.42499939E-03
    2306     -0.71495926E-09     -0.72268483E-09     -0.15860604E-03     -0.42499939E-03
    2307     -0.71496230E-09     -0.72268483E-09     -0.15864456E-03     -0.42499939E-03
    2308     -0.71496617E-09     -0.72268483E-09     -0.15868473E-03     -0.42499939E-03
    2309     -0.71496991E-09     -0.72268483E-09     -0.15872718E-03     -0.42499939E-03
    2310     -0.71497302E-09     -0.72268483E-09     -0.15876463E-03     -0.42499939E-03
    2311     -0.71497461E-09     -0.72268483E-09     -0.15878798E-03     -0.42499939E-03
    2312     -0.71497686E-09     -0.72268483E-09     -0.15882460E-03     -0.42499939E-03
    2313     -0.71497935E-09     -0.72268483E-09     -0.15885886E-03     -0.42499939E-03
    2314     -0.71498086E-09     -0.72268483E-09     -0.15887979E-03     -0.42499939E-03
    2315     -0.71499301E-09     -0.72268483E-09     -0.15902833E-03     -0.42499939E-03
    2316     -0.71500544E-09     -0.72268483E-09     -0.15917825E-03     -0.42499939E-03
    2317     -0.71500805E-09     -0.72268483E-09     -0.15921723E-03     -0.42499939E-03
    2318     -0.71501097E-09     -0.72268483E-09     -0.15926583E-03     -0.42499939E-03
    2319     -0.71501470E-09     -0.72268483E-09     -0.15932320E-03     -0.42499939E-03
    2320     -0.71501855E-09     -0.72268483E-09     -0.15937269E-03     -0.42499939E-03
    2321     -0.71502529E-09     -0.72268483E-09     -0.15945523E-03     -0.42499939E-03
    2322     -0.71503377E-09     -0.72268483E-09     -0.15955886E-03     -0.42499939E-03
    2323     -0.71503669E-09     -0.72268483E-09     -0.15960010E-03     -0.42499939E-03
    2324     -0.71503747E-09     -0.72268483E-09     -0.15961559E-03     -0.42499939E-03
    2325     -0.71504332E-09     -0.72268483E-09     -0.15976375E-03     -0.42499939E-03
    2326     -0.71504939E-09     -0.72268483E-09     -0.15991823E-03     -0.42499939E-03
    2327     -0.71505285E-09     -0.72268483E-09     -0.15998367E-03     -0.42499939E-03
    2328     -0.71505629E-09     -0.72268483E-09     -0.16004789E-03     -0.42499939E-03
    2329     -0.71506083E-09     -0.72268483E-09     -0.16012843E-03     -0.42499939E-03
    2330     -0.71506558E-09     -0.72268483E-09     -0.16021100E-03     -0.42499939E-03
    2331     -0.71506889E-09     -0.72268483E-09     -0.16026765E-03     -0.42499939E-03
    2332     -0.71507221E-09     -0.72268483E-09     -0.16032426E-03     -0.42499939E-03
    2333     -0.71507473E-09     -0.72268483E-09     -0.16036038E-03     -0.42499939E-03
    2334     -0.71507723E-09     -0.72268483E-09     -0.16039378E-03     -0.42499939E-03
    2335     -0.71508149E-09     -0.72268483E-09     -0.16046444E-03     -0.42499939E-03
    2336     -0.71508592E-09     -0.72268483E-09     -0.16053784E-03     -0.42499939E-03
    2337     -0.71508856E-09     -0.72268483E-09     -0.16057571E-03     -0.42499939E-03
    2338     -0.71509114E-09     -0.72268483E-09     -0.16061308E-03     -0.42499939E-03
    2339     -0.71509439E-09     -0.72268483E-09     -0.16065754E-03     -0.42499939E-03
    2340     -0.71509778E-09     -0.72268483E-09     -0.16070661E-03     -0.42499939E-03
    2341     -0.71509881E-09     -0.72268483E-09     -0.16072431E-03     -0.42499939E-03
    2342     -0.71510086E-09     -0.72268483E-09     -0.16074944E-03     -0.42499939E-03
    2343     -0.71510256E-09     -0.72268483E-09     -0.16077447E-03     -0.42499939E-03
    2344     -0.71510430E-09     -0.72268483E-09     -0.16079844E-03     -0.42499939E-03
    2345     -0.71510620E-09     -0.72268483E-09     -0.16082628E-03     -0.42499939E-03
    2346     -0.71510806E-09     -0.72268483E-09     -0.16085507E-03     -0.42499939E-03
    2347     -0.71510968E-09     -0.72268483E-09     -0.16087514E-03     -0.42499939E-03
    2348     -0.71511111E-09     -0.72268483E-09     -0.16089245E-03     -0.42499939E-03
    2349     -0.71511371E-09     -0.72268483E-09     -0.16091981E-03     -0.42499939E-03
    2350     -0.71511619E-09     -0.72268483E-09     -0.16095369E-03     -0.42499939E-03
    2351     -0.71511828E-09     -0.72268483E-09     -0.16099399E-03     -0.42499939E-03
    2352     -0.71512102E-09     -0.72268483E-09     -0.16103938E-03     -0.42499939E-03
    2353     -0.71512501E-09     -0.72268483E-09     -0.16108667E-03     -0.42499939E-03
    2354     -0.71512836E-09     -0.72268483E-09     -0.16112396E-03     -0.42499939E-03
    2355     -0.71512997E-09     -0.72268483E-09     -0.16115202E-03     -0.42499939E-03
    2356     -0.71513139E-09     -0.72268483E-09     -0.16118003E-03     -0.42499939E-03
    2357     -0.71513420E-09     -0.72268483E-09     -0.16121704E-03     -0.42499939E-03
    2358     -0.71513668E-09     -0.72268483E-09     -0.16124789E-03     -0.42499939E-03
    2359     -0.71513805E-09     -0.72268483E-09     -0.16126938E-03     -0.42499939E-03
    2360     -0.71514138E-09     -0.72268483E-09     -0.16131930E-03     -0.42499939E-03
    2361     -0.71514493E-09     -0.72268483E-09     -0.16137416E-03     -0.42499939E-03
    2362     -0.71514746E-09     -0.72268483E-09     -0.16139809E-03     -0.42499939E-03
    2363     -0.71514969E-09     -0.72268483E-09     -0.16141499E-03     -0.42499939E-03
    2364     -0.71515151E-09     -0.72268483E-09     -0.16144696E-03     -0.42499939E-03
    2365     -0.71515374E-09     -0.72268483E-09     -0.16148941E-03     -0.42499939E-03
    2366     -0.71515639E-09     -0.72268483E-09     -0.16152084E-03     -0.42499939E-03
    2367     -0.71515821E-09     -0.72268483E-09     -0.16154502E-03     -0.42499939E-03
    2368     -0.71516034E-09     -0.72268483E-09     -0.16157104E-03     -0.42499939E-03
    2369     -0.71516217E-09     -0.72268483E-09     -0.16160112E-03     -0.42499939E-03
    2370     -0.71516399E-09     -0.72268483E-09     -0.16163082E-03     -0.42499939E-03
    2371     -0.71516773E-09     -0.72268483E-09     -0.16166353E-03     -0.42499939E-03
    2372     -0.71517021E-09     -0.72268483E-09     -0.16169132E-03     -0.42499939E-03
    2373     -0.71517238E-09     -0.72268483E-09     -0.16171661E-03     -0.42499939E-03
    2374     -0.71517396E-09     -0.72268483E-09     -0.16174181E-03     -0.42499939E-03
    2375     -0.71517622E-09     -0.72268483E-09     -0.16176675E-03     -0.42499939E-03
    2376     -0.71517880E-09     -0.72268483E-09     -0.16179306E-03     -0.42499939E-03
    2377     -0.71518017E-09     -0.72268483E-09     -0.16183317E-03     -0.42499939E-03
    2378     -0.71518156E-09     -0.72268483E-09     -0.16187201E-03     -0.42499939E-03
    2379     -0.71518487E-09     -0.72268483E-09     -0.16191929E-03     -0.42499939E-03
    2380     -0.71518820E-09     -0.72268483E-09     -0.16196706E-03     -0.42499939E-03
    2381     -0.71519206E-09     -0.72268483E-09     -0.16199286E-03     -0.42499939E-03
    2382     -0.71519523E-09     -0.72268483E-09     -0.16202998E-03     -0.42499939E-03
    2383     -0.71519795E-09     -0.72268483E-09     -0.16207798E-03     -0.42499939E-03
    2384     -0.71520128E-09     -0.72268483E-09     -0.16212996E-03     -0.42499939E-03
    2385     -0.71520372E-09     -0.72268483E-09     -0.16217364E-03     -0.42499939E-03
    2386     -0.71520541E-09     -0.72268483E-09     -0.16220711E-03     -0.42499939E-03
    2387     -0.71520867E-09     -0.72268483E-09     -0.16226455E-03     -0.42499939E-03
    2388     -0.71521193E-09     -0.72268483E-09     -0.16232213E-03     -0.42499939E-03
    2389     -0.71521263E-09     -0.72268483E-09     -0.16233953E-03     -0.42499939E-03
    2390     -0.71521392E-09     -0.72268483E-09     -0.16235901E-03     -0.42499939E-03
    2391     -0.71521600E-09     -0.72268483E-09     -0.16238570E-03     -0.42499939E-03
    2392     -0.71521785E-09     -0.72268483E-09     -0.16240846E-03     -0.42499939E-03
    2393     -0.71522005E-09     -0.72268483E-09     -0.16244298E-03     -0.42499939E-03
    2394     -0.71522204E-09     -0.72268483E-09     -0.16246275E-03     -0.42499939E-03
    2395     -0.71522397E-09     -0.72268483E-09     -0.16249974E-03     -0.42499939E-03
    2396     -0.71522591E-09     -0.72268483E-09     -0.16253636E-03     -0.42499939E-03
    2397     -0.71522971E-09     -0.72268483E-09     -0.16259922E-03     -0.42499939E-03
    2398     -0.71523268E-09     -0.72268483E-09     -0.16264559E-03     -0.42499939E-03
    2399     -0.71523509E-09     -0.72268483E-09     -0.16267632E-03     -0.42499939E-03
    2400     -0.71523766E-09     -0.72268483E-09     -0.16270288E-03     -0.42499939E-03
    2401     -0.71524092E-09     -0.72268483E-09     -0.16274478E-03     -0.42499939E-03
    2402     -0.71524412E-09     -0.72268483E-09     -0.16278579E-03     -0.42499939E-03
    2403     -0.71524572E-09     -0.72268483E-09     -0.16280484E-03     -0.42499939E-03
    2404     -0.71524833E-09     -0.72268483E-09     -0.16283671E-03     -0.42499939E-03
    2405     -0.71525134E-09     -0.72268483E-09     -0.16287288E-03     -0.42499939E-03
    2406     -0.71525326E-09     -0.72268483E-09     -0.16290345E-03     -0.42499939E-03
    2407     -0.71525594E-09     -0.72268483E-09     -0.16293956E-03     -0.42499939E-03
    2408     -0.71525873E-09     -0.72268483E-09     -0.16298452E-03     -0.42499939E-03
    2409     -0.71527090E-09     -0.72268483E-09     -0.16321874E-03     -0.42499939E-03
    2410     -0.71528205E-09     -0.72268483E-09     -0.16343474E-03     -0.42499939E-03
    2411     -0.71528398E-09     -0.72268483E-09     -0.16346230E-03     -0.42499939E-03
    2412     -0.71528552E-09     -0.72268483E-09     -0.16348435E-03     -0.42499939E-03
    2413     -0.71528748E-09     -0.72268483E-09     -0.16352525E-03     -0.42499939E-03
    2414     -0.71528979E-09     -0.72268483E-09     -0.16357145E-03     -0.42499939E-03
    2415     -0.71529107E-09     -0.72268483E-09     -0.16359791E-03     -0.42499939E-03
    2416     -0.71529263E-09     -0.72268483E-09     -0.16363048E-03     -0.42499939E-03
    2417     -0.71529506E-09     -0.72268483E-09     -0.16366798E-03     -0.42499939E-03
    2418     -0.71529708E-09     -0.72268483E-09     -0.16370553E-03     -0.42499939E-03
    2419     -0.71529932E-09     -0.72268483E-09     -0.16374300E-03     -0.42499939E-03
    2420     -0.71530179E-09     -0.72268483E-09     -0.16377968E-03     -0.42499939E-03
    2421     -0.71530520E-09     -0.72268483E-09     -0.16382501E-03     -0.42499939E-03
    2422     -0.71530887E-09     -0.72268483E-09     -0.16388649E-03     -0.42499939E-03
    2423     -0.71531191E-09     -0.72268483E-09     -0.16393952E-03     -0.42499939E-03
    2424     -0.71531494E-09     -0.72268483E-09     -0.16398698E-03     -0.42499939E-03
    2425     -0.71531708E-09     -0.72268483E-09     -0.16401352E-03     -0.42499939E-03
    2426     -0.71532008E-09     -0.72268483E-09     -0.16405808E-03     -0.42499939E-03
    2427     -0.71532148E-09     -0.72268483E-09     -0.16408344E-03     -0.42499939E-03
    2428     -0.71532360E-09     -0.72268483E-09     -0.16411475E-03     -0.42499939E-03
    2429     -0.71533106E-09     -0.72268483E-09     -0.16424212E-03     -0.42499939E-03
    2430     -0.71533745E-09     -0.72268483E-09     -0.16435734E-03     -0.42499939E-03
    2431     -0.71533887E-09     -0.72268483E-09     -0.16437391E-03     -0.42499939E-03
    2432     -0.71534058E-09     -0.72268483E-09     -0.16439047E-03     -0.42499939E-03
    2433     -0.71534348E-09     -0.72268483E-09     -0.16441282E-03     -0.42499939E-03
    2434     -0.71534595E-09     -0.72268483E-09     -0.16444227E-03     -0.42499939E-03
    2435     -0.71534803E-09     -0.72268483E-09     -0.16448491E-03     -0.42499939E-03
    2436     -0.71535069E-09     -0.72268483E-09     -0.16452393E-03     -0.42499939E-03
    2437     -0.71535280E-09     -0.72268483E-09     -0.16455585E-03     -0.42499939E-03
    2438     -0.71535466E-09     -0.72268483E-09     -0.16458819E-03     -0.42499939E-03
    2439     -0.71535626E-09     -0.72268483E-09     -0.16461361E-03     -0.42499939E-03
    2440     -0.71535757E-09     -0.72268483E-09     -0.16463624E-03     -0.42499939E-03
    2441     -0.71535935E-09     -0.72268483E-09     -0.16467007E-03     -0.42499939E-03
    2442     -0.71536111E-09     -0.72268483E-09     -0.16470499E-03     -0.42499939E-03
    2443     -0.71536266E-09     -0.72268483E-09     -0.16472956E-03     -0.42499939E-03
    2444     -0.71536363E-09     -0.72268483E-09     -0.16474513E-03     -0.42499939E-03
    2445     -0.71536579E-09     -0.72268483E-09     -0.16476416E-03     -0.42499939E-03
    2446     -0.71536845E-09     -0.72268483E-09     -0.16480408E-03     -0.42499939E-03
    2447     -0.71537198E-09     -0.72268483E-09     -0.16483788E-03     -0.42499939E-03
    2448     -0.71537555E-09     -0.72268483E-09     -0.16487313E-03     -0.42499939E-03
    2449     -0.71537839E-09     -0.72268483E-09     -0.16491768E-03     -0.42499939E-03
    2450     -0.71538085E-09     -0.72268483E-09     -0.16494417E-03     -0.42499939E-03
    2451     -0.71538368E-09     -0.72268483E-09     -0.16497417E-03     -0.42499939E-03
    2452     -0.71538671E-09     -0.72268483E-09     -0.16500587E-03     -0.42499939E-03
    2453     -0.71538830E-09     -0.72268483E-09     -0.16501931E-03     -0.42499939E-03
    2454     -0.71539180E-09     -0.72268483E-09     -0.16505252E-03     -0.42499939E-03
    2455     -0.71539409E-09     -0.72268483E-09     -0.16507595E-03     -0.42499939E-03
    2456     -0.71539496E-09     -0.72268483E-09     -0.16509029E-03     -0.42499939E-03
    2457     -0.71539706E-09     -0.72268483E-09     -0.16511468E-03     -0.42499939E-03
    2458     -0.71539970E-09     -0.72268483E-09     -0.16515027E-03     -0.42499939E-03
    2459     -0.71540371E-09     -0.72268483E-09     -0.16524644E-03     -0.42499939E-03
    2460     -0.71540864E-09     -0.72268483E-09     -0.16535291E-03     -0.42499939E-03
    2461     -0.71540961E-09     -0.72268483E-09     -0.16537616E-03     -0.42499939E-03
    2462     -0.71541247E-09     -0.72268483E-09     -0.16542259E-03     -0.42499939E-03
    2463     -0.71543215E-09     -0.72268483E-09     -0.16556172E-03     -0.42499939E-03
    2464     -0.71545004E-09     -0.72268483E-09     -0.16566856E-03     -0.42499939E-03
    2465     -0.71545203E-09     -0.72268483E-09     -0.16569638E-03     -0.42499939E-03
    2466     -0.71545543E-09     -0.72268483E-09     -0.16573515E-03     -0.42499939E-03
    2467     -0.71545799E-09     -0.72268483E-09     -0.16577967E-03     -0.42499939E-03
    2468     -0.71546100E-09     -0.72268483E-09     -0.16582884E-03     -0.42499939E-03
    2469     -0.71546364E-09     -0.72268483E-09     -0.16586058E-03     -0.42499939E-03
    2470     -0.71546811E-09     -0.72268483E-09     -0.16594452E-03     -0.42499939E-03
    2471     -0.71547036E-09     -0.72268483E-09     -0.16597733E-03     -0.42499939E-03
    2472     -0.71547319E-09     -0.72268483E-09     -0.16600990E-03     -0.42499939E-03
    2473     -0.71547541E-09     -0.72268483E-09     -0.16603609E-03     -0.42499939E-03
    2474     -0.71547750E-09     -0.72268483E-09     -0.16605746E-03     -0.42499939E-03
    2475     -0.71548107E-09     -0.72268483E-09     -0.16610153E-03     -0.42499939E-03
    2476     -0.71548378E-09     -0.72268483E-09     -0.16614283E-03     -0.42499939E-03
    2477     -0.71548710E-09     -0.72268483E-09     -0.16618485E-03     -0.42499939E-03
    2478     -0.71549197E-09     -0.72268483E-09     -0.16625346E-03     -0.42499939E-03
    2479     -0.71549694E-09     -0.72268483E-09     -0.16632032E-03     -0.42499939E-03
    2480     -0.71549920E-09     -0.72268483E-09     -0.16634642E-03     -0.42499939E-03
    2481     -0.71550461E-09     -0.72268483E-09     -0.16644047E-03     -0.42499939E-03
    2482     -0.71551877E-09     -0.72268483E-09     -0.16653067E-03     -0.42499939E-03
    2483     -0.71553613E-09     -0.72268483E-09     -0.16664019E-03     -0.42499939E-03
    2484     -0.71553814E-09     -0.72268483E-09     -0.16666608E-03     -0.42499939E-03
    2485     -0.71554066E-09     -0.72268483E-09     -0.16669989E-03     -0.42499939E-03
    2486     -0.71554726E-09     -0.72268483E-09     -0.16675095E-03     -0.42499939E-03
    2487     -0.71555035E-09     -0.72268483E-09     -0.16680539E-03     -0.42499939E-03
    2488     -0.71555197E-09     -0.72268483E-09     -0.16682938E-03     -0.42499939E-03
    2489     -0.71555543E-09     -0.72268483E-09     -0.16690167E-03     -0.42499939E-03
    2490     -0.71555748E-09     -0.72268483E-09     -0.16694261E-03     -0.42499939E-03
    2491     -0.71556145E-09     -0.72268483E-09     -0.16698879E-03     -0.42499939E-03
    2492     -0.71556430E-09     -0.72268483E-09     -0.16703561E-03     -0.42499939E-03
    2493     -0.71557334E-09     -0.72268483E-09     -0.16710569E-03     -0.42499939E-03
    2494     -0.71558322E-09     -0.72268483E-09     -0.16718277E-03     -0.42499939E-03
    2495     -0.71558593E-09     -0.72268483E-09     -0.16722322E-03     -0.42499939E-03
    2496     -0.71559059E-09     -0.72268483E-09     -0.16727703E-03     -0.42499939E-03
    2497     -0.71559455E-09     -0.72268483E-09     -0.16732619E-03     -0.42499939E-03
    2498     -0.71560578E-09     -0.72268483E-09     -0.16740080E-03     -0.42499939E-03
    2499     -0.71561310E-09     -0.72268483E-09     -0.16746311E-03     -0.42499939E-03
    2500     -0.71561682E-09     -0.72268483E-09     -0.16750056E-03     -0.42499939E-03
    2501     -0.71563076E-09     -0.72268483E-09     -0.16758449E-03     -0.42499939E-03
    2502     -0.71564456E-09     -0.72268483E-09     -0.16766760E-03     -0.42499939E-03
    2503     -0.71565291E-09     -0.72268483E-09     -0.16774092E-03     -0.42499939E-03
    2504     -0.71565962E-09     -0.72268483E-09     -0.16780023E-03     -0.42499939E-03
    2505     -0.71566702E-09     -0.72268483E-09     -0.16786816E-03     -0.42499939E-03
    2506     -0.71567402E-09     -0.72268483E-09     -0.16792247E-03     -0.42499939E-03
    2507     -0.71567647E-09     -0.72268483E-09     -0.16797103E-03     -0.42499939E-03
    2508     -0.71567927E-09     -0.72268483E-09     -0.16799752E-03     -0.42499939E-03
    2509     -0.71568158E-09     -0.72268483E-09     -0.16804536E-03     -0.42499939E-03
    2510     -0.71568558E-09     -0.72268483E-09     -0.16813259E-03     -0.42499939E-03
    2511     -0.71569820E-09     -0.72268483E-09     -0.16820959E-03     -0.42499939E-03
    2512     -0.71571167E-09     -0.72268483E-09     -0.16829004E-03     -0.42499939E-03
    2513     -0.71571418E-09     -0.72268483E-09     -0.16833625E-03     -0.42499939E-03
    2514     -0.71571919E-09     -0.72268483E-09     -0.16837285E-03     -0.42499939E-03
    2515     -0.71572500E-09     -0.72268483E-09     -0.16841774E-03     -0.42499939E-03
    2516     -0.71572756E-09     -0.72268483E-09     -0.16844520E-03     -0.42499939E-03
    2517     -0.71573099E-09     -0.72268483E-09     -0.16848292E-03     -0.42499939E-03
    2518     -0.71573536E-09     -0.72268483E-09     -0.16852322E-03     -0.42499939E-03
    2519     -0.71573999E-09     -0.72268483E-09     -0.16855982E-03     -0.42499939E-03
    2520     -0.71574451E-09     -0.72268483E-09     -0.16860107E-03     -0.42499939E-03
    2521     -0.71574723E-09     -0.72268483E-09     -0.16863427E-03     -0.42499939E-03
    2522     -0.71575111E-09     -0.72268483E-09     -0.16867106E-03     -0.42499939E-03
    2523     -0.71575666E-09     -0.72268483E-09     -0.16871277E-03     -0.42499939E-03
    2524     -0.71576376E-09     -0.72268483E-09     -0.16881899E-03     -0.42499939E-03
    2525     -0.71576524E-09     -0.72268483E-09     -0.16884051E-03     -0.42499939E-03
    2526     -0.71576815E-09     -0.72268483E-09     -0.16886738E-03     -0.42499939E-03
    2527     -0.71577281E-09     -0.72268483E-09     -0.16890787E-03     -0.42499939E-03
    2528     -0.71578003E-09     -0.72268483E-09     -0.16896348E-03     -0.42499939E-03
    2529     -0.71578376E-09     -0.72268483E-09     -0.16900278E-03     -0.42499939E-03
    2530     -0.71578670E-09     -0.72268483E-09     -0.16904214E-03     -0.42499939E-03
    2531     -0.71579275E-09     -0.72268483E-09     -0.16908926E-03     -0.42499939E-03
    2532     -0.71579674E-09     -0.72268483E-09     -0.16912489E-03     -0.42499939E-03
    2533     -0.71580028E-09     -0.72268483E-09     -0.16915904E-03     -0.42499939E-03
    2534     -0.71580335E-09     -0.72268483E-09     -0.16919376E-03     -0.42499939E-03
    2535     -0.71581654E-09     -0.72268483E-09     -0.16926658E-03     -0.42499939E-03
    2536     -0.71582907E-09     -0.72268483E-09     -0.16933997E-03     -0.42499939E-03
    2537     -0.71583437E-09     -0.72268483E-09     -0.16940684E-03     -0.42499939E-03
    2538     -0.71583902E-09     -0.72268483E-09     -0.16945679E-03     -0.42499939E-03
    2539     -0.71584372E-09     -0.72268483E-09     -0.16953238E-03     -0.42499939E-03
    2540     -0.71584837E-09     -0.72268483E-09     -0.16957609E-03     -0.42499939E-03
    2541     -0.71585415E-09     -0.72268483E-09     -0.16962698E-03     -0.42499939E-03
    2542     -0.71586067E-09     -0.72268483E-09     -0.16967817E-03     -0.42499939E-03
    2543     -0.71587317E-09     -0.72268483E-09     -0.16976723E-03     -0.42499939E-03
    2544     -0.71588887E-09     -0.72268483E-09     -0.16986989E-03     -0.42499939E-03
    2545     -0.71589339E-09     -0.72268483E-09     -0.16993538E-03     -0.42499939E-03
    2546     -0.71589881E-09     -0.72268483E-09     -0.17000775E-03     -0.42499939E-03
    2547     -0.71590188E-09     -0.72268483E-09     -0.17003832E-03     -0.42499939E-03
    2548     -0.71590948E-09     -0.72268483E-09     -0.17009312E-03     -0.42499939E-03
    2549     -0.71591671E-09     -0.72268483E-09     -0.17014151E-03     -0.42499939E-03
    2550     -0.71592806E-09     -0.72268483E-09     -0.17021606E-03     -0.42499939E-03
    2551     -0.71592976E-09     -0.72268483E-09     -0.17023619E-03     -0.42499939E-03
    2552     -0.71593117E-09     -0.72268483E-09     -0.17025443E-03     -0.42499939E-03
    2553     -0.71593571E-09     -0.72268483E-09     -0.17030546E-03     -0.42499939E-03
    2554     -0.71594092E-09     -0.72268483E-09     -0.17036779E-03     -0.42499939E-03
    2555     -0.71594688E-09     -0.72268483E-09     -0.17043551E-03     -0.42499939E-03
    2556     -0.71596043E-09     -0.72268483E-09     -0.17053467E-03     -0.42499939E-03
    2557     -0.71597483E-09     -0.72268483E-09     -0.17063610E-03     -0.42499939E-03
    2558     -0.71597947E-09     -0.72268483E-09     -0.17069960E-03     -0.42499939E-03
    2559     -0.71599169E-09     -0.72268483E-09     -0.17080990E-03     -0.42499939E-03
    2560     -0.71600014E-09     -0.72268483E-09     -0.17090077E-03     -0.42499939E-03
    2561     -0.71601932E-09     -0.72268483E-09     -0.17102173E-03     -0.42499939E-03
    2562     -0.71603932E-09     -0.72268483E-09     -0.17114732E-03     -0.42499939E-03
    2563     -0.71604404E-09     -0.72268483E-09     -0.17122384E-03     -0.42499939E-03
    2564     -0.71605318E-09     -0.72268483E-09     -0.17129944E-03     -0.42499939E-03
    2565     -0.71606207E-09     -0.72268483E-09     -0.17137228E-03     -0.42499939E-03
    2566     -0.71606914E-09     -0.72268483E-09     -0.17143568E-03     -0.42499939E-03
    2567     -0.71608776E-09     -0.72268483E-09     -0.17158614E-03     -0.42499939E-03
    2568     -0.71610525E-09     -0.72268483E-09     -0.17171950E-03     -0.42499939E-03
    2569     -0.71610908E-09     -0.72268483E-09     -0.17180210E-03     -0.42499939E-03
    2570     -0.71612706E-09     -0.72268483E-09     -0.17194853E-03     -0.42499939E-03
    2571     -0.71614020E-09     -0.72268483E-09     -0.17203838E-03     -0.42499939E-03
    2572     -0.71614350E-09     -0.72268483E-09     -0.17208270E-03     -0.42499939E-03
    2573     -0.71614945E-09     -0.72268483E-09     -0.17212831E-03     -0.42499939E-03
    2574     -0.71616047E-09     -0.72268483E-09     -0.17220007E-03     -0.42499939E-03
    2575     -0.71616942E-09     -0.72268483E-09     -0.17227586E-03     -0.42499939E-03
    2576     -0.71617279E-09     -0.72268483E-09     -0.17232286E-03     -0.42499939E-03
    2577     -0.71617735E-09     -0.72268483E-09     -0.17237150E-03     -0.42499939E-03
    2578     -0.71618218E-09     -0.72268483E-09     -0.17242100E-03     -0.42499939E-03
    2579     -0.71618674E-09     -0.72268483E-09     -0.17246864E-03     -0.42499939E-03
    2580     -0.71619081E-09     -0.72268483E-09     -0.17251016E-03     -0.42499939E-03
    2581     -0.71619914E-09     -0.72268483E-09     -0.17256573E-03     -0.42499939E-03
    2582     -0.71620726E-09     -0.72268483E-09     -0.17262979E-03     -0.42499939E-03
    2583     -0.71621917E-09     -0.72268483E-09     -0.17271752E-03     -0.42499939E-03
    2584     -0.71622156E-09     -0.72268483E-09     -0.17276370E-03     -0.42499939E-03
    2585     -0.71622660E-09     -0.72268483E-09     -0.17284813E-03     -0.42499939E-03
    2586     -0.71623395E-09     -0.72268483E-09     -0.17297984E-03     -0.42499939E-03
    2587     -0.71623968E-09     -0.72268483E-09     -0.17307674E-03     -0.42499939E-03
    2588     -0.71624319E-09     -0.72268483E-09     -0.17312236E-03     -0.42499939E-03
    2589     -0.71624667E-09     -0.72268483E-09     -0.17317431E-03     -0.42499939E-03
    2590     -0.71625408E-09     -0.72268483E-09     -0.17323675E-03     -0.42499939E-03
    2591     -0.71626096E-09     -0.72268483E-09     -0.17331799E-03     -0.42499939E-03
    2592     -0.71627778E-09     -0.72268483E-09     -0.17344856E-03     -0.42499939E-03
    2593     -0.71628029E-09     -0.72268483E-09     -0.17348919E-03     -0.42499939E-03
    2594     -0.71628887E-09     -0.72268483E-09     -0.17367734E-03     -0.42499939E-03
    2595     -0.71629684E-09     -0.72268483E-09     -0.17386384E-03     -0.42499939E-03
    2596     -0.71629852E-09     -0.72268483E-09     -0.17388471E-03     -0.42499939E-03
    2597     -0.71630042E-09     -0.72268483E-09     -0.17391334E-03     -0.42499939E-03
    2598     -0.71630259E-09     -0.72268483E-09     -0.17395011E-03     -0.42499939E-03
    2599     -0.71630898E-09     -0.72268483E-09     -0.17400859E-03     -0.42499939E-03
    2600     -0.71631322E-09     -0.72268483E-09     -0.17406708E-03     -0.42499939E-03
    2601     -0.71631629E-09     -0.72268483E-09     -0.17410842E-03     -0.42499939E-03
    2602     -0.71631898E-09     -0.72268483E-09     -0.17415267E-03     -0.42499939E-03
    2603     -0.71632182E-09     -0.72268483E-09     -0.17420971E-03     -0.42499939E-03
    2604     -0.71632481E-09     -0.72268483E-09     -0.17425739E-03     -0.42499939E-03
    2605     -0.71633036E-09     -0.72268483E-09     -0.17431467E-03     -0.42499939E-03
    2606     -0.71633408E-09     -0.72268483E-09     -0.17434582E-03     -0.42499939E-03
    2607     -0.71633987E-09     -0.72268483E-09     -0.17442291E-03     -0.42499939E-03
    2608     -0.71634584E-09     -0.72268483E-09     -0.17448456E-03     -0.42499939E-03
    2609     -0.71634921E-09     -0.72268483E-09     -0.17453622E-03     -0.42499939E-03
    2610     -0.71635358E-09     -0.72268483E-09     -0.17460389E-03     -0.42499939E-03
    2611     -0.71635702E-09     -0.72268483E-09     -0.17465339E-03     -0.42499939E-03
    2612     -0.71636016E-09     -0.72268483E-09     -0.17469494E-03     -0.42499939E-03
    2613     -0.71636758E-09     -0.72268483E-09     -0.17476110E-03     -0.42499939E-03
    2614     -0.71637233E-09     -0.72268483E-09     -0.17480034E-03     -0.42499939E-03
    2615     -0.71637971E-09     -0.72268483E-09     -0.17486178E-03     -0.42499939E-03
    2616     -0.71639318E-09     -0.72268483E-09     -0.17499654E-03     -0.42499939E-03
    2617     -0.71639601E-09     -0.72268483E-09     -0.17503365E-03     -0.42499939E-03
    2618     -0.71640514E-09     -0.72268483E-09     -0.17513571E-03     -0.42499939E-03
    2619     -0.71641283E-09     -0.72268483E-09     -0.17522025E-03     -0.42499939E-03
    2620     -0.71642127E-09     -0.72268483E-09     -0.17532243E-03     -0.42499939E-03
    2621     -0.71643261E-09     -0.72268483E-09     -0.17541780E-03     -0.42499939E-03
    2622     -0.71644707E-09     -0.72268483E-09     -0.17554479E-03     -0.42499939E-03
    2623     -0.71646157E-09     -0.72268483E-09     -0.17565692E-03     -0.42499939E-03
    2624     -0.71647383E-09     -0.72268483E-09     -0.17576940E-03     -0.42499939E-03
    2625     -0.71648129E-09     -0.72268483E-09     -0.17587790E-03     -0.42499939E-03
    2626     -0.71648681E-09     -0.72268483E-09     -0.17597012E-03     -0.42499939E-03
    2627     -0.71649839E-09     -0.72268483E-09     -0.17606688E-03     -0.42499939E-03
    2628     -0.71651202E-09     -0.72268483E-09     -0.17616289E-03     -0.42499939E-03
    2629     -0.71653086E-09     -0.72268483E-09     -0.17629176E-03     -0.42499939E-03
    2630     -0.71654316E-09     -0.72268483E-09     -0.17638052E-03     -0.42499939E-03
    2631     -0.71655317E-09     -0.72268483E-09     -0.17649225E-03     -0.42499939E-03
    2632     -0.71656251E-09     -0.72268483E-09     -0.17658818E-03     -0.42499939E-03
    2633     -0.71656512E-09     -0.72268483E-09     -0.17662005E-03     -0.42499939E-03
    2634     -0.71656827E-09     -0.72268483E-09     -0.17664957E-03     -0.42499939E-03
    2635     -0.71657615E-09     -0.72268483E-09     -0.17671108E-03     -0.42499939E-03
    2636     -0.71658005E-09     -0.72268483E-09     -0.17675331E-03     -0.42499939E-03
    2637     -0.71658737E-09     -0.72268483E-09     -0.17682874E-03     -0.42499939E-03
    2638     -0.71659379E-09     -0.72268483E-09     -0.17689425E-03     -0.42499939E-03
    2639     -0.71659675E-09     -0.72268483E-09     -0.17693945E-03     -0.42499939E-03
    2640     -0.71660283E-09     -0.72268483E-09     -0.17702113E-03     -0.42499939E-03
    2641     -0.71661315E-09     -0.72268483E-09     -0.17714559E-03     -0.42499939E-03
    2642     -0.71662199E-09     -0.72268483E-09     -0.17725463E-03     -0.42499939E-03
    2643     -0.71662583E-09     -0.72268483E-09     -0.17730562E-03     -0.42499939E-03
    2644     -0.71662954E-09     -0.72268483E-09     -0.17735340E-03     -0.42499939E-03
    2645     -0.71663522E-09     -0.72268483E-09     -0.17742165E-03     -0.42499939E-03
    2646     -0.71664374E-09     -0.72268483E-09     -0.17753465E-03     -0.42499939E-03
    2647     -0.71664897E-09     -0.72268483E-09     -0.17761096E-03     -0.42499939E-03
    2648     -0.71665297E-09     -0.72268483E-09     -0.17766385E-03     -0.42499939E-03
    2649     -0.71665576E-09     -0.72268483E-09     -0.17769971E-03     -0.42499939E-03
    2650     -0.71665769E-09     -0.72268483E-09     -0.17772851E-03     -0.42499939E-03
    2651     -0.71665999E-09     -0.72268483E-09     -0.17776250E-03     -0.42499939E-03
    2652     -0.71666349E-09     -0.72268483E-09     -0.17781089E-03     -0.42499939E-03
    2653     -0.71666773E-09     -0.72268483E-09     -0.17786637E-03     -0.42499939E-03
    2654     -0.71667383E-09     -0.72268483E-09     -0.17795401E-03     -0.42499939E-03
    2655     -0.71667748E-09     -0.72268483E-09     -0.17801134E-03     -0.42499939E-03
    2656     -0.71668099E-09     -0.72268483E-09     -0.17806387E-03     -0.42499939E-03
    2657     -0.71668710E-09     -0.72268483E-09     -0.17814386E-03     -0.42499939E-03
    2658     -0.71669115E-09     -0.72268483E-09     -0.17819617E-03     -0.42499939E-03
    2659     -0.71669649E-09     -0.72268483E-09     -0.17825127E-03     -0.42499939E-03
    2660     -0.71670100E-09     -0.72268483E-09     -0.17830019E-03     -0.42499939E-03
    2661     -0.71670706E-09     -0.72268483E-09     -0.17835810E-03     -0.42499939E-03
    2662     -0.71671306E-09     -0.72268483E-09     -0.17841702E-03     -0.42499939E-03
    2663     -0.71671624E-09     -0.72268483E-09     -0.17846097E-03     -0.42499939E-03
    2664     -0.71671751E-09     -0.72268483E-09     -0.17848105E-03     -0.42499939E-03
    2665     -0.71672661E-09     -0.72268483E-09     -0.17856331E-03     -0.42499939E-03
    2666     -0.71673583E-09     -0.72268483E-09     -0.17864755E-03     -0.42499939E-03
    2667     -0.71673903E-09     -0.72268483E-09     -0.17869318E-03     -0.42499939E-03
    2668     -0.71674222E-09     -0.72268483E-09     -0.17873671E-03     -0.42499939E-03
    2669     -0.71674600E-09     -0.72268483E-09     -0.17878710E-03     -0.42499939E-03
    2670     -0.71674997E-09     -0.72268483E-09     -0.17882954E-03     -0.42499939E-03
    2671     -0.71675564E-09     -0.72268483E-09     -0.17889813E-03     -0.42499939E-03
    2672     -0.71676138E-09     -0.72268483E-09     -0.17895885E-03     -0.42499939E-03
    2673     -0.71676546E-09     -0.72268483E-09     -0.17900110E-03     -0.42499939E-03
    2674     -0.71676891E-09     -0.72268483E-09     -0.17903400E-03     -0.42499939E-03
    2675     -0.71679355E-09     -0.72268483E-09     -0.17919490E-03     -0.42499939E-03
    2676     -0.71680063E-09     -0.72268483E-09     -0.17925738E-03     -0.42499939E-03
    2677     -0.71682414E-09     -0.72268483E-09     -0.17941208E-03     -0.42499939E-03
    2678     -0.71683863E-09     -0.72268483E-09     -0.17951697E-03     -0.42499939E-03
    2679     -0.71684082E-09     -0.72268483E-09     -0.17954915E-03     -0.42499939E-03
    2680     -0.71684370E-09     -0.72268483E-09     -0.17958523E-03     -0.42499939E-03
    2681     -0.71684650E-09     -0.72268483E-09     -0.17962188E-03     -0.42499939E-03
    2682     -0.71685418E-09     -0.72268483E-09     -0.17969966E-03     -0.42499939E-03
    2683     -0.71686296E-09     -0.72268483E-09     -0.17980687E-03     -0.42499939E-03
    2684     -0.71686743E-09     -0.72268483E-09     -0.17987811E-03     -0.42499939E-03
    2685     -0.71686961E-09     -0.72268483E-09     -0.17990938E-03     -0.42499939E-03
    2686     -0.71687376E-09     -0.72268483E-09     -0.17995748E-03     -0.42499939E-03
    2687     -0.71687619E-09     -0.72268483E-09     -0.17999291E-03     -0.42499939E-03
    2688     -0.71687984E-09     -0.72268483E-09     -0.18004488E-03     -0.42499939E-03
    2689     -0.71688301E-09     -0.72268483E-09     -0.18008947E-03     -0.42499939E-03
    2690     -0.71689053E-09     -0.72268483E-09     -0.18016886E-03     -0.42499939E-03
    2691     -0.71689876E-09     -0.72268483E-09     -0.18025141E-03     -0.42499939E-03
    2692     -0.71690464E-09     -0.72268483E-09     -0.18031563E-03     -0.42499939E-03
    2693     -0.71690824E-09     -0.72268483E-09     -0.18037042E-03     -0.42499939E-03
    2694     -0.71691170E-09     -0.72268483E-09     -0.18041994E-03     -0.42499939E-03
    2695     -0.71691416E-09     -0.72268483E-09     -0.18046014E-03     -0.42499939E-03
    2696     -0.71691650E-09     -0.72268483E-09     -0.18050650E-03     -0.42499939E-03
    2697     -0.71692077E-09     -0.72268483E-09     -0.18056039E-03     -0.42499939E-03
    2698     -0.71692550E-09     -0.72268483E-09     -0.18060467E-03     -0.42499939E-03
    2699     -0.71692725E-09     -0.72268483E-09     -0.18063981E-03     -0.42499939E-03
    2700     -0.71692884E-09     -0.72268483E-09     -0.18067593E-03     -0.42499939E-03
    2701     -0.71693343E-09     -0.72268483E-09     -0.18074643E-03     -0.42499939E-03
    2702     -0.71693774E-09     -0.72268483E-09     -0.18081906E-03     -0.42499939E-03
    2703     -0.71694123E-09     -0.72268483E-09     -0.18086776E-03     -0.42499939E-03
    2704     -0.71694442E-09     -0.72268483E-09     -0.18092128E-03     -0.42499939E-03
    2705     -0.71694594E-09     -0.72268483E-09     -0.18095675E-03     -0.42499939E-03
    2706     -0.71694892E-09     -0.72268483E-09     -0.18100252E-03     -0.42499939E-03
    2707     -0.71695355E-09     -0.72268483E-09     -0.18105468E-03     -0.42499939E-03
    2708     -0.71695680E-09     -0.72268483E-09     -0.18108733E-03     -0.42499939E-03
    2709     -0.71695900E-09     -0.72268483E-09     -0.18112084E-03     -0.42499939E-03
    2710     -0.71696121E-09     -0.72268483E-09     -0.18115274E-03     -0.42499939E-03
    2711     -0.71696774E-09     -0.72268483E-09     -0.18124693E-03     -0.42499939E-03
    2712     -0.71697830E-09     -0.72268483E-09     -0.18138651E-03     -0.42499939E-03
    2713     -0.71698446E-09     -0.72268483E-09     -0.18145653E-03     -0.42499939E-03
    2714     -0.71698716E-09     -0.72268483E-09     -0.18148911E-03     -0.42499939E-03
    2715     -0.71698910E-09     -0.72268483E-09     -0.18152557E-03     -0.42499939E-03
    2716     -0.71699025E-09     -0.72268483E-09     -0.18155046E-03     -0.42499939E-03
    2717     -0.71699351E-09     -0.72268483E-09     -0.18159702E-03     -0.42499939E-03
    2718     -0.71699606E-09     -0.72268483E-09     -0.18163882E-03     -0.42499939E-03
    2719     -0.71699825E-09     -0.72268483E-09     -0.18167823E-03     -0.42499939E-03
    2720     -0.71700137E-09     -0.72268483E-09     -0.18171651E-03     -0.42499939E-03
    2721     -0.71700908E-09     -0.72268483E-09     -0.18177598E-03     -0.42499939E-03
    2722     -0.71701241E-09     -0.72268483E-09     -0.18181798E-03     -0.42499939E-03
    2723     -0.71701599E-09     -0.72268483E-09     -0.18186938E-03     -0.42499939E-03
    2724     -0.71701993E-09     -0.72268483E-09     -0.18190824E-03     -0.42499939E-03
    2725     -0.71702505E-09     -0.72268483E-09     -0.18197052E-03     -0.42499939E-03
    2726     -0.71702917E-09     -0.72268483E-09     -0.18202790E-03     -0.42499939E-03
    2727     -0.71703323E-09     -0.72268483E-09     -0.18206886E-03     -0.42499939E-03
    2728     -0.71703624E-09     -0.72268483E-09     -0.18210246E-03     -0.42499939E-03
    2729     -0.71704199E-09     -0.72268483E-09     -0.18216953E-03     -0.42499939E-03
    2730     -0.71704561E-09     -0.72268483E-09     -0.18223757E-03     -0.42499939E-03
    2731     -0.71704977E-09     -0.72268483E-09     -0.18233551E-03     -0.42499939E-03
    2732     -0.71705503E-09     -0.72268483E-09     -0.18241978E-03     -0.42499939E-03
    2733     -0.71706580E-09     -0.72268483E-09     -0.18249817E-03     -0.42499939E-03
    2734     -0.71706741E-09     -0.72268483E-09     -0.18252000E-03     -0.42499939E-03
    2735     -0.71707306E-09     -0.72268483E-09     -0.18257531E-03     -0.42499939E-03
    2736     -0.71707838E-09     -0.72268483E-09     -0.18263785E-03     -0.42499939E-03
    2737     -0.71708049E-09     -0.72268483E-09     -0.18268742E-03     -0.42499939E-03
    2738     -0.71708668E-09     -0.72268483E-09     -0.18275424E-03     -0.42499939E-03
    2739     -0.71708908E-09     -0.72268483E-09     -0.18279642E-03     -0.42499939E-03
    2740     -0.71709321E-09     -0.72268483E-09     -0.18285397E-03     -0.42499939E-03
    2741     -0.71709651E-09     -0.72268483E-09     -0.18291120E-03     -0.42499939E-03
    2742     -0.71709922E-09     -0.72268483E-09     -0.18295995E-03     -0.42499939E-03
    2743     -0.71710206E-09     -0.72268483E-09     -0.18300014E-03     -0.42499939E-03
    2744     -0.71710608E-09     -0.72268483E-09     -0.18306159E-03     -0.42499939E-03
    2745     -0.71710842E-09     -0.72268483E-09     -0.18309329E-03     -0.42499939E-03
    2746     -0.71711095E-09     -0.72268483E-09     -0.18313373E-03     -0.42499939E-03
    2747     -0.71711403E-09     -0.72268483E-09     -0.18317983E-03     -0.42499939E-03
    2748     -0.71711666E-09     -0.72268483E-09     -0.18321930E-03     -0.42499939E-03
    2749     -0.71711855E-09     -0.72268483E-09     -0.18324866E-03     -0.42499939E-03
    2750     -0.71712039E-09     -0.72268483E-09     -0.18327715E-03     -0.42499939E-03
    2751     -0.71712343E-09     -0.72268483E-09     -0.18334065E-03     -0.42499939E-03
    2752     -0.71712649E-09     -0.72268483E-09     -0.18339940E-03     -0.42499939E-03
    2753     -0.71713024E-09     -0.72268483E-09     -0.18346552E-03     -0.42499939E-03
    2754     -0.71713473E-09     -0.72268483E-09     -0.18355345E-03     -0.42499939E-03
    2755     -0.71713655E-09     -0.72268483E-09     -0.18359652E-03     -0.42499939E-03
    2756     -0.71713830E-09     -0.72268483E-09     -0.18364177E-03     -0.42499939E-03
    2757     -0.71714210E-09     -0.72268483E-09     -0.18370971E-03     -0.42499939E-03
    2758     -0.71714671E-09     -0.72268483E-09     -0.18379126E-03     -0.42499939E-03
    2759     -0.71714937E-09     -0.72268483E-09     -0.18384381E-03     -0.42499939E-03
    2760     -0.71715060E-09     -0.72268483E-09     -0.18386619E-03     -0.42499939E-03
    2761     -0.71715372E-09     -0.72268483E-09     -0.18394596E-03     -0.42499939E-03
    2762     -0.71715668E-09     -0.72268483E-09     -0.18402228E-03     -0.42499939E-03
    2763     -0.71716144E-09     -0.72268483E-09     -0.18414272E-03     -0.42499939E-03
    2764     -0.71716470E-09     -0.72268483E-09     -0.18423400E-03     -0.42499939E-03
    2765     -0.71716795E-09     -0.72268483E-09     -0.18429644E-03     -0.42499939E-03
    2766     -0.71717071E-09     -0.72268483E-09     -0.18434458E-03     -0.42499939E-03
    2767     -0.71717402E-09     -0.72268483E-09     -0.18440052E-03     -0.42499939E-03
    2768     -0.71717554E-09     -0.72268483E-09     -0.18443496E-03     -0.42499939E-03
    2769     -0.71717848E-09     -0.72268483E-09     -0.18447761E-03     -0.42499939E-03
    2770     -0.71718128E-09     -0.72268483E-09     -0.18451825E-03     -0.42499939E-03
    2771     -0.71718388E-09     -0.72268483E-09     -0.18456237E-03     -0.42499939E-03
    2772     -0.71718656E-09     -0.72268483E-09     -0.18460527E-03     -0.42499939E-03
    2773     -0.71718770E-09     -0.72268483E-09     -0.18462976E-03     -0.42499939E-03
    2774     -0.71718988E-09     -0.72268483E-09     -0.18467456E-03     -0.42499939E-03
    2775     -0.71719300E-09     -0.72268483E-09     -0.18473726E-03     -0.42499939E-03
    2776     -0.71719442E-09     -0.72268483E-09     -0.18476270E-03     -0.42499939E-03
    2777     -0.71719583E-09     -0.72268483E-09     -0.18479064E-03     -0.42499939E-03
    2778     -0.71719725E-09     -0.72268483E-09     -0.18481573E-03     -0.42499939E-03
    2779     -0.71719898E-09     -0.72268483E-09     -0.18483658E-03     -0.42499939E-03
    2780     -0.71720133E-09     -0.72268483E-09     -0.18486082E-03     -0.42499939E-03
    2781     -0.71720346E-09     -0.72268483E-09     -0.18489702E-03     -0.42499939E-03
    2782     -0.71720573E-09     -0.72268483E-09     -0.18494059E-03     -0.42499939E-03
    2783     -0.71720794E-09     -0.72268483E-09     -0.18498996E-03     -0.42499939E-03
    2784     -0.71720974E-09     -0.72268483E-09     -0.18502516E-03     -0.42499939E-03
    2785     -0.71721245E-09     -0.72268483E-09     -0.18506911E-03     -0.42499939E-03
    2786     -0.71721544E-09     -0.72268483E-09     -0.18512068E-03     -0.42499939E-03
    2787     -0.71721755E-09     -0.72268483E-09     -0.18515399E-03     -0.42499939E-03
    2788     -0.71721967E-09     -0.72268483E-09     -0.18519244E-03     -0.42499939E-03
    2789     -0.71722110E-09     -0.72268483E-09     -0.18522298E-03     -0.42499939E-03
    2790     -0.71722250E-09     -0.72268483E-09     -0.18524812E-03     -0.42499939E-03
    2791     -0.71722559E-09     -0.72268483E-09     -0.18529034E-03     -0.42499939E-03
    2792     -0.71722874E-09     -0.72268483E-09     -0.18533524E-03     -0.42499939E-03
    2793     -0.71723074E-09     -0.72268483E-09     -0.18537079E-03     -0.42499939E-03
    2794     -0.71723323E-09     -0.72268483E-09     -0.18542004E-03     -0.42499939E-03
    2795     -0.71723604E-09     -0.72268483E-09     -0.18547420E-03     -0.42499939E-03
    2796     -0.71723863E-09     -0.72268483E-09     -0.18551806E-03     -0.42499939E-03
    2797     -0.71724011E-09     -0.72268483E-09     -0.18554598E-03     -0.42499939E-03
    2798     -0.71724167E-09     -0.72268483E-09     -0.18557485E-03     -0.42499939E-03
    2799     -0.71724382E-09     -0.72268483E-09     -0.18561568E-03     -0.42499939E-03
    2800     -0.71724650E-09     -0.72268483E-09     -0.18566178E-03     -0.42499939E-03
    2801     -0.71724980E-09     -0.72268483E-09     -0.18571617E-03     -0.42499939E-03
    2802     -0.71725201E-09     -0.72268483E-09     -0.18575747E-03     -0.42499939E-03
    2803     -0.71725340E-09     -0.72268483E-09     -0.18578457E-03     -0.42499939E-03
    2804     -0.71725473E-09     -0.72268483E-09     -0.18581031E-03     -0.42499939E-03
    2805     -0.71725618E-09     -0.72268483E-09     -0.18583002E-03     -0.42499939E-03
    2806     -0.71725716E-09     -0.72268483E-09     -0.18585409E-03     -0.42499939E-03
    2807     -0.71725909E-09     -0.72268483E-09     -0.18588756E-03     -0.42499939E-03
    2808     -0.71726140E-09     -0.72268483E-09     -0.18592876E-03     -0.42499939E-03
    2809     -0.71726497E-09     -0.72268483E-09     -0.18600837E-03     -0.42499939E-03
    2810     -0.71726802E-09     -0.72268483E-09     -0.18607573E-03     -0.42499939E-03
    2811     -0.71727013E-09     -0.72268483E-09     -0.18611834E-03     -0.42499939E-03
    2812     -0.71727283E-09     -0.72268483E-09     -0.18616955E-03     -0.42499939E-03
    2813     -0.71727602E-09     -0.72268483E-09     -0.18623022E-03     -0.42499939E-03
    2814     -0.71727864E-09     -0.72268483E-09     -0.18628899E-03     -0.42499939E-03
    2815     -0.71728092E-09     -0.72268483E-09     -0.18633776E-03     -0.42499939E-03
    2816     -0.71728390E-09     -0.72268483E-09     -0.18640244E-03     -0.42499939E-03
    2817     -0.71728660E-09     -0.72268483E-09     -0.18644512E-03     -0.42499939E-03
    2818     -0.71729005E-09     -0.72268483E-09     -0.18651202E-03     -0.42499939E-03
    2819     -0.71729195E-09     -0.72268483E-09     -0.18654978E-03     -0.42499939E-03
    2820     -0.71729405E-09     -0.72268483E-09     -0.18658518E-03     -0.42499939E-03
    2821     -0.71729645E-09     -0.72268483E-09     -0.18662593E-03     -0.42499939E-03
    2822     -0.71729771E-09     -0.72268483E-09     -0.18666150E-03     -0.42499939E-03
    2823     -0.71731680E-09     -0.72268483E-09     -0.18688549E-03     -0.42499939E-03
    2824     -0.71733274E-09     -0.72268483E-09     -0.18708116E-03     -0.42499939E-03
    2825     -0.71734025E-09     -0.72268483E-09     -0.18718329E-03     -0.42499939E-03
    2826     -0.71734430E-09     -0.72268483E-09     -0.18724771E-03     -0.42499939E-03
    2827     -0.71734803E-09     -0.72268483E-09     -0.18730861E-03     -0.42499939E-03
    2828     -0.71735045E-09     -0.72268483E-09     -0.18735074E-03     -0.42499939E-03
    2829     -0.71735516E-09     -0.72268483E-09     -0.18748209E-03     -0.42499939E-03
    2830     -0.71735886E-09     -0.72268483E-09     -0.18756401E-03     -0.42499939E-03
    2831     -0.71736128E-09     -0.72268483E-09     -0.18764394E-03     -0.42499939E-03
    2832     -0.71736287E-09     -0.72268483E-09     -0.18767607E-03     -0.42499939E-03
    2833     -0.71736436E-09     -0.72268483E-09     -0.18771031E-03     -0.42499939E-03
    2834     -0.71736590E-09     -0.72268483E-09     -0.18774581E-03     -0.42499939E-03
    2835     -0.71736825E-09     -0.72268483E-09     -0.18779252E-03     -0.42499939E-03
    2836     -0.71737118E-09     -0.72268483E-09     -0.18784855E-03     -0.42499939E-03
    2837     -0.71737438E-09     -0.72268483E-09     -0.18792026E-03     -0.42499939E-03
    2838     -0.71738375E-09     -0.72268483E-09     -0.18804669E-03     -0.42499939E-03
    2839     -0.71739255E-09     -0.72268483E-09     -0.18817197E-03     -0.42499939E-03
    2840     -0.71739567E-09     -0.72268483E-09     -0.18823639E-03     -0.42499939E-03
    2841     -0.71739753E-09     -0.72268483E-09     -0.18826354E-03     -0.42499939E-03
    2842     -0.71739969E-09     -0.72268483E-09     -0.18831730E-03     -0.42499939E-03
    2843     -0.71740151E-09     -0.72268483E-09     -0.18835127E-03     -0.42499939E-03
    2844     -0.71740340E-09     -0.72268483E-09     -0.18838198E-03     -0.42499939E-03
    2845     -0.71742238E-09     -0.72268483E-09     -0.18858510E-03     -0.42499939E-03
    2846     -0.71744260E-09     -0.72268483E-09     -0.18879991E-03     -0.42499939E-03
    2847     -0.71744419E-09     -0.72268483E-09     -0.18882823E-03     -0.42499939E-03
    2848     -0.71744594E-09     -0.72268483E-09     -0.18885878E-03     -0.42499939E-03
    2849     -0.71744914E-09     -0.72268483E-09     -0.18893942E-03     -0.42499939E-03
    2850     -0.71745252E-09     -0.72268483E-09     -0.18900843E-03     -0.42499939E-03
    2851     -0.71745465E-09     -0.72268483E-09     -0.18905961E-03     -0.42499939E-03
    2852     -0.71745786E-09     -0.72268483E-09     -0.18913718E-03     -0.42499939E-03
    2853     -0.71746196E-09     -0.72268483E-09     -0.18922597E-03     -0.42499939E-03
    2854     -0.71746555E-09     -0.72268483E-09     -0.18930266E-03     -0.42499939E-03
    2855     -0.71747391E-09     -0.72268483E-09     -0.18948589E-03     -0.42499939E-03
    2856     -0.71748037E-09     -0.72268483E-09     -0.18965830E-03     -0.42499939E-03
    2857     -0.71748241E-09     -0.72268483E-09     -0.18969991E-03     -0.42499939E-03
    2858     -0.71748408E-09     -0.72268483E-09     -0.18974269E-03     -0.42499939E-03
    2859     -0.71748605E-09     -0.72268483E-09     -0.18979283E-03     -0.42499939E-03
    2860     -0.71748808E-09     -0.72268483E-09     -0.18984408E-03     -0.42499939E-03
    2861     -0.71748958E-09     -0.72268483E-09     -0.18987437E-03     -0.42499939E-03
    2862     -0.71749136E-09     -0.72268483E-09     -0.18989706E-03     -0.42499939E-03
    2863     -0.71749282E-09     -0.72268483E-09     -0.18992665E-03     -0.42499939E-03
    2864     -0.71749446E-09     -0.72268483E-09     -0.18996090E-03     -0.42499939E-03
    2865     -0.71749694E-09     -0.72268483E-09     -0.19000126E-03     -0.42499939E-03
    2866     -0.71749957E-09     -0.72268483E-09     -0.19004907E-03     -0.42499939E-03
    2867     -0.71750167E-09     -0.72268483E-09     -0.19008534E-03     -0.42499939E-03
    2868     -0.71750317E-09     -0.72268483E-09     -0.19011965E-03     -0.42499939E-03
    2869     -0.71750498E-09     -0.72268483E-09     -0.19016341E-03     -0.42499939E-03
    2870     -0.71750732E-09     -0.72268483E-09     -0.19020388E-03     -0.42499939E-03
    2871     -0.71750927E-09     -0.72268483E-09     -0.19024347E-03     -0.42499939E-03
    2872     -0.71751191E-09     -0.72268483E-09     -0.19028759E-03     -0.42499939E-03
    2873     -0.71751361E-09     -0.72268483E-09     -0.19032204E-03     -0.42499939E-03
    2874     -0.71751527E-09     -0.72268483E-09     -0.19035742E-03     -0.42499939E-03
    2875     -0.71751635E-09     -0.72268483E-09     -0.19038159E-03     -0.42499939E-03
    2876     -0.71751794E-09     -0.72268483E-09     -0.19041402E-03     -0.42499939E-03
    2877     -0.71752038E-09     -0.72268483E-09     -0.19046677E-03     -0.42499939E-03
    2878     -0.71752225E-09     -0.72268483E-09     -0.19050908E-03     -0.42499939E-03
    2879     -0.71752465E-09     -0.72268483E-09     -0.19055751E-03     -0.42499939E-03
    2880     -0.71752610E-09     -0.72268483E-09     -0.19059532E-03     -0.42499939E-03
    2881     -0.71752770E-09     -0.72268483E-09     -0.19063730E-03     -0.42499939E-03
    2882     -0.71753065E-09     -0.72268483E-09     -0.19069601E-03     -0.42499939E-03
    2883     -0.71753267E-09     -0.72268483E-09     -0.19074819E-03     -0.42499939E-03
    2884     -0.71753491E-09     -0.72268483E-09     -0.19080863E-03     -0.42499939E-03
    2885     -0.71753841E-09     -0.72268483E-09     -0.19087272E-03     -0.42499939E-03
    2886     -0.71754186E-09     -0.72268483E-09     -0.19093457E-03     -0.42499939E-03
    2887     -0.71754433E-09     -0.72268483E-09     -0.19100163E-03     -0.42499939E-03
    2888     -0.71754680E-09     -0.72268483E-09     -0.19107376E-03     -0.42499939E-03
    2889     -0.71755931E-09     -0.72268483E-09     -0.19125666E-03     -0.42499939E-03
    2890     -0.71757164E-09     -0.72268483E-09     -0.19144685E-03     -0.42499939E-03
    2891     -0.71758162E-09     -0.72268483E-09     -0.19160912E-03     -0.42499939E-03
    2892     -0.71759096E-09     -0.72268483E-09     -0.19175907E-03     -0.42499939E-03
    2893     -0.71759427E-09     -0.72268483E-09     -0.19183563E-03     -0.42499939E-03
    2894     -0.71759691E-09     -0.72268483E-09     -0.19189759E-03     -0.42499939E-03
    2895     -0.71760052E-09     -0.72268483E-09     -0.19198157E-03     -0.42499939E-03
    2896     -0.71760379E-09     -0.72268483E-09     -0.19205860E-03     -0.42499939E-03
    2897     -0.71760709E-09     -0.72268483E-09     -0.19212655E-03     -0.42499939E-03
    2898     -0.71761048E-09     -0.72268483E-09     -0.19219704E-03     -0.42499939E-03
    2899     -0.71761341E-09     -0.72268483E-09     -0.19225629E-03     -0.42499939E-03
    2900     -0.71761618E-09     -0.72268483E-09     -0.19231059E-03     -0.42499939E-03
    2901     -0.71761888E-09     -0.72268483E-09     -0.19236288E-03     -0.42499939E-03
    2902     -0.71762087E-09     -0.72268483E-09     -0.19241146E-03     -0.42499939E-03
    2903     -0.71762355E-09     -0.72268483E-09     -0.19245469E-03     -0.42499939E-03
    2904     -0.71762488E-09     -0.72268483E-09     -0.19248671E-03     -0.42499939E-03
    2905     -0.71762781E-09     -0.72268483E-09     -0.19256929E-03     -0.42499939E-03
    2906     -0.71763095E-09     -0.72268483E-09     -0.19266067E-03     -0.42499939E-03
    2907     -0.71763416E-09     -0.72268483E-09     -0.19273145E-03     -0.42499939E-03
    2908     -0.71763679E-09     -0.72268483E-09     -0.19278388E-03     -0.42499939E-03
    2909     -0.71763892E-09     -0.72268483E-09     -0.19282784E-03     -0.42499939E-03
    2910     -0.71764146E-09     -0.72268483E-09     -0.19287460E-03     -0.42499939E-03
    2911     -0.71764698E-09     -0.72268483E-09     -0.19298677E-03     -0.42499939E-03
    2912     -0.71765247E-09     -0.72268483E-09     -0.19309880E-03     -0.42499939E-03
    2913     -0.71765472E-09     -0.72268483E-09     -0.19314289E-03     -0.42499939E-03
    2914     -0.71765689E-09     -0.72268483E-09     -0.19318898E-03     -0.42499939E-03
    2915     -0.71765833E-09     -0.72268483E-09     -0.19321976E-03     -0.42499939E-03
    2916     -0.71765964E-09     -0.72268483E-09     -0.19325121E-03     -0.42499939E-03
    2917     -0.71766154E-09     -0.72268483E-09     -0.19330939E-03     -0.42499939E-03
    2918     -0.71766345E-09     -0.72268483E-09     -0.19335529E-03     -0.42499939E-03
    2919     -0.71766516E-09     -0.72268483E-09     -0.19339666E-03     -0.42499939E-03
    2920     -0.71766688E-09     -0.72268483E-09     -0.19343770E-03     -0.42499939E-03
    2921     -0.71766827E-09     -0.72268483E-09     -0.19346625E-03     -0.42499939E-03
    2922     -0.71767063E-09     -0.72268483E-09     -0.19351200E-03     -0.42499939E-03
    2923     -0.71767270E-09     -0.72268483E-09     -0.19355957E-03     -0.42499939E-03
    2924     -0.71767450E-09     -0.72268483E-09     -0.19359653E-03     -0.42499939E-03
    2925     -0.71767576E-09     -0.72268483E-09     -0.19362257E-03     -0.42499939E-03
    2926     -0.71767706E-09     -0.72268483E-09     -0.19364729E-03     -0.42499939E-03
    2927     -0.71767818E-09     -0.72268483E-09     -0.19367725E-03     -0.42499939E-03
    2928     -0.71767962E-09     -0.72268483E-09     -0.19372068E-03     -0.42499939E-03
    2929     -0.71768147E-09     -0.72268483E-09     -0.19376943E-03     -0.42499939E-03
    2930     -0.71768264E-09     -0.72268483E-09     -0.19380829E-03     -0.42499939E-03
    2931     -0.71768453E-09     -0.72268483E-09     -0.19385085E-03     -0.42499939E-03
    2932     -0.71768605E-09     -0.72268483E-09     -0.19389133E-03     -0.42499939E-03
    2933     -0.71768824E-09     -0.72268483E-09     -0.19395060E-03     -0.42499939E-03
    2934     -0.71769046E-09     -0.72268483E-09     -0.19401093E-03     -0.42499939E-03
    2935     -0.71769238E-09     -0.72268483E-09     -0.19404316E-03     -0.42499939E-03
    2936     -0.71769451E-09     -0.72268483E-09     -0.19408080E-03     -0.42499939E-03
    2937     -0.71769589E-09     -0.72268483E-09     -0.19411457E-03     -0.42499939E-03
    2938     -0.71769735E-09     -0.72268483E-09     -0.19415376E-03     -0.42499939E-03
    2939     -0.71769908E-09     -0.72268483E-09     -0.19418792E-03     -0.42499939E-03
    2940     -0.71770057E-09     -0.72268483E-09     -0.19422676E-03     -0.42499939E-03
    2941     -0.71770426E-09     -0.72268483E-09     -0.19431716E-03     -0.42499939E-03
    2942     -0.71770825E-09     -0.72268483E-09     -0.19441583E-03     -0.42499939E-03
    2943     -0.71770935E-09     -0.72268483E-09     -0.19444248E-03     -0.42499939E-03
    2944     -0.71771015E-09     -0.72268483E-09     -0.19447521E-03     -0.42499939E-03
    2945     -0.71771182E-09     -0.72268483E-09     -0.19451232E-03     -0.42499939E-03
    2946     -0.71771357E-09     -0.72268483E-09     -0.19456352E-03     -0.42499939E-03
    2947     -0.71771505E-09     -0.72268483E-09     -0.19460610E-03     -0.42499939E-03
    2948     -0.71771662E-09     -0.72268483E-09     -0.19464191E-03     -0.42499939E-03
    2949     -0.71771821E-09     -0.72268483E-09     -0.19468495E-03     -0.42499939E-03
    2950     -0.71771960E-09     -0.72268483E-09     -0.19471769E-03     -0.42499939E-03
    2951     -0.71772155E-09     -0.72268483E-09     -0.19476916E-03     -0.42499939E-03
    2952     -0.71772333E-09     -0.72268483E-09     -0.19482062E-03     -0.42499939E-03
    2953     -0.71772445E-09     -0.72268483E-09     -0.19485158E-03     -0.42499939E-03
    2954     -0.71772608E-09     -0.72268483E-09     -0.19488772E-03     -0.42499939E-03
    2955     -0.71772724E-09     -0.72268483E-09     -0.19491423E-03     -0.42499939E-03
    2956     -0.71772843E-09     -0.72268483E-09     -0.19494630E-03     -0.42499939E-03
    2957     -0.71772981E-09     -0.72268483E-09     -0.19498411E-03     -0.42499939E-03
    2958     -0.71773219E-09     -0.72268483E-09     -0.19502942E-03     -0.42499939E-03
    2959     -0.71773379E-09     -0.72268483E-09     -0.19506713E-03     -0.42499939E-03
    2960     -0.71773529E-09     -0.72268483E-09     -0.19510418E-03     -0.42499939E-03
    2961     -0.71773640E-09     -0.72268483E-09     -0.19512730E-03     -0.42499939E-03
    2962     -0.71773719E-09     -0.72268483E-09     -0.19515061E-03     -0.42499939E-03
    2963     -0.71773865E-09     -0.72268483E-09     -0.19518874E-03     -0.42499939E-03
    2964     -0.71773972E-09     -0.72268483E-09     -0.19522669E-03     -0.42499939E-03
    2965     -0.71774118E-09     -0.72268483E-09     -0.19526067E-03     -0.42499939E-03
    2966     -0.71774253E-09     -0.72268483E-09     -0.19528167E-03     -0.42499939E-03
    2967     -0.71774432E-09     -0.72268483E-09     -0.19531826E-03     -0.42499939E-03
    2968     -0.71774593E-09     -0.72268483E-09     -0.19534223E-03     -0.42499939E-03
    2969     -0.71774747E-09     -0.72268483E-09     -0.19538368E-03     -0.42499939E-03
    2970     -0.71774904E-09     -0.72268483E-09     -0.19542568E-03     -0.42499939E-03
    2971     -0.71775010E-09     -0.72268483E-09     -0.19545787E-03     -0.42499939E-03
    2972     -0.71775118E-09     -0.72268483E-09     -0.19549120E-03     -0.42499939E-03
    2973     -0.71775341E-09     -0.72268483E-09     -0.19555252E-03     -0.42499939E-03
    2974     -0.71775614E-09     -0.72268483E-09     -0.19562048E-03     -0.42499939E-03
    2975     -0.71775835E-09     -0.72268483E-09     -0.19567185E-03     -0.42499939E-03
    2976     -0.71776090E-09     -0.72268483E-09     -0.19571540E-03     -0.42499939E-03
    2977     -0.71776325E-09     -0.72268483E-09     -0.19578513E-03     -0.42499939E-03
    2978     -0.71776570E-09     -0.72268483E-09     -0.19585685E-03     -0.42499939E-03
    2979     -0.71776795E-09     -0.72268483E-09     -0.19591695E-03     -0.42499939E-03
    2980     -0.71777063E-09     -0.72268483E-09     -0.19597496E-03     -0.42499939E-03
    2981     -0.71777253E-09     -0.72268483E-09     -0.19602250E-03     -0.42499939E-03
    2982     -0.71777510E-09     -0.72268483E-09     -0.19609565E-03     -0.42499939E-03
    2983     -0.71777773E-09     -0.72268483E-09     -0.19617614E-03     -0.42499939E-03
    2984     -0.71777973E-09     -0.72268483E-09     -0.19623310E-03     -0.42499939E-03
    2985     -0.71778157E-09     -0.72268483E-09     -0.19629116E-03     -0.42499939E-03
    2986     -0.71778372E-09     -0.72268483E-09     -0.19634570E-03     -0.42499939E-03
    2987     -0.71778535E-09     -0.72268483E-09     -0.19640452E-03     -0.42499939E-03
    2988     -0.71778803E-09     -0.72268483E-09     -0.19649457E-03     -0.42499939E-03
    2989     -0.71779113E-09     -0.72268483E-09     -0.19657796E-03     -0.42499939E-03
    2990     -0.71779347E-09     -0.72268483E-09     -0.19663190E-03     -0.42499939E-03
    2991     -0.71779585E-09     -0.72268483E-09     -0.19670352E-03     -0.42499939E-03
    2992     -0.71779861E-09     -0.72268483E-09     -0.19679640E-03     -0.42499939E-03
    2993     -0.71779965E-09     -0.72268483E-09     -0.19683425E-03     -0.42499939E-03
    2994     -0.71780210E-09     -0.72268483E-09     -0.19691171E-03     -0.42499939E-03
    2995     -0.71780347E-09     -0.72268483E-09     -0.19695244E-03     -0.42499939E-03
    2996     -0.71780526E-09     -0.72268483E-09     -0.19699944E-03     -0.42499939E-03
    2997     -0.71780776E-09     -0.72268483E-09     -0.19706087E-03     -0.42499939E-03
    2998     -0.71781001E-09     -0.72268483E-09     -0.19711891E-03     -0.42499939E-03
    2999     -0.71781164E-09     -0.72268483E-09     -0.19716382E-03     -0.42499939E-03
    3000     -0.71781326E-09     -0.72268483E-09     -0.19722724E-03     -0.42499939E-03
    3001     -0.71781460E-09     -0.72268483E-09     -0.19726827E-03     -0.42499939E-03
    3002     -0.71781612E-09     -0.72268483E-09     -0.19730471E-03     -0.42499939E-03
    3003     -0.71781811E-09     -0.72268483E-09     -0.19735564E-03     -0.42499939E-03
    3004     -0.71782037E-09     -0.72268483E-09     -0.19740990E-03     -0.42499939E-03
    3005     -0.71782237E-09     -0.72268483E-09     -0.19745863E-03     -0.42499939E-03
    3006     -0.71782390E-09     -0.72268483E-09     -0.19749623E-03     -0.42499939E-03
    3007     -0.71782556E-09     -0.72268483E-09     -0.19753555E-03     -0.42499939E-03
    3008     -0.71782704E-09     -0.72268483E-09     -0.19757523E-03     -0.42499939E-03
    3009     -0.71782891E-09     -0.72268483E-09     -0.19762568E-03     -0.42499939E-03
    3010     -0.71783037E-09     -0.72268483E-09     -0.19767862E-03     -0.42499939E-03
    3011     -0.71783201E-09     -0.72268483E-09     -0.19772645E-03     -0.42499939E-03
    3012     -0.71783365E-09     -0.72268483E-09     -0.19777435E-03     -0.42499939E-03
    3013     -0.71783474E-09     -0.72268483E-09     -0.19780210E-03     -0.42499939E-03
    3014     -0.71783594E-09     -0.72268483E-09     -0.19783192E-03     -0.42499939E-03
    3015     -0.71783762E-09     -0.72268483E-09     -0.19788113E-03     -0.42499939E-03
    3016     -0.71783942E-09     -0.72268483E-09     -0.19792666E-03     -0.42499939E-03
    3017     -0.71784103E-09     -0.72268483E-09     -0.19796951E-03     -0.42499939E-03
    3018     -0.71784280E-09     -0.72268483E-09     -0.19802606E-03     -0.42499939E-03
    3019     -0.71784386E-09     -0.72268483E-09     -0.19804822E-03     -0.42499939E-03
    3020     -0.71784569E-09     -0.72268483E-09     -0.19809437E-03     -0.42499939E-03
    3021     -0.71784844E-09     -0.72268483E-09     -0.19814137E-03     -0.42499939E-03
    3022     -0.71785114E-09     -0.72268483E-09     -0.19820789E-03     -0.42499939E-03
    3023     -0.71786730E-09     -0.72268483E-09     -0.19847518E-03     -0.42499939E-03
    3024     -0.71788304E-09     -0.72268483E-09     -0.19873789E-03     -0.42499939E-03
    3025     -0.71788431E-09     -0.72268483E-09     -0.19877658E-03     -0.42499939E-03
    3026     -0.71788599E-09     -0.72268483E-09     -0.19881502E-03     -0.42499939E-03
    3027     -0.71788820E-09     -0.72268483E-09     -0.19886287E-03     -0.42499939E-03
    3028     -0.71789079E-09     -0.72268483E-09     -0.19891391E-03     -0.42499939E-03
    3029     -0.71789235E-09     -0.72268483E-09     -0.19894741E-03     -0.42499939E-03
    3030     -0.71789398E-09     -0.72268483E-09     -0.19898364E-03     -0.42499939E-03
    3031     -0.71789750E-09     -0.72268483E-09     -0.19907744E-03     -0.42499939E-03
    3032     -0.71790060E-09     -0.72268483E-09     -0.19917163E-03     -0.42499939E-03
    3033     -0.71790405E-09     -0.72268483E-09     -0.19927051E-03     -0.42499939E-03
    3034     -0.71790571E-09     -0.72268483E-09     -0.19931709E-03     -0.42499939E-03
    3035     -0.71790726E-09     -0.72268483E-09     -0.19936985E-03     -0.42499939E-03
    3036     -0.71791019E-09     -0.72268483E-09     -0.19947172E-03     -0.42499939E-03
    3037     -0.71791223E-09     -0.72268483E-09     -0.19951885E-03     -0.42499939E-03
    3038     -0.71791361E-09     -0.72268483E-09     -0.19955620E-03     -0.42499939E-03
    3039     -0.71791517E-09     -0.72268483E-09     -0.19959444E-03     -0.42499939E-03
    3040     -0.71791670E-09     -0.72268483E-09     -0.19962695E-03     -0.42499939E-03
    3041     -0.71791817E-09     -0.72268483E-09     -0.19966719E-03     -0.42499939E-03
    3042     -0.71791947E-09     -0.72268483E-09     -0.19970857E-03     -0.42499939E-03
    3043     -0.71792141E-09     -0.72268483E-09     -0.19975482E-03     -0.42499939E-03
    3044     -0.71792358E-09     -0.72268483E-09     -0.19980487E-03     -0.42499939E-03
    3045     -0.71792448E-09     -0.72268483E-09     -0.19983414E-03     -0.42499939E-03
    3046     -0.71792590E-09     -0.72268483E-09     -0.19987037E-03     -0.42499939E-03
    3047     -0.71792698E-09     -0.72268483E-09     -0.19990221E-03     -0.42499939E-03
    3048     -0.71792817E-09     -0.72268483E-09     -0.19994133E-03     -0.42499939E-03
    3049     -0.71793069E-09     -0.72268483E-09     -0.19998832E-03     -0.42499939E-03
    3050     -0.71793321E-09     -0.72268483E-09     -0.20002328E-03     -0.42499939E-03
    3051     -0.71793610E-09     -0.72268483E-09     -0.20011717E-03     -0.42499939E-03
    3052     -0.71793762E-09     -0.72268483E-09     -0.20016951E-03     -0.42499939E-03
    3053     -0.71793977E-09     -0.72268483E-09     -0.20022936E-03     -0.42499939E-03
    3054     -0.71794102E-09     -0.72268483E-09     -0.20026251E-03     -0.42499939E-03
    3055     -0.71795570E-09     -0.72268483E-09     -0.20048068E-03     -0.42499939E-03
    3056     -0.71797024E-09     -0.72268483E-09     -0.20069579E-03     -0.42499939E-03
    3057     -0.71797240E-09     -0.72268483E-09     -0.20074176E-03     -0.42499939E-03
    3058     -0.71797435E-09     -0.72268483E-09     -0.20078102E-03     -0.42499939E-03
    3059     -0.71797610E-09     -0.72268483E-09     -0.20082405E-03     -0.42499939E-03
    3060     -0.71797776E-09     -0.72268483E-09     -0.20086058E-03     -0.42499939E-03
    3061     -0.71798040E-09     -0.72268483E-09     -0.20092148E-03     -0.42499939E-03
    3062     -0.71798357E-09     -0.72268483E-09     -0.20098897E-03     -0.42499939E-03
    3063     -0.71798504E-09     -0.72268483E-09     -0.20102870E-03     -0.42499939E-03
    3064     -0.71798654E-09     -0.72268483E-09     -0.20106965E-03     -0.42499939E-03
    3065     -0.71798788E-09     -0.72268483E-09     -0.20110535E-03     -0.42499939E-03
    3066     -0.71798909E-09     -0.72268483E-09     -0.20114079E-03     -0.42499939E-03
    3067     -0.71799244E-09     -0.72268483E-09     -0.20120389E-03     -0.42499939E-03
    3068     -0.71799603E-09     -0.72268483E-09     -0.20127031E-03     -0.42499939E-03
    3069     -0.71799758E-09     -0.72268483E-09     -0.20129710E-03     -0.42499939E-03
    3070     -0.71799896E-09     -0.72268483E-09     -0.20132843E-03     -0.42499939E-03
    3071     -0.71800079E-09     -0.72268483E-09     -0.20137030E-03     -0.42499939E-03
    3072     -0.71800235E-09     -0.72268483E-09     -0.20141271E-03     -0.42499939E-03
    3073     -0.71800316E-09     -0.72268483E-09     -0.20143858E-03     -0.42499939E-03
    3074     -0.71800417E-09     -0.72268483E-09     -0.20147011E-03     -0.42499939E-03
    3075     -0.71800477E-09     -0.72268483E-09     -0.20148945E-03     -0.42499939E-03
    3076     -0.71800585E-09     -0.72268483E-09     -0.20151865E-03     -0.42499939E-03
    3077     -0.71800726E-09     -0.72268483E-09     -0.20156257E-03     -0.42499939E-03
    3078     -0.71800893E-09     -0.72268483E-09     -0.20160784E-03     -0.42499939E-03
    3079     -0.71801276E-09     -0.72268483E-09     -0.20165087E-03     -0.42499939E-03
    3080     -0.71801516E-09     -0.72268483E-09     -0.20172686E-03     -0.42499939E-03
    3081     -0.71801744E-09     -0.72268483E-09     -0.20178332E-03     -0.42499939E-03
    3082     -0.71801939E-09     -0.72268483E-09     -0.20183570E-03     -0.42499939E-03
    3083     -0.71802098E-09     -0.72268483E-09     -0.20186699E-03     -0.42499939E-03
    3084     -0.71802271E-09     -0.72268483E-09     -0.20192013E-03     -0.42499939E-03
    3085     -0.71802477E-09     -0.72268483E-09     -0.20195954E-03     -0.42499939E-03
    3086     -0.71802656E-09     -0.72268483E-09     -0.20201567E-03     -0.42499939E-03
    3087     -0.71802822E-09     -0.72268483E-09     -0.20206854E-03     -0.42499939E-03
    3088     -0.71803079E-09     -0.72268483E-09     -0.20211396E-03     -0.42499939E-03
    3089     -0.71803272E-09     -0.72268483E-09     -0.20215332E-03     -0.42499939E-03
    3090     -0.71803450E-09     -0.72268483E-09     -0.20219728E-03     -0.42499939E-03
    3091     -0.71803636E-09     -0.72268483E-09     -0.20223604E-03     -0.42499939E-03
    3092     -0.71803798E-09     -0.72268483E-09     -0.20228686E-03     -0.42499939E-03
    3093     -0.71803937E-09     -0.72268483E-09     -0.20232666E-03     -0.42499939E-03
    3094     -0.71804071E-09     -0.72268483E-09     -0.20236880E-03     -0.42499939E-03
    3095     -0.71804278E-09     -0.72268483E-09     -0.20241931E-03     -0.42499939E-03
    3096     -0.71804427E-09     -0.72268483E-09     -0.20246991E-03     -0.42499939E-03
    3097     -0.71804576E-09     -0.72268483E-09     -0.20251838E-03     -0.42499939E-03
    3098     -0.71804779E-09     -0.72268483E-09     -0.20257339E-03     -0.42499939E-03
    3099     -0.71804990E-09     -0.72268483E-09     -0.20265236E-03     -0.42499939E-03
    3100     -0.71805204E-09     -0.72268483E-09     -0.20272264E-03     -0.42499939E-03
    3101     -0.71806640E-09     -0.72268483E-09     -0.20303668E-03     -0.42499939E-03
    3102     -0.71808232E-09     -0.72268483E-09     -0.20335984E-03     -0.42499939E-03
    3103     -0.71808488E-09     -0.72268483E-09     -0.20343563E-03     -0.42499939E-03
    3104     -0.71808658E-09     -0.72268483E-09     -0.20348593E-03     -0.42499939E-03
    3105     -0.71808995E-09     -0.72268483E-09     -0.20355406E-03     -0.42499939E-03
    3106     -0.71809161E-09     -0.72268483E-09     -0.20359820E-03     -0.42499939E-03
    3107     -0.71809377E-09     -0.72268483E-09     -0.20364638E-03     -0.42499939E-03
    3108     -0.71809500E-09     -0.72268483E-09     -0.20368117E-03     -0.42499939E-03
    3109     -0.71809740E-09     -0.72268483E-09     -0.20373608E-03     -0.42499939E-03
    3110     -0.71809937E-09     -0.72268483E-09     -0.20377565E-03     -0.42499939E-03
    3111     -0.71810020E-09     -0.72268483E-09     -0.20381029E-03     -0.42499939E-03
    3112     -0.71810106E-09     -0.72268483E-09     -0.20384551E-03     -0.42499939E-03
    3113     -0.71810178E-09     -0.72268483E-09     -0.20387068E-03     -0.42499939E-03
    3114     -0.71810269E-09     -0.72268483E-09     -0.20389263E-03     -0.42499939E-03
    3115     -0.71810397E-09     -0.72268483E-09     -0.20392398E-03     -0.42499939E-03
    3116     -0.71810570E-09     -0.72268483E-09     -0.20396570E-03     -0.42499939E-03
    3117     -0.71810702E-09     -0.72268483E-09     -0.20399508E-03     -0.42499939E-03
    3118     -0.71810859E-09     -0.72268483E-09     -0.20403795E-03     -0.42499939E-03
    3119     -0.71811056E-09     -0.72268483E-09     -0.20410201E-03     -0.42499939E-03
    3120     -0.71811232E-09     -0.72268483E-09     -0.20416013E-03     -0.42499939E-03
    3121     -0.71811420E-09     -0.72268483E-09     -0.20420482E-03     -0.42499939E-03
    3122     -0.71811600E-09     -0.72268483E-09     -0.20426616E-03     -0.42499939E-03
    3123     -0.71811770E-09     -0.72268483E-09     -0.20433596E-03     -0.42499939E-03
    3124     -0.71811906E-09     -0.72268483E-09     -0.20439210E-03     -0.42499939E-03
    3125     -0.71812049E-09     -0.72268483E-09     -0.20445265E-03     -0.42499939E-03
    3126     -0.71812189E-09     -0.72268483E-09     -0.20449304E-03     -0.42499939E-03
    3127     -0.71812519E-09     -0.72268483E-09     -0.20457696E-03     -0.42499939E-03
    3128     -0.71812863E-09     -0.72268483E-09     -0.20466425E-03     -0.42499939E-03
    3129     -0.71813028E-09     -0.72268483E-09     -0.20469839E-03     -0.42499939E-03
    3130     -0.71813189E-09     -0.72268483E-09     -0.20473859E-03     -0.42499939E-03
    3131     -0.71813366E-09     -0.72268483E-09     -0.20478935E-03     -0.42499939E-03
    3132     -0.71813597E-09     -0.72268483E-09     -0.20485009E-03     -0.42499939E-03
    3133     -0.71813877E-09     -0.72268483E-09     -0.20497037E-03     -0.42499939E-03
    3134     -0.71813981E-09     -0.72268483E-09     -0.20499428E-03     -0.42499939E-03
    3135     -0.71814094E-09     -0.72268483E-09     -0.20502303E-03     -0.42499939E-03
    3136     -0.71814258E-09     -0.72268483E-09     -0.20505680E-03     -0.42499939E-03
    3137     -0.71814384E-09     -0.72268483E-09     -0.20508718E-03     -0.42499939E-03
    3138     -0.71814531E-09     -0.72268483E-09     -0.20511806E-03     -0.42499939E-03
    3139     -0.71814718E-09     -0.72268483E-09     -0.20515917E-03     -0.42499939E-03
    3140     -0.71814850E-09     -0.72268483E-09     -0.20519342E-03     -0.42499939E-03
    3141     -0.71814947E-09     -0.72268483E-09     -0.20522307E-03     -0.42499939E-03
    3142     -0.71815221E-09     -0.72268483E-09     -0.20534449E-03     -0.42499939E-03
    3143     -0.71815417E-09     -0.72268483E-09     -0.20539973E-03     -0.42499939E-03
    3144     -0.71815620E-09     -0.72268483E-09     -0.20545756E-03     -0.42499939E-03
    3145     -0.71815856E-09     -0.72268483E-09     -0.20552079E-03     -0.42499939E-03
    3146     -0.71816032E-09     -0.72268483E-09     -0.20555979E-03     -0.42499939E-03
    3147     -0.71816250E-09     -0.72268483E-09     -0.20562253E-03     -0.42499939E-03
    3148     -0.71816416E-09     -0.72268483E-09     -0.20566305E-03     -0.42499939E-03
    3149     -0.71816573E-09     -0.72268483E-09     -0.20572008E-03     -0.42499939E-03
    3150     -0.71816762E-09     -0.72268483E-09     -0.20578552E-03     -0.42499939E-03
    3151     -0.71816856E-09     -0.72268483E-09     -0.20581314E-03     -0.42499939E-03
    3152     -0.71816959E-09     -0.72268483E-09     -0.20584507E-03     -0.42499939E-03
    3153     -0.71817111E-09     -0.72268483E-09     -0.20588820E-03     -0.42499939E-03
    3154     -0.71817268E-09     -0.72268483E-09     -0.20592660E-03     -0.42499939E-03
    3155     -0.71817425E-09     -0.72268483E-09     -0.20596979E-03     -0.42499939E-03
    3156     -0.71817606E-09     -0.72268483E-09     -0.20602292E-03     -0.42499939E-03
    3157     -0.71817943E-09     -0.72268483E-09     -0.20615861E-03     -0.42499939E-03
    3158     -0.71818486E-09     -0.72268483E-09     -0.20634099E-03     -0.42499939E-03
    3159     -0.71818833E-09     -0.72268483E-09     -0.20643391E-03     -0.42499939E-03
    3160     -0.71818990E-09     -0.72268483E-09     -0.20646753E-03     -0.42499939E-03
    3161     -0.71819182E-09     -0.72268483E-09     -0.20651315E-03     -0.42499939E-03
    3162     -0.71819438E-09     -0.72268483E-09     -0.20658389E-03     -0.42499939E-03
    3163     -0.71819639E-09     -0.72268483E-09     -0.20666239E-03     -0.42499939E-03
    3164     -0.71819790E-09     -0.72268483E-09     -0.20670472E-03     -0.42499939E-03
    3165     -0.71819960E-09     -0.72268483E-09     -0.20674683E-03     -0.42499939E-03
    3166     -0.71820096E-09     -0.72268483E-09     -0.20678522E-03     -0.42499939E-03
    3167     -0.71820270E-09     -0.72268483E-09     -0.20684910E-03     -0.42499939E-03
    3168     -0.71820449E-09     -0.72268483E-09     -0.20689550E-03     -0.42499939E-03
    3169     -0.71820579E-09     -0.72268483E-09     -0.20694399E-03     -0.42499939E-03
    3170     -0.71820696E-09     -0.72268483E-09     -0.20698910E-03     -0.42499939E-03
    3171     -0.71820821E-09     -0.72268483E-09     -0.20702912E-03     -0.42499939E-03
    3172     -0.71820950E-09     -0.72268483E-09     -0.20706683E-03     -0.42499939E-03
    3173     -0.71821097E-09     -0.72268483E-09     -0.20711091E-03     -0.42499939E-03
    3174     -0.71821285E-09     -0.72268483E-09     -0.20718347E-03     -0.42499939E-03
    3175     -0.71821466E-09     -0.72268483E-09     -0.20724397E-03     -0.42499939E-03
    3176     -0.71821616E-09     -0.72268483E-09     -0.20729025E-03     -0.42499939E-03
    3177     -0.71821761E-09     -0.72268483E-09     -0.20732443E-03     -0.42499939E-03
    3178     -0.71821908E-09     -0.72268483E-09     -0.20736152E-03     -0.42499939E-03
    3179     -0.71822068E-09     -0.72268483E-09     -0.20740737E-03     -0.42499939E-03
    3180     -0.71822264E-09     -0.72268483E-09     -0.20746315E-03     -0.42499939E-03
    3181     -0.71822421E-09     -0.72268483E-09     -0.20752296E-03     -0.42499939E-03
    3182     -0.71822629E-09     -0.72268483E-09     -0.20759339E-03     -0.42499939E-03
    3183     -0.71822857E-09     -0.72268483E-09     -0.20765855E-03     -0.42499939E-03
    3184     -0.71822970E-09     -0.72268483E-09     -0.20769461E-03     -0.42499939E-03
    3185     -0.71823168E-09     -0.72268483E-09     -0.20775319E-03     -0.42499939E-03
    3186     -0.71823390E-09     -0.72268483E-09     -0.20781518E-03     -0.42499939E-03
    3187     -0.71823623E-09     -0.72268483E-09     -0.20788021E-03     -0.42499939E-03
    3188     -0.71823859E-09     -0.72268483E-09     -0.20794671E-03     -0.42499939E-03
    3189     -0.71823997E-09     -0.72268483E-09     -0.20799345E-03     -0.42499939E-03
    3190     -0.71824126E-09     -0.72268483E-09     -0.20803084E-03     -0.42499939E-03
    3191     -0.71824360E-09     -0.72268483E-09     -0.20812868E-03     -0.42499939E-03
    3192     -0.71824500E-09     -0.72268483E-09     -0.20817329E-03     -0.42499939E-03
    3193     -0.71824672E-09     -0.72268483E-09     -0.20822148E-03     -0.42499939E-03
    3194     -0.71824847E-09     -0.72268483E-09     -0.20827176E-03     -0.42499939E-03
    3195     -0.71824984E-09     -0.72268483E-09     -0.20832096E-03     -0.42499939E-03
    3196     -0.71825118E-09     -0.72268483E-09     -0.20836971E-03     -0.42499939E-03
    3197     -0.71825274E-09     -0.72268483E-09     -0.20841756E-03     -0.42499939E-03
    3198     -0.71825446E-09     -0.72268483E-09     -0.20847254E-03     -0.42499939E-03
    3199     -0.71825593E-09     -0.72268483E-09     -0.20851847E-03     -0.42499939E-03
    3200     -0.71825746E-09     -0.72268483E-09     -0.20856342E-03     -0.42499939E-03
    3201     -0.71825853E-09     -0.72268483E-09     -0.20860617E-03     -0.42499939E-03
    3202     -0.71825965E-09     -0.72268483E-09     -0.20863764E-03     -0.42499939E-03
    3203     -0.71826136E-09     -0.72268483E-09     -0.20869166E-03     -0.42499939E-03
    3204     -0.71826275E-09     -0.72268483E-09     -0.20873419E-03     -0.42499939E-03
    3205     -0.71826454E-09     -0.72268483E-09     -0.20879469E-03     -0.42499939E-03
    3206     -0.71826633E-09     -0.72268483E-09     -0.20883386E-03     -0.42499939E-03
    3207     -0.71826793E-09     -0.72268483E-09     -0.20887270E-03     -0.42499939E-03
    3208     -0.71826975E-09     -0.72268483E-09     -0.20890862E-03     -0.42499939E-03
    3209     -0.71827135E-09     -0.72268483E-09     -0.20897817E-03     -0.42499939E-03
    3210     -0.71827301E-09     -0.72268483E-09     -0.20905072E-03     -0.42499939E-03
    3211     -0.71827414E-09     -0.72268483E-09     -0.20907754E-03     -0.42499939E-03
    3212     -0.71827526E-09     -0.72268483E-09     -0.20910783E-03     -0.42499939E-03
    3213     -0.71827983E-09     -0.72268483E-09     -0.20923108E-03     -0.42499939E-03
    3214     -0.71828487E-09     -0.72268483E-09     -0.20936371E-03     -0.42499939E-03
    3215     -0.71828667E-09     -0.72268483E-09     -0.20941769E-03     -0.42499939E-03
    3216     -0.71828826E-09     -0.72268483E-09     -0.20945900E-03     -0.42499939E-03
    3217     -0.71829045E-09     -0.72268483E-09     -0.20951790E-03     -0.42499939E-03
    3218     -0.71829245E-09     -0.72268483E-09     -0.20957347E-03     -0.42499939E-03
    3219     -0.71829466E-09     -0.72268483E-09     -0.20964020E-03     -0.42499939E-03
    3220     -0.71829681E-09     -0.72268483E-09     -0.20969947E-03     -0.42499939E-03
    3221     -0.71829797E-09     -0.72268483E-09     -0.20974228E-03     -0.42499939E-03
    3222     -0.71829924E-09     -0.72268483E-09     -0.20979017E-03     -0.42499939E-03
    3223     -0.71830058E-09     -0.72268483E-09     -0.20983196E-03     -0.42499939E-03
    3224     -0.71830232E-09     -0.72268483E-09     -0.20988546E-03     -0.42499939E-03
    3225     -0.71830418E-09     -0.72268483E-09     -0.20993795E-03     -0.42499939E-03
    3226     -0.71830588E-09     -0.72268483E-09     -0.20998900E-03     -0.42499939E-03
    3227     -0.71830715E-09     -0.72268483E-09     -0.21003372E-03     -0.42499939E-03
    3228     -0.71830903E-09     -0.72268483E-09     -0.21011508E-03     -0.42499939E-03
    3229     -0.71831056E-09     -0.72268483E-09     -0.21015621E-03     -0.42499939E-03
    3230     -0.71831249E-09     -0.72268483E-09     -0.21019941E-03     -0.42499939E-03
    3231     -0.71831387E-09     -0.72268483E-09     -0.21024445E-03     -0.42499939E-03
    3232     -0.71831561E-09     -0.72268483E-09     -0.21029906E-03     -0.42499939E-03
    3233     -0.71831744E-09     -0.72268483E-09     -0.21035017E-03     -0.42499939E-03
    3234     -0.71831888E-09     -0.72268483E-09     -0.21038192E-03     -0.42499939E-03
    3235     -0.71832006E-09     -0.72268483E-09     -0.21041062E-03     -0.42499939E-03
    3236     -0.71832349E-09     -0.72268483E-09     -0.21049317E-03     -0.42499939E-03
    3237     -0.71832722E-09     -0.72268483E-09     -0.21057464E-03     -0.42499939E-03
    3238     -0.71832818E-09     -0.72268483E-09     -0.21060407E-03     -0.42499939E-03
    3239     -0.71832895E-09     -0.72268483E-09     -0.21062839E-03     -0.42499939E-03
    3240     -0.71833038E-09     -0.72268483E-09     -0.21066951E-03     -0.42499939E-03
    3241     -0.71833185E-09     -0.72268483E-09     -0.21073561E-03     -0.42499939E-03
    3242     -0.71833338E-09     -0.72268483E-09     -0.21080153E-03     -0.42499939E-03
    3243     -0.71833543E-09     -0.72268483E-09     -0.21085952E-03     -0.42499939E-03
    3244     -0.71833736E-09     -0.72268483E-09     -0.21091470E-03     -0.42499939E-03
    3245     -0.71833890E-09     -0.72268483E-09     -0.21094841E-03     -0.42499939E-03
    3246     -0.71833999E-09     -0.72268483E-09     -0.21097448E-03     -0.42499939E-03
    3247     -0.71834120E-09     -0.72268483E-09     -0.21100787E-03     -0.42499939E-03
    3248     -0.71834244E-09     -0.72268483E-09     -0.21104412E-03     -0.42499939E-03
    3249     -0.71834371E-09     -0.72268483E-09     -0.21110184E-03     -0.42499939E-03
    3250     -0.71834461E-09     -0.72268483E-09     -0.21113441E-03     -0.42499939E-03
    3251     -0.71834633E-09     -0.72268483E-09     -0.21117616E-03     -0.42499939E-03
    3252     -0.71834790E-09     -0.72268483E-09     -0.21121884E-03     -0.42499939E-03
    3253     -0.71834931E-09     -0.72268483E-09     -0.21126116E-03     -0.42499939E-03
    3254     -0.71835063E-09     -0.72268483E-09     -0.21129349E-03     -0.42499939E-03
    3255     -0.71835149E-09     -0.72268483E-09     -0.21133405E-03     -0.42499939E-03
    3256     -0.71835230E-09     -0.72268483E-09     -0.21136725E-03     -0.42499939E-03
    3257     -0.71835341E-09     -0.72268483E-09     -0.21139912E-03     -0.42499939E-03
    3258     -0.71835446E-09     -0.72268483E-09     -0.21143013E-03     -0.42499939E-03
    3259     -0.71835523E-09     -0.72268483E-09     -0.21145999E-03     -0.42499939E-03
    3260     -0.71835770E-09     -0.72268483E-09     -0.21152430E-03     -0.42499939E-03
    3261     -0.71835957E-09     -0.72268483E-09     -0.21160085E-03     -0.42499939E-03
    3262     -0.71836107E-09     -0.72268483E-09     -0.21165993E-03     -0.42499939E-03
    3263     -0.71836342E-09     -0.72268483E-09     -0.21171900E-03     -0.42499939E-03
    3264     -0.71836749E-09     -0.72268483E-09     -0.21181588E-03     -0.42499939E-03
    3265     -0.71836861E-09     -0.72268483E-09     -0.21185558E-03     -0.42499939E-03
    3266     -0.71836965E-09     -0.72268483E-09     -0.21189243E-03     -0.42499939E-03
    3267     -0.71837113E-09     -0.72268483E-09     -0.21194133E-03     -0.42499939E-03
    3268     -0.71837245E-09     -0.72268483E-09     -0.21199840E-03     -0.42499939E-03
    3269     -0.71837464E-09     -0.72268483E-09     -0.21206829E-03     -0.42499939E-03
    3270     -0.71837612E-09     -0.72268483E-09     -0.21211321E-03     -0.42499939E-03
    3271     -0.71837865E-09     -0.72268483E-09     -0.21219718E-03     -0.42499939E-03
    3272     -0.71837982E-09     -0.72268483E-09     -0.21224296E-03     -0.42499939E-03
    3273     -0.71838130E-09     -0.72268483E-09     -0.21229906E-03     -0.42499939E-03
    3274     -0.71838262E-09     -0.72268483E-09     -0.21234678E-03     -0.42499939E-03
    3275     -0.71838661E-09     -0.72268483E-09     -0.21243447E-03     -0.42499939E-03
    3276     -0.71838792E-09     -0.72268483E-09     -0.21247606E-03     -0.42499939E-03
    3277     -0.71839295E-09     -0.72268483E-09     -0.21260361E-03     -0.42499939E-03
    3278     -0.71839481E-09     -0.72268483E-09     -0.21266811E-03     -0.42499939E-03
    3279     -0.71839905E-09     -0.72268483E-09     -0.21285924E-03     -0.42499939E-03
    3280     -0.71840354E-09     -0.72268483E-09     -0.21305382E-03     -0.42499939E-03
    3281     -0.71840512E-09     -0.72268483E-09     -0.21310651E-03     -0.42499939E-03
    3282     -0.71840790E-09     -0.72268483E-09     -0.21321970E-03     -0.42499939E-03
    3283     -0.71840961E-09     -0.72268483E-09     -0.21327495E-03     -0.42499939E-03
    3284     -0.71841479E-09     -0.72268483E-09     -0.21339674E-03     -0.42499939E-03
    3285     -0.71841720E-09     -0.72268483E-09     -0.21348940E-03     -0.42499939E-03
    3286     -0.71841915E-09     -0.72268483E-09     -0.21357788E-03     -0.42499939E-03
    3287     -0.71842156E-09     -0.72268483E-09     -0.21365226E-03     -0.42499939E-03
    3288     -0.71842388E-09     -0.72268483E-09     -0.21373476E-03     -0.42499939E-03
    3289     -0.71842664E-09     -0.72268483E-09     -0.21381081E-03     -0.42499939E-03
    3290     -0.71842868E-09     -0.72268483E-09     -0.21386588E-03     -0.42499939E-03
    3291     -0.71843182E-09     -0.72268483E-09     -0.21394397E-03     -0.42499939E-03
    3292     -0.71843264E-09     -0.72268483E-09     -0.21397735E-03     -0.42499939E-03
    3293     -0.71843462E-09     -0.72268483E-09     -0.21403680E-03     -0.42499939E-03
    3294     -0.71843622E-09     -0.72268483E-09     -0.21408088E-03     -0.42499939E-03
    3295     -0.71843756E-09     -0.72268483E-09     -0.21412205E-03     -0.42499939E-03
    3296     -0.71843852E-09     -0.72268483E-09     -0.21415653E-03     -0.42499939E-03
    3297     -0.71844038E-09     -0.72268483E-09     -0.21421436E-03     -0.42499939E-03
    3298     -0.71844172E-09     -0.72268483E-09     -0.21424781E-03     -0.42499939E-03
    3299     -0.71844311E-09     -0.72268483E-09     -0.21429358E-03     -0.42499939E-03
    3300     -0.71844376E-09     -0.72268483E-09     -0.21431781E-03     -0.42499939E-03
    3301     -0.71844496E-09     -0.72268483E-09     -0.21435007E-03     -0.42499939E-03
    3302     -0.71844609E-09     -0.72268483E-09     -0.21438199E-03     -0.42499939E-03
    3303     -0.71844802E-09     -0.72268483E-09     -0.21443603E-03     -0.42499939E-03
    3304     -0.71844994E-09     -0.72268483E-09     -0.21450034E-03     -0.42499939E-03
    3305     -0.71845139E-09     -0.72268483E-09     -0.21454537E-03     -0.42499939E-03
    3306     -0.71845254E-09     -0.72268483E-09     -0.21458446E-03     -0.42499939E-03
    3307     -0.71845390E-09     -0.72268483E-09     -0.21463182E-03     -0.42499939E-03
    3308     -0.71845501E-09     -0.72268483E-09     -0.21466872E-03     -0.42499939E-03
    3309     -0.71845583E-09     -0.72268483E-09     -0.21470125E-03     -0.42499939E-03
    3310     -0.71845683E-09     -0.72268483E-09     -0.21473917E-03     -0.42499939E-03
    3311     -0.71845876E-09     -0.72268483E-09     -0.21478537E-03     -0.42499939E-03
    3312     -0.71846060E-09     -0.72268483E-09     -0.21483062E-03     -0.42499939E-03
    3313     -0.71846252E-09     -0.72268483E-09     -0.21487146E-03     -0.42499939E-03
    3314     -0.71846433E-09     -0.72268483E-09     -0.21490945E-03     -0.42499939E-03
    3315     -0.71846493E-09     -0.72268483E-09     -0.21493014E-03     -0.42499939E-03
    3316     -0.71846533E-09     -0.72268483E-09     -0.21494756E-03     -0.42499939E-03
    3317     -0.71846631E-09     -0.72268483E-09     -0.21497484E-03     -0.42499939E-03
    3318     -0.71846736E-09     -0.72268483E-09     -0.21500135E-03     -0.42499939E-03
    3319     -0.71846827E-09     -0.72268483E-09     -0.21503703E-03     -0.42499939E-03
    3320     -0.71846948E-09     -0.72268483E-09     -0.21508086E-03     -0.42499939E-03
    3321     -0.71847095E-09     -0.72268483E-09     -0.21512260E-03     -0.42499939E-03
    3322     -0.71847256E-09     -0.72268483E-09     -0.21517101E-03     -0.42499939E-03
    3323     -0.71847356E-09     -0.72268483E-09     -0.21520037E-03     -0.42499939E-03
    3324     -0.71847437E-09     -0.72268483E-09     -0.21523154E-03     -0.42499939E-03
    3325     -0.71847594E-09     -0.72268483E-09     -0.21527371E-03     -0.42499939E-03
    3326     -0.71847771E-09     -0.72268483E-09     -0.21532091E-03     -0.42499939E-03
    3327     -0.71847937E-09     -0.72268483E-09     -0.21535639E-03     -0.42499939E-03
    3328     -0.71848075E-09     -0.72268483E-09     -0.21538724E-03     -0.42499939E-03
    3329     -0.71848168E-09     -0.72268483E-09     -0.21542517E-03     -0.42499939E-03
    3330     -0.71848247E-09     -0.72268483E-09     -0.21545012E-03     -0.42499939E-03
    3331     -0.71848316E-09     -0.72268483E-09     -0.21547359E-03     -0.42499939E-03
    3332     -0.71848380E-09     -0.72268483E-09     -0.21549716E-03     -0.42499939E-03
    3333     -0.71848447E-09     -0.72268483E-09     -0.21552646E-03     -0.42499939E-03
    3334     -0.71848507E-09     -0.72268483E-09     -0.21555159E-03     -0.42499939E-03
    3335     -0.71848713E-09     -0.72268483E-09     -0.21561740E-03     -0.42499939E-03
    3336     -0.71848853E-09     -0.72268483E-09     -0.21566166E-03     -0.42499939E-03
    3337     -0.71848984E-09     -0.72268483E-09     -0.21570517E-03     -0.42499939E-03
    3338     -0.71849046E-09     -0.72268483E-09     -0.21573012E-03     -0.42499939E-03
    3339     -0.71849103E-09     -0.72268483E-09     -0.21574967E-03     -0.42499939E-03
    3340     -0.71849158E-09     -0.72268483E-09     -0.21577028E-03     -0.42499939E-03
    3341     -0.71849355E-09     -0.72268483E-09     -0.21582657E-03     -0.42499939E-03
    3342     -0.71849587E-09     -0.72268483E-09     -0.21588826E-03     -0.42499939E-03
    3343     -0.71849683E-09     -0.72268483E-09     -0.21592441E-03     -0.42499939E-03
    3344     -0.71849762E-09     -0.72268483E-09     -0.21595095E-03     -0.42499939E-03
    3345     -0.71849950E-09     -0.72268483E-09     -0.21601577E-03     -0.42499939E-03
    3346     -0.71850100E-09     -0.72268483E-09     -0.21607039E-03     -0.42499939E-03
    3347     -0.71850219E-09     -0.72268483E-09     -0.21612188E-03     -0.42499939E-03
    3348     -0.71850358E-09     -0.72268483E-09     -0.21617792E-03     -0.42499939E-03
    3349     -0.71850533E-09     -0.72268483E-09     -0.21622953E-03     -0.42499939E-03
    3350     -0.71850627E-09     -0.72268483E-09     -0.21626264E-03     -0.42499939E-03
    3351     -0.71850717E-09     -0.72268483E-09     -0.21630310E-03     -0.42499939E-03
    3352     -0.71850808E-09     -0.72268483E-09     -0.21634125E-03     -0.42499939E-03
    3353     -0.71850883E-09     -0.72268483E-09     -0.21636420E-03     -0.42499939E-03
    3354     -0.71851031E-09     -0.72268483E-09     -0.21641757E-03     -0.42499939E-03
    3355     -0.71851108E-09     -0.72268483E-09     -0.21644403E-03     -0.42499939E-03
    3356     -0.71851229E-09     -0.72268483E-09     -0.21648218E-03     -0.42499939E-03
    3357     -0.71851349E-09     -0.72268483E-09     -0.21651987E-03     -0.42499939E-03
    3358     -0.71851477E-09     -0.72268483E-09     -0.21655323E-03     -0.42499939E-03
    3359     -0.71851626E-09     -0.72268483E-09     -0.21659378E-03     -0.42499939E-03
    3360     -0.71851780E-09     -0.72268483E-09     -0.21664421E-03     -0.42499939E-03
    3361     -0.71851913E-09     -0.72268483E-09     -0.21669071E-03     -0.42499939E-03
    3362     -0.71852118E-09     -0.72268483E-09     -0.21675044E-03     -0.42499939E-03
    3363     -0.71852364E-09     -0.72268483E-09     -0.21682581E-03     -0.42499939E-03
    3364     -0.71852487E-09     -0.72268483E-09     -0.21686217E-03     -0.42499939E-03
    3365     -0.71852580E-09     -0.72268483E-09     -0.21689374E-03     -0.42499939E-03
    3366     -0.71852702E-09     -0.72268483E-09     -0.21693673E-03     -0.42499939E-03
    3367     -0.71852825E-09     -0.72268483E-09     -0.21697704E-03     -0.42499939E-03
    3368     -0.71852927E-09     -0.72268483E-09     -0.21700818E-03     -0.42499939E-03
    3369     -0.71853095E-09     -0.72268483E-09     -0.21705830E-03     -0.42499939E-03
    3370     -0.71853223E-09     -0.72268483E-09     -0.21710297E-03     -0.42499939E-03
    3371     -0.71853313E-09     -0.72268483E-09     -0.21714225E-03     -0.42499939E-03
    3372     -0.71853401E-09     -0.72268483E-09     -0.21717760E-03     -0.42499939E-03
    3373     -0.71853477E-09     -0.72268483E-09     -0.21720244E-03     -0.42499939E-03
    3374     -0.71853567E-09     -0.72268483E-09     -0.21723094E-03     -0.42499939E-03
    3375     -0.71853690E-09     -0.72268483E-09     -0.21727763E-03     -0.42499939E-03
    3376     -0.71853812E-09     -0.72268483E-09     -0.21732398E-03     -0.42499939E-03
    3377     -0.71853934E-09     -0.72268483E-09     -0.21737950E-03     -0.42499939E-03
    3378     -0.71854059E-09     -0.72268483E-09     -0.21743136E-03     -0.42499939E-03
    3379     -0.71854177E-09     -0.72268483E-09     -0.21746918E-03     -0.42499939E-03
    3380     -0.71854276E-09     -0.72268483E-09     -0.21749982E-03     -0.42499939E-03
    3381     -0.71854574E-09     -0.72268483E-09     -0.21759908E-03     -0.42499939E-03
    3382     -0.71854729E-09     -0.72268483E-09     -0.21764787E-03     -0.42499939E-03
    3383     -0.71855011E-09     -0.72268483E-09     -0.21772719E-03     -0.42499939E-03
    3384     -0.71855167E-09     -0.72268483E-09     -0.21778319E-03     -0.42499939E-03
    3385     -0.71855300E-09     -0.72268483E-09     -0.21782386E-03     -0.42499939E-03
    3386     -0.71855440E-09     -0.72268483E-09     -0.21786556E-03     -0.42499939E-03
    3387     -0.71855571E-09     -0.72268483E-09     -0.21790006E-03     -0.42499939E-03
    3388     -0.71855683E-09     -0.72268483E-09     -0.21794113E-03     -0.42499939E-03
    3389     -0.71855789E-09     -0.72268483E-09     -0.21797604E-03     -0.42499939E-03
    3390     -0.71855895E-09     -0.72268483E-09     -0.21801094E-03     -0.42499939E-03
    3391     -0.71855964E-09     -0.72268483E-09     -0.21803117E-03     -0.42499939E-03
    3392     -0.71856040E-09     -0.72268483E-09     -0.21806730E-03     -0.42499939E-03
    3393     -0.71856168E-09     -0.72268483E-09     -0.21810699E-03     -0.42499939E-03
    3394     -0.71856363E-09     -0.72268483E-09     -0.21815806E-03     -0.42499939E-03
    3395     -0.71856583E-09     -0.72268483E-09     -0.21821509E-03     -0.42499939E-03
    3396     -0.71856728E-09     -0.72268483E-09     -0.21825447E-03     -0.42499939E-03
    3397     -0.71856859E-09     -0.72268483E-09     -0.21830714E-03     -0.42499939E-03
    3398     -0.71857014E-09     -0.72268483E-09     -0.21836107E-03     -0.42499939E-03
    3399     -0.71857130E-09     -0.72268483E-09     -0.21839295E-03     -0.42499939E-03
    3400     -0.71857218E-09     -0.72268483E-09     -0.21842335E-03     -0.42499939E-03
    3401     -0.71857398E-09     -0.72268483E-09     -0.21848308E-03     -0.42499939E-03
    3402     -0.71857553E-09     -0.72268483E-09     -0.21852723E-03     -0.42499939E-03
    3403     -0.71857699E-09     -0.72268483E-09     -0.21856996E-03     -0.42499939E-03
    3404     -0.71857867E-09     -0.72268483E-09     -0.21862520E-03     -0.42499939E-03
    3405     -0.71857997E-09     -0.72268483E-09     -0.21866257E-03     -0.42499939E-03
    3406     -0.71858114E-09     -0.72268483E-09     -0.21869916E-03     -0.42499939E-03
    3407     -0.71858259E-09     -0.72268483E-09     -0.21874886E-03     -0.42499939E-03
    3408     -0.71858398E-09     -0.72268483E-09     -0.21880568E-03     -0.42499939E-03
    3409     -0.71858497E-09     -0.72268483E-09     -0.21884007E-03     -0.42499939E-03
    3410     -0.71858585E-09     -0.72268483E-09     -0.21887815E-03     -0.42499939E-03
    3411     -0.71858692E-09     -0.72268483E-09     -0.21891283E-03     -0.42499939E-03
    3412     -0.71858822E-09     -0.72268483E-09     -0.21894951E-03     -0.42499939E-03
    3413     -0.71858875E-09     -0.72268483E-09     -0.21897005E-03     -0.42499939E-03
    3414     -0.71858950E-09     -0.72268483E-09     -0.21899414E-03     -0.42499939E-03
    3415     -0.71859070E-09     -0.72268483E-09     -0.21903444E-03     -0.42499939E-03
    3416     -0.71859173E-09     -0.72268483E-09     -0.21906781E-03     -0.42499939E-03
    3417     -0.71859301E-09     -0.72268483E-09     -0.21910186E-03     -0.42499939E-03
    3418     -0.71859449E-09     -0.72268483E-09     -0.21914257E-03     -0.42499939E-03
    3419     -0.71859554E-09     -0.72268483E-09     -0.21916836E-03     -0.42499939E-03
    3420     -0.71859724E-09     -0.72268483E-09     -0.21921511E-03     -0.42499939E-03
    3421     -0.71859846E-09     -0.72268483E-09     -0.21924829E-03     -0.42499939E-03
    3422     -0.71859935E-09     -0.72268483E-09     -0.21927699E-03     -0.42499939E-03
    3423     -0.71860075E-09     -0.72268483E-09     -0.21932088E-03     -0.42499939E-03
    3424     -0.71860216E-09     -0.72268483E-09     -0.21936588E-03     -0.42499939E-03
    3425     -0.71860279E-09     -0.72268483E-09     -0.21939215E-03     -0.42499939E-03
    3426     -0.71860379E-09     -0.72268483E-09     -0.21943024E-03     -0.42499939E-03
    3427     -0.71860505E-09     -0.72268483E-09     -0.21947227E-03     -0.42499939E-03
    3428     -0.71860612E-09     -0.72268483E-09     -0.21950448E-03     -0.42499939E-03
    3429     -0.71860735E-09     -0.72268483E-09     -0.21954443E-03     -0.42499939E-03
    3430     -0.71860846E-09     -0.72268483E-09     -0.21958508E-03     -0.42499939E-03
    3431     -0.71860970E-09     -0.72268483E-09     -0.21962552E-03     -0.42499939E-03
    3432     -0.71861104E-09     -0.72268483E-09     -0.21967751E-03     -0.42499939E-03
    3433     -0.71861257E-09     -0.72268483E-09     -0.21972297E-03     -0.42499939E-03
    3434     -0.71861425E-09     -0.72268483E-09     -0.21976936E-03     -0.42499939E-03
    3435     -0.71861618E-09     -0.72268483E-09     -0.21984012E-03     -0.42499939E-03
    3436     -0.71861823E-09     -0.72268483E-09     -0.21990989E-03     -0.42499939E-03
    3437     -0.71861971E-09     -0.72268483E-09     -0.21995689E-03     -0.42499939E-03
    3438     -0.71862108E-09     -0.72268483E-09     -0.21999917E-03     -0.42499939E-03
    3439     -0.71862281E-09     -0.72268483E-09     -0.22005165E-03     -0.42499939E-03
    3440     -0.71862470E-09     -0.72268483E-09     -0.22011801E-03     -0.42499939E-03
    3441     -0.71862582E-09     -0.72268483E-09     -0.22015287E-03     -0.42499939E-03
    3442     -0.71862681E-09     -0.72268483E-09     -0.22018931E-03     -0.42499939E-03
    3443     -0.71862894E-09     -0.72268483E-09     -0.22024684E-03     -0.42499939E-03
    3444     -0.71863034E-09     -0.72268483E-09     -0.22029131E-03     -0.42499939E-03
    3445     -0.71863182E-09     -0.72268483E-09     -0.22034039E-03     -0.42499939E-03
    3446     -0.71863367E-09     -0.72268483E-09     -0.22039336E-03     -0.42499939E-03
    3447     -0.71863508E-09     -0.72268483E-09     -0.22044289E-03     -0.42499939E-03
    3448     -0.71863589E-09     -0.72268483E-09     -0.22047878E-03     -0.42499939E-03
    3449     -0.71863659E-09     -0.72268483E-09     -0.22051015E-03     -0.42499939E-03
    3450     -0.71863791E-09     -0.72268483E-09     -0.22055219E-03     -0.42499939E-03
    3451     -0.71863897E-09     -0.72268483E-09     -0.22059303E-03     -0.42499939E-03
    3452     -0.71864005E-09     -0.72268483E-09     -0.22063542E-03     -0.42499939E-03
    3453     -0.71864139E-09     -0.72268483E-09     -0.22067713E-03     -0.42499939E-03
    3454     -0.71864304E-09     -0.72268483E-09     -0.22072505E-03     -0.42499939E-03
    3455     -0.71864408E-09     -0.72268483E-09     -0.22076893E-03     -0.42499939E-03
    3456     -0.71864513E-09     -0.72268483E-09     -0.22080996E-03     -0.42499939E-03
    3457     -0.71864629E-09     -0.72268483E-09     -0.22085743E-03     -0.42499939E-03
    3458     -0.71864782E-09     -0.72268483E-09     -0.22090591E-03     -0.42499939E-03
    3459     -0.71864884E-09     -0.72268483E-09     -0.22093991E-03     -0.42499939E-03
    3460     -0.71864986E-09     -0.72268483E-09     -0.22097517E-03     -0.42499939E-03
    3461     -0.71865159E-09     -0.72268483E-09     -0.22102805E-03     -0.42499939E-03
    3462     -0.71865276E-09     -0.72268483E-09     -0.22106819E-03     -0.42499939E-03
    3463     -0.71865424E-09     -0.72268483E-09     -0.22111233E-03     -0.42499939E-03
    3464     -0.71865553E-09     -0.72268483E-09     -0.22115901E-03     -0.42499939E-03
    3465     -0.71865671E-09     -0.72268483E-09     -0.22121306E-03     -0.42499939E-03
    3466     -0.71865802E-09     -0.72268483E-09     -0.22126986E-03     -0.42499939E-03
    3467     -0.71866132E-09     -0.72268483E-09     -0.22137374E-03     -0.42499939E-03
    3468     -0.71866442E-09     -0.72268483E-09     -0.22147335E-03     -0.42499939E-03
    3469     -0.71866653E-09     -0.72268483E-09     -0.22151570E-03     -0.42499939E-03
    3470     -0.71866854E-09     -0.72268483E-09     -0.22155527E-03     -0.42499939E-03
    3471     -0.71867059E-09     -0.72268483E-09     -0.22162297E-03     -0.42499939E-03
    3472     -0.71867231E-09     -0.72268483E-09     -0.22168602E-03     -0.42499939E-03
    3473     -0.71867400E-09     -0.72268483E-09     -0.22174135E-03     -0.42499939E-03
    3474     -0.71867531E-09     -0.72268483E-09     -0.22178257E-03     -0.42499939E-03
    3475     -0.71867775E-09     -0.72268483E-09     -0.22186609E-03     -0.42499939E-03
    3476     -0.71867990E-09     -0.72268483E-09     -0.22194114E-03     -0.42499939E-03
    3477     -0.71868172E-09     -0.72268483E-09     -0.22200678E-03     -0.42499939E-03
    3478     -0.71868371E-09     -0.72268483E-09     -0.22207691E-03     -0.42499939E-03
    3479     -0.71868444E-09     -0.72268483E-09     -0.22211762E-03     -0.42499939E-03
    3480     -0.71868525E-09     -0.72268483E-09     -0.22215526E-03     -0.42499939E-03
    3481     -0.71868713E-09     -0.72268483E-09     -0.22222524E-03     -0.42499939E-03
    3482     -0.71868890E-09     -0.72268483E-09     -0.22228921E-03     -0.42499939E-03
    3483     -0.71869010E-09     -0.72268483E-09     -0.22232423E-03     -0.42499939E-03
    3484     -0.71869140E-09     -0.72268483E-09     -0.22236389E-03     -0.42499939E-03
    3485     -0.71869272E-09     -0.72268483E-09     -0.22239836E-03     -0.42499939E-03
    3486     -0.71869368E-09     -0.72268483E-09     -0.22243754E-03     -0.42499939E-03
    3487     -0.71869510E-09     -0.72268483E-09     -0.22247809E-03     -0.42499939E-03
    3488     -0.71869667E-09     -0.72268483E-09     -0.22252328E-03     -0.42499939E-03
    3489     -0.71869762E-09     -0.72268483E-09     -0.22255606E-03     -0.42499939E-03
    3490     -0.71869819E-09     -0.72268483E-09     -0.22258038E-03     -0.42499939E-03
    3491     -0.71869880E-09     -0.72268483E-09     -0.22260976E-03     -0.42499939E-03
    3492     -0.71870000E-09     -0.72268483E-09     -0.22265988E-03     -0.42499939E-03
    3493     -0.71870152E-09     -0.72268483E-09     -0.22271794E-03     -0.42499939E-03
    3494     -0.71870284E-09     -0.72268483E-09     -0.22276517E-03     -0.42499939E-03
    3495     -0.71870403E-09     -0.72268483E-09     -0.22280574E-03     -0.42499939E-03
    3496     -0.71870525E-09     -0.72268483E-09     -0.22284484E-03     -0.42499939E-03
    3497     -0.71870698E-09     -0.72268483E-09     -0.22290141E-03     -0.42499939E-03
    3498     -0.71870842E-09     -0.72268483E-09     -0.22294963E-03     -0.42499939E-03
    3499     -0.71870954E-09     -0.72268483E-09     -0.22298993E-03     -0.42499939E-03
    3500     -0.71871071E-09     -0.72268483E-09     -0.22303975E-03     -0.42499939E-03
    3501     -0.71871202E-09     -0.72268483E-09     -0.22308344E-03     -0.42499939E-03
    3502     -0.71871358E-09     -0.72268483E-09     -0.22312486E-03     -0.42499939E-03
    3503     -0.71871509E-09     -0.72268483E-09     -0.22316660E-03     -0.42499939E-03
    3504     -0.71871679E-09     -0.72268483E-09     -0.22322163E-03     -0.42499939E-03
    3505     -0.71871829E-09     -0.72268483E-09     -0.22327073E-03     -0.42499939E-03
    3506     -0.71871935E-09     -0.72268483E-09     -0.22331267E-03     -0.42499939E-03
    3507     -0.71872052E-09     -0.72268483E-09     -0.22335533E-03     -0.42499939E-03
    3508     -0.71872151E-09     -0.72268483E-09     -0.22339350E-03     -0.42499939E-03
    3509     -0.71872278E-09     -0.72268483E-09     -0.22344812E-03     -0.42499939E-03
    3510     -0.71872386E-09     -0.72268483E-09     -0.22349277E-03     -0.42499939E-03
    3511     -0.71872512E-09     -0.72268483E-09     -0.22353801E-03     -0.42499939E-03
    3512     -0.71872611E-09     -0.72268483E-09     -0.22357279E-03     -0.42499939E-03
    3513     -0.71872761E-09     -0.72268483E-09     -0.22361829E-03     -0.42499939E-03
    3514     -0.71872903E-09     -0.72268483E-09     -0.22367682E-03     -0.42499939E-03
    3515     -0.71873119E-09     -0.72268483E-09     -0.22375528E-03     -0.42499939E-03
    3516     -0.71873399E-09     -0.72268483E-09     -0.22384224E-03     -0.42499939E-03
    3517     -0.71873511E-09     -0.72268483E-09     -0.22387890E-03     -0.42499939E-03
    3518     -0.71873692E-09     -0.72268483E-09     -0.22393939E-03     -0.42499939E-03
    3519     -0.71873817E-09     -0.72268483E-09     -0.22398561E-03     -0.42499939E-03
    3520     -0.71873943E-09     -0.72268483E-09     -0.22403431E-03     -0.42499939E-03
    3521     -0.71874109E-09     -0.72268483E-09     -0.22412836E-03     -0.42499939E-03
    3522     -0.71874263E-09     -0.72268483E-09     -0.22421318E-03     -0.42499939E-03
    3523     -0.71874413E-09     -0.72268483E-09     -0.22426098E-03     -0.42499939E-03
    3524     -0.71874535E-09     -0.72268483E-09     -0.22429874E-03     -0.42499939E-03
    3525     -0.71874651E-09     -0.72268483E-09     -0.22433768E-03     -0.42499939E-03
    3526     -0.71874800E-09     -0.72268483E-09     -0.22438836E-03     -0.42499939E-03
    3527     -0.71874923E-09     -0.72268483E-09     -0.22443454E-03     -0.42499939E-03
    3528     -0.71875047E-09     -0.72268483E-09     -0.22449156E-03     -0.42499939E-03
    3529     -0.71875233E-09     -0.72268483E-09     -0.22456651E-03     -0.42499939E-03
    3530     -0.71875413E-09     -0.72268483E-09     -0.22462597E-03     -0.42499939E-03
    3531     -0.71875510E-09     -0.72268483E-09     -0.22465685E-03     -0.42499939E-03
    3532     -0.71875660E-09     -0.72268483E-09     -0.22470629E-03     -0.42499939E-03
    3533     -0.71875895E-09     -0.72268483E-09     -0.22478548E-03     -0.42499939E-03
    3534     -0.71876052E-09     -0.72268483E-09     -0.22484396E-03     -0.42499939E-03
    3535     -0.71876213E-09     -0.72268483E-09     -0.22490404E-03     -0.42499939E-03
    3536     -0.71876413E-09     -0.72268483E-09     -0.22496499E-03     -0.42499939E-03
    3537     -0.71876555E-09     -0.72268483E-09     -0.22501565E-03     -0.42499939E-03
    3538     -0.71876666E-09     -0.72268483E-09     -0.22506566E-03     -0.42499939E-03
    3539     -0.71876835E-09     -0.72268483E-09     -0.22513078E-03     -0.42499939E-03
    3540     -0.71876983E-09     -0.72268483E-09     -0.22518589E-03     -0.42499939E-03
    3541     -0.71877217E-09     -0.72268483E-09     -0.22527563E-03     -0.42499939E-03
    3542     -0.71877454E-09     -0.72268483E-09     -0.22537128E-03     -0.42499939E-03
    3543     -0.71877572E-09     -0.72268483E-09     -0.22543479E-03     -0.42499939E-03
    3544     -0.71877684E-09     -0.72268483E-09     -0.22549436E-03     -0.42499939E-03
    3545     -0.71877794E-09     -0.72268483E-09     -0.22553545E-03     -0.42499939E-03
    3546     -0.71877922E-09     -0.72268483E-09     -0.22557487E-03     -0.42499939E-03
    3547     -0.71878097E-09     -0.72268483E-09     -0.22563293E-03     -0.42499939E-03
    3548     -0.71878261E-09     -0.72268483E-09     -0.22569025E-03     -0.42499939E-03
    3549     -0.71878372E-09     -0.72268483E-09     -0.22573837E-03     -0.42499939E-03
    3550     -0.71878473E-09     -0.72268483E-09     -0.22578300E-03     -0.42499939E-03
    3551     -0.71878591E-09     -0.72268483E-09     -0.22582475E-03     -0.42499939E-03
    3552     -0.71878716E-09     -0.72268483E-09     -0.22586840E-03     -0.42499939E-03
    3553     -0.71878796E-09     -0.72268483E-09     -0.22589325E-03     -0.42499939E-03
    3554     -0.71878869E-09     -0.72268483E-09     -0.22591608E-03     -0.42499939E-03
    3555     -0.71878974E-09     -0.72268483E-09     -0.22595432E-03     -0.42499939E-03
    3556     -0.71879087E-09     -0.72268483E-09     -0.22599009E-03     -0.42499939E-03
    3557     -0.71879185E-09     -0.72268483E-09     -0.22602306E-03     -0.42499939E-03
    3558     -0.71879274E-09     -0.72268483E-09     -0.22605167E-03     -0.42499939E-03
    3559     -0.71879363E-09     -0.72268483E-09     -0.22608380E-03     -0.42499939E-03
    3560     -0.71879487E-09     -0.72268483E-09     -0.22613762E-03     -0.42499939E-03
    3561     -0.71879611E-09     -0.72268483E-09     -0.22618503E-03     -0.42499939E-03
    3562     -0.71879713E-09     -0.72268483E-09     -0.22621451E-03     -0.42499939E-03
    3563     -0.71879810E-09     -0.72268483E-09     -0.22625218E-03     -0.42499939E-03
    3564     -0.71879911E-09     -0.72268483E-09     -0.22629159E-03     -0.42499939E-03
    3565     -0.71880011E-09     -0.72268483E-09     -0.22632438E-03     -0.42499939E-03
    3566     -0.71880112E-09     -0.72268483E-09     -0.22635555E-03     -0.42499939E-03
    3567     -0.71880197E-09     -0.72268483E-09     -0.22638918E-03     -0.42499939E-03
    3568     -0.71880285E-09     -0.72268483E-09     -0.22641937E-03     -0.42499939E-03
    3569     -0.71880388E-09     -0.72268483E-09     -0.22646074E-03     -0.42499939E-03
    3570     -0.71880502E-09     -0.72268483E-09     -0.22650179E-03     -0.42499939E-03
    3571     -0.71880616E-09     -0.72268483E-09     -0.22656757E-03     -0.42499939E-03
    3572     -0.71880731E-09     -0.72268483E-09     -0.22663376E-03     -0.42499939E-03
    3573     -0.71880802E-09     -0.72268483E-09     -0.22666447E-03     -0.42499939E-03
    3574     -0.71880925E-09     -0.72268483E-09     -0.22670894E-03     -0.42499939E-03
    3575     -0.71881011E-09     -0.72268483E-09     -0.22673793E-03     -0.42499939E-03
    3576     -0.71881152E-09     -0.72268483E-09     -0.22678674E-03     -0.42499939E-03
    3577     -0.71881277E-09     -0.72268483E-09     -0.22683318E-03     -0.42499939E-03
    3578     -0.71881405E-09     -0.72268483E-09     -0.22687976E-03     -0.42499939E-03
    3579     -0.71881489E-09     -0.72268483E-09     -0.22691105E-03     -0.42499939E-03
    3580     -0.71881635E-09     -0.72268483E-09     -0.22696085E-03     -0.42499939E-03
    3581     -0.71881740E-09     -0.72268483E-09     -0.22700186E-03     -0.42499939E-03
    3582     -0.71881824E-09     -0.72268483E-09     -0.22703949E-03     -0.42499939E-03
    3583     -0.71881970E-09     -0.72268483E-09     -0.22711820E-03     -0.42499939E-03
    3584     -0.71882091E-09     -0.72268483E-09     -0.22715748E-03     -0.42499939E-03
    3585     -0.71882227E-09     -0.72268483E-09     -0.22722636E-03     -0.42499939E-03
    3586     -0.71882353E-09     -0.72268483E-09     -0.22728775E-03     -0.42499939E-03
    3587     -0.71882424E-09     -0.72268483E-09     -0.22732006E-03     -0.42499939E-03
    3588     -0.71882547E-09     -0.72268483E-09     -0.22737141E-03     -0.42499939E-03
    3589     -0.71882680E-09     -0.72268483E-09     -0.22742673E-03     -0.42499939E-03
    3590     -0.71882757E-09     -0.72268483E-09     -0.22745968E-03     -0.42499939E-03
    3591     -0.71882872E-09     -0.72268483E-09     -0.22751088E-03     -0.42499939E-03
    3592     -0.71883052E-09     -0.72268483E-09     -0.22757282E-03     -0.42499939E-03
    3593     -0.71883174E-09     -0.72268483E-09     -0.22760932E-03     -0.42499939E-03
    3594     -0.71883238E-09     -0.72268483E-09     -0.22763398E-03     -0.42499939E-03
    3595     -0.71883295E-09     -0.72268483E-09     -0.22765886E-03     -0.42499939E-03
    3596     -0.71883359E-09     -0.72268483E-09     -0.22769007E-03     -0.42499939E-03
    3597     -0.71883467E-09     -0.72268483E-09     -0.22772282E-03     -0.42499939E-03
    3598     -0.71883544E-09     -0.72268483E-09     -0.22775728E-03     -0.42499939E-03
    3599     -0.71883620E-09     -0.72268483E-09     -0.22778417E-03     -0.42499939E-03
    3600     -0.71883678E-09     -0.72268483E-09     -0.22781304E-03     -0.42499939E-03
    3601     -0.71883847E-09     -0.72268483E-09     -0.22789173E-03     -0.42499939E-03
    3602     -0.71883993E-09     -0.72268483E-09     -0.22795874E-03     -0.42499939E-03
    3603     -0.71884082E-09     -0.72268483E-09     -0.22800412E-03     -0.42499939E-03
    3604     -0.71884182E-09     -0.72268483E-09     -0.22804930E-03     -0.42499939E-03
    3605     -0.71884303E-09     -0.72268483E-09     -0.22809993E-03     -0.42499939E-03
    3606     -0.71884379E-09     -0.72268483E-09     -0.22813083E-03     -0.42499939E-03
    3607     -0.71884473E-09     -0.72268483E-09     -0.22816791E-03     -0.42499939E-03
    3608     -0.71884574E-09     -0.72268483E-09     -0.22819976E-03     -0.42499939E-03
    3609     -0.71884682E-09     -0.72268483E-09     -0.22824164E-03     -0.42499939E-03
    3610     -0.71884786E-09     -0.72268483E-09     -0.22828231E-03     -0.42499939E-03
    3611     -0.71884941E-09     -0.72268483E-09     -0.22832818E-03     -0.42499939E-03
    3612     -0.71885027E-09     -0.72268483E-09     -0.22835693E-03     -0.42499939E-03
    3613     -0.71885200E-09     -0.72268483E-09     -0.22840980E-03     -0.42499939E-03
    3614     -0.71885246E-09     -0.72268483E-09     -0.22844256E-03     -0.42499939E-03
    3615     -0.71885371E-09     -0.72268483E-09     -0.22848140E-03     -0.42499939E-03
    3616     -0.71885526E-09     -0.72268483E-09     -0.22851997E-03     -0.42499939E-03
    3617     -0.71885661E-09     -0.72268483E-09     -0.22857553E-03     -0.42499939E-03
    3618     -0.71885768E-09     -0.72268483E-09     -0.22861479E-03     -0.42499939E-03
    3619     -0.71885916E-09     -0.72268483E-09     -0.22866410E-03     -0.42499939E-03
    3620     -0.71886045E-09     -0.72268483E-09     -0.22870739E-03     -0.42499939E-03
    3621     -0.71886116E-09     -0.72268483E-09     -0.22873567E-03     -0.42499939E-03
    3622     -0.71886216E-09     -0.72268483E-09     -0.22877646E-03     -0.42499939E-03
    3623     -0.71886311E-09     -0.72268483E-09     -0.22881167E-03     -0.42499939E-03
    3624     -0.71886411E-09     -0.72268483E-09     -0.22885612E-03     -0.42499939E-03
    3625     -0.71886505E-09     -0.72268483E-09     -0.22888832E-03     -0.42499939E-03
    3626     -0.71886561E-09     -0.72268483E-09     -0.22891556E-03     -0.42499939E-03
    3627     -0.71886651E-09     -0.72268483E-09     -0.22894821E-03     -0.42499939E-03
    3628     -0.71886744E-09     -0.72268483E-09     -0.22898708E-03     -0.42499939E-03
    3629     -0.71886918E-09     -0.72268483E-09     -0.22907516E-03     -0.42499939E-03
    3630     -0.71887059E-09     -0.72268483E-09     -0.22913514E-03     -0.42499939E-03
    3631     -0.71887150E-09     -0.72268483E-09     -0.22917679E-03     -0.42499939E-03
    3632     -0.71887235E-09     -0.72268483E-09     -0.22921267E-03     -0.42499939E-03
    3633     -0.71887331E-09     -0.72268483E-09     -0.22926516E-03     -0.42499939E-03
    3634     -0.71887421E-09     -0.72268483E-09     -0.22930634E-03     -0.42499939E-03
    3635     -0.71887496E-09     -0.72268483E-09     -0.22933566E-03     -0.42499939E-03
    3636     -0.71887652E-09     -0.72268483E-09     -0.22942257E-03     -0.42499939E-03
    3637     -0.71887752E-09     -0.72268483E-09     -0.22946556E-03     -0.42499939E-03
    3638     -0.71887872E-09     -0.72268483E-09     -0.22953692E-03     -0.42499939E-03
    3639     -0.71888042E-09     -0.72268483E-09     -0.22962428E-03     -0.42499939E-03
    3640     -0.71888185E-09     -0.72268483E-09     -0.22969335E-03     -0.42499939E-03
    3641     -0.71888302E-09     -0.72268483E-09     -0.22974545E-03     -0.42499939E-03
    3642     -0.71888420E-09     -0.72268483E-09     -0.22979918E-03     -0.42499939E-03
    3643     -0.71888511E-09     -0.72268483E-09     -0.22983027E-03     -0.42499939E-03
    3644     -0.71888611E-09     -0.72268483E-09     -0.22986732E-03     -0.42499939E-03
    3645     -0.71888708E-09     -0.72268483E-09     -0.22991041E-03     -0.42499939E-03
    3646     -0.71888812E-09     -0.72268483E-09     -0.22995948E-03     -0.42499939E-03
    3647     -0.71888933E-09     -0.72268483E-09     -0.23000679E-03     -0.42499939E-03
    3648     -0.71889041E-09     -0.72268483E-09     -0.23004483E-03     -0.42499939E-03
    3649     -0.71889133E-09     -0.72268483E-09     -0.23007866E-03     -0.42499939E-03
    3650     -0.71889225E-09     -0.72268483E-09     -0.23011818E-03     -0.42499939E-03
    3651     -0.71889319E-09     -0.72268483E-09     -0.23014931E-03     -0.42499939E-03
    3652     -0.71889412E-09     -0.72268483E-09     -0.23018409E-03     -0.42499939E-03
    3653     -0.71889496E-09     -0.72268483E-09     -0.23022097E-03     -0.42499939E-03
    3654     -0.71889558E-09     -0.72268483E-09     -0.23025160E-03     -0.42499939E-03
    3655     -0.71889662E-09     -0.72268483E-09     -0.23028854E-03     -0.42499939E-03
    3656     -0.71889787E-09     -0.72268483E-09     -0.23033319E-03     -0.42499939E-03
    3657     -0.71889851E-09     -0.72268483E-09     -0.23036780E-03     -0.42499939E-03
    3658     -0.71889948E-09     -0.72268483E-09     -0.23042499E-03     -0.42499939E-03
    3659     -0.71890031E-09     -0.72268483E-09     -0.23046041E-03     -0.42499939E-03
    3660     -0.71890171E-09     -0.72268483E-09     -0.23051584E-03     -0.42499939E-03
    3661     -0.71890300E-09     -0.72268483E-09     -0.23057218E-03     -0.42499939E-03
    3662     -0.71890406E-09     -0.72268483E-09     -0.23062099E-03     -0.42499939E-03
    3663     -0.71890518E-09     -0.72268483E-09     -0.23066672E-03     -0.42499939E-03
    3664     -0.71890630E-09     -0.72268483E-09     -0.23071105E-03     -0.42499939E-03
    3665     -0.71890746E-09     -0.72268483E-09     -0.23075721E-03     -0.42499939E-03
    3666     -0.71890850E-09     -0.72268483E-09     -0.23080372E-03     -0.42499939E-03
    3667     -0.71890911E-09     -0.72268483E-09     -0.23083253E-03     -0.42499939E-03
    3668     -0.71891014E-09     -0.72268483E-09     -0.23087741E-03     -0.42499939E-03
    3669     -0.71891089E-09     -0.72268483E-09     -0.23091187E-03     -0.42499939E-03
    3670     -0.71891172E-09     -0.72268483E-09     -0.23094921E-03     -0.42499939E-03
    3671     -0.71891223E-09     -0.72268483E-09     -0.23098520E-03     -0.42499939E-03
    3672     -0.71891272E-09     -0.72268483E-09     -0.23101631E-03     -0.42499939E-03
    3673     -0.71891340E-09     -0.72268483E-09     -0.23104020E-03     -0.42499939E-03
    3674     -0.71891425E-09     -0.72268483E-09     -0.23107382E-03     -0.42499939E-03
    3675     -0.71891488E-09     -0.72268483E-09     -0.23109799E-03     -0.42499939E-03
    3676     -0.71891569E-09     -0.72268483E-09     -0.23113136E-03     -0.42499939E-03
    3677     -0.71891677E-09     -0.72268483E-09     -0.23116565E-03     -0.42499939E-03
    3678     -0.71891744E-09     -0.72268483E-09     -0.23119687E-03     -0.42499939E-03
    3679     -0.71891835E-09     -0.72268483E-09     -0.23123346E-03     -0.42499939E-03
    3680     -0.71891944E-09     -0.72268483E-09     -0.23127264E-03     -0.42499939E-03
    3681     -0.71891998E-09     -0.72268483E-09     -0.23130452E-03     -0.42499939E-03
    3682     -0.71892060E-09     -0.72268483E-09     -0.23133204E-03     -0.42499939E-03
    3683     -0.71892152E-09     -0.72268483E-09     -0.23137485E-03     -0.42499939E-03
    3684     -0.71892238E-09     -0.72268483E-09     -0.23140890E-03     -0.42499939E-03
    3685     -0.71892294E-09     -0.72268483E-09     -0.23143481E-03     -0.42499939E-03
    3686     -0.71892359E-09     -0.72268483E-09     -0.23146324E-03     -0.42499939E-03
    3687     -0.71892409E-09     -0.72268483E-09     -0.23148502E-03     -0.42499939E-03
    3688     -0.71892544E-09     -0.72268483E-09     -0.23155592E-03     -0.42499939E-03
    3689     -0.71892609E-09     -0.72268483E-09     -0.23159525E-03     -0.42499939E-03
    3690     -0.71892674E-09     -0.72268483E-09     -0.23163284E-03     -0.42499939E-03
    3691     -0.71892819E-09     -0.72268483E-09     -0.23171542E-03     -0.42499939E-03
    3692     -0.71892920E-09     -0.72268483E-09     -0.23177630E-03     -0.42499939E-03
    3693     -0.71892993E-09     -0.72268483E-09     -0.23183367E-03     -0.42499939E-03
    3694     -0.71893071E-09     -0.72268483E-09     -0.23187925E-03     -0.42499939E-03
    3695     -0.71893114E-09     -0.72268483E-09     -0.23190041E-03     -0.42499939E-03
    3696     -0.71893176E-09     -0.72268483E-09     -0.23192771E-03     -0.42499939E-03
    3697     -0.71893290E-09     -0.72268483E-09     -0.23197675E-03     -0.42499939E-03
    3698     -0.71893370E-09     -0.72268483E-09     -0.23203737E-03     -0.42499939E-03
    3699     -0.71893449E-09     -0.72268483E-09     -0.23209380E-03     -0.42499939E-03
    3700     -0.71893570E-09     -0.72268483E-09     -0.23213758E-03     -0.42499939E-03
    3701     -0.71893674E-09     -0.72268483E-09     -0.23218228E-03     -0.42499939E-03
    3702     -0.71893739E-09     -0.72268483E-09     -0.23222154E-03     -0.42499939E-03
    3703     -0.71893855E-09     -0.72268483E-09     -0.23226227E-03     -0.42499939E-03
    3704     -0.71893921E-09     -0.72268483E-09     -0.23229495E-03     -0.42499939E-03
    3705     -0.71894040E-09     -0.72268483E-09     -0.23236062E-03     -0.42499939E-03
    3706     -0.71894130E-09     -0.72268483E-09     -0.23242097E-03     -0.42499939E-03
    3707     -0.71894191E-09     -0.72268483E-09     -0.23247645E-03     -0.42499939E-03
    3708     -0.71894290E-09     -0.72268483E-09     -0.23253085E-03     -0.42499939E-03
    3709     -0.71894366E-09     -0.72268483E-09     -0.23257015E-03     -0.42499939E-03
    3710     -0.71894399E-09     -0.72268483E-09     -0.23259737E-03     -0.42499939E-03
    3711     -0.71894477E-09     -0.72268483E-09     -0.23262951E-03     -0.42499939E-03
    3712     -0.71894558E-09     -0.72268483E-09     -0.23266067E-03     -0.42499939E-03
    3713     -0.71894630E-09     -0.72268483E-09     -0.23269976E-03     -0.42499939E-03
    3714     -0.71894704E-09     -0.72268483E-09     -0.23273916E-03     -0.42499939E-03
    3715     -0.71894804E-09     -0.72268483E-09     -0.23277909E-03     -0.42499939E-03
    3716     -0.71894890E-09     -0.72268483E-09     -0.23281773E-03     -0.42499939E-03
    3717     -0.71894974E-09     -0.72268483E-09     -0.23285943E-03     -0.42499939E-03
    3718     -0.71895034E-09     -0.72268483E-09     -0.23288947E-03     -0.42499939E-03
    3719     -0.71895147E-09     -0.72268483E-09     -0.23294518E-03     -0.42499939E-03
    3720     -0.71895208E-09     -0.72268483E-09     -0.23297938E-03     -0.42499939E-03
    3721     -0.71895282E-09     -0.72268483E-09     -0.23301185E-03     -0.42499939E-03
    3722     -0.71895357E-09     -0.72268483E-09     -0.23304451E-03     -0.42499939E-03
    3723     -0.71895451E-09     -0.72268483E-09     -0.23307907E-03     -0.42499939E-03
    3724     -0.71895523E-09     -0.72268483E-09     -0.23310677E-03     -0.42499939E-03
    3725     -0.71895615E-09     -0.72268483E-09     -0.23314537E-03     -0.42499939E-03
    3726     -0.71895701E-09     -0.72268483E-09     -0.23318189E-03     -0.42499939E-03
    3727     -0.71895789E-09     -0.72268483E-09     -0.23321457E-03     -0.42499939E-03
    3728     -0.71895884E-09     -0.72268483E-09     -0.23324682E-03     -0.42499939E-03
    3729     -0.71895940E-09     -0.72268483E-09     -0.23327644E-03     -0.42499939E-03
    3730     -0.71896051E-09     -0.72268483E-09     -0.23332258E-03     -0.42499939E-03
    3731     -0.71896195E-09     -0.72268483E-09     -0.23338647E-03     -0.42499939E-03
    3732     -0.71896394E-09     -0.72268483E-09     -0.23346329E-03     -0.42499939E-03
    3733     -0.71896452E-09     -0.72268483E-09     -0.23349217E-03     -0.42499939E-03
    3734     -0.71896542E-09     -0.72268483E-09     -0.23352978E-03     -0.42499939E-03
    3735     -0.71896601E-09     -0.72268483E-09     -0.23355960E-03     -0.42499939E-03
    3736     -0.71896626E-09     -0.72268483E-09     -0.23357614E-03     -0.42499939E-03
    3737     -0.71896715E-09     -0.72268483E-09     -0.23360621E-03     -0.42499939E-03
    3738     -0.71896822E-09     -0.72268483E-09     -0.23364808E-03     -0.42499939E-03
    3739     -0.71896952E-09     -0.72268483E-09     -0.23370599E-03     -0.42499939E-03
    3740     -0.71897060E-09     -0.72268483E-09     -0.23375011E-03     -0.42499939E-03
    3741     -0.71897140E-09     -0.72268483E-09     -0.23378638E-03     -0.42499939E-03
    3742     -0.71897222E-09     -0.72268483E-09     -0.23382418E-03     -0.42499939E-03
    3743     -0.71897309E-09     -0.72268483E-09     -0.23386214E-03     -0.42499939E-03
    3744     -0.71897391E-09     -0.72268483E-09     -0.23389709E-03     -0.42499939E-03
    3745     -0.71897449E-09     -0.72268483E-09     -0.23391888E-03     -0.42499939E-03
    3746     -0.71897515E-09     -0.72268483E-09     -0.23394421E-03     -0.42499939E-03
    3747     -0.71897612E-09     -0.72268483E-09     -0.23398008E-03     -0.42499939E-03
    3748     -0.71897691E-09     -0.72268483E-09     -0.23401233E-03     -0.42499939E-03
    3749     -0.71897760E-09     -0.72268483E-09     -0.23404310E-03     -0.42499939E-03
    3750     -0.71897856E-09     -0.72268483E-09     -0.23409070E-03     -0.42499939E-03
    3751     -0.71897963E-09     -0.72268483E-09     -0.23413626E-03     -0.42499939E-03
    3752     -0.71898125E-09     -0.72268483E-09     -0.23421172E-03     -0.42499939E-03
    3753     -0.71898227E-09     -0.72268483E-09     -0.23425962E-03     -0.42499939E-03
    3754     -0.71898341E-09     -0.72268483E-09     -0.23431401E-03     -0.42499939E-03
    3755     -0.71898432E-09     -0.72268483E-09     -0.23435398E-03     -0.42499939E-03
    3756     -0.71898557E-09     -0.72268483E-09     -0.23440810E-03     -0.42499939E-03
    3757     -0.71898640E-09     -0.72268483E-09     -0.23444265E-03     -0.42499939E-03
    3758     -0.71898724E-09     -0.72268483E-09     -0.23447627E-03     -0.42499939E-03
    3759     -0.71898805E-09     -0.72268483E-09     -0.23451463E-03     -0.42499939E-03
    3760     -0.71898930E-09     -0.72268483E-09     -0.23457537E-03     -0.42499939E-03
    3761     -0.71899006E-09     -0.72268483E-09     -0.23460938E-03     -0.42499939E-03
    3762     -0.71899147E-09     -0.72268483E-09     -0.23468826E-03     -0.42499939E-03
    3763     -0.71899249E-09     -0.72268483E-09     -0.23473755E-03     -0.42499939E-03
    3764     -0.71899348E-09     -0.72268483E-09     -0.23478070E-03     -0.42499939E-03
    3765     -0.71899391E-09     -0.72268483E-09     -0.23480278E-03     -0.42499939E-03
    3766     -0.71899467E-09     -0.72268483E-09     -0.23484495E-03     -0.42499939E-03
    3767     -0.71899550E-09     -0.72268483E-09     -0.23488249E-03     -0.42499939E-03
    3768     -0.71899634E-09     -0.72268483E-09     -0.23492316E-03     -0.42499939E-03
    3769     -0.71899734E-09     -0.72268483E-09     -0.23496983E-03     -0.42499939E-03
    3770     -0.71899827E-09     -0.72268483E-09     -0.23500324E-03     -0.42499939E-03
    3771     -0.71899918E-09     -0.72268483E-09     -0.23504507E-03     -0.42499939E-03
    3772     -0.71900063E-09     -0.72268483E-09     -0.23512058E-03     -0.42499939E-03
    3773     -0.71900175E-09     -0.72268483E-09     -0.23518573E-03     -0.42499939E-03
    3774     -0.71900254E-09     -0.72268483E-09     -0.23521938E-03     -0.42499939E-03
    3775     -0.71900331E-09     -0.72268483E-09     -0.23525413E-03     -0.42499939E-03
    3776     -0.71900406E-09     -0.72268483E-09     -0.23528903E-03     -0.42499939E-03
    3777     -0.71900493E-09     -0.72268483E-09     -0.23532457E-03     -0.42499939E-03
    3778     -0.71900620E-09     -0.72268483E-09     -0.23538058E-03     -0.42499939E-03
    3779     -0.71900746E-09     -0.72268483E-09     -0.23544519E-03     -0.42499939E-03
    3780     -0.71900808E-09     -0.72268483E-09     -0.23547163E-03     -0.42499939E-03
    3781     -0.71900940E-09     -0.72268483E-09     -0.23554286E-03     -0.42499939E-03
    3782     -0.71901017E-09     -0.72268483E-09     -0.23558565E-03     -0.42499939E-03
    3783     -0.71901072E-09     -0.72268483E-09     -0.23560912E-03     -0.42499939E-03
    3784     -0.71901172E-09     -0.72268483E-09     -0.23565335E-03     -0.42499939E-03
    3785     -0.71901246E-09     -0.72268483E-09     -0.23568499E-03     -0.42499939E-03
    3786     -0.71901353E-09     -0.72268483E-09     -0.23576805E-03     -0.42499939E-03
    3787     -0.71901442E-09     -0.72268483E-09     -0.23580214E-03     -0.42499939E-03
    3788     -0.71901556E-09     -0.72268483E-09     -0.23585045E-03     -0.42499939E-03
    3789     -0.71901651E-09     -0.72268483E-09     -0.23590261E-03     -0.42499939E-03
    3790     -0.71901732E-09     -0.72268483E-09     -0.23594339E-03     -0.42499939E-03
    3791     -0.71901842E-09     -0.72268483E-09     -0.23598349E-03     -0.42499939E-03
    3792     -0.71901954E-09     -0.72268483E-09     -0.23602523E-03     -0.42499939E-03
    3793     -0.71902045E-09     -0.72268483E-09     -0.23607601E-03     -0.42499939E-03
    3794     -0.71902127E-09     -0.72268483E-09     -0.23611184E-03     -0.42499939E-03
    3795     -0.71902248E-09     -0.72268483E-09     -0.23617963E-03     -0.42499939E-03
    3796     -0.71902373E-09     -0.72268483E-09     -0.23623613E-03     -0.42499939E-03
    3797     -0.71902477E-09     -0.72268483E-09     -0.23629521E-03     -0.42499939E-03
    3798     -0.71902575E-09     -0.72268483E-09     -0.23634657E-03     -0.42499939E-03
    3799     -0.71902677E-09     -0.72268483E-09     -0.23639603E-03     -0.42499939E-03
    3800     -0.71902756E-09     -0.72268483E-09     -0.23642766E-03     -0.42499939E-03
    3801     -0.71902838E-09     -0.72268483E-09     -0.23646729E-03     -0.42499939E-03
    3802     -0.71902929E-09     -0.72268483E-09     -0.23651327E-03     -0.42499939E-03
    3803     -0.71903021E-09     -0.72268483E-09     -0.23655169E-03     -0.42499939E-03
    3804     -0.71903114E-09     -0.72268483E-09     -0.23658692E-03     -0.42499939E-03
    3805     -0.71903198E-09     -0.72268483E-09     -0.23661669E-03     -0.42499939E-03
    3806     -0.71903290E-09     -0.72268483E-09     -0.23666150E-03     -0.42499939E-03
    3807     -0.71903380E-09     -0.72268483E-09     -0.23670218E-03     -0.42499939E-03
    3808     -0.71903455E-09     -0.72268483E-09     -0.23674015E-03     -0.42499939E-03
    3809     -0.71903548E-09     -0.72268483E-09     -0.23681712E-03     -0.42499939E-03
    3810     -0.71903619E-09     -0.72268483E-09     -0.23688330E-03     -0.42499939E-03
    3811     -0.71903728E-09     -0.72268483E-09     -0.23695048E-03     -0.42499939E-03
    3812     -0.71903797E-09     -0.72268483E-09     -0.23699512E-03     -0.42499939E-03
    3813     -0.71903875E-09     -0.72268483E-09     -0.23703387E-03     -0.42499939E-03
    3814     -0.71903948E-09     -0.72268483E-09     -0.23707173E-03     -0.42499939E-03
    3815     -0.71904075E-09     -0.72268483E-09     -0.23711781E-03     -0.42499939E-03
    3816     -0.71904195E-09     -0.72268483E-09     -0.23716317E-03     -0.42499939E-03
    3817     -0.71904273E-09     -0.72268483E-09     -0.23720759E-03     -0.42499939E-03
    3818     -0.71904395E-09     -0.72268483E-09     -0.23725925E-03     -0.42499939E-03
    3819     -0.71904506E-09     -0.72268483E-09     -0.23730870E-03     -0.42499939E-03
    3820     -0.71904614E-09     -0.72268483E-09     -0.23736106E-03     -0.42499939E-03
    3821     -0.71904691E-09     -0.72268483E-09     -0.23740702E-03     -0.42499939E-03
    3822     -0.71904756E-09     -0.72268483E-09     -0.23744151E-03     -0.42499939E-03
    3823     -0.71904810E-09     -0.72268483E-09     -0.23746956E-03     -0.42499939E-03
    3824     -0.71904866E-09     -0.72268483E-09     -0.23749525E-03     -0.42499939E-03
    3825     -0.71904951E-09     -0.72268483E-09     -0.23754350E-03     -0.42499939E-03
    3826     -0.71905035E-09     -0.72268483E-09     -0.23758091E-03     -0.42499939E-03
    3827     -0.71905146E-09     -0.72268483E-09     -0.23762977E-03     -0.42499939E-03
    3828     -0.71905244E-09     -0.72268483E-09     -0.23767690E-03     -0.42499939E-03
    3829     -0.71905331E-09     -0.72268483E-09     -0.23772593E-03     -0.42499939E-03
    3830     -0.71905424E-09     -0.72268483E-09     -0.23777806E-03     -0.42499939E-03
    3831     -0.71905554E-09     -0.72268483E-09     -0.23783383E-03     -0.42499939E-03
    3832     -0.71905662E-09     -0.72268483E-09     -0.23788160E-03     -0.42499939E-03
    3833     -0.71905771E-09     -0.72268483E-09     -0.23792852E-03     -0.42499939E-03
    3834     -0.71905840E-09     -0.72268483E-09     -0.23796142E-03     -0.42499939E-03
    3835     -0.71905928E-09     -0.72268483E-09     -0.23800300E-03     -0.42499939E-03
    3836     -0.71906007E-09     -0.72268483E-09     -0.23803745E-03     -0.42499939E-03
    3837     -0.71906096E-09     -0.72268483E-09     -0.23807386E-03     -0.42499939E-03
    3838     -0.71906180E-09     -0.72268483E-09     -0.23811128E-03     -0.42499939E-03
    3839     -0.71906259E-09     -0.72268483E-09     -0.23815080E-03     -0.42499939E-03
    3840     -0.71906325E-09     -0.72268483E-09     -0.23818749E-03     -0.42499939E-03
    3841     -0.71906428E-09     -0.72268483E-09     -0.23822739E-03     -0.42499939E-03
    3842     -0.71906500E-09     -0.72268483E-09     -0.23826198E-03     -0.42499939E-03
    3843     -0.71906556E-09     -0.72268483E-09     -0.23828801E-03     -0.42499939E-03
    3844     -0.71906599E-09     -0.72268483E-09     -0.23831637E-03     -0.42499939E-03
    3845     -0.71906661E-09     -0.72268483E-09     -0.23834547E-03     -0.42499939E-03
    3846     -0.71906774E-09     -0.72268483E-09     -0.23839658E-03     -0.42499939E-03
    3847     -0.71906830E-09     -0.72268483E-09     -0.23841933E-03     -0.42499939E-03
    3848     -0.71906925E-09     -0.72268483E-09     -0.23846010E-03     -0.42499939E-03
    3849     -0.71907009E-09     -0.72268483E-09     -0.23849241E-03     -0.42499939E-03
    3850     -0.71907094E-09     -0.72268483E-09     -0.23852520E-03     -0.42499939E-03
    3851     -0.71907177E-09     -0.72268483E-09     -0.23856195E-03     -0.42499939E-03
    3852     -0.71907250E-09     -0.72268483E-09     -0.23859832E-03     -0.42499939E-03
    3853     -0.71907347E-09     -0.72268483E-09     -0.23864323E-03     -0.42499939E-03
    3854     -0.71907437E-09     -0.72268483E-09     -0.23868631E-03     -0.42499939E-03
    3855     -0.71907553E-09     -0.72268483E-09     -0.23873915E-03     -0.42499939E-03
    3856     -0.71907645E-09     -0.72268483E-09     -0.23879380E-03     -0.42499939E-03
    3857     -0.71907747E-09     -0.72268483E-09     -0.23884065E-03     -0.42499939E-03
    3858     -0.71907851E-09     -0.72268483E-09     -0.23889219E-03     -0.42499939E-03
    3859     -0.71907927E-09     -0.72268483E-09     -0.23893545E-03     -0.42499939E-03
    3860     -0.71908020E-09     -0.72268483E-09     -0.23898186E-03     -0.42499939E-03
    3861     -0.71908099E-09     -0.72268483E-09     -0.23901994E-03     -0.42499939E-03
    3862     -0.71908206E-09     -0.72268483E-09     -0.23907546E-03     -0.42499939E-03
    3863     -0.71908302E-09     -0.72268483E-09     -0.23912261E-03     -0.42499939E-03
    3864     -0.71908393E-09     -0.72268483E-09     -0.23917125E-03     -0.42499939E-03
    3865     -0.71908476E-09     -0.72268483E-09     -0.23920658E-03     -0.42499939E-03
    3866     -0.71908539E-09     -0.72268483E-09     -0.23923803E-03     -0.42499939E-03
    3867     -0.71908692E-09     -0.72268483E-09     -0.23930033E-03     -0.42499939E-03
    3868     -0.71908831E-09     -0.72268483E-09     -0.23938496E-03     -0.42499939E-03
    3869     -0.71908939E-09     -0.72268483E-09     -0.23943408E-03     -0.42499939E-03
    3870     -0.71909009E-09     -0.72268483E-09     -0.23946512E-03     -0.42499939E-03
    3871     -0.71909092E-09     -0.72268483E-09     -0.23950340E-03     -0.42499939E-03
    3872     -0.71909172E-09     -0.72268483E-09     -0.23954018E-03     -0.42499939E-03
    3873     -0.71909262E-09     -0.72268483E-09     -0.23957273E-03     -0.42499939E-03
    3874     -0.71909338E-09     -0.72268483E-09     -0.23960607E-03     -0.42499939E-03
    3875     -0.71909389E-09     -0.72268483E-09     -0.23963624E-03     -0.42499939E-03
    3876     -0.71909454E-09     -0.72268483E-09     -0.23966904E-03     -0.42499939E-03
    3877     -0.71909501E-09     -0.72268483E-09     -0.23969471E-03     -0.42499939E-03
    3878     -0.71909573E-09     -0.72268483E-09     -0.23973112E-03     -0.42499939E-03
    3879     -0.71909676E-09     -0.72268483E-09     -0.23980424E-03     -0.42499939E-03
    3880     -0.71909799E-09     -0.72268483E-09     -0.23987909E-03     -0.42499939E-03
    3881     -0.71909879E-09     -0.72268483E-09     -0.23991388E-03     -0.42499939E-03
    3882     -0.71909959E-09     -0.72268483E-09     -0.23994801E-03     -0.42499939E-03
    3883     -0.71910031E-09     -0.72268483E-09     -0.23998241E-03     -0.42499939E-03
    3884     -0.71910119E-09     -0.72268483E-09     -0.24002142E-03     -0.42499939E-03
    3885     -0.71910179E-09     -0.72268483E-09     -0.24004972E-03     -0.42499939E-03
    3886     -0.71910251E-09     -0.72268483E-09     -0.24008057E-03     -0.42499939E-03
    3887     -0.71910406E-09     -0.72268483E-09     -0.24016774E-03     -0.42499939E-03
    3888     -0.71910553E-09     -0.72268483E-09     -0.24024950E-03     -0.42499939E-03
    3889     -0.71910645E-09     -0.72268483E-09     -0.24029951E-03     -0.42499939E-03
    3890     -0.71910759E-09     -0.72268483E-09     -0.24035689E-03     -0.42499939E-03
    3891     -0.71910833E-09     -0.72268483E-09     -0.24038972E-03     -0.42499939E-03
    3892     -0.71910882E-09     -0.72268483E-09     -0.24041254E-03     -0.42499939E-03
    3893     -0.71910989E-09     -0.72268483E-09     -0.24048082E-03     -0.42499939E-03
    3894     -0.71911095E-09     -0.72268483E-09     -0.24054770E-03     -0.42499939E-03
    3895     -0.71911210E-09     -0.72268483E-09     -0.24061645E-03     -0.42499939E-03
    3896     -0.71911241E-09     -0.72268483E-09     -0.24063342E-03     -0.42499939E-03
    3897     -0.71911341E-09     -0.72268483E-09     -0.24069787E-03     -0.42499939E-03
    3898     -0.71911361E-09     -0.72268483E-09     -0.24071357E-03     -0.42499939E-03
    3899     -0.71911470E-09     -0.72268483E-09     -0.24077292E-03     -0.42499939E-03
    3900     -0.71911605E-09     -0.72268483E-09     -0.24083442E-03     -0.42499939E-03
    3901     -0.71911676E-09     -0.72268483E-09     -0.24086852E-03     -0.42499939E-03
    3902     -0.71911756E-09     -0.72268483E-09     -0.24090734E-03     -0.42499939E-03
    3903     -0.71911911E-09     -0.72268483E-09     -0.24098764E-03     -0.42499939E-03
    3904     -0.71912009E-09     -0.72268483E-09     -0.24104927E-03     -0.42499939E-03
    3905     -0.71912092E-09     -0.72268483E-09     -0.24108973E-03     -0.42499939E-03
    3906     -0.71912183E-09     -0.72268483E-09     -0.24112920E-03     -0.42499939E-03
    3907     -0.71912275E-09     -0.72268483E-09     -0.24117348E-03     -0.42499939E-03
    3908     -0.71912365E-09     -0.72268483E-09     -0.24122189E-03     -0.42499939E-03
    3909     -0.71912452E-09     -0.72268483E-09     -0.24126522E-03     -0.42499939E-03
    3910     -0.71912548E-09     -0.72268483E-09     -0.24131243E-03     -0.42499939E-03
    3911     -0.71912651E-09     -0.72268483E-09     -0.24135887E-03     -0.42499939E-03
    3912     -0.71912729E-09     -0.72268483E-09     -0.24139749E-03     -0.42499939E-03
    3913     -0.71912827E-09     -0.72268483E-09     -0.24144520E-03     -0.42499939E-03
    3914     -0.71912925E-09     -0.72268483E-09     -0.24149206E-03     -0.42499939E-03
    3915     -0.71912988E-09     -0.72268483E-09     -0.24152953E-03     -0.42499939E-03
    3916     -0.71913055E-09     -0.72268483E-09     -0.24157048E-03     -0.42499939E-03
    3917     -0.71913129E-09     -0.72268483E-09     -0.24161203E-03     -0.42499939E-03
    3918     -0.71913199E-09     -0.72268483E-09     -0.24163981E-03     -0.42499939E-03
    3919     -0.71913299E-09     -0.72268483E-09     -0.24168530E-03     -0.42499939E-03
    3920     -0.71913401E-09     -0.72268483E-09     -0.24173382E-03     -0.42499939E-03
    3921     -0.71913466E-09     -0.72268483E-09     -0.24177291E-03     -0.42499939E-03
    3922     -0.71913546E-09     -0.72268483E-09     -0.24181259E-03     -0.42499939E-03
    3923     -0.71913621E-09     -0.72268483E-09     -0.24185622E-03     -0.42499939E-03
    3924     -0.71913714E-09     -0.72268483E-09     -0.24189519E-03     -0.42499939E-03
    3925     -0.71913757E-09     -0.72268483E-09     -0.24191377E-03     -0.42499939E-03
    3926     -0.71913832E-09     -0.72268483E-09     -0.24194544E-03     -0.42499939E-03
    3927     -0.71913936E-09     -0.72268483E-09     -0.24199680E-03     -0.42499939E-03
    3928     -0.71914005E-09     -0.72268483E-09     -0.24203339E-03     -0.42499939E-03
    3929     -0.71914109E-09     -0.72268483E-09     -0.24208573E-03     -0.42499939E-03
    3930     -0.71914207E-09     -0.72268483E-09     -0.24213105E-03     -0.42499939E-03
    3931     -0.71914295E-09     -0.72268483E-09     -0.24217104E-03     -0.42499939E-03
    3932     -0.71914352E-09     -0.72268483E-09     -0.24220535E-03     -0.42499939E-03
    3933     -0.71914432E-09     -0.72268483E-09     -0.24225156E-03     -0.42499939E-03
    3934     -0.71914477E-09     -0.72268483E-09     -0.24227663E-03     -0.42499939E-03
    3935     -0.71914549E-09     -0.72268483E-09     -0.24230985E-03     -0.42499939E-03
    3936     -0.71914650E-09     -0.72268483E-09     -0.24235167E-03     -0.42499939E-03
    3937     -0.71914784E-09     -0.72268483E-09     -0.24244187E-03     -0.42499939E-03
    3938     -0.71914894E-09     -0.72268483E-09     -0.24249613E-03     -0.42499939E-03
    3939     -0.71914948E-09     -0.72268483E-09     -0.24252960E-03     -0.42499939E-03
    3940     -0.71915038E-09     -0.72268483E-09     -0.24258330E-03     -0.42499939E-03
    3941     -0.71915109E-09     -0.72268483E-09     -0.24261450E-03     -0.42499939E-03
    3942     -0.71915190E-09     -0.72268483E-09     -0.24265001E-03     -0.42499939E-03
    3943     -0.71915295E-09     -0.72268483E-09     -0.24270271E-03     -0.42499939E-03
    3944     -0.71915398E-09     -0.72268483E-09     -0.24275541E-03     -0.42499939E-03
    3945     -0.71915496E-09     -0.72268483E-09     -0.24282555E-03     -0.42499939E-03
    3946     -0.71915563E-09     -0.72268483E-09     -0.24286172E-03     -0.42499939E-03
    3947     -0.71915643E-09     -0.72268483E-09     -0.24290237E-03     -0.42499939E-03
    3948     -0.71915748E-09     -0.72268483E-09     -0.24294449E-03     -0.42499939E-03
    3949     -0.71915794E-09     -0.72268483E-09     -0.24296724E-03     -0.42499939E-03
    3950     -0.71915875E-09     -0.72268483E-09     -0.24300001E-03     -0.42499939E-03
    3951     -0.71915978E-09     -0.72268483E-09     -0.24305690E-03     -0.42499939E-03
    3952     -0.71916088E-09     -0.72268483E-09     -0.24310821E-03     -0.42499939E-03
    3953     -0.71916197E-09     -0.72268483E-09     -0.24315093E-03     -0.42499939E-03
    3954     -0.71916272E-09     -0.72268483E-09     -0.24318983E-03     -0.42499939E-03
    3955     -0.71916306E-09     -0.72268483E-09     -0.24321777E-03     -0.42499939E-03
    3956     -0.71916369E-09     -0.72268483E-09     -0.24324990E-03     -0.42499939E-03
    3957     -0.71916452E-09     -0.72268483E-09     -0.24331200E-03     -0.42499939E-03
    3958     -0.71916542E-09     -0.72268483E-09     -0.24335281E-03     -0.42499939E-03
    3959     -0.71916691E-09     -0.72268483E-09     -0.24341796E-03     -0.42499939E-03
    3960     -0.71916792E-09     -0.72268483E-09     -0.24346904E-03     -0.42499939E-03
    3961     -0.71916989E-09     -0.72268483E-09     -0.24355800E-03     -0.42499939E-03
    3962     -0.71917191E-09     -0.72268483E-09     -0.24365626E-03     -0.42499939E-03
    3963     -0.71917221E-09     -0.72268483E-09     -0.24367648E-03     -0.42499939E-03
    3964     -0.71917351E-09     -0.72268483E-09     -0.24372429E-03     -0.42499939E-03
    3965     -0.71917526E-09     -0.72268483E-09     -0.24378754E-03     -0.42499939E-03
    3966     -0.71917605E-09     -0.72268483E-09     -0.24382427E-03     -0.42499939E-03
    3967     -0.71917688E-09     -0.72268483E-09     -0.24385594E-03     -0.42499939E-03
    3968     -0.71917790E-09     -0.72268483E-09     -0.24390679E-03     -0.42499939E-03
    3969     -0.71917871E-09     -0.72268483E-09     -0.24394721E-03     -0.42499939E-03
    3970     -0.71917950E-09     -0.72268483E-09     -0.24398109E-03     -0.42499939E-03
    3971     -0.71918043E-09     -0.72268483E-09     -0.24403722E-03     -0.42499939E-03
    3972     -0.71918093E-09     -0.72268483E-09     -0.24406659E-03     -0.42499939E-03
    3973     -0.71918181E-09     -0.72268483E-09     -0.24411014E-03     -0.42499939E-03
    3974     -0.71918274E-09     -0.72268483E-09     -0.24416215E-03     -0.42499939E-03
    3975     -0.71918329E-09     -0.72268483E-09     -0.24419245E-03     -0.42499939E-03
    3976     -0.71918375E-09     -0.72268483E-09     -0.24422025E-03     -0.42499939E-03
    3977     -0.71918476E-09     -0.72268483E-09     -0.24426832E-03     -0.42499939E-03
    3978     -0.71918570E-09     -0.72268483E-09     -0.24433597E-03     -0.42499939E-03
    3979     -0.71918664E-09     -0.72268483E-09     -0.24439186E-03     -0.42499939E-03
    3980     -0.71918746E-09     -0.72268483E-09     -0.24444563E-03     -0.42499939E-03
    3981     -0.71918836E-09     -0.72268483E-09     -0.24449225E-03     -0.42499939E-03
    3982     -0.71918904E-09     -0.72268483E-09     -0.24452495E-03     -0.42499939E-03
    3983     -0.71919014E-09     -0.72268483E-09     -0.24457079E-03     -0.42499939E-03
    3984     -0.71919101E-09     -0.72268483E-09     -0.24460851E-03     -0.42499939E-03
    3985     -0.71919190E-09     -0.72268483E-09     -0.24465148E-03     -0.42499939E-03
    3986     -0.71919296E-09     -0.72268483E-09     -0.24472151E-03     -0.42499939E-03
    3987     -0.71919368E-09     -0.72268483E-09     -0.24475721E-03     -0.42499939E-03
    3988     -0.71919462E-09     -0.72268483E-09     -0.24480467E-03     -0.42499939E-03
    3989     -0.71919510E-09     -0.72268483E-09     -0.24484052E-03     -0.42499939E-03
    3990     -0.71919557E-09     -0.72268483E-09     -0.24487462E-03     -0.42499939E-03
    3991     -0.71919634E-09     -0.72268483E-09     -0.24491489E-03     -0.42499939E-03
    3992     -0.71919692E-09     -0.72268483E-09     -0.24494587E-03     -0.42499939E-03
    3993     -0.71919735E-09     -0.72268483E-09     -0.24496786E-03     -0.42499939E-03
    3994     -0.71919838E-09     -0.72268483E-09     -0.24502875E-03     -0.42499939E-03
    3995     -0.71919964E-09     -0.72268483E-09     -0.24510369E-03     -0.42499939E-03
    3996     -0.71920036E-09     -0.72268483E-09     -0.24514045E-03     -0.42499939E-03
    3997     -0.71920148E-09     -0.72268483E-09     -0.24518731E-03     -0.42499939E-03
    3998     -0.71920269E-09     -0.72268483E-09     -0.24523890E-03     -0.42499939E-03
    3999     -0.71920371E-09     -0.72268483E-09     -0.24529217E-03     -0.42499939E-03
    4000     -0.71920457E-09     -0.72268483E-09     -0.24534699E-03     -0.42499939E-03
    4001     -0.71920544E-09     -0.72268483E-09     -0.24540145E-03     -0.42499939E-03
    4002     -0.71920612E-09     -0.72268483E-09     -0.24544439E-03     -0.42499939E-03
    4003     -0.71920746E-09     -0.72268483E-09     -0.24551686E-03     -0.42499939E-03
    4004     -0.71920850E-09     -0.72268483E-09     -0.24557051E-03     -0.42499939E-03
    4005     -0.71920902E-09     -0.72268483E-09     -0.24559623E-03     -0.42499939E-03
    4006     -0.71920977E-09     -0.72268483E-09     -0.24563452E-03     -0.42499939E-03
    4007     -0.71921061E-09     -0.72268483E-09     -0.24567495E-03     -0.42499939E-03
    4008     -0.71921132E-09     -0.72268483E-09     -0.24571044E-03     -0.42499939E-03
    4009     -0.71921218E-09     -0.72268483E-09     -0.24575611E-03     -0.42499939E-03
    4010     -0.71921301E-09     -0.72268483E-09     -0.24579681E-03     -0.42499939E-03
    4011     -0.71921427E-09     -0.72268483E-09     -0.24586458E-03     -0.42499939E-03
    4012     -0.71921543E-09     -0.72268483E-09     -0.24592312E-03     -0.42499939E-03
    4013     -0.71921610E-09     -0.72268483E-09     -0.24595500E-03     -0.42499939E-03
    4014     -0.71921662E-09     -0.72268483E-09     -0.24598392E-03     -0.42499939E-03
    4015     -0.71921786E-09     -0.72268483E-09     -0.24604405E-03     -0.42499939E-03
    4016     -0.71921927E-09     -0.72268483E-09     -0.24611814E-03     -0.42499939E-03
    4017     -0.71922062E-09     -0.72268483E-09     -0.24618762E-03     -0.42499939E-03
    4018     -0.71922187E-09     -0.72268483E-09     -0.24626339E-03     -0.42499939E-03
    4019     -0.71922328E-09     -0.72268483E-09     -0.24636614E-03     -0.42499939E-03
    4020     -0.71922447E-09     -0.72268483E-09     -0.24644454E-03     -0.42499939E-03
    4021     -0.71922526E-09     -0.72268483E-09     -0.24647834E-03     -0.42499939E-03
    4022     -0.71922627E-09     -0.72268483E-09     -0.24652572E-03     -0.42499939E-03
    4023     -0.71922731E-09     -0.72268483E-09     -0.24657429E-03     -0.42499939E-03
    4024     -0.71922796E-09     -0.72268483E-09     -0.24660491E-03     -0.42499939E-03
    4025     -0.71922865E-09     -0.72268483E-09     -0.24664197E-03     -0.42499939E-03
    4026     -0.71922936E-09     -0.72268483E-09     -0.24668292E-03     -0.42499939E-03
    4027     -0.71923016E-09     -0.72268483E-09     -0.24672450E-03     -0.42499939E-03
    4028     -0.71923087E-09     -0.72268483E-09     -0.24676088E-03     -0.42499939E-03
    4029     -0.71923160E-09     -0.72268483E-09     -0.24679851E-03     -0.42499939E-03
    4030     -0.71923235E-09     -0.72268483E-09     -0.24684396E-03     -0.42499939E-03
    4031     -0.71923344E-09     -0.72268483E-09     -0.24689884E-03     -0.42499939E-03
    4032     -0.71923431E-09     -0.72268483E-09     -0.24693955E-03     -0.42499939E-03
    4033     -0.71923565E-09     -0.72268483E-09     -0.24700739E-03     -0.42499939E-03
    4034     -0.71923680E-09     -0.72268483E-09     -0.24705703E-03     -0.42499939E-03
    4035     -0.71923770E-09     -0.72268483E-09     -0.24709903E-03     -0.42499939E-03
    4036     -0.71923940E-09     -0.72268483E-09     -0.24722991E-03     -0.42499939E-03
    4037     -0.71924086E-09     -0.72268483E-09     -0.24730389E-03     -0.42499939E-03
    4038     -0.71924264E-09     -0.72268483E-09     -0.24744030E-03     -0.42499939E-03
    4039     -0.71924419E-09     -0.72268483E-09     -0.24754464E-03     -0.42499939E-03
    4040     -0.71924595E-09     -0.72268483E-09     -0.24764195E-03     -0.42499939E-03
    4041     -0.71924679E-09     -0.72268483E-09     -0.24768419E-03     -0.42499939E-03
    4042     -0.71924777E-09     -0.72268483E-09     -0.24773400E-03     -0.42499939E-03
    4043     -0.71924861E-09     -0.72268483E-09     -0.24777810E-03     -0.42499939E-03
    4044     -0.71924950E-09     -0.72268483E-09     -0.24782939E-03     -0.42499939E-03
    4045     -0.71925061E-09     -0.72268483E-09     -0.24789447E-03     -0.42499939E-03
    4046     -0.71925164E-09     -0.72268483E-09     -0.24795723E-03     -0.42499939E-03
    4047     -0.71925288E-09     -0.72268483E-09     -0.24807210E-03     -0.42499939E-03
    4048     -0.71925383E-09     -0.72268483E-09     -0.24815208E-03     -0.42499939E-03
    4049     -0.71925447E-09     -0.72268483E-09     -0.24818549E-03     -0.42499939E-03
    4050     -0.71925508E-09     -0.72268483E-09     -0.24822098E-03     -0.42499939E-03
    4051     -0.71925588E-09     -0.72268483E-09     -0.24826668E-03     -0.42499939E-03
    4052     -0.71925657E-09     -0.72268483E-09     -0.24831075E-03     -0.42499939E-03
    4053     -0.71925788E-09     -0.72268483E-09     -0.24839787E-03     -0.42499939E-03
    4054     -0.71925855E-09     -0.72268483E-09     -0.24843069E-03     -0.42499939E-03
    4055     -0.71926097E-09     -0.72268483E-09     -0.24861279E-03     -0.42499939E-03
    4056     -0.71926369E-09     -0.72268483E-09     -0.24881121E-03     -0.42499939E-03
    4057     -0.71926506E-09     -0.72268483E-09     -0.24889182E-03     -0.42499939E-03
    4058     -0.71926647E-09     -0.72268483E-09     -0.24896804E-03     -0.42499939E-03
    4059     -0.71926752E-09     -0.72268483E-09     -0.24902438E-03     -0.42499939E-03
    4060     -0.71926894E-09     -0.72268483E-09     -0.24910002E-03     -0.42499939E-03
    4061     -0.71927035E-09     -0.72268483E-09     -0.24921758E-03     -0.42499939E-03
    4062     -0.71927171E-09     -0.72268483E-09     -0.24930408E-03     -0.42499939E-03
    4063     -0.71927254E-09     -0.72268483E-09     -0.24934609E-03     -0.42499939E-03
    4064     -0.71927361E-09     -0.72268483E-09     -0.24940417E-03     -0.42499939E-03
    4065     -0.71927452E-09     -0.72268483E-09     -0.24945139E-03     -0.42499939E-03
    4066     -0.71927560E-09     -0.72268483E-09     -0.24952190E-03     -0.42499939E-03
    4067     -0.71927655E-09     -0.72268483E-09     -0.24958210E-03     -0.42499939E-03
    4068     -0.71927719E-09     -0.72268483E-09     -0.24961762E-03     -0.42499939E-03
    4069     -0.71927781E-09     -0.72268483E-09     -0.24965277E-03     -0.42499939E-03
    4070     -0.71927856E-09     -0.72268483E-09     -0.24969334E-03     -0.42499939E-03
    4071     -0.71927950E-09     -0.72268483E-09     -0.24974394E-03     -0.42499939E-03
    4072     -0.71928045E-09     -0.72268483E-09     -0.24979987E-03     -0.42499939E-03
    4073     -0.71928104E-09     -0.72268483E-09     -0.24983596E-03     -0.42499939E-03
    4074     -0.71928191E-09     -0.72268483E-09     -0.24988069E-03     -0.42499939E-03
    4075     -0.71928254E-09     -0.72268483E-09     -0.24991648E-03     -0.42499939E-03
    4076     -0.71928318E-09     -0.72268483E-09     -0.24994715E-03     -0.42499939E-03
    4077     -0.71928442E-09     -0.72268483E-09     -0.25001137E-03     -0.42499939E-03
    4078     -0.71928516E-09     -0.72268483E-09     -0.25004536E-03     -0.42499939E-03
    4079     -0.71928570E-09     -0.72268483E-09     -0.25007220E-03     -0.42499939E-03
    4080     -0.71928630E-09     -0.72268483E-09     -0.25010196E-03     -0.42499939E-03
    4081     -0.71928699E-09     -0.72268483E-09     -0.25013477E-03     -0.42499939E-03
    4082     -0.71928830E-09     -0.72268483E-09     -0.25020096E-03     -0.42499939E-03
    4083     -0.71928893E-09     -0.72268483E-09     -0.25023090E-03     -0.42499939E-03
    4084     -0.71928958E-09     -0.72268483E-09     -0.25026009E-03     -0.42499939E-03
    4085     -0.71929085E-09     -0.72268483E-09     -0.25032720E-03     -0.42499939E-03
    4086     -0.71929188E-09     -0.72268483E-09     -0.25038026E-03     -0.42499939E-03
    4087     -0.71929281E-09     -0.72268483E-09     -0.25042656E-03     -0.42499939E-03
    4088     -0.71929361E-09     -0.72268483E-09     -0.25046070E-03     -0.42499939E-03
    4089     -0.71929445E-09     -0.72268483E-09     -0.25050496E-03     -0.42499939E-03
    4090     -0.71929528E-09     -0.72268483E-09     -0.25055566E-03     -0.42499939E-03
    4091     -0.71929585E-09     -0.72268483E-09     -0.25059339E-03     -0.42499939E-03
    4092     -0.71929643E-09     -0.72268483E-09     -0.25062467E-03     -0.42499939E-03
    4093     -0.71929714E-09     -0.72268483E-09     -0.25066829E-03     -0.42499939E-03
    4094     -0.71929786E-09     -0.72268483E-09     -0.25070738E-03     -0.42499939E-03
    4095     -0.71929891E-09     -0.72268483E-09     -0.25076774E-03     -0.42499939E-03
    4096     -0.71929961E-09     -0.72268483E-09     -0.25080811E-03     -0.42499939E-03

# q=  0.00000000E+00  0.00000000E+00  0.50000000E+00  (qpt 2)
#ncbands         Re chi(0,0)              extrap   Re chi(Gmax,Gmax)              extrap
       1     -0.30908601E-04     -0.15967571E-03     -0.54540769E-06     -0.44370132E-03
       2     -0.61780965E-04     -0.15967571E-03     -0.10908108E-05     -0.44370132E-03
       3     -0.72681836E-04     -0.15967571E-03     -0.16038160E-05     -0.44370132E-03
       4     -0.83570684E-04     -0.15967571E-03     -0.21169498E-05     -0.44370132E-03
       5     -0.90786921E-04     -0.15967571E-03     -0.26680533E-05     -0.44370132E-03
       6     -0.98000118E-04     -0.15967571E-03     -0.32191445E-05     -0.44370132E-03
       7     -0.10073440E-03     -0.15967571E-03     -0.37134808E-05     -0.44370132E-03
       8     -0.10346720E-03     -0.15967571E-03     -0.42085783E-05     -0.44370132E-03
       9     -0.10579252E-03     -0.15967571E-03     -0.47543088E-05     -0.44370132E-03
      10     -0.10811702E-03     -0.15967571E-03     -0.53000864E-05     -0.44370132E-03
      11     -0.10984934E-03     -0.15967571E-03     -0.56244610E-05     -0.44370132E-03
      12     -0.11158143E-03     -0.15967571E-03     -0.59454079E-05     -0.44370132E-03
      13     -0.11434921E-03     -0.15967571E-03     -0.63117628E-05     -0.44370132E-03
      14     -0.11711664E-03     -0.15967571E-03     -0.66785084E-05     -0.44370132E-03
      15     -0.11878666E-03     -0.15967571E-03     -0.71632180E-05     -0.44370132E-03
      16     -0.12045671E-03     -0.15967571E-03     -0.76479811E-05     -0.44370132E-03
      17     -0.12128600E-03     -0.15967571E-03     -0.81244464E-05     -0.44370132E-03
      18     -0.12211533E-03     -0.15967571E-03     -0.86000840E-05     -0.44370132E-03
      19     -0.12356824E-03     -0.15967571E-03     -0.90079122E-05     -0.44370132E-03
      20     -0.12514254E-03     -0.15967571E-03     -0.94271150E-05     -0.44370132E-03
      21     -0.12694155E-03     -0.15967571E-03     -0.98607475E-05     -0.44370132E-03
      22     -0.12829336E-03     -0.15967571E-03     -0.10247410E-04     -0.44370132E-03
      23     -0.12935107E-03     -0.15967571E-03     -0.10620979E-04     -0.44370132E-03
      24     -0.13064556E-03     -0.15967571E-03     -0.11065096E-04     -0.44370132E-03
      25     -0.13145783E-03     -0.15967571E-03     -0.11472771E-04     -0.44370132E-03
      26     -0.13213506E-03     -0.15967571E-03     -0.11814264E-04     -0.44370132E-03
      27     -0.13267362E-03     -0.15967571E-03     -0.12265682E-04     -0.44370132E-03
      28     -0.13335390E-03     -0.15967571E-03     -0.12797412E-04     -0.44370132E-03
      29     -0.13421751E-03     -0.15967571E-03     -0.13357207E-04     -0.44370132E-03
      30     -0.13485471E-03     -0.15967571E-03     -0.13863435E-04     -0.44370132E-03
      31     -0.13587228E-03     -0.15967571E-03     -0.14254006E-04     -0.44370132E-03
      32     -0.13644892E-03     -0.15967571E-03     -0.14725665E-04     -0.44370132E-03
      33     -0.13645338E-03     -0.15967571E-03     -0.15251808E-04     -0.44370132E-03
      34     -0.13653124E-03     -0.15967571E-03     -0.15814201E-04     -0.44370132E-03
      35     -0.13664215E-03     -0.15967571E-03     -0.16411181E-04     -0.44370132E-03
      36     -0.13706332E-03     -0.15967571E-03     -0.16914572E-04     -0.44370132E-03
      37     -0.13745409E-03     -0.15967571E-03     -0.17358625E-04     -0.44370132E-03
      38     -0.13746107E-03     -0.15967571E-03     -0.17840204E-04     -0.44370132E-03
      39     -0.13747110E-03     -0.15967571E-03     -0.18312743E-04     -0.44370132E-03
      40     -0.13769041E-03     -0.15967571E-03     -0.18743813E-04     -0.44370132E-03
      41     -0.13824665E-03     -0.15967571E-03     -0.19197317E-04     -0.44370132E-03
      42     -0.13861314E-03     -0.15967571E-03     -0.19690996E-04     -0.44370132E-03
      43     -0.13889151E-03     -0.15967571E-03     -0.20178197E-04     -0.44370132E-03
      44     -0.13947471E-03     -0.15967571E-03     -0.20646464E-04     -0.44370132E-03
      45     -0.13995760E-03     -0.15967571E-03     -0.21012613E-04     -0.44370132E-03
      46     -0.14016855E-03     -0.15967571E-03     -0.21469509E-04     -0.44370132E-03
      47     -0.14019837E-03     -0.15967571E-03     -0.22001567E-04     -0.44370132E-03
      48     -0.14021757E-03     -0.15967571E-03     -0.22494903E-04     -0.44370132E-03
      49     -0.14023326E-03     -0.15967571E-03     -0.22957026E-04     -0.44370132E-03
      50     -0.14024981E-03     -0.15967571E-03     -0.23438797E-04     -0.44370132E-03
      51     -0.14046434E-03     -0.15967571E-03     -0.23854570E-04     -0.44370132E-03
      52     -0.14070172E-03     -0.15967571E-03     -0.24200210E-04     -0.44370132E-03
      53     -0.14093428E-03     -0.15967571E-03     -0.24587474E-04     -0.44370132E-03
      54     -0.14130691E-03     -0.15967571E-03     -0.25071354E-04     -0.44370132E-03
      55     -0.14167392E-03     -0.15967571E-03     -0.25570789E-04     -0.44370132E-03
      56     -0.14197274E-03     -0.15967571E-03     -0.26057802E-04     -0.44370132E-03
      57     -0.14220840E-03     -0.15967571E-03     -0.26523394E-04     -0.44370132E-03
      58     -0.14242388E-03     -0.15967571E-03     -0.26916698E-04     -0.44370132E-03
      59     -0.14257849E-03     -0.15967571E-03     -0.27299700E-04     -0.44370132E-03
      60     -0.14272890E-03     -0.15967571E-03     -0.27671606E-04     -0.44370132E-03
      61     -0.14281675E-03     -0.15967571E-03     -0.28006971E-04     -0.44370132E-03
      62     -0.14291100E-03     -0.15967571E-03     -0.28438677E-04     -0.44370132E-03
      63     -0.14303660E-03     -0.15967571E-03     -0.28929002E-04     -0.44370132E-03
      64     -0.14316956E-03     -0.15967571E-03     -0.29427866E-04     -0.44370132E-03
      65     -0.14334074E-03     -0.15967571E-03     -0.29947437E-04     -0.44370132E-03
      66     -0.14348096E-03     -0.15967571E-03     -0.30432160E-04     -0.44370132E-03
      67     -0.14358158E-03     -0.15967571E-03     -0.30850063E-04     -0.44370132E-03
      68     -0.14364839E-03     -0.15967571E-03     -0.31256071E-04     -0.44370132E-03
      69     -0.14370913E-03     -0.15967571E-03     -0.31628949E-04     -0.44370132E-03
      70     -0.14375843E-03     -0.15967571E-03     -0.32071287E-04     -0.44370132E-03
      71     -0.14381176E-03     -0.15967571E-03     -0.32567393E-04     -0.44370132E-03
      72     -0.14388555E-03     -0.15967571E-03     -0.33089537E-04     -0.44370132E-03
      73     -0.14396714E-03     -0.15967571E-03     -0.33618912E-04     -0.44370132E-03
      74     -0.14401504E-03     -0.15967571E-03     -0.34050762E-04     -0.44370132E-03
      75     -0.14401826E-03     -0.15967571E-03     -0.34238629E-04     -0.44370132E-03
      76     -0.14401829E-03     -0.15967571E-03     -0.34248397E-04     -0.44370132E-03
      77     -0.14402548E-03     -0.15967571E-03     -0.34496949E-04     -0.44370132E-03
      78     -0.14403267E-03     -0.15967571E-03     -0.34745443E-04     -0.44370132E-03
      79     -0.14408653E-03     -0.15967571E-03     -0.35181546E-04     -0.44370132E-03
      80     -0.14414038E-03     -0.15967571E-03     -0.35618646E-04     -0.44370132E-03
      81     -0.14416204E-03     -0.15967571E-03     -0.36123506E-04     -0.44370132E-03
      82     -0.14418370E-03     -0.15967571E-03     -0.36628342E-04     -0.44370132E-03
      83     -0.14421241E-03     -0.15967571E-03     -0.37017419E-04     -0.44370132E-03
      84     -0.14424112E-03     -0.15967571E-03     -0.37412566E-04     -0.44370132E-03
      85     -0.14424156E-03     -0.15967571E-03     -0.37424128E-04     -0.44370132E-03
      86     -0.14424199E-03     -0.15967571E-03     -0.37435680E-04     -0.44370132E-03
      87     -0.14426165E-03     -0.15967571E-03     -0.37899813E-04     -0.44370132E-03
      88     -0.14428135E-03     -0.15967571E-03     -0.38367739E-04     -0.44370132E-03
      89     -0.14430521E-03     -0.15967571E-03     -0.38809602E-04     -0.44370132E-03
      90     -0.14432906E-03     -0.15967571E-03     -0.39261423E-04     -0.44370132E-03
      91     -0.14434389E-03     -0.15967571E-03     -0.39775877E-04     -0.44370132E-03
      92     -0.14435872E-03     -0.15967571E-03     -0.40290850E-04     -0.44370132E-03
      93     -0.14436569E-03     -0.15967571E-03     -0.40696327E-04     -0.44370132E-03
      94     -0.14437265E-03     -0.15967571E-03     -0.41101351E-04     -0.44370132E-03
      95     -0.14439375E-03     -0.15967571E-03     -0.41328342E-04     -0.44370132E-03
      96     -0.14441484E-03     -0.15967571E-03     -0.41555496E-04     -0.44370132E-03
      97     -0.14442692E-03     -0.15967571E-03     -0.41957580E-04     -0.44370132E-03
      98     -0.14443900E-03     -0.15967571E-03     -0.42324664E-04     -0.44370132E-03
      99     -0.14444272E-03     -0.15967571E-03     -0.42565153E-04     -0.44370132E-03
     100     -0.14444645E-03     -0.15967571E-03     -0.42805311E-04     -0.44370132E-03
     101     -0.14446076E-03     -0.15967571E-03     -0.43042341E-04     -0.44370132E-03
     102     -0.14448126E-03     -0.15967571E-03     -0.43464358E-04     -0.44370132E-03
     103     -0.14449085E-03     -0.15967571E-03     -0.43878329E-04     -0.44370132E-03
     104     -0.14450094E-03     -0.15967571E-03     -0.44300240E-04     -0.44370132E-03
     105     -0.14451292E-03     -0.15967571E-03     -0.44697005E-04     -0.44370132E-03
     106     -0.14451823E-03     -0.15967571E-03     -0.44900865E-04     -0.44370132E-03
     107     -0.14452229E-03     -0.15967571E-03     -0.45111553E-04     -0.44370132E-03
     108     -0.14452635E-03     -0.15967571E-03     -0.45321871E-04     -0.44370132E-03
     109     -0.14453677E-03     -0.15967571E-03     -0.45536450E-04     -0.44370132E-03
     110     -0.14454719E-03     -0.15967571E-03     -0.45751160E-04     -0.44370132E-03
     111     -0.14455560E-03     -0.15967571E-03     -0.46007072E-04     -0.44370132E-03
     112     -0.14456401E-03     -0.15967571E-03     -0.46262470E-04     -0.44370132E-03
     113     -0.14457656E-03     -0.15967571E-03     -0.46527193E-04     -0.44370132E-03
     114     -0.14458911E-03     -0.15967571E-03     -0.46792131E-04     -0.44370132E-03
     115     -0.14458924E-03     -0.15967571E-03     -0.46802216E-04     -0.44370132E-03
     116     -0.14458930E-03     -0.15967571E-03     -0.46813600E-04     -0.44370132E-03
     117     -0.14458938E-03     -0.15967571E-03     -0.46823490E-04     -0.44370132E-03
     118     -0.14459030E-03     -0.15967571E-03     -0.47029553E-04     -0.44370132E-03
     119     -0.14460766E-03     -0.15967571E-03     -0.47456759E-04     -0.44370132E-03
     120     -0.14462417E-03     -0.15967571E-03     -0.47690238E-04     -0.44370132E-03
     121     -0.14462429E-03     -0.15967571E-03     -0.47698984E-04     -0.44370132E-03
     122     -0.14462441E-03     -0.15967571E-03     -0.47707823E-04     -0.44370132E-03
     123     -0.14462454E-03     -0.15967571E-03     -0.47719244E-04     -0.44370132E-03
     124     -0.14462467E-03     -0.15967571E-03     -0.47730484E-04     -0.44370132E-03
     125     -0.14462508E-03     -0.15967571E-03     -0.47743788E-04     -0.44370132E-03
     126     -0.14462544E-03     -0.15967571E-03     -0.47758273E-04     -0.44370132E-03
     127     -0.14462567E-03     -0.15967571E-03     -0.47770607E-04     -0.44370132E-03
     128     -0.14463667E-03     -0.15967571E-03     -0.48010529E-04     -0.44370132E-03
     129     -0.14465227E-03     -0.15967571E-03     -0.48456580E-04     -0.44370132E-03
     130     -0.14465709E-03     -0.15967571E-03     -0.48674071E-04     -0.44370132E-03
     131     -0.14465727E-03     -0.15967571E-03     -0.48684463E-04     -0.44370132E-03
     132     -0.14466648E-03     -0.15967571E-03     -0.48907108E-04     -0.44370132E-03
     133     -0.14467561E-03     -0.15967571E-03     -0.49131057E-04     -0.44370132E-03
     134     -0.14467989E-03     -0.15967571E-03     -0.49380888E-04     -0.44370132E-03
     135     -0.14468432E-03     -0.15967571E-03     -0.49631781E-04     -0.44370132E-03
     136     -0.14469174E-03     -0.15967571E-03     -0.49898560E-04     -0.44370132E-03
     137     -0.14469903E-03     -0.15967571E-03     -0.50162951E-04     -0.44370132E-03
     138     -0.14469916E-03     -0.15967571E-03     -0.50172335E-04     -0.44370132E-03
     139     -0.14469933E-03     -0.15967571E-03     -0.50183034E-04     -0.44370132E-03
     140     -0.14469940E-03     -0.15967571E-03     -0.50190695E-04     -0.44370132E-03
     141     -0.14471434E-03     -0.15967571E-03     -0.50422428E-04     -0.44370132E-03
     142     -0.14472928E-03     -0.15967571E-03     -0.50654204E-04     -0.44370132E-03
     143     -0.14472933E-03     -0.15967571E-03     -0.50660588E-04     -0.44370132E-03
     144     -0.14472959E-03     -0.15967571E-03     -0.50670796E-04     -0.44370132E-03
     145     -0.14472986E-03     -0.15967571E-03     -0.50681395E-04     -0.44370132E-03
     146     -0.14473011E-03     -0.15967571E-03     -0.50693614E-04     -0.44370132E-03
     147     -0.14473105E-03     -0.15967571E-03     -0.50915512E-04     -0.44370132E-03
     148     -0.14473179E-03     -0.15967571E-03     -0.51130902E-04     -0.44370132E-03
     149     -0.14473195E-03     -0.15967571E-03     -0.51138105E-04     -0.44370132E-03
     150     -0.14473212E-03     -0.15967571E-03     -0.51149055E-04     -0.44370132E-03
     151     -0.14473219E-03     -0.15967571E-03     -0.51156828E-04     -0.44370132E-03
     152     -0.14473226E-03     -0.15967571E-03     -0.51165310E-04     -0.44370132E-03
     153     -0.14473231E-03     -0.15967571E-03     -0.51172928E-04     -0.44370132E-03
     154     -0.14473235E-03     -0.15967571E-03     -0.51177297E-04     -0.44370132E-03
     155     -0.14474227E-03     -0.15967571E-03     -0.51401629E-04     -0.44370132E-03
     156     -0.14475220E-03     -0.15967571E-03     -0.51626467E-04     -0.44370132E-03
     157     -0.14475480E-03     -0.15967571E-03     -0.51866336E-04     -0.44370132E-03
     158     -0.14475739E-03     -0.15967571E-03     -0.52105960E-04     -0.44370132E-03
     159     -0.14476637E-03     -0.15967571E-03     -0.52340005E-04     -0.44370132E-03
     160     -0.14477534E-03     -0.15967571E-03     -0.52576848E-04     -0.44370132E-03
     161     -0.14477537E-03     -0.15967571E-03     -0.52583945E-04     -0.44370132E-03
     162     -0.14477540E-03     -0.15967571E-03     -0.52588437E-04     -0.44370132E-03
     163     -0.14477572E-03     -0.15967571E-03     -0.52596810E-04     -0.44370132E-03
     164     -0.14477604E-03     -0.15967571E-03     -0.52604733E-04     -0.44370132E-03
     165     -0.14478058E-03     -0.15967571E-03     -0.52831077E-04     -0.44370132E-03
     166     -0.14478512E-03     -0.15967571E-03     -0.53057398E-04     -0.44370132E-03
     167     -0.14478965E-03     -0.15967571E-03     -0.53314795E-04     -0.44370132E-03
     168     -0.14479419E-03     -0.15967571E-03     -0.53571975E-04     -0.44370132E-03
     169     -0.14479424E-03     -0.15967571E-03     -0.53573321E-04     -0.44370132E-03
     170     -0.14479430E-03     -0.15967571E-03     -0.53574682E-04     -0.44370132E-03
     171     -0.14479433E-03     -0.15967571E-03     -0.53580819E-04     -0.44370132E-03
     172     -0.14479435E-03     -0.15967571E-03     -0.53588347E-04     -0.44370132E-03
     173     -0.14479439E-03     -0.15967571E-03     -0.53593170E-04     -0.44370132E-03
     174     -0.14479456E-03     -0.15967571E-03     -0.53599908E-04     -0.44370132E-03
     175     -0.14479476E-03     -0.15967571E-03     -0.53612615E-04     -0.44370132E-03
     176     -0.14479480E-03     -0.15967571E-03     -0.53622074E-04     -0.44370132E-03
     177     -0.14479481E-03     -0.15967571E-03     -0.53626475E-04     -0.44370132E-03
     178     -0.14479514E-03     -0.15967571E-03     -0.53636337E-04     -0.44370132E-03
     179     -0.14480945E-03     -0.15967571E-03     -0.53872368E-04     -0.44370132E-03
     180     -0.14482346E-03     -0.15967571E-03     -0.54105429E-04     -0.44370132E-03
     181     -0.14482368E-03     -0.15967571E-03     -0.54119283E-04     -0.44370132E-03
     182     -0.14482594E-03     -0.15967571E-03     -0.54352234E-04     -0.44370132E-03
     183     -0.14482804E-03     -0.15967571E-03     -0.54580656E-04     -0.44370132E-03
     184     -0.14482816E-03     -0.15967571E-03     -0.54588031E-04     -0.44370132E-03
     185     -0.14482821E-03     -0.15967571E-03     -0.54595129E-04     -0.44370132E-03
     186     -0.14482826E-03     -0.15967571E-03     -0.54602216E-04     -0.44370132E-03
     187     -0.14482844E-03     -0.15967571E-03     -0.54606857E-04     -0.44370132E-03
     188     -0.14482852E-03     -0.15967571E-03     -0.54610605E-04     -0.44370132E-03
     189     -0.14482865E-03     -0.15967571E-03     -0.54614234E-04     -0.44370132E-03
     190     -0.14484025E-03     -0.15967571E-03     -0.54835518E-04     -0.44370132E-03
     191     -0.14485181E-03     -0.15967571E-03     -0.55056691E-04     -0.44370132E-03
     192     -0.14485194E-03     -0.15967571E-03     -0.55060992E-04     -0.44370132E-03
     193     -0.14485200E-03     -0.15967571E-03     -0.55065786E-04     -0.44370132E-03
     194     -0.14485208E-03     -0.15967571E-03     -0.55070368E-04     -0.44370132E-03
     195     -0.14485220E-03     -0.15967571E-03     -0.55079657E-04     -0.44370132E-03
     196     -0.14485522E-03     -0.15967571E-03     -0.55334629E-04     -0.44370132E-03
     197     -0.14485823E-03     -0.15967571E-03     -0.55583698E-04     -0.44370132E-03
     198     -0.14485828E-03     -0.15967571E-03     -0.55586283E-04     -0.44370132E-03
     199     -0.14486386E-03     -0.15967571E-03     -0.55811279E-04     -0.44370132E-03
     200     -0.14486943E-03     -0.15967571E-03     -0.56036240E-04     -0.44370132E-03
     201     -0.14487718E-03     -0.15967571E-03     -0.56295630E-04     -0.44370132E-03
     202     -0.14488493E-03     -0.15967571E-03     -0.56555009E-04     -0.44370132E-03
     203     -0.14488585E-03     -0.15967571E-03     -0.56787173E-04     -0.44370132E-03
     204     -0.14488678E-03     -0.15967571E-03     -0.57019320E-04     -0.44370132E-03
     205     -0.14488685E-03     -0.15967571E-03     -0.57023011E-04     -0.44370132E-03
     206     -0.14488692E-03     -0.15967571E-03     -0.57026638E-04     -0.44370132E-03
     207     -0.14488711E-03     -0.15967571E-03     -0.57038473E-04     -0.44370132E-03
     208     -0.14488730E-03     -0.15967571E-03     -0.57050293E-04     -0.44370132E-03
     209     -0.14488741E-03     -0.15967571E-03     -0.57061071E-04     -0.44370132E-03
     210     -0.14488753E-03     -0.15967571E-03     -0.57071873E-04     -0.44370132E-03
     211     -0.14488998E-03     -0.15967571E-03     -0.57253535E-04     -0.44370132E-03
     212     -0.14489232E-03     -0.15967571E-03     -0.57434826E-04     -0.44370132E-03
     213     -0.14489277E-03     -0.15967571E-03     -0.57449468E-04     -0.44370132E-03
     214     -0.14490535E-03     -0.15967571E-03     -0.57675576E-04     -0.44370132E-03
     215     -0.14491804E-03     -0.15967571E-03     -0.57903519E-04     -0.44370132E-03
     216     -0.14491849E-03     -0.15967571E-03     -0.57914507E-04     -0.44370132E-03
     217     -0.14491873E-03     -0.15967571E-03     -0.57928918E-04     -0.44370132E-03
     218     -0.14491897E-03     -0.15967571E-03     -0.57945235E-04     -0.44370132E-03
     219     -0.14491919E-03     -0.15967571E-03     -0.57957202E-04     -0.44370132E-03
     220     -0.14491941E-03     -0.15967571E-03     -0.57969200E-04     -0.44370132E-03
     221     -0.14491962E-03     -0.15967571E-03     -0.57976766E-04     -0.44370132E-03
     222     -0.14491984E-03     -0.15967571E-03     -0.57984237E-04     -0.44370132E-03
     223     -0.14493256E-03     -0.15967571E-03     -0.58196896E-04     -0.44370132E-03
     224     -0.14494529E-03     -0.15967571E-03     -0.58409578E-04     -0.44370132E-03
     225     -0.14494540E-03     -0.15967571E-03     -0.58415803E-04     -0.44370132E-03
     226     -0.14494552E-03     -0.15967571E-03     -0.58422107E-04     -0.44370132E-03
     227     -0.14494791E-03     -0.15967571E-03     -0.58661711E-04     -0.44370132E-03
     228     -0.14495030E-03     -0.15967571E-03     -0.58901341E-04     -0.44370132E-03
     229     -0.14495046E-03     -0.15967571E-03     -0.58911434E-04     -0.44370132E-03
     230     -0.14495062E-03     -0.15967571E-03     -0.58921571E-04     -0.44370132E-03
     231     -0.14495440E-03     -0.15967571E-03     -0.59107168E-04     -0.44370132E-03
     232     -0.14495819E-03     -0.15967571E-03     -0.59292766E-04     -0.44370132E-03
     233     -0.14495926E-03     -0.15967571E-03     -0.59311641E-04     -0.44370132E-03
     234     -0.14495994E-03     -0.15967571E-03     -0.59323869E-04     -0.44370132E-03
     235     -0.14496014E-03     -0.15967571E-03     -0.59330869E-04     -0.44370132E-03
     236     -0.14496034E-03     -0.15967571E-03     -0.59337889E-04     -0.44370132E-03
     237     -0.14496060E-03     -0.15967571E-03     -0.59347137E-04     -0.44370132E-03
     238     -0.14496081E-03     -0.15967571E-03     -0.59354159E-04     -0.44370132E-03
     239     -0.14496214E-03     -0.15967571E-03     -0.59397405E-04     -0.44370132E-03
     240     -0.14496389E-03     -0.15967571E-03     -0.59460461E-04     -0.44370132E-03
     241     -0.14497062E-03     -0.15967571E-03     -0.59698080E-04     -0.44370132E-03
     242     -0.14497725E-03     -0.15967571E-03     -0.59923493E-04     -0.44370132E-03
     243     -0.14497777E-03     -0.15967571E-03     -0.59937489E-04     -0.44370132E-03
     244     -0.14498551E-03     -0.15967571E-03     -0.60162540E-04     -0.44370132E-03
     245     -0.14499835E-03     -0.15967571E-03     -0.60528032E-04     -0.44370132E-03
     246     -0.14500372E-03     -0.15967571E-03     -0.60675929E-04     -0.44370132E-03
     247     -0.14500465E-03     -0.15967571E-03     -0.60908590E-04     -0.44370132E-03
     248     -0.14500585E-03     -0.15967571E-03     -0.61148955E-04     -0.44370132E-03
     249     -0.14500625E-03     -0.15967571E-03     -0.61161832E-04     -0.44370132E-03
     250     -0.14500683E-03     -0.15967571E-03     -0.61173547E-04     -0.44370132E-03
     251     -0.14500770E-03     -0.15967571E-03     -0.61191170E-04     -0.44370132E-03
     252     -0.14501045E-03     -0.15967571E-03     -0.61407936E-04     -0.44370132E-03
     253     -0.14501342E-03     -0.15967571E-03     -0.61632216E-04     -0.44370132E-03
     254     -0.14501417E-03     -0.15967571E-03     -0.61666155E-04     -0.44370132E-03
     255     -0.14501446E-03     -0.15967571E-03     -0.61688003E-04     -0.44370132E-03
     256     -0.14501465E-03     -0.15967571E-03     -0.61698042E-04     -0.44370132E-03
     257     -0.14501499E-03     -0.15967571E-03     -0.61712423E-04     -0.44370132E-03
     258     -0.14501567E-03     -0.15967571E-03     -0.61729930E-04     -0.44370132E-03
     259     -0.14501678E-03     -0.15967571E-03     -0.61751287E-04     -0.44370132E-03
     260     -0.14503159E-03     -0.15967571E-03     -0.61965521E-04     -0.44370132E-03
     261     -0.14504581E-03     -0.15967571E-03     -0.62170177E-04     -0.44370132E-03
     262     -0.14504629E-03     -0.15967571E-03     -0.62180524E-04     -0.44370132E-03
     263     -0.14504782E-03     -0.15967571E-03     -0.62220409E-04     -0.44370132E-03
     264     -0.14504932E-03     -0.15967571E-03     -0.62251081E-04     -0.44370132E-03
     265     -0.14506043E-03     -0.15967571E-03     -0.62450337E-04     -0.44370132E-03
     266     -0.14507160E-03     -0.15967571E-03     -0.62640159E-04     -0.44370132E-03
     267     -0.14508271E-03     -0.15967571E-03     -0.62855176E-04     -0.44370132E-03
     268     -0.14509381E-03     -0.15967571E-03     -0.63070085E-04     -0.44370132E-03
     269     -0.14509413E-03     -0.15967571E-03     -0.63079650E-04     -0.44370132E-03
     270     -0.14509445E-03     -0.15967571E-03     -0.63089193E-04     -0.44370132E-03
     271     -0.14509975E-03     -0.15967571E-03     -0.63323184E-04     -0.44370132E-03
     272     -0.14510504E-03     -0.15967571E-03     -0.63556256E-04     -0.44370132E-03
     273     -0.14512128E-03     -0.15967571E-03     -0.63795250E-04     -0.44370132E-03
     274     -0.14514733E-03     -0.15967571E-03     -0.64130338E-04     -0.44370132E-03
     275     -0.14515807E-03     -0.15967571E-03     -0.64286941E-04     -0.44370132E-03
     276     -0.14516451E-03     -0.15967571E-03     -0.64469337E-04     -0.44370132E-03
     277     -0.14517363E-03     -0.15967571E-03     -0.64690418E-04     -0.44370132E-03
     278     -0.14517683E-03     -0.15967571E-03     -0.64746153E-04     -0.44370132E-03
     279     -0.14517790E-03     -0.15967571E-03     -0.64767198E-04     -0.44370132E-03
     280     -0.14517898E-03     -0.15967571E-03     -0.64788253E-04     -0.44370132E-03
     281     -0.14518774E-03     -0.15967571E-03     -0.64945501E-04     -0.44370132E-03
     282     -0.14519634E-03     -0.15967571E-03     -0.65095542E-04     -0.44370132E-03
     283     -0.14519683E-03     -0.15967571E-03     -0.65113709E-04     -0.44370132E-03
     284     -0.14519733E-03     -0.15967571E-03     -0.65131880E-04     -0.44370132E-03
     285     -0.14519756E-03     -0.15967571E-03     -0.65138116E-04     -0.44370132E-03
     286     -0.14519778E-03     -0.15967571E-03     -0.65144133E-04     -0.44370132E-03
     287     -0.14519812E-03     -0.15967571E-03     -0.65158079E-04     -0.44370132E-03
     288     -0.14519847E-03     -0.15967571E-03     -0.65172056E-04     -0.44370132E-03
     289     -0.14520886E-03     -0.15967571E-03     -0.65382212E-04     -0.44370132E-03
     290     -0.14521925E-03     -0.15967571E-03     -0.65592458E-04     -0.44370132E-03
     291     -0.14521982E-03     -0.15967571E-03     -0.65604892E-04     -0.44370132E-03
     292     -0.14522014E-03     -0.15967571E-03     -0.65614283E-04     -0.44370132E-03
     293     -0.14523386E-03     -0.15967571E-03     -0.65801750E-04     -0.44370132E-03
     294     -0.14524765E-03     -0.15967571E-03     -0.65988040E-04     -0.44370132E-03
     295     -0.14525317E-03     -0.15967571E-03     -0.66199135E-04     -0.44370132E-03
     296     -0.14525870E-03     -0.15967571E-03     -0.66410382E-04     -0.44370132E-03
     297     -0.14525918E-03     -0.15967571E-03     -0.66419983E-04     -0.44370132E-03
     298     -0.14525955E-03     -0.15967571E-03     -0.66426714E-04     -0.44370132E-03
     299     -0.14525979E-03     -0.15967571E-03     -0.66430513E-04     -0.44370132E-03
     300     -0.14526003E-03     -0.15967571E-03     -0.66434201E-04     -0.44370132E-03
     301     -0.14526089E-03     -0.15967571E-03     -0.66447229E-04     -0.44370132E-03
     302     -0.14526174E-03     -0.15967571E-03     -0.66460245E-04     -0.44370132E-03
     303     -0.14526224E-03     -0.15967571E-03     -0.66470027E-04     -0.44370132E-03
     304     -0.14526273E-03     -0.15967571E-03     -0.66479697E-04     -0.44370132E-03
     305     -0.14526368E-03     -0.15967571E-03     -0.66712822E-04     -0.44370132E-03
     306     -0.14526496E-03     -0.15967571E-03     -0.66952109E-04     -0.44370132E-03
     307     -0.14526542E-03     -0.15967571E-03     -0.66960199E-04     -0.44370132E-03
     308     -0.14526561E-03     -0.15967571E-03     -0.66963263E-04     -0.44370132E-03
     309     -0.14526609E-03     -0.15967571E-03     -0.66973752E-04     -0.44370132E-03
     310     -0.14526657E-03     -0.15967571E-03     -0.66984241E-04     -0.44370132E-03
     311     -0.14526686E-03     -0.15967571E-03     -0.66991054E-04     -0.44370132E-03
     312     -0.14526715E-03     -0.15967571E-03     -0.66997945E-04     -0.44370132E-03
     313     -0.14526721E-03     -0.15967571E-03     -0.67000687E-04     -0.44370132E-03
     314     -0.14526728E-03     -0.15967571E-03     -0.67003339E-04     -0.44370132E-03
     315     -0.14527699E-03     -0.15967571E-03     -0.67223897E-04     -0.44370132E-03
     316     -0.14528671E-03     -0.15967571E-03     -0.67444669E-04     -0.44370132E-03
     317     -0.14528703E-03     -0.15967571E-03     -0.67456824E-04     -0.44370132E-03
     318     -0.14528735E-03     -0.15967571E-03     -0.67468969E-04     -0.44370132E-03
     319     -0.14528763E-03     -0.15967571E-03     -0.67481609E-04     -0.44370132E-03
     320     -0.14528790E-03     -0.15967571E-03     -0.67494254E-04     -0.44370132E-03
     321     -0.14529683E-03     -0.15967571E-03     -0.67623909E-04     -0.44370132E-03
     322     -0.14530381E-03     -0.15967571E-03     -0.67724988E-04     -0.44370132E-03
     323     -0.14530834E-03     -0.15967571E-03     -0.67799146E-04     -0.44370132E-03
     324     -0.14531503E-03     -0.15967571E-03     -0.67904720E-04     -0.44370132E-03
     325     -0.14532694E-03     -0.15967571E-03     -0.68060839E-04     -0.44370132E-03
     326     -0.14533884E-03     -0.15967571E-03     -0.68217027E-04     -0.44370132E-03
     327     -0.14533905E-03     -0.15967571E-03     -0.68226765E-04     -0.44370132E-03
     328     -0.14533927E-03     -0.15967571E-03     -0.68236503E-04     -0.44370132E-03
     329     -0.14534023E-03     -0.15967571E-03     -0.68253602E-04     -0.44370132E-03
     330     -0.14534119E-03     -0.15967571E-03     -0.68270617E-04     -0.44370132E-03
     331     -0.14534181E-03     -0.15967571E-03     -0.68278447E-04     -0.44370132E-03
     332     -0.14534243E-03     -0.15967571E-03     -0.68286273E-04     -0.44370132E-03
     333     -0.14534287E-03     -0.15967571E-03     -0.68294507E-04     -0.44370132E-03
     334     -0.14534388E-03     -0.15967571E-03     -0.68311557E-04     -0.44370132E-03
     335     -0.14534485E-03     -0.15967571E-03     -0.68328391E-04     -0.44370132E-03
     336     -0.14534497E-03     -0.15967571E-03     -0.68333149E-04     -0.44370132E-03
     337     -0.14534538E-03     -0.15967571E-03     -0.68342035E-04     -0.44370132E-03
     338     -0.14534810E-03     -0.15967571E-03     -0.68380190E-04     -0.44370132E-03
     339     -0.14535085E-03     -0.15967571E-03     -0.68417158E-04     -0.44370132E-03
     340     -0.14535164E-03     -0.15967571E-03     -0.68427402E-04     -0.44370132E-03
     341     -0.14535868E-03     -0.15967571E-03     -0.68648880E-04     -0.44370132E-03
     342     -0.14536571E-03     -0.15967571E-03     -0.68869683E-04     -0.44370132E-03
     343     -0.14536788E-03     -0.15967571E-03     -0.68897919E-04     -0.44370132E-03
     344     -0.14537008E-03     -0.15967571E-03     -0.68926544E-04     -0.44370132E-03
     345     -0.14538030E-03     -0.15967571E-03     -0.69046512E-04     -0.44370132E-03
     346     -0.14539024E-03     -0.15967571E-03     -0.69164096E-04     -0.44370132E-03
     347     -0.14539052E-03     -0.15967571E-03     -0.69167406E-04     -0.44370132E-03
     348     -0.14539090E-03     -0.15967571E-03     -0.69176613E-04     -0.44370132E-03
     349     -0.14539666E-03     -0.15967571E-03     -0.69254218E-04     -0.44370132E-03
     350     -0.14540241E-03     -0.15967571E-03     -0.69328940E-04     -0.44370132E-03
     351     -0.14540850E-03     -0.15967571E-03     -0.69410600E-04     -0.44370132E-03
     352     -0.14541534E-03     -0.15967571E-03     -0.69498018E-04     -0.44370132E-03
     353     -0.14541711E-03     -0.15967571E-03     -0.69729380E-04     -0.44370132E-03
     354     -0.14541828E-03     -0.15967571E-03     -0.69955910E-04     -0.44370132E-03
     355     -0.14541884E-03     -0.15967571E-03     -0.69963435E-04     -0.44370132E-03
     356     -0.14541942E-03     -0.15967571E-03     -0.69969116E-04     -0.44370132E-03
     357     -0.14542725E-03     -0.15967571E-03     -0.70183684E-04     -0.44370132E-03
     358     -0.14543508E-03     -0.15967571E-03     -0.70398307E-04     -0.44370132E-03
     359     -0.14543567E-03     -0.15967571E-03     -0.70408193E-04     -0.44370132E-03
     360     -0.14543626E-03     -0.15967571E-03     -0.70418038E-04     -0.44370132E-03
     361     -0.14543928E-03     -0.15967571E-03     -0.70458971E-04     -0.44370132E-03
     362     -0.14544231E-03     -0.15967571E-03     -0.70499989E-04     -0.44370132E-03
     363     -0.14544638E-03     -0.15967571E-03     -0.70562198E-04     -0.44370132E-03
     364     -0.14545045E-03     -0.15967571E-03     -0.70624488E-04     -0.44370132E-03
     365     -0.14545083E-03     -0.15967571E-03     -0.70632108E-04     -0.44370132E-03
     366     -0.14545120E-03     -0.15967571E-03     -0.70639704E-04     -0.44370132E-03
     367     -0.14545172E-03     -0.15967571E-03     -0.70649706E-04     -0.44370132E-03
     368     -0.14545184E-03     -0.15967571E-03     -0.70654567E-04     -0.44370132E-03
     369     -0.14545233E-03     -0.15967571E-03     -0.70663754E-04     -0.44370132E-03
     370     -0.14545315E-03     -0.15967571E-03     -0.70677485E-04     -0.44370132E-03
     371     -0.14545365E-03     -0.15967571E-03     -0.70688657E-04     -0.44370132E-03
     372     -0.14545400E-03     -0.15967571E-03     -0.70696081E-04     -0.44370132E-03
     373     -0.14545447E-03     -0.15967571E-03     -0.70704472E-04     -0.44370132E-03
     374     -0.14546633E-03     -0.15967571E-03     -0.70845028E-04     -0.44370132E-03
     375     -0.14548142E-03     -0.15967571E-03     -0.71020741E-04     -0.44370132E-03
     376     -0.14548527E-03     -0.15967571E-03     -0.71070352E-04     -0.44370132E-03
     377     -0.14548581E-03     -0.15967571E-03     -0.71081866E-04     -0.44370132E-03
     378     -0.14548650E-03     -0.15967571E-03     -0.71092584E-04     -0.44370132E-03
     379     -0.14548725E-03     -0.15967571E-03     -0.71106567E-04     -0.44370132E-03
     380     -0.14551467E-03     -0.15967571E-03     -0.71327505E-04     -0.44370132E-03
     381     -0.14552208E-03     -0.15967571E-03     -0.71521059E-04     -0.44370132E-03
     382     -0.14552929E-03     -0.15967571E-03     -0.71709207E-04     -0.44370132E-03
     383     -0.14555528E-03     -0.15967571E-03     -0.71960969E-04     -0.44370132E-03
     384     -0.14557840E-03     -0.15967571E-03     -0.72170767E-04     -0.44370132E-03
     385     -0.14558059E-03     -0.15967571E-03     -0.72194096E-04     -0.44370132E-03
     386     -0.14558478E-03     -0.15967571E-03     -0.72252190E-04     -0.44370132E-03
     387     -0.14558884E-03     -0.15967571E-03     -0.72311230E-04     -0.44370132E-03
     388     -0.14558950E-03     -0.15967571E-03     -0.72353044E-04     -0.44370132E-03
     389     -0.14559002E-03     -0.15967571E-03     -0.72393795E-04     -0.44370132E-03
     390     -0.14559131E-03     -0.15967571E-03     -0.72418269E-04     -0.44370132E-03
     391     -0.14559248E-03     -0.15967571E-03     -0.72439563E-04     -0.44370132E-03
     392     -0.14559257E-03     -0.15967571E-03     -0.72442548E-04     -0.44370132E-03
     393     -0.14559463E-03     -0.15967571E-03     -0.72490448E-04     -0.44370132E-03
     394     -0.14559730E-03     -0.15967571E-03     -0.72724415E-04     -0.44370132E-03
     395     -0.14559807E-03     -0.15967571E-03     -0.72919318E-04     -0.44370132E-03
     396     -0.14561501E-03     -0.15967571E-03     -0.73136577E-04     -0.44370132E-03
     397     -0.14563178E-03     -0.15967571E-03     -0.73347400E-04     -0.44370132E-03
     398     -0.14563926E-03     -0.15967571E-03     -0.73464250E-04     -0.44370132E-03
     399     -0.14564869E-03     -0.15967571E-03     -0.73601603E-04     -0.44370132E-03
     400     -0.14565324E-03     -0.15967571E-03     -0.73692576E-04     -0.44370132E-03
     401     -0.14565592E-03     -0.15967571E-03     -0.73765986E-04     -0.44370132E-03
     402     -0.14565715E-03     -0.15967571E-03     -0.73787357E-04     -0.44370132E-03
     403     -0.14565828E-03     -0.15967571E-03     -0.73808339E-04     -0.44370132E-03
     404     -0.14566339E-03     -0.15967571E-03     -0.73957517E-04     -0.44370132E-03
     405     -0.14566848E-03     -0.15967571E-03     -0.74104520E-04     -0.44370132E-03
     406     -0.14566904E-03     -0.15967571E-03     -0.74127763E-04     -0.44370132E-03
     407     -0.14566963E-03     -0.15967571E-03     -0.74160117E-04     -0.44370132E-03
     408     -0.14566976E-03     -0.15967571E-03     -0.74175075E-04     -0.44370132E-03
     409     -0.14568008E-03     -0.15967571E-03     -0.74323532E-04     -0.44370132E-03
     410     -0.14569078E-03     -0.15967571E-03     -0.74478743E-04     -0.44370132E-03
     411     -0.14570076E-03     -0.15967571E-03     -0.74696310E-04     -0.44370132E-03
     412     -0.14571047E-03     -0.15967571E-03     -0.74907155E-04     -0.44370132E-03
     413     -0.14571063E-03     -0.15967571E-03     -0.74911729E-04     -0.44370132E-03
     414     -0.14571091E-03     -0.15967571E-03     -0.74920237E-04     -0.44370132E-03
     415     -0.14572260E-03     -0.15967571E-03     -0.75105638E-04     -0.44370132E-03
     416     -0.14574387E-03     -0.15967571E-03     -0.75421828E-04     -0.44370132E-03
     417     -0.14575464E-03     -0.15967571E-03     -0.75775442E-04     -0.44370132E-03
     418     -0.14575679E-03     -0.15967571E-03     -0.75999736E-04     -0.44370132E-03
     419     -0.14577074E-03     -0.15967571E-03     -0.76201484E-04     -0.44370132E-03
     420     -0.14578468E-03     -0.15967571E-03     -0.76401129E-04     -0.44370132E-03
     421     -0.14579091E-03     -0.15967571E-03     -0.76636855E-04     -0.44370132E-03
     422     -0.14579717E-03     -0.15967571E-03     -0.76873447E-04     -0.44370132E-03
     423     -0.14580037E-03     -0.15967571E-03     -0.76902886E-04     -0.44370132E-03
     424     -0.14580350E-03     -0.15967571E-03     -0.76931665E-04     -0.44370132E-03
     425     -0.14582480E-03     -0.15967571E-03     -0.77147462E-04     -0.44370132E-03
     426     -0.14584610E-03     -0.15967571E-03     -0.77366018E-04     -0.44370132E-03
     427     -0.14586559E-03     -0.15967571E-03     -0.77507521E-04     -0.44370132E-03
     428     -0.14588554E-03     -0.15967571E-03     -0.77655309E-04     -0.44370132E-03
     429     -0.14589629E-03     -0.15967571E-03     -0.77919860E-04     -0.44370132E-03
     430     -0.14589927E-03     -0.15967571E-03     -0.78330319E-04     -0.44370132E-03
     431     -0.14590039E-03     -0.15967571E-03     -0.78539783E-04     -0.44370132E-03
     432     -0.14590057E-03     -0.15967571E-03     -0.78556185E-04     -0.44370132E-03
     433     -0.14591014E-03     -0.15967571E-03     -0.78770072E-04     -0.44370132E-03
     434     -0.14592320E-03     -0.15967571E-03     -0.79034346E-04     -0.44370132E-03
     435     -0.14594202E-03     -0.15967571E-03     -0.79288156E-04     -0.44370132E-03
     436     -0.14597794E-03     -0.15967571E-03     -0.79673664E-04     -0.44370132E-03
     437     -0.14601391E-03     -0.15967571E-03     -0.79995066E-04     -0.44370132E-03
     438     -0.14604450E-03     -0.15967571E-03     -0.80211534E-04     -0.44370132E-03
     439     -0.14604464E-03     -0.15967571E-03     -0.80219479E-04     -0.44370132E-03
     440     -0.14605946E-03     -0.15967571E-03     -0.80343310E-04     -0.44370132E-03
     441     -0.14606366E-03     -0.15967571E-03     -0.80383121E-04     -0.44370132E-03
     442     -0.14608611E-03     -0.15967571E-03     -0.80544124E-04     -0.44370132E-03
     443     -0.14611630E-03     -0.15967571E-03     -0.80804469E-04     -0.44370132E-03
     444     -0.14614656E-03     -0.15967571E-03     -0.81063256E-04     -0.44370132E-03
     445     -0.14615863E-03     -0.15967571E-03     -0.81145805E-04     -0.44370132E-03
     446     -0.14617131E-03     -0.15967571E-03     -0.81237151E-04     -0.44370132E-03
     447     -0.14619851E-03     -0.15967571E-03     -0.81462332E-04     -0.44370132E-03
     448     -0.14622319E-03     -0.15967571E-03     -0.81661428E-04     -0.44370132E-03
     449     -0.14622328E-03     -0.15967571E-03     -0.81668717E-04     -0.44370132E-03
     450     -0.14622337E-03     -0.15967571E-03     -0.81676010E-04     -0.44370132E-03
     451     -0.14622421E-03     -0.15967571E-03     -0.81687536E-04     -0.44370132E-03
     452     -0.14622504E-03     -0.15967571E-03     -0.81699064E-04     -0.44370132E-03
     453     -0.14624924E-03     -0.15967571E-03     -0.81902057E-04     -0.44370132E-03
     454     -0.14627423E-03     -0.15967571E-03     -0.82115155E-04     -0.44370132E-03
     455     -0.14628891E-03     -0.15967571E-03     -0.82295965E-04     -0.44370132E-03
     456     -0.14630348E-03     -0.15967571E-03     -0.82475988E-04     -0.44370132E-03
     457     -0.14632519E-03     -0.15967571E-03     -0.82639289E-04     -0.44370132E-03
     458     -0.14633720E-03     -0.15967571E-03     -0.82727593E-04     -0.44370132E-03
     459     -0.14634555E-03     -0.15967571E-03     -0.82802744E-04     -0.44370132E-03
     460     -0.14636129E-03     -0.15967571E-03     -0.82920533E-04     -0.44370132E-03
     461     -0.14636329E-03     -0.15967571E-03     -0.82948368E-04     -0.44370132E-03
     462     -0.14636527E-03     -0.15967571E-03     -0.82975815E-04     -0.44370132E-03
     463     -0.14636561E-03     -0.15967571E-03     -0.82983760E-04     -0.44370132E-03
     464     -0.14636595E-03     -0.15967571E-03     -0.82991707E-04     -0.44370132E-03
     465     -0.14636695E-03     -0.15967571E-03     -0.83005029E-04     -0.44370132E-03
     466     -0.14636765E-03     -0.15967571E-03     -0.83018949E-04     -0.44370132E-03
     467     -0.14636854E-03     -0.15967571E-03     -0.83033240E-04     -0.44370132E-03
     468     -0.14636924E-03     -0.15967571E-03     -0.83051744E-04     -0.44370132E-03
     469     -0.14636946E-03     -0.15967571E-03     -0.83064264E-04     -0.44370132E-03
     470     -0.14637003E-03     -0.15967571E-03     -0.83072894E-04     -0.44370132E-03
     471     -0.14637016E-03     -0.15967571E-03     -0.83086449E-04     -0.44370132E-03
     472     -0.14637029E-03     -0.15967571E-03     -0.83100004E-04     -0.44370132E-03
     473     -0.14637086E-03     -0.15967571E-03     -0.83112198E-04     -0.44370132E-03
     474     -0.14637144E-03     -0.15967571E-03     -0.83124526E-04     -0.44370132E-03
     475     -0.14637225E-03     -0.15967571E-03     -0.83133710E-04     -0.44370132E-03
     476     -0.14637306E-03     -0.15967571E-03     -0.83142896E-04     -0.44370132E-03
     477     -0.14637374E-03     -0.15967571E-03     -0.83158007E-04     -0.44370132E-03
     478     -0.14637453E-03     -0.15967571E-03     -0.83174419E-04     -0.44370132E-03
     479     -0.14637544E-03     -0.15967571E-03     -0.83183965E-04     -0.44370132E-03
     480     -0.14637591E-03     -0.15967571E-03     -0.83192895E-04     -0.44370132E-03
     481     -0.14637610E-03     -0.15967571E-03     -0.83206890E-04     -0.44370132E-03
     482     -0.14637651E-03     -0.15967571E-03     -0.83222331E-04     -0.44370132E-03
     483     -0.14637704E-03     -0.15967571E-03     -0.83232137E-04     -0.44370132E-03
     484     -0.14637738E-03     -0.15967571E-03     -0.83243647E-04     -0.44370132E-03
     485     -0.14637755E-03     -0.15967571E-03     -0.83252565E-04     -0.44370132E-03
     486     -0.14637776E-03     -0.15967571E-03     -0.83261360E-04     -0.44370132E-03
     487     -0.14637830E-03     -0.15967571E-03     -0.83271447E-04     -0.44370132E-03
     488     -0.14637934E-03     -0.15967571E-03     -0.83281873E-04     -0.44370132E-03
     489     -0.14637946E-03     -0.15967571E-03     -0.83292158E-04     -0.44370132E-03
     490     -0.14637958E-03     -0.15967571E-03     -0.83302423E-04     -0.44370132E-03
     491     -0.14637965E-03     -0.15967571E-03     -0.83304534E-04     -0.44370132E-03
     492     -0.14637972E-03     -0.15967571E-03     -0.83306661E-04     -0.44370132E-03
     493     -0.14637987E-03     -0.15967571E-03     -0.83315328E-04     -0.44370132E-03
     494     -0.14638002E-03     -0.15967571E-03     -0.83323993E-04     -0.44370132E-03
     495     -0.14638029E-03     -0.15967571E-03     -0.83327508E-04     -0.44370132E-03
     496     -0.14638061E-03     -0.15967571E-03     -0.83331292E-04     -0.44370132E-03
     497     -0.14638122E-03     -0.15967571E-03     -0.83347486E-04     -0.44370132E-03
     498     -0.14638184E-03     -0.15967571E-03     -0.83363746E-04     -0.44370132E-03
     499     -0.14638243E-03     -0.15967571E-03     -0.83374382E-04     -0.44370132E-03
     500     -0.14638301E-03     -0.15967571E-03     -0.83385014E-04     -0.44370132E-03
     501     -0.14638324E-03     -0.15967571E-03     -0.83390515E-04     -0.44370132E-03
     502     -0.14638347E-03     -0.15967571E-03     -0.83396023E-04     -0.44370132E-03
     503     -0.14638373E-03     -0.15967571E-03     -0.83404576E-04     -0.44370132E-03
     504     -0.14638400E-03     -0.15967571E-03     -0.83413157E-04     -0.44370132E-03
     505     -0.14638552E-03     -0.15967571E-03     -0.83427714E-04     -0.44370132E-03
     506     -0.14638712E-03     -0.15967571E-03     -0.83442236E-04     -0.44370132E-03
     507     -0.14638881E-03     -0.15967571E-03     -0.83458880E-04     -0.44370132E-03
     508     -0.14638913E-03     -0.15967571E-03     -0.83473655E-04     -0.44370132E-03
     509     -0.14638944E-03     -0.15967571E-03     -0.83485556E-04     -0.44370132E-03
     510     -0.14638977E-03     -0.15967571E-03     -0.83490603E-04     -0.44370132E-03
     511     -0.14639010E-03     -0.15967571E-03     -0.83498875E-04     -0.44370132E-03
     512     -0.14639061E-03     -0.15967571E-03     -0.83513915E-04     -0.44370132E-03
     513     -0.14639103E-03     -0.15967571E-03     -0.83528683E-04     -0.44370132E-03
     514     -0.14639202E-03     -0.15967571E-03     -0.83543333E-04     -0.44370132E-03
     515     -0.14639326E-03     -0.15967571E-03     -0.83557975E-04     -0.44370132E-03
     516     -0.14639378E-03     -0.15967571E-03     -0.83567168E-04     -0.44370132E-03
     517     -0.14639404E-03     -0.15967571E-03     -0.83573976E-04     -0.44370132E-03
     518     -0.14639425E-03     -0.15967571E-03     -0.83581010E-04     -0.44370132E-03
     519     -0.14639445E-03     -0.15967571E-03     -0.83585955E-04     -0.44370132E-03
     520     -0.14639463E-03     -0.15967571E-03     -0.83590397E-04     -0.44370132E-03
     521     -0.14639543E-03     -0.15967571E-03     -0.83600043E-04     -0.44370132E-03
     522     -0.14639625E-03     -0.15967571E-03     -0.83611768E-04     -0.44370132E-03
     523     -0.14639649E-03     -0.15967571E-03     -0.83625981E-04     -0.44370132E-03
     524     -0.14639707E-03     -0.15967571E-03     -0.83646590E-04     -0.44370132E-03
     525     -0.14639795E-03     -0.15967571E-03     -0.83669118E-04     -0.44370132E-03
     526     -0.14639854E-03     -0.15967571E-03     -0.83682639E-04     -0.44370132E-03
     527     -0.14639879E-03     -0.15967571E-03     -0.83688426E-04     -0.44370132E-03
     528     -0.14639905E-03     -0.15967571E-03     -0.83694022E-04     -0.44370132E-03
     529     -0.14639931E-03     -0.15967571E-03     -0.83698764E-04     -0.44370132E-03
     530     -0.14640123E-03     -0.15967571E-03     -0.83710760E-04     -0.44370132E-03
     531     -0.14640314E-03     -0.15967571E-03     -0.83723410E-04     -0.44370132E-03
     532     -0.14640355E-03     -0.15967571E-03     -0.83735171E-04     -0.44370132E-03
     533     -0.14640427E-03     -0.15967571E-03     -0.83750568E-04     -0.44370132E-03
     534     -0.14643992E-03     -0.15967571E-03     -0.83841952E-04     -0.44370132E-03
     535     -0.14644003E-03     -0.15967571E-03     -0.83846359E-04     -0.44370132E-03
     536     -0.14644013E-03     -0.15967571E-03     -0.83850773E-04     -0.44370132E-03
     537     -0.14644395E-03     -0.15967571E-03     -0.83866343E-04     -0.44370132E-03
     538     -0.14644493E-03     -0.15967571E-03     -0.83875295E-04     -0.44370132E-03
     539     -0.14650492E-03     -0.15967571E-03     -0.84040440E-04     -0.44370132E-03
     540     -0.14656780E-03     -0.15967571E-03     -0.84212807E-04     -0.44370132E-03
     541     -0.14656907E-03     -0.15967571E-03     -0.84227187E-04     -0.44370132E-03
     542     -0.14657034E-03     -0.15967571E-03     -0.84241569E-04     -0.44370132E-03
     543     -0.14659652E-03     -0.15967571E-03     -0.84330622E-04     -0.44370132E-03
     544     -0.14662264E-03     -0.15967571E-03     -0.84420354E-04     -0.44370132E-03
     545     -0.14664127E-03     -0.15967571E-03     -0.84485194E-04     -0.44370132E-03
     546     -0.14665540E-03     -0.15967571E-03     -0.84532930E-04     -0.44370132E-03
     547     -0.14665890E-03     -0.15967571E-03     -0.84558107E-04     -0.44370132E-03
     548     -0.14666240E-03     -0.15967571E-03     -0.84583282E-04     -0.44370132E-03
     549     -0.14666433E-03     -0.15967571E-03     -0.84599680E-04     -0.44370132E-03
     550     -0.14666625E-03     -0.15967571E-03     -0.84616408E-04     -0.44370132E-03
     551     -0.14669661E-03     -0.15967571E-03     -0.84705834E-04     -0.44370132E-03
     552     -0.14672697E-03     -0.15967571E-03     -0.84794363E-04     -0.44370132E-03
     553     -0.14672731E-03     -0.15967571E-03     -0.84809310E-04     -0.44370132E-03
     554     -0.14672765E-03     -0.15967571E-03     -0.84824428E-04     -0.44370132E-03
     555     -0.14672785E-03     -0.15967571E-03     -0.84833701E-04     -0.44370132E-03
     556     -0.14672805E-03     -0.15967571E-03     -0.84842977E-04     -0.44370132E-03
     557     -0.14675955E-03     -0.15967571E-03     -0.84937558E-04     -0.44370132E-03
     558     -0.14679105E-03     -0.15967571E-03     -0.85032007E-04     -0.44370132E-03
     559     -0.14679889E-03     -0.15967571E-03     -0.85065175E-04     -0.44370132E-03
     560     -0.14680668E-03     -0.15967571E-03     -0.85098839E-04     -0.44370132E-03
     561     -0.14680694E-03     -0.15967571E-03     -0.85106221E-04     -0.44370132E-03
     562     -0.14680720E-03     -0.15967571E-03     -0.85113645E-04     -0.44370132E-03
     563     -0.14680776E-03     -0.15967571E-03     -0.85119627E-04     -0.44370132E-03
     564     -0.14680831E-03     -0.15967571E-03     -0.85125609E-04     -0.44370132E-03
     565     -0.14683179E-03     -0.15967571E-03     -0.85226870E-04     -0.44370132E-03
     566     -0.14685528E-03     -0.15967571E-03     -0.85328267E-04     -0.44370132E-03
     567     -0.14686795E-03     -0.15967571E-03     -0.85372540E-04     -0.44370132E-03
     568     -0.14688050E-03     -0.15967571E-03     -0.85418670E-04     -0.44370132E-03
     569     -0.14688084E-03     -0.15967571E-03     -0.85431097E-04     -0.44370132E-03
     570     -0.14688119E-03     -0.15967571E-03     -0.85443524E-04     -0.44370132E-03
     571     -0.14688630E-03     -0.15967571E-03     -0.85466702E-04     -0.44370132E-03
     572     -0.14691610E-03     -0.15967571E-03     -0.85558338E-04     -0.44370132E-03
     573     -0.14695682E-03     -0.15967571E-03     -0.85682660E-04     -0.44370132E-03
     574     -0.14696436E-03     -0.15967571E-03     -0.85712938E-04     -0.44370132E-03
     575     -0.14696639E-03     -0.15967571E-03     -0.85731518E-04     -0.44370132E-03
     576     -0.14697051E-03     -0.15967571E-03     -0.85757965E-04     -0.44370132E-03
     577     -0.14698707E-03     -0.15967571E-03     -0.85837684E-04     -0.44370132E-03
     578     -0.14701290E-03     -0.15967571E-03     -0.85946397E-04     -0.44370132E-03
     579     -0.14701426E-03     -0.15967571E-03     -0.85965625E-04     -0.44370132E-03
     580     -0.14701614E-03     -0.15967571E-03     -0.85986724E-04     -0.44370132E-03
     581     -0.14703114E-03     -0.15967571E-03     -0.86034158E-04     -0.44370132E-03
     582     -0.14704179E-03     -0.15967571E-03     -0.86072073E-04     -0.44370132E-03
     583     -0.14704267E-03     -0.15967571E-03     -0.86083542E-04     -0.44370132E-03
     584     -0.14704356E-03     -0.15967571E-03     -0.86095017E-04     -0.44370132E-03
     585     -0.14704436E-03     -0.15967571E-03     -0.86104673E-04     -0.44370132E-03
     586     -0.14704516E-03     -0.15967571E-03     -0.86114331E-04     -0.44370132E-03
     587     -0.14705573E-03     -0.15967571E-03     -0.86162276E-04     -0.44370132E-03
     588     -0.14705806E-03     -0.15967571E-03     -0.86195772E-04     -0.44370132E-03
     589     -0.14705979E-03     -0.15967571E-03     -0.86217235E-04     -0.44370132E-03
     590     -0.14706806E-03     -0.15967571E-03     -0.86250034E-04     -0.44370132E-03
     591     -0.14710040E-03     -0.15967571E-03     -0.86358204E-04     -0.44370132E-03
     592     -0.14712557E-03     -0.15967571E-03     -0.86445219E-04     -0.44370132E-03
     593     -0.14714364E-03     -0.15967571E-03     -0.86516080E-04     -0.44370132E-03
     594     -0.14717058E-03     -0.15967571E-03     -0.86622466E-04     -0.44370132E-03
     595     -0.14717962E-03     -0.15967571E-03     -0.86666471E-04     -0.44370132E-03
     596     -0.14717980E-03     -0.15967571E-03     -0.86676530E-04     -0.44370132E-03
     597     -0.14718067E-03     -0.15967571E-03     -0.86689560E-04     -0.44370132E-03
     598     -0.14718161E-03     -0.15967571E-03     -0.86704264E-04     -0.44370132E-03
     599     -0.14719343E-03     -0.15967571E-03     -0.86741948E-04     -0.44370132E-03
     600     -0.14720522E-03     -0.15967571E-03     -0.86781579E-04     -0.44370132E-03
     601     -0.14723237E-03     -0.15967571E-03     -0.86872559E-04     -0.44370132E-03
     602     -0.14725936E-03     -0.15967571E-03     -0.86960409E-04     -0.44370132E-03
     603     -0.14725954E-03     -0.15967571E-03     -0.86963984E-04     -0.44370132E-03
     604     -0.14728153E-03     -0.15967571E-03     -0.87049588E-04     -0.44370132E-03
     605     -0.14731063E-03     -0.15967571E-03     -0.87158106E-04     -0.44370132E-03
     606     -0.14731402E-03     -0.15967571E-03     -0.87182461E-04     -0.44370132E-03
     607     -0.14734548E-03     -0.15967571E-03     -0.87277917E-04     -0.44370132E-03
     608     -0.14734599E-03     -0.15967571E-03     -0.87293788E-04     -0.44370132E-03
     609     -0.14734651E-03     -0.15967571E-03     -0.87309644E-04     -0.44370132E-03
     610     -0.14737511E-03     -0.15967571E-03     -0.87395867E-04     -0.44370132E-03
     611     -0.14737630E-03     -0.15967571E-03     -0.87411207E-04     -0.44370132E-03
     612     -0.14739084E-03     -0.15967571E-03     -0.87457061E-04     -0.44370132E-03
     613     -0.14740121E-03     -0.15967571E-03     -0.87493150E-04     -0.44370132E-03
     614     -0.14740203E-03     -0.15967571E-03     -0.87498518E-04     -0.44370132E-03
     615     -0.14740322E-03     -0.15967571E-03     -0.87506066E-04     -0.44370132E-03
     616     -0.14740376E-03     -0.15967571E-03     -0.87511719E-04     -0.44370132E-03
     617     -0.14740421E-03     -0.15967571E-03     -0.87523238E-04     -0.44370132E-03
     618     -0.14740567E-03     -0.15967571E-03     -0.87538622E-04     -0.44370132E-03
     619     -0.14744532E-03     -0.15967571E-03     -0.87660838E-04     -0.44370132E-03
     620     -0.14746878E-03     -0.15967571E-03     -0.87738516E-04     -0.44370132E-03
     621     -0.14747756E-03     -0.15967571E-03     -0.87772795E-04     -0.44370132E-03
     622     -0.14748699E-03     -0.15967571E-03     -0.87808669E-04     -0.44370132E-03
     623     -0.14750964E-03     -0.15967571E-03     -0.87872771E-04     -0.44370132E-03
     624     -0.14754343E-03     -0.15967571E-03     -0.87969403E-04     -0.44370132E-03
     625     -0.14759951E-03     -0.15967571E-03     -0.88151308E-04     -0.44370132E-03
     626     -0.14762142E-03     -0.15967571E-03     -0.88240593E-04     -0.44370132E-03
     627     -0.14762169E-03     -0.15967571E-03     -0.88247570E-04     -0.44370132E-03
     628     -0.14762336E-03     -0.15967571E-03     -0.88264454E-04     -0.44370132E-03
     629     -0.14762564E-03     -0.15967571E-03     -0.88285850E-04     -0.44370132E-03
     630     -0.14763348E-03     -0.15967571E-03     -0.88315097E-04     -0.44370132E-03
     631     -0.14764880E-03     -0.15967571E-03     -0.88362769E-04     -0.44370132E-03
     632     -0.14765226E-03     -0.15967571E-03     -0.88379997E-04     -0.44370132E-03
     633     -0.14767363E-03     -0.15967571E-03     -0.88442830E-04     -0.44370132E-03
     634     -0.14769296E-03     -0.15967571E-03     -0.88498004E-04     -0.44370132E-03
     635     -0.14769450E-03     -0.15967571E-03     -0.88518776E-04     -0.44370132E-03
     636     -0.14769603E-03     -0.15967571E-03     -0.88539506E-04     -0.44370132E-03
     637     -0.14769966E-03     -0.15967571E-03     -0.88553145E-04     -0.44370132E-03
     638     -0.14770037E-03     -0.15967571E-03     -0.88564905E-04     -0.44370132E-03
     639     -0.14770697E-03     -0.15967571E-03     -0.88593450E-04     -0.44370132E-03
     640     -0.14772518E-03     -0.15967571E-03     -0.88691549E-04     -0.44370132E-03
     641     -0.14774331E-03     -0.15967571E-03     -0.88789172E-04     -0.44370132E-03
     642     -0.14775869E-03     -0.15967571E-03     -0.88838746E-04     -0.44370132E-03
     643     -0.14778194E-03     -0.15967571E-03     -0.88932099E-04     -0.44370132E-03
     644     -0.14780519E-03     -0.15967571E-03     -0.89025307E-04     -0.44370132E-03
     645     -0.14781781E-03     -0.15967571E-03     -0.89069266E-04     -0.44370132E-03
     646     -0.14781960E-03     -0.15967571E-03     -0.89095329E-04     -0.44370132E-03
     647     -0.14783635E-03     -0.15967571E-03     -0.89158339E-04     -0.44370132E-03
     648     -0.14788476E-03     -0.15967571E-03     -0.89294823E-04     -0.44370132E-03
     649     -0.14789347E-03     -0.15967571E-03     -0.89334395E-04     -0.44370132E-03
     650     -0.14790231E-03     -0.15967571E-03     -0.89371490E-04     -0.44370132E-03
     651     -0.14790427E-03     -0.15967571E-03     -0.89384941E-04     -0.44370132E-03
     652     -0.14790604E-03     -0.15967571E-03     -0.89398026E-04     -0.44370132E-03
     653     -0.14790958E-03     -0.15967571E-03     -0.89412131E-04     -0.44370132E-03
     654     -0.14791564E-03     -0.15967571E-03     -0.89434810E-04     -0.44370132E-03
     655     -0.14792637E-03     -0.15967571E-03     -0.89489442E-04     -0.44370132E-03
     656     -0.14793899E-03     -0.15967571E-03     -0.89548346E-04     -0.44370132E-03
     657     -0.14796016E-03     -0.15967571E-03     -0.89643218E-04     -0.44370132E-03
     658     -0.14798110E-03     -0.15967571E-03     -0.89728875E-04     -0.44370132E-03
     659     -0.14799394E-03     -0.15967571E-03     -0.89771634E-04     -0.44370132E-03
     660     -0.14799617E-03     -0.15967571E-03     -0.89796723E-04     -0.44370132E-03
     661     -0.14800106E-03     -0.15967571E-03     -0.89827090E-04     -0.44370132E-03
     662     -0.14801568E-03     -0.15967571E-03     -0.89923684E-04     -0.44370132E-03
     663     -0.14804422E-03     -0.15967571E-03     -0.90056781E-04     -0.44370132E-03
     664     -0.14806904E-03     -0.15967571E-03     -0.90132720E-04     -0.44370132E-03
     665     -0.14808119E-03     -0.15967571E-03     -0.90195053E-04     -0.44370132E-03
     666     -0.14808494E-03     -0.15967571E-03     -0.90231396E-04     -0.44370132E-03
     667     -0.14810256E-03     -0.15967571E-03     -0.90329944E-04     -0.44370132E-03
     668     -0.14813032E-03     -0.15967571E-03     -0.90456375E-04     -0.44370132E-03
     669     -0.14817347E-03     -0.15967571E-03     -0.90594985E-04     -0.44370132E-03
     670     -0.14820320E-03     -0.15967571E-03     -0.90694986E-04     -0.44370132E-03
     671     -0.14820416E-03     -0.15967571E-03     -0.90715107E-04     -0.44370132E-03
     672     -0.14820786E-03     -0.15967571E-03     -0.90740738E-04     -0.44370132E-03
     673     -0.14821569E-03     -0.15967571E-03     -0.90782224E-04     -0.44370132E-03
     674     -0.14822062E-03     -0.15967571E-03     -0.90819371E-04     -0.44370132E-03
     675     -0.14822144E-03     -0.15967571E-03     -0.90830096E-04     -0.44370132E-03
     676     -0.14822372E-03     -0.15967571E-03     -0.90847738E-04     -0.44370132E-03
     677     -0.14822585E-03     -0.15967571E-03     -0.90865540E-04     -0.44370132E-03
     678     -0.14822781E-03     -0.15967571E-03     -0.90879910E-04     -0.44370132E-03
     679     -0.14824629E-03     -0.15967571E-03     -0.90950206E-04     -0.44370132E-03
     680     -0.14826862E-03     -0.15967571E-03     -0.91036439E-04     -0.44370132E-03
     681     -0.14828799E-03     -0.15967571E-03     -0.91128216E-04     -0.44370132E-03
     682     -0.14830196E-03     -0.15967571E-03     -0.91202165E-04     -0.44370132E-03
     683     -0.14830404E-03     -0.15967571E-03     -0.91225914E-04     -0.44370132E-03
     684     -0.14832874E-03     -0.15967571E-03     -0.91306769E-04     -0.44370132E-03
     685     -0.14834583E-03     -0.15967571E-03     -0.91363591E-04     -0.44370132E-03
     686     -0.14836686E-03     -0.15967571E-03     -0.91428114E-04     -0.44370132E-03
     687     -0.14837596E-03     -0.15967571E-03     -0.91463389E-04     -0.44370132E-03
     688     -0.14838512E-03     -0.15967571E-03     -0.91499218E-04     -0.44370132E-03
     689     -0.14838719E-03     -0.15967571E-03     -0.91513195E-04     -0.44370132E-03
     690     -0.14838927E-03     -0.15967571E-03     -0.91527193E-04     -0.44370132E-03
     691     -0.14839340E-03     -0.15967571E-03     -0.91545214E-04     -0.44370132E-03
     692     -0.14839469E-03     -0.15967571E-03     -0.91557275E-04     -0.44370132E-03
     693     -0.14839936E-03     -0.15967571E-03     -0.91581312E-04     -0.44370132E-03
     694     -0.14840369E-03     -0.15967571E-03     -0.91605545E-04     -0.44370132E-03
     695     -0.14840763E-03     -0.15967571E-03     -0.91645913E-04     -0.44370132E-03
     696     -0.14841218E-03     -0.15967571E-03     -0.91683030E-04     -0.44370132E-03
     697     -0.14843051E-03     -0.15967571E-03     -0.91744659E-04     -0.44370132E-03
     698     -0.14844519E-03     -0.15967571E-03     -0.91796624E-04     -0.44370132E-03
     699     -0.14844733E-03     -0.15967571E-03     -0.91808358E-04     -0.44370132E-03
     700     -0.14844786E-03     -0.15967571E-03     -0.91819290E-04     -0.44370132E-03
     701     -0.14844961E-03     -0.15967571E-03     -0.91838078E-04     -0.44370132E-03
     702     -0.14846479E-03     -0.15967571E-03     -0.91888849E-04     -0.44370132E-03
     703     -0.14846986E-03     -0.15967571E-03     -0.91913635E-04     -0.44370132E-03
     704     -0.14847470E-03     -0.15967571E-03     -0.91938806E-04     -0.44370132E-03
     705     -0.14848425E-03     -0.15967571E-03     -0.91972262E-04     -0.44370132E-03
     706     -0.14850205E-03     -0.15967571E-03     -0.92087271E-04     -0.44370132E-03
     707     -0.14852100E-03     -0.15967571E-03     -0.92203891E-04     -0.44370132E-03
     708     -0.14853292E-03     -0.15967571E-03     -0.92250087E-04     -0.44370132E-03
     709     -0.14854246E-03     -0.15967571E-03     -0.92289960E-04     -0.44370132E-03
     710     -0.14855595E-03     -0.15967571E-03     -0.92346260E-04     -0.44370132E-03
     711     -0.14856113E-03     -0.15967571E-03     -0.92381427E-04     -0.44370132E-03
     712     -0.14856173E-03     -0.15967571E-03     -0.92389538E-04     -0.44370132E-03
     713     -0.14856562E-03     -0.15967571E-03     -0.92420874E-04     -0.44370132E-03
     714     -0.14857212E-03     -0.15967571E-03     -0.92465999E-04     -0.44370132E-03
     715     -0.14859798E-03     -0.15967571E-03     -0.92578505E-04     -0.44370132E-03
     716     -0.14863008E-03     -0.15967571E-03     -0.92712735E-04     -0.44370132E-03
     717     -0.14864981E-03     -0.15967571E-03     -0.92774996E-04     -0.44370132E-03
     718     -0.14867318E-03     -0.15967571E-03     -0.92873523E-04     -0.44370132E-03
     719     -0.14867975E-03     -0.15967571E-03     -0.92922755E-04     -0.44370132E-03
     720     -0.14868386E-03     -0.15967571E-03     -0.92941048E-04     -0.44370132E-03
     721     -0.14869540E-03     -0.15967571E-03     -0.93046660E-04     -0.44370132E-03
     722     -0.14870742E-03     -0.15967571E-03     -0.93153478E-04     -0.44370132E-03
     723     -0.14870865E-03     -0.15967571E-03     -0.93163433E-04     -0.44370132E-03
     724     -0.14871055E-03     -0.15967571E-03     -0.93175370E-04     -0.44370132E-03
     725     -0.14872193E-03     -0.15967571E-03     -0.93216253E-04     -0.44370132E-03
     726     -0.14872355E-03     -0.15967571E-03     -0.93225030E-04     -0.44370132E-03
     727     -0.14872564E-03     -0.15967571E-03     -0.93237202E-04     -0.44370132E-03
     728     -0.14873678E-03     -0.15967571E-03     -0.93280271E-04     -0.44370132E-03
     729     -0.14875980E-03     -0.15967571E-03     -0.93425010E-04     -0.44370132E-03
     730     -0.14878210E-03     -0.15967571E-03     -0.93566770E-04     -0.44370132E-03
     731     -0.14881578E-03     -0.15967571E-03     -0.93683706E-04     -0.44370132E-03
     732     -0.14884865E-03     -0.15967571E-03     -0.93797813E-04     -0.44370132E-03
     733     -0.14885562E-03     -0.15967571E-03     -0.93828726E-04     -0.44370132E-03
     734     -0.14886298E-03     -0.15967571E-03     -0.93861169E-04     -0.44370132E-03
     735     -0.14887961E-03     -0.15967571E-03     -0.93933801E-04     -0.44370132E-03
     736     -0.14888453E-03     -0.15967571E-03     -0.93974056E-04     -0.44370132E-03
     737     -0.14889641E-03     -0.15967571E-03     -0.94087975E-04     -0.44370132E-03
     738     -0.14890861E-03     -0.15967571E-03     -0.94201638E-04     -0.44370132E-03
     739     -0.14890953E-03     -0.15967571E-03     -0.94211058E-04     -0.44370132E-03
     740     -0.14891938E-03     -0.15967571E-03     -0.94304523E-04     -0.44370132E-03
     741     -0.14893788E-03     -0.15967571E-03     -0.94426777E-04     -0.44370132E-03
     742     -0.14893837E-03     -0.15967571E-03     -0.94437244E-04     -0.44370132E-03
     743     -0.14893886E-03     -0.15967571E-03     -0.94447698E-04     -0.44370132E-03
     744     -0.14894710E-03     -0.15967571E-03     -0.94479595E-04     -0.44370132E-03
     745     -0.14895564E-03     -0.15967571E-03     -0.94515110E-04     -0.44370132E-03
     746     -0.14897060E-03     -0.15967571E-03     -0.94575034E-04     -0.44370132E-03
     747     -0.14897673E-03     -0.15967571E-03     -0.94603555E-04     -0.44370132E-03
     748     -0.14897703E-03     -0.15967571E-03     -0.94614315E-04     -0.44370132E-03
     749     -0.14898056E-03     -0.15967571E-03     -0.94639078E-04     -0.44370132E-03
     750     -0.14898879E-03     -0.15967571E-03     -0.94695752E-04     -0.44370132E-03
     751     -0.14899675E-03     -0.15967571E-03     -0.94748978E-04     -0.44370132E-03
     752     -0.14900060E-03     -0.15967571E-03     -0.94766691E-04     -0.44370132E-03
     753     -0.14901276E-03     -0.15967571E-03     -0.94859379E-04     -0.44370132E-03
     754     -0.14908006E-03     -0.15967571E-03     -0.95118751E-04     -0.44370132E-03
     755     -0.14919035E-03     -0.15967571E-03     -0.95456595E-04     -0.44370132E-03
     756     -0.14919598E-03     -0.15967571E-03     -0.95485941E-04     -0.44370132E-03
     757     -0.14920143E-03     -0.15967571E-03     -0.95514778E-04     -0.44370132E-03
     758     -0.14925454E-03     -0.15967571E-03     -0.95683186E-04     -0.44370132E-03
     759     -0.14925675E-03     -0.15967571E-03     -0.95701026E-04     -0.44370132E-03
     760     -0.14931473E-03     -0.15967571E-03     -0.95888539E-04     -0.44370132E-03
     761     -0.14936909E-03     -0.15967571E-03     -0.96066764E-04     -0.44370132E-03
     762     -0.14942603E-03     -0.15967571E-03     -0.96248093E-04     -0.44370132E-03
     763     -0.14942919E-03     -0.15967571E-03     -0.96269638E-04     -0.44370132E-03
     764     -0.14943131E-03     -0.15967571E-03     -0.96287784E-04     -0.44370132E-03
     765     -0.14948426E-03     -0.15967571E-03     -0.96486203E-04     -0.44370132E-03
     766     -0.14953842E-03     -0.15967571E-03     -0.96688882E-04     -0.44370132E-03
     767     -0.14954350E-03     -0.15967571E-03     -0.96727057E-04     -0.44370132E-03
     768     -0.14954872E-03     -0.15967571E-03     -0.96765824E-04     -0.44370132E-03
     769     -0.14955422E-03     -0.15967571E-03     -0.96805272E-04     -0.44370132E-03
     770     -0.14955974E-03     -0.15967571E-03     -0.96844754E-04     -0.44370132E-03
     771     -0.14956813E-03     -0.15967571E-03     -0.96892750E-04     -0.44370132E-03
     772     -0.14957636E-03     -0.15967571E-03     -0.96939495E-04     -0.44370132E-03
     773     -0.14960454E-03     -0.15967571E-03     -0.97065079E-04     -0.44370132E-03
     774     -0.14962886E-03     -0.15967571E-03     -0.97177081E-04     -0.44370132E-03
     775     -0.14963604E-03     -0.15967571E-03     -0.97214497E-04     -0.44370132E-03
     776     -0.14964321E-03     -0.15967571E-03     -0.97251497E-04     -0.44370132E-03
     777     -0.14966964E-03     -0.15967571E-03     -0.97353299E-04     -0.44370132E-03
     778     -0.14970026E-03     -0.15967571E-03     -0.97471474E-04     -0.44370132E-03
     779     -0.14970517E-03     -0.15967571E-03     -0.97493848E-04     -0.44370132E-03
     780     -0.14971009E-03     -0.15967571E-03     -0.97516252E-04     -0.44370132E-03
     781     -0.14975239E-03     -0.15967571E-03     -0.97674104E-04     -0.44370132E-03
     782     -0.14979464E-03     -0.15967571E-03     -0.97830574E-04     -0.44370132E-03
     783     -0.14979751E-03     -0.15967571E-03     -0.97848313E-04     -0.44370132E-03
     784     -0.14980016E-03     -0.15967571E-03     -0.97863843E-04     -0.44370132E-03
     785     -0.14980119E-03     -0.15967571E-03     -0.97872912E-04     -0.44370132E-03
     786     -0.14983895E-03     -0.15967571E-03     -0.98034970E-04     -0.44370132E-03
     787     -0.14987675E-03     -0.15967571E-03     -0.98197987E-04     -0.44370132E-03
     788     -0.14987772E-03     -0.15967571E-03     -0.98212389E-04     -0.44370132E-03
     789     -0.14987862E-03     -0.15967571E-03     -0.98225519E-04     -0.44370132E-03
     790     -0.14987960E-03     -0.15967571E-03     -0.98233130E-04     -0.44370132E-03
     791     -0.14988118E-03     -0.15967571E-03     -0.98244784E-04     -0.44370132E-03
     792     -0.14989795E-03     -0.15967571E-03     -0.98315674E-04     -0.44370132E-03
     793     -0.14991027E-03     -0.15967571E-03     -0.98372630E-04     -0.44370132E-03
     794     -0.14992366E-03     -0.15967571E-03     -0.98469726E-04     -0.44370132E-03
     795     -0.14998018E-03     -0.15967571E-03     -0.98687806E-04     -0.44370132E-03
     796     -0.15003560E-03     -0.15967571E-03     -0.98860891E-04     -0.44370132E-03
     797     -0.15004615E-03     -0.15967571E-03     -0.98909751E-04     -0.44370132E-03
     798     -0.15008583E-03     -0.15967571E-03     -0.99049525E-04     -0.44370132E-03
     799     -0.15009827E-03     -0.15967571E-03     -0.99140113E-04     -0.44370132E-03
     800     -0.15010659E-03     -0.15967571E-03     -0.99183615E-04     -0.44370132E-03
     801     -0.15015043E-03     -0.15967571E-03     -0.99412874E-04     -0.44370132E-03
     802     -0.15019514E-03     -0.15967571E-03     -0.99651663E-04     -0.44370132E-03
     803     -0.15023106E-03     -0.15967571E-03     -0.99799652E-04     -0.44370132E-03
     804     -0.15024437E-03     -0.15967571E-03     -0.99864216E-04     -0.44370132E-03
     805     -0.15024754E-03     -0.15967571E-03     -0.99889862E-04     -0.44370132E-03
     806     -0.15025072E-03     -0.15967571E-03     -0.99915530E-04     -0.44370132E-03
     807     -0.15028416E-03     -0.15967571E-03     -0.10003600E-03     -0.44370132E-03
     808     -0.15028730E-03     -0.15967571E-03     -0.10006131E-03     -0.44370132E-03
     809     -0.15028996E-03     -0.15967571E-03     -0.10008248E-03     -0.44370132E-03
     810     -0.15029272E-03     -0.15967571E-03     -0.10010550E-03     -0.44370132E-03
     811     -0.15029423E-03     -0.15967571E-03     -0.10012646E-03     -0.44370132E-03
     812     -0.15029471E-03     -0.15967571E-03     -0.10013899E-03     -0.44370132E-03
     813     -0.15029515E-03     -0.15967571E-03     -0.10014521E-03     -0.44370132E-03
     814     -0.15030173E-03     -0.15967571E-03     -0.10019449E-03     -0.44370132E-03
     815     -0.15030804E-03     -0.15967571E-03     -0.10024208E-03     -0.44370132E-03
     816     -0.15031223E-03     -0.15967571E-03     -0.10026680E-03     -0.44370132E-03
     817     -0.15031911E-03     -0.15967571E-03     -0.10030468E-03     -0.44370132E-03
     818     -0.15033225E-03     -0.15967571E-03     -0.10036961E-03     -0.44370132E-03
     819     -0.15033428E-03     -0.15967571E-03     -0.10039319E-03     -0.44370132E-03
     820     -0.15035754E-03     -0.15967571E-03     -0.10049731E-03     -0.44370132E-03
     821     -0.15038995E-03     -0.15967571E-03     -0.10063716E-03     -0.44370132E-03
     822     -0.15039599E-03     -0.15967571E-03     -0.10069726E-03     -0.44370132E-03
     823     -0.15040236E-03     -0.15967571E-03     -0.10075491E-03     -0.44370132E-03
     824     -0.15041095E-03     -0.15967571E-03     -0.10084730E-03     -0.44370132E-03
     825     -0.15042588E-03     -0.15967571E-03     -0.10097391E-03     -0.44370132E-03
     826     -0.15043427E-03     -0.15967571E-03     -0.10102774E-03     -0.44370132E-03
     827     -0.15043699E-03     -0.15967571E-03     -0.10105488E-03     -0.44370132E-03
     828     -0.15048564E-03     -0.15967571E-03     -0.10122283E-03     -0.44370132E-03
     829     -0.15055820E-03     -0.15967571E-03     -0.10150123E-03     -0.44370132E-03
     830     -0.15058873E-03     -0.15967571E-03     -0.10164993E-03     -0.44370132E-03
     831     -0.15059008E-03     -0.15967571E-03     -0.10167074E-03     -0.44370132E-03
     832     -0.15060163E-03     -0.15967571E-03     -0.10172174E-03     -0.44370132E-03
     833     -0.15062851E-03     -0.15967571E-03     -0.10187749E-03     -0.44370132E-03
     834     -0.15064195E-03     -0.15967571E-03     -0.10195082E-03     -0.44370132E-03
     835     -0.15065032E-03     -0.15967571E-03     -0.10202309E-03     -0.44370132E-03
     836     -0.15065880E-03     -0.15967571E-03     -0.10209488E-03     -0.44370132E-03
     837     -0.15070657E-03     -0.15967571E-03     -0.10226792E-03     -0.44370132E-03
     838     -0.15075714E-03     -0.15967571E-03     -0.10244935E-03     -0.44370132E-03
     839     -0.15076090E-03     -0.15967571E-03     -0.10247128E-03     -0.44370132E-03
     840     -0.15076372E-03     -0.15967571E-03     -0.10249359E-03     -0.44370132E-03
     841     -0.15076753E-03     -0.15967571E-03     -0.10251538E-03     -0.44370132E-03
     842     -0.15076909E-03     -0.15967571E-03     -0.10252504E-03     -0.44370132E-03
     843     -0.15077047E-03     -0.15967571E-03     -0.10254251E-03     -0.44370132E-03
     844     -0.15077615E-03     -0.15967571E-03     -0.10258958E-03     -0.44370132E-03
     845     -0.15078136E-03     -0.15967571E-03     -0.10263215E-03     -0.44370132E-03
     846     -0.15078248E-03     -0.15967571E-03     -0.10264770E-03     -0.44370132E-03
     847     -0.15078396E-03     -0.15967571E-03     -0.10267008E-03     -0.44370132E-03
     848     -0.15078848E-03     -0.15967571E-03     -0.10271189E-03     -0.44370132E-03
     849     -0.15079231E-03     -0.15967571E-03     -0.10274256E-03     -0.44370132E-03
     850     -0.15079355E-03     -0.15967571E-03     -0.10275542E-03     -0.44370132E-03
     851     -0.15079583E-03     -0.15967571E-03     -0.10277438E-03     -0.44370132E-03
     852     -0.15080285E-03     -0.15967571E-03     -0.10282651E-03     -0.44370132E-03
     853     -0.15080848E-03     -0.15967571E-03     -0.10287806E-03     -0.44370132E-03
     854     -0.15080940E-03     -0.15967571E-03     -0.10289506E-03     -0.44370132E-03
     855     -0.15081289E-03     -0.15967571E-03     -0.10291952E-03     -0.44370132E-03
     856     -0.15082519E-03     -0.15967571E-03     -0.10300503E-03     -0.44370132E-03
     857     -0.15083701E-03     -0.15967571E-03     -0.10308265E-03     -0.44370132E-03
     858     -0.15084003E-03     -0.15967571E-03     -0.10310170E-03     -0.44370132E-03
     859     -0.15084110E-03     -0.15967571E-03     -0.10311878E-03     -0.44370132E-03
     860     -0.15084720E-03     -0.15967571E-03     -0.10313370E-03     -0.44370132E-03
     861     -0.15085313E-03     -0.15967571E-03     -0.10315101E-03     -0.44370132E-03
     862     -0.15085395E-03     -0.15967571E-03     -0.10316736E-03     -0.44370132E-03
     863     -0.15088015E-03     -0.15967571E-03     -0.10330461E-03     -0.44370132E-03
     864     -0.15090636E-03     -0.15967571E-03     -0.10344194E-03     -0.44370132E-03
     865     -0.15092622E-03     -0.15967571E-03     -0.10354460E-03     -0.44370132E-03
     866     -0.15094704E-03     -0.15967571E-03     -0.10365255E-03     -0.44370132E-03
     867     -0.15095308E-03     -0.15967571E-03     -0.10371961E-03     -0.44370132E-03
     868     -0.15095909E-03     -0.15967571E-03     -0.10378635E-03     -0.44370132E-03
     869     -0.15096073E-03     -0.15967571E-03     -0.10379395E-03     -0.44370132E-03
     870     -0.15096237E-03     -0.15967571E-03     -0.10380155E-03     -0.44370132E-03
     871     -0.15096797E-03     -0.15967571E-03     -0.10384452E-03     -0.44370132E-03
     872     -0.15097359E-03     -0.15967571E-03     -0.10388759E-03     -0.44370132E-03
     873     -0.15097668E-03     -0.15967571E-03     -0.10392045E-03     -0.44370132E-03
     874     -0.15097977E-03     -0.15967571E-03     -0.10395337E-03     -0.44370132E-03
     875     -0.15099532E-03     -0.15967571E-03     -0.10404290E-03     -0.44370132E-03
     876     -0.15101082E-03     -0.15967571E-03     -0.10413139E-03     -0.44370132E-03
     877     -0.15101616E-03     -0.15967571E-03     -0.10416650E-03     -0.44370132E-03
     878     -0.15101653E-03     -0.15967571E-03     -0.10417552E-03     -0.44370132E-03
     879     -0.15101790E-03     -0.15967571E-03     -0.10419112E-03     -0.44370132E-03
     880     -0.15102136E-03     -0.15967571E-03     -0.10421588E-03     -0.44370132E-03
     881     -0.15102816E-03     -0.15967571E-03     -0.10426494E-03     -0.44370132E-03
     882     -0.15103191E-03     -0.15967571E-03     -0.10430214E-03     -0.44370132E-03
     883     -0.15103800E-03     -0.15967571E-03     -0.10434200E-03     -0.44370132E-03
     884     -0.15104441E-03     -0.15967571E-03     -0.10438077E-03     -0.44370132E-03
     885     -0.15107214E-03     -0.15967571E-03     -0.10450690E-03     -0.44370132E-03
     886     -0.15109746E-03     -0.15967571E-03     -0.10462494E-03     -0.44370132E-03
     887     -0.15110399E-03     -0.15967571E-03     -0.10467436E-03     -0.44370132E-03
     888     -0.15111056E-03     -0.15967571E-03     -0.10472399E-03     -0.44370132E-03
     889     -0.15113193E-03     -0.15967571E-03     -0.10482791E-03     -0.44370132E-03
     890     -0.15115570E-03     -0.15967571E-03     -0.10493779E-03     -0.44370132E-03
     891     -0.15116531E-03     -0.15967571E-03     -0.10503578E-03     -0.44370132E-03
     892     -0.15117486E-03     -0.15967571E-03     -0.10513353E-03     -0.44370132E-03
     893     -0.15118167E-03     -0.15967571E-03     -0.10517088E-03     -0.44370132E-03
     894     -0.15118884E-03     -0.15967571E-03     -0.10521001E-03     -0.44370132E-03
     895     -0.15119670E-03     -0.15967571E-03     -0.10528555E-03     -0.44370132E-03
     896     -0.15120457E-03     -0.15967571E-03     -0.10536159E-03     -0.44370132E-03
     897     -0.15120810E-03     -0.15967571E-03     -0.10538153E-03     -0.44370132E-03
     898     -0.15121162E-03     -0.15967571E-03     -0.10540140E-03     -0.44370132E-03
     899     -0.15121450E-03     -0.15967571E-03     -0.10542065E-03     -0.44370132E-03
     900     -0.15121737E-03     -0.15967571E-03     -0.10543990E-03     -0.44370132E-03
     901     -0.15121929E-03     -0.15967571E-03     -0.10545747E-03     -0.44370132E-03
     902     -0.15122120E-03     -0.15967571E-03     -0.10547510E-03     -0.44370132E-03
     903     -0.15124073E-03     -0.15967571E-03     -0.10558793E-03     -0.44370132E-03
     904     -0.15126277E-03     -0.15967571E-03     -0.10571188E-03     -0.44370132E-03
     905     -0.15126507E-03     -0.15967571E-03     -0.10573438E-03     -0.44370132E-03
     906     -0.15126681E-03     -0.15967571E-03     -0.10575441E-03     -0.44370132E-03
     907     -0.15127163E-03     -0.15967571E-03     -0.10579612E-03     -0.44370132E-03
     908     -0.15127645E-03     -0.15967571E-03     -0.10583791E-03     -0.44370132E-03
     909     -0.15128569E-03     -0.15967571E-03     -0.10593501E-03     -0.44370132E-03
     910     -0.15129484E-03     -0.15967571E-03     -0.10603232E-03     -0.44370132E-03
     911     -0.15130671E-03     -0.15967571E-03     -0.10610332E-03     -0.44370132E-03
     912     -0.15134465E-03     -0.15967571E-03     -0.10628462E-03     -0.44370132E-03
     913     -0.15138440E-03     -0.15967571E-03     -0.10650646E-03     -0.44370132E-03
     914     -0.15139217E-03     -0.15967571E-03     -0.10658966E-03     -0.44370132E-03
     915     -0.15140968E-03     -0.15967571E-03     -0.10670829E-03     -0.44370132E-03
     916     -0.15143168E-03     -0.15967571E-03     -0.10685875E-03     -0.44370132E-03
     917     -0.15144517E-03     -0.15967571E-03     -0.10695877E-03     -0.44370132E-03
     918     -0.15145596E-03     -0.15967571E-03     -0.10703626E-03     -0.44370132E-03
     919     -0.15147236E-03     -0.15967571E-03     -0.10713040E-03     -0.44370132E-03
     920     -0.15148760E-03     -0.15967571E-03     -0.10721712E-03     -0.44370132E-03
     921     -0.15149037E-03     -0.15967571E-03     -0.10723652E-03     -0.44370132E-03
     922     -0.15150378E-03     -0.15967571E-03     -0.10729155E-03     -0.44370132E-03
     923     -0.15153017E-03     -0.15967571E-03     -0.10740576E-03     -0.44370132E-03
     924     -0.15154620E-03     -0.15967571E-03     -0.10748879E-03     -0.44370132E-03
     925     -0.15154818E-03     -0.15967571E-03     -0.10752023E-03     -0.44370132E-03
     926     -0.15155446E-03     -0.15967571E-03     -0.10757979E-03     -0.44370132E-03
     927     -0.15156447E-03     -0.15967571E-03     -0.10762803E-03     -0.44370132E-03
     928     -0.15157029E-03     -0.15967571E-03     -0.10764162E-03     -0.44370132E-03
     929     -0.15157465E-03     -0.15967571E-03     -0.10766282E-03     -0.44370132E-03
     930     -0.15157982E-03     -0.15967571E-03     -0.10769352E-03     -0.44370132E-03
     931     -0.15158834E-03     -0.15967571E-03     -0.10774865E-03     -0.44370132E-03
     932     -0.15159604E-03     -0.15967571E-03     -0.10779643E-03     -0.44370132E-03
     933     -0.15160164E-03     -0.15967571E-03     -0.10784225E-03     -0.44370132E-03
     934     -0.15160670E-03     -0.15967571E-03     -0.10788597E-03     -0.44370132E-03
     935     -0.15161431E-03     -0.15967571E-03     -0.10797068E-03     -0.44370132E-03
     936     -0.15162435E-03     -0.15967571E-03     -0.10806386E-03     -0.44370132E-03
     937     -0.15164421E-03     -0.15967571E-03     -0.10817921E-03     -0.44370132E-03
     938     -0.15169498E-03     -0.15967571E-03     -0.10847371E-03     -0.44370132E-03
     939     -0.15173397E-03     -0.15967571E-03     -0.10868735E-03     -0.44370132E-03
     940     -0.15174353E-03     -0.15967571E-03     -0.10874686E-03     -0.44370132E-03
     941     -0.15175082E-03     -0.15967571E-03     -0.10881300E-03     -0.44370132E-03
     942     -0.15178737E-03     -0.15967571E-03     -0.10902142E-03     -0.44370132E-03
     943     -0.15185550E-03     -0.15967571E-03     -0.10942277E-03     -0.44370132E-03
     944     -0.15189070E-03     -0.15967571E-03     -0.10962647E-03     -0.44370132E-03
     945     -0.15190618E-03     -0.15967571E-03     -0.10972928E-03     -0.44370132E-03
     946     -0.15192160E-03     -0.15967571E-03     -0.10983564E-03     -0.44370132E-03
     947     -0.15193143E-03     -0.15967571E-03     -0.10992941E-03     -0.44370132E-03
     948     -0.15194128E-03     -0.15967571E-03     -0.11003881E-03     -0.44370132E-03
     949     -0.15195066E-03     -0.15967571E-03     -0.11014426E-03     -0.44370132E-03
     950     -0.15196106E-03     -0.15967571E-03     -0.11024570E-03     -0.44370132E-03
     951     -0.15196621E-03     -0.15967571E-03     -0.11028291E-03     -0.44370132E-03
     952     -0.15197114E-03     -0.15967571E-03     -0.11031124E-03     -0.44370132E-03
     953     -0.15200415E-03     -0.15967571E-03     -0.11050414E-03     -0.44370132E-03
     954     -0.15203580E-03     -0.15967571E-03     -0.11069652E-03     -0.44370132E-03
     955     -0.15203660E-03     -0.15967571E-03     -0.11071704E-03     -0.44370132E-03
     956     -0.15204412E-03     -0.15967571E-03     -0.11077582E-03     -0.44370132E-03
     957     -0.15208583E-03     -0.15967571E-03     -0.11101820E-03     -0.44370132E-03
     958     -0.15212451E-03     -0.15967571E-03     -0.11124680E-03     -0.44370132E-03
     959     -0.15213467E-03     -0.15967571E-03     -0.11131643E-03     -0.44370132E-03
     960     -0.15214632E-03     -0.15967571E-03     -0.11139143E-03     -0.44370132E-03
     961     -0.15215502E-03     -0.15967571E-03     -0.11146065E-03     -0.44370132E-03
     962     -0.15215915E-03     -0.15967571E-03     -0.11149783E-03     -0.44370132E-03
     963     -0.15216576E-03     -0.15967571E-03     -0.11158602E-03     -0.44370132E-03
     964     -0.15217279E-03     -0.15967571E-03     -0.11167153E-03     -0.44370132E-03
     965     -0.15219003E-03     -0.15967571E-03     -0.11177391E-03     -0.44370132E-03
     966     -0.15223102E-03     -0.15967571E-03     -0.11203339E-03     -0.44370132E-03
     967     -0.15225941E-03     -0.15967571E-03     -0.11221682E-03     -0.44370132E-03
     968     -0.15226441E-03     -0.15967571E-03     -0.11226312E-03     -0.44370132E-03
     969     -0.15227308E-03     -0.15967571E-03     -0.11233048E-03     -0.44370132E-03
     970     -0.15228139E-03     -0.15967571E-03     -0.11238986E-03     -0.44370132E-03
     971     -0.15228665E-03     -0.15967571E-03     -0.11243509E-03     -0.44370132E-03
     972     -0.15232428E-03     -0.15967571E-03     -0.11264711E-03     -0.44370132E-03
     973     -0.15235841E-03     -0.15967571E-03     -0.11283955E-03     -0.44370132E-03
     974     -0.15236213E-03     -0.15967571E-03     -0.11288707E-03     -0.44370132E-03
     975     -0.15236583E-03     -0.15967571E-03     -0.11294031E-03     -0.44370132E-03
     976     -0.15237107E-03     -0.15967571E-03     -0.11299435E-03     -0.44370132E-03
     977     -0.15238411E-03     -0.15967571E-03     -0.11312296E-03     -0.44370132E-03
     978     -0.15240703E-03     -0.15967571E-03     -0.11327866E-03     -0.44370132E-03
     979     -0.15244184E-03     -0.15967571E-03     -0.11343618E-03     -0.44370132E-03
     980     -0.15244583E-03     -0.15967571E-03     -0.11347479E-03     -0.44370132E-03
     981     -0.15246896E-03     -0.15967571E-03     -0.11364442E-03     -0.44370132E-03
     982     -0.15249131E-03     -0.15967571E-03     -0.11382486E-03     -0.44370132E-03
     983     -0.15252561E-03     -0.15967571E-03     -0.11399569E-03     -0.44370132E-03
     984     -0.15257506E-03     -0.15967571E-03     -0.11427630E-03     -0.44370132E-03
     985     -0.15259337E-03     -0.15967571E-03     -0.11442966E-03     -0.44370132E-03
     986     -0.15259867E-03     -0.15967571E-03     -0.11447552E-03     -0.44370132E-03
     987     -0.15260696E-03     -0.15967571E-03     -0.11452944E-03     -0.44370132E-03
     988     -0.15261494E-03     -0.15967571E-03     -0.11458131E-03     -0.44370132E-03
     989     -0.15261669E-03     -0.15967571E-03     -0.11460106E-03     -0.44370132E-03
     990     -0.15261845E-03     -0.15967571E-03     -0.11462098E-03     -0.44370132E-03
     991     -0.15264952E-03     -0.15967571E-03     -0.11475231E-03     -0.44370132E-03
     992     -0.15265116E-03     -0.15967571E-03     -0.11477154E-03     -0.44370132E-03
     993     -0.15265751E-03     -0.15967571E-03     -0.11482623E-03     -0.44370132E-03
     994     -0.15267142E-03     -0.15967571E-03     -0.11491391E-03     -0.44370132E-03
     995     -0.15267622E-03     -0.15967571E-03     -0.11494736E-03     -0.44370132E-03
     996     -0.15268117E-03     -0.15967571E-03     -0.11497963E-03     -0.44370132E-03
     997     -0.15269399E-03     -0.15967571E-03     -0.11502706E-03     -0.44370132E-03
     998     -0.15270583E-03     -0.15967571E-03     -0.11506988E-03     -0.44370132E-03
     999     -0.15271768E-03     -0.15967571E-03     -0.11514440E-03     -0.44370132E-03
    1000     -0.15272363E-03     -0.15967571E-03     -0.11518417E-03     -0.44370132E-03
    1001     -0.15273545E-03     -0.15967571E-03     -0.11528389E-03     -0.44370132E-03
    1002     -0.15275023E-03     -0.15967571E-03     -0.11540315E-03     -0.44370132E-03
    1003     -0.15275899E-03     -0.15967571E-03     -0.11551680E-03     -0.44370132E-03
    1004     -0.15276773E-03     -0.15967571E-03     -0.11563017E-03     -0.44370132E-03
    1005     -0.15279336E-03     -0.15967571E-03     -0.11573154E-03     -0.44370132E-03
    1006     -0.15280821E-03     -0.15967571E-03     -0.11581142E-03     -0.44370132E-03
    1007     -0.15281160E-03     -0.15967571E-03     -0.11584767E-03     -0.44370132E-03
    1008     -0.15282130E-03     -0.15967571E-03     -0.11591121E-03     -0.44370132E-03
    1009     -0.15282888E-03     -0.15967571E-03     -0.11596590E-03     -0.44370132E-03
    1010     -0.15283158E-03     -0.15967571E-03     -0.11598931E-03     -0.44370132E-03
    1011     -0.15286242E-03     -0.15967571E-03     -0.11617185E-03     -0.44370132E-03
    1012     -0.15289334E-03     -0.15967571E-03     -0.11636026E-03     -0.44370132E-03
    1013     -0.15289953E-03     -0.15967571E-03     -0.11639223E-03     -0.44370132E-03
    1014     -0.15293188E-03     -0.15967571E-03     -0.11654672E-03     -0.44370132E-03
    1015     -0.15296677E-03     -0.15967571E-03     -0.11677177E-03     -0.44370132E-03
    1016     -0.15297453E-03     -0.15967571E-03     -0.11685108E-03     -0.44370132E-03
    1017     -0.15297801E-03     -0.15967571E-03     -0.11686900E-03     -0.44370132E-03
    1018     -0.15298304E-03     -0.15967571E-03     -0.11689990E-03     -0.44370132E-03
    1019     -0.15302248E-03     -0.15967571E-03     -0.11709424E-03     -0.44370132E-03
    1020     -0.15305447E-03     -0.15967571E-03     -0.11724619E-03     -0.44370132E-03
    1021     -0.15306852E-03     -0.15967571E-03     -0.11735035E-03     -0.44370132E-03
    1022     -0.15308673E-03     -0.15967571E-03     -0.11748570E-03     -0.44370132E-03
    1023     -0.15309418E-03     -0.15967571E-03     -0.11757424E-03     -0.44370132E-03
    1024     -0.15311102E-03     -0.15967571E-03     -0.11771173E-03     -0.44370132E-03
    1025     -0.15311204E-03     -0.15967571E-03     -0.11773072E-03     -0.44370132E-03
    1026     -0.15311304E-03     -0.15967571E-03     -0.11774924E-03     -0.44370132E-03
    1027     -0.15314418E-03     -0.15967571E-03     -0.11793054E-03     -0.44370132E-03
    1028     -0.15317581E-03     -0.15967571E-03     -0.11811346E-03     -0.44370132E-03
    1029     -0.15321323E-03     -0.15967571E-03     -0.11830604E-03     -0.44370132E-03
    1030     -0.15322186E-03     -0.15967571E-03     -0.11838080E-03     -0.44370132E-03
    1031     -0.15322581E-03     -0.15967571E-03     -0.11841847E-03     -0.44370132E-03
    1032     -0.15323629E-03     -0.15967571E-03     -0.11845071E-03     -0.44370132E-03
    1033     -0.15324670E-03     -0.15967571E-03     -0.11847868E-03     -0.44370132E-03
    1034     -0.15324938E-03     -0.15967571E-03     -0.11849447E-03     -0.44370132E-03
    1035     -0.15325362E-03     -0.15967571E-03     -0.11852999E-03     -0.44370132E-03
    1036     -0.15325827E-03     -0.15967571E-03     -0.11857198E-03     -0.44370132E-03
    1037     -0.15326655E-03     -0.15967571E-03     -0.11864279E-03     -0.44370132E-03
    1038     -0.15329575E-03     -0.15967571E-03     -0.11880455E-03     -0.44370132E-03
    1039     -0.15330335E-03     -0.15967571E-03     -0.11885668E-03     -0.44370132E-03
    1040     -0.15331093E-03     -0.15967571E-03     -0.11890893E-03     -0.44370132E-03
    1041     -0.15331391E-03     -0.15967571E-03     -0.11894531E-03     -0.44370132E-03
    1042     -0.15331683E-03     -0.15967571E-03     -0.11898145E-03     -0.44370132E-03
    1043     -0.15332081E-03     -0.15967571E-03     -0.11901646E-03     -0.44370132E-03
    1044     -0.15332479E-03     -0.15967571E-03     -0.11905149E-03     -0.44370132E-03
    1045     -0.15332750E-03     -0.15967571E-03     -0.11907508E-03     -0.44370132E-03
    1046     -0.15333032E-03     -0.15967571E-03     -0.11909897E-03     -0.44370132E-03
    1047     -0.15335015E-03     -0.15967571E-03     -0.11926476E-03     -0.44370132E-03
    1048     -0.15336808E-03     -0.15967571E-03     -0.11941209E-03     -0.44370132E-03
    1049     -0.15337232E-03     -0.15967571E-03     -0.11947186E-03     -0.44370132E-03
    1050     -0.15337844E-03     -0.15967571E-03     -0.11955199E-03     -0.44370132E-03
    1051     -0.15338228E-03     -0.15967571E-03     -0.11957578E-03     -0.44370132E-03
    1052     -0.15338611E-03     -0.15967571E-03     -0.11960151E-03     -0.44370132E-03
    1053     -0.15339739E-03     -0.15967571E-03     -0.11968505E-03     -0.44370132E-03
    1054     -0.15341361E-03     -0.15967571E-03     -0.11981055E-03     -0.44370132E-03
    1055     -0.15342226E-03     -0.15967571E-03     -0.11988673E-03     -0.44370132E-03
    1056     -0.15342650E-03     -0.15967571E-03     -0.11991786E-03     -0.44370132E-03
    1057     -0.15342988E-03     -0.15967571E-03     -0.11994418E-03     -0.44370132E-03
    1058     -0.15345288E-03     -0.15967571E-03     -0.12011272E-03     -0.44370132E-03
    1059     -0.15347352E-03     -0.15967571E-03     -0.12026056E-03     -0.44370132E-03
    1060     -0.15347537E-03     -0.15967571E-03     -0.12028696E-03     -0.44370132E-03
    1061     -0.15348294E-03     -0.15967571E-03     -0.12032463E-03     -0.44370132E-03
    1062     -0.15348883E-03     -0.15967571E-03     -0.12033783E-03     -0.44370132E-03
    1063     -0.15349288E-03     -0.15967571E-03     -0.12039314E-03     -0.44370132E-03
    1064     -0.15349696E-03     -0.15967571E-03     -0.12044896E-03     -0.44370132E-03
    1065     -0.15350240E-03     -0.15967571E-03     -0.12052678E-03     -0.44370132E-03
    1066     -0.15350786E-03     -0.15967571E-03     -0.12060485E-03     -0.44370132E-03
    1067     -0.15351024E-03     -0.15967571E-03     -0.12062883E-03     -0.44370132E-03
    1068     -0.15351265E-03     -0.15967571E-03     -0.12065279E-03     -0.44370132E-03
    1069     -0.15352099E-03     -0.15967571E-03     -0.12072778E-03     -0.44370132E-03
    1070     -0.15352932E-03     -0.15967571E-03     -0.12080277E-03     -0.44370132E-03
    1071     -0.15353318E-03     -0.15967571E-03     -0.12083472E-03     -0.44370132E-03
    1072     -0.15353705E-03     -0.15967571E-03     -0.12086669E-03     -0.44370132E-03
    1073     -0.15354102E-03     -0.15967571E-03     -0.12091017E-03     -0.44370132E-03
    1074     -0.15354498E-03     -0.15967571E-03     -0.12095353E-03     -0.44370132E-03
    1075     -0.15355618E-03     -0.15967571E-03     -0.12102299E-03     -0.44370132E-03
    1076     -0.15356541E-03     -0.15967571E-03     -0.12108746E-03     -0.44370132E-03
    1077     -0.15356755E-03     -0.15967571E-03     -0.12112109E-03     -0.44370132E-03
    1078     -0.15357271E-03     -0.15967571E-03     -0.12116675E-03     -0.44370132E-03
    1079     -0.15357685E-03     -0.15967571E-03     -0.12122024E-03     -0.44370132E-03
    1080     -0.15358099E-03     -0.15967571E-03     -0.12127372E-03     -0.44370132E-03
    1081     -0.15359629E-03     -0.15967571E-03     -0.12135685E-03     -0.44370132E-03
    1082     -0.15361019E-03     -0.15967571E-03     -0.12143258E-03     -0.44370132E-03
    1083     -0.15361730E-03     -0.15967571E-03     -0.12149254E-03     -0.44370132E-03
    1084     -0.15362440E-03     -0.15967571E-03     -0.12155244E-03     -0.44370132E-03
    1085     -0.15362653E-03     -0.15967571E-03     -0.12156693E-03     -0.44370132E-03
    1086     -0.15363167E-03     -0.15967571E-03     -0.12158695E-03     -0.44370132E-03
    1087     -0.15366663E-03     -0.15967571E-03     -0.12177134E-03     -0.44370132E-03
    1088     -0.15369807E-03     -0.15967571E-03     -0.12193853E-03     -0.44370132E-03
    1089     -0.15369953E-03     -0.15967571E-03     -0.12195315E-03     -0.44370132E-03
    1090     -0.15370728E-03     -0.15967571E-03     -0.12201652E-03     -0.44370132E-03
    1091     -0.15371493E-03     -0.15967571E-03     -0.12208343E-03     -0.44370132E-03
    1092     -0.15373111E-03     -0.15967571E-03     -0.12218403E-03     -0.44370132E-03
    1093     -0.15375066E-03     -0.15967571E-03     -0.12230147E-03     -0.44370132E-03
    1094     -0.15375808E-03     -0.15967571E-03     -0.12235586E-03     -0.44370132E-03
    1095     -0.15376775E-03     -0.15967571E-03     -0.12243592E-03     -0.44370132E-03
    1096     -0.15378401E-03     -0.15967571E-03     -0.12252638E-03     -0.44370132E-03
    1097     -0.15381016E-03     -0.15967571E-03     -0.12270875E-03     -0.44370132E-03
    1098     -0.15384194E-03     -0.15967571E-03     -0.12298790E-03     -0.44370132E-03
    1099     -0.15385941E-03     -0.15967571E-03     -0.12313271E-03     -0.44370132E-03
    1100     -0.15386304E-03     -0.15967571E-03     -0.12315485E-03     -0.44370132E-03
    1101     -0.15386505E-03     -0.15967571E-03     -0.12317552E-03     -0.44370132E-03
    1102     -0.15387274E-03     -0.15967571E-03     -0.12322185E-03     -0.44370132E-03
    1103     -0.15387932E-03     -0.15967571E-03     -0.12325728E-03     -0.44370132E-03
    1104     -0.15388155E-03     -0.15967571E-03     -0.12329059E-03     -0.44370132E-03
    1105     -0.15388518E-03     -0.15967571E-03     -0.12335373E-03     -0.44370132E-03
    1106     -0.15389500E-03     -0.15967571E-03     -0.12346608E-03     -0.44370132E-03
    1107     -0.15390459E-03     -0.15967571E-03     -0.12357005E-03     -0.44370132E-03
    1108     -0.15390917E-03     -0.15967571E-03     -0.12362421E-03     -0.44370132E-03
    1109     -0.15391394E-03     -0.15967571E-03     -0.12367523E-03     -0.44370132E-03
    1110     -0.15392167E-03     -0.15967571E-03     -0.12377682E-03     -0.44370132E-03
    1111     -0.15392791E-03     -0.15967571E-03     -0.12385781E-03     -0.44370132E-03
    1112     -0.15393070E-03     -0.15967571E-03     -0.12387518E-03     -0.44370132E-03
    1113     -0.15393904E-03     -0.15967571E-03     -0.12390796E-03     -0.44370132E-03
    1114     -0.15395418E-03     -0.15967571E-03     -0.12402116E-03     -0.44370132E-03
    1115     -0.15396610E-03     -0.15967571E-03     -0.12413620E-03     -0.44370132E-03
    1116     -0.15396936E-03     -0.15967571E-03     -0.12417026E-03     -0.44370132E-03
    1117     -0.15397862E-03     -0.15967571E-03     -0.12428277E-03     -0.44370132E-03
    1118     -0.15398788E-03     -0.15967571E-03     -0.12439520E-03     -0.44370132E-03
    1119     -0.15399124E-03     -0.15967571E-03     -0.12443421E-03     -0.44370132E-03
    1120     -0.15399460E-03     -0.15967571E-03     -0.12447316E-03     -0.44370132E-03
    1121     -0.15399999E-03     -0.15967571E-03     -0.12452375E-03     -0.44370132E-03
    1122     -0.15400541E-03     -0.15967571E-03     -0.12457474E-03     -0.44370132E-03
    1123     -0.15400833E-03     -0.15967571E-03     -0.12461073E-03     -0.44370132E-03
    1124     -0.15402788E-03     -0.15967571E-03     -0.12481961E-03     -0.44370132E-03
    1125     -0.15404613E-03     -0.15967571E-03     -0.12502184E-03     -0.44370132E-03
    1126     -0.15405160E-03     -0.15967571E-03     -0.12510218E-03     -0.44370132E-03
    1127     -0.15405752E-03     -0.15967571E-03     -0.12518391E-03     -0.44370132E-03
    1128     -0.15408015E-03     -0.15967571E-03     -0.12537767E-03     -0.44370132E-03
    1129     -0.15410201E-03     -0.15967571E-03     -0.12556066E-03     -0.44370132E-03
    1130     -0.15410301E-03     -0.15967571E-03     -0.12557295E-03     -0.44370132E-03
    1131     -0.15410339E-03     -0.15967571E-03     -0.12558764E-03     -0.44370132E-03
    1132     -0.15410379E-03     -0.15967571E-03     -0.12560666E-03     -0.44370132E-03
    1133     -0.15410708E-03     -0.15967571E-03     -0.12562857E-03     -0.44370132E-03
    1134     -0.15411040E-03     -0.15967571E-03     -0.12565146E-03     -0.44370132E-03
    1135     -0.15411572E-03     -0.15967571E-03     -0.12570749E-03     -0.44370132E-03
    1136     -0.15412104E-03     -0.15967571E-03     -0.12576344E-03     -0.44370132E-03
    1137     -0.15412367E-03     -0.15967571E-03     -0.12579968E-03     -0.44370132E-03
    1138     -0.15412629E-03     -0.15967571E-03     -0.12583632E-03     -0.44370132E-03
    1139     -0.15412863E-03     -0.15967571E-03     -0.12586750E-03     -0.44370132E-03
    1140     -0.15413098E-03     -0.15967571E-03     -0.12589882E-03     -0.44370132E-03
    1141     -0.15413200E-03     -0.15967571E-03     -0.12591091E-03     -0.44370132E-03
    1142     -0.15413301E-03     -0.15967571E-03     -0.12592299E-03     -0.44370132E-03
    1143     -0.15413630E-03     -0.15967571E-03     -0.12595627E-03     -0.44370132E-03
    1144     -0.15413959E-03     -0.15967571E-03     -0.12598973E-03     -0.44370132E-03
    1145     -0.15413997E-03     -0.15967571E-03     -0.12601249E-03     -0.44370132E-03
    1146     -0.15414106E-03     -0.15967571E-03     -0.12603905E-03     -0.44370132E-03
    1147     -0.15415179E-03     -0.15967571E-03     -0.12614584E-03     -0.44370132E-03
    1148     -0.15416179E-03     -0.15967571E-03     -0.12624805E-03     -0.44370132E-03
    1149     -0.15416708E-03     -0.15967571E-03     -0.12632156E-03     -0.44370132E-03
    1150     -0.15417241E-03     -0.15967571E-03     -0.12639539E-03     -0.44370132E-03
    1151     -0.15417570E-03     -0.15967571E-03     -0.12643742E-03     -0.44370132E-03
    1152     -0.15417899E-03     -0.15967571E-03     -0.12647954E-03     -0.44370132E-03
    1153     -0.15418328E-03     -0.15967571E-03     -0.12656867E-03     -0.44370132E-03
    1154     -0.15418757E-03     -0.15967571E-03     -0.12665780E-03     -0.44370132E-03
    1155     -0.15420240E-03     -0.15967571E-03     -0.12678914E-03     -0.44370132E-03
    1156     -0.15421731E-03     -0.15967571E-03     -0.12692072E-03     -0.44370132E-03
    1157     -0.15421989E-03     -0.15967571E-03     -0.12696089E-03     -0.44370132E-03
    1158     -0.15422247E-03     -0.15967571E-03     -0.12700091E-03     -0.44370132E-03
    1159     -0.15422285E-03     -0.15967571E-03     -0.12701023E-03     -0.44370132E-03
    1160     -0.15422324E-03     -0.15967571E-03     -0.12701957E-03     -0.44370132E-03
    1161     -0.15422638E-03     -0.15967571E-03     -0.12706391E-03     -0.44370132E-03
    1162     -0.15422954E-03     -0.15967571E-03     -0.12710862E-03     -0.44370132E-03
    1163     -0.15424486E-03     -0.15967571E-03     -0.12722745E-03     -0.44370132E-03
    1164     -0.15426012E-03     -0.15967571E-03     -0.12734595E-03     -0.44370132E-03
    1165     -0.15426677E-03     -0.15967571E-03     -0.12740461E-03     -0.44370132E-03
    1166     -0.15427339E-03     -0.15967571E-03     -0.12746298E-03     -0.44370132E-03
    1167     -0.15427534E-03     -0.15967571E-03     -0.12749426E-03     -0.44370132E-03
    1168     -0.15427730E-03     -0.15967571E-03     -0.12752555E-03     -0.44370132E-03
    1169     -0.15428002E-03     -0.15967571E-03     -0.12755843E-03     -0.44370132E-03
    1170     -0.15428275E-03     -0.15967571E-03     -0.12759122E-03     -0.44370132E-03
    1171     -0.15429732E-03     -0.15967571E-03     -0.12772987E-03     -0.44370132E-03
    1172     -0.15431174E-03     -0.15967571E-03     -0.12786723E-03     -0.44370132E-03
    1173     -0.15434095E-03     -0.15967571E-03     -0.12799217E-03     -0.44370132E-03
    1174     -0.15434893E-03     -0.15967571E-03     -0.12803905E-03     -0.44370132E-03
    1175     -0.15435703E-03     -0.15967571E-03     -0.12811712E-03     -0.44370132E-03
    1176     -0.15440228E-03     -0.15967571E-03     -0.12834328E-03     -0.44370132E-03
    1177     -0.15442953E-03     -0.15967571E-03     -0.12856517E-03     -0.44370132E-03
    1178     -0.15445744E-03     -0.15967571E-03     -0.12878922E-03     -0.44370132E-03
    1179     -0.15445900E-03     -0.15967571E-03     -0.12881282E-03     -0.44370132E-03
    1180     -0.15446056E-03     -0.15967571E-03     -0.12883645E-03     -0.44370132E-03
    1181     -0.15446178E-03     -0.15967571E-03     -0.12885293E-03     -0.44370132E-03
    1182     -0.15446299E-03     -0.15967571E-03     -0.12886946E-03     -0.44370132E-03
    1183     -0.15447155E-03     -0.15967571E-03     -0.12898559E-03     -0.44370132E-03
    1184     -0.15448016E-03     -0.15967571E-03     -0.12910181E-03     -0.44370132E-03
    1185     -0.15449510E-03     -0.15967571E-03     -0.12921978E-03     -0.44370132E-03
    1186     -0.15451014E-03     -0.15967571E-03     -0.12933931E-03     -0.44370132E-03
    1187     -0.15452631E-03     -0.15967571E-03     -0.12943591E-03     -0.44370132E-03
    1188     -0.15453016E-03     -0.15967571E-03     -0.12947725E-03     -0.44370132E-03
    1189     -0.15455896E-03     -0.15967571E-03     -0.12961259E-03     -0.44370132E-03
    1190     -0.15456911E-03     -0.15967571E-03     -0.12967094E-03     -0.44370132E-03
    1191     -0.15457682E-03     -0.15967571E-03     -0.12980807E-03     -0.44370132E-03
    1192     -0.15459137E-03     -0.15967571E-03     -0.13000229E-03     -0.44370132E-03
    1193     -0.15460045E-03     -0.15967571E-03     -0.13008178E-03     -0.44370132E-03
    1194     -0.15461260E-03     -0.15967571E-03     -0.13014762E-03     -0.44370132E-03
    1195     -0.15464131E-03     -0.15967571E-03     -0.13029487E-03     -0.44370132E-03
    1196     -0.15465917E-03     -0.15967571E-03     -0.13039377E-03     -0.44370132E-03
    1197     -0.15466127E-03     -0.15967571E-03     -0.13042105E-03     -0.44370132E-03
    1198     -0.15466247E-03     -0.15967571E-03     -0.13043510E-03     -0.44370132E-03
    1199     -0.15466606E-03     -0.15967571E-03     -0.13046483E-03     -0.44370132E-03
    1200     -0.15466874E-03     -0.15967571E-03     -0.13049612E-03     -0.44370132E-03
    1201     -0.15467260E-03     -0.15967571E-03     -0.13056009E-03     -0.44370132E-03
    1202     -0.15467612E-03     -0.15967571E-03     -0.13061709E-03     -0.44370132E-03
    1203     -0.15467843E-03     -0.15967571E-03     -0.13065210E-03     -0.44370132E-03
    1204     -0.15468210E-03     -0.15967571E-03     -0.13070886E-03     -0.44370132E-03
    1205     -0.15468423E-03     -0.15967571E-03     -0.13074885E-03     -0.44370132E-03
    1206     -0.15468620E-03     -0.15967571E-03     -0.13078151E-03     -0.44370132E-03
    1207     -0.15469166E-03     -0.15967571E-03     -0.13082980E-03     -0.44370132E-03
    1208     -0.15469510E-03     -0.15967571E-03     -0.13087004E-03     -0.44370132E-03
    1209     -0.15472466E-03     -0.15967571E-03     -0.13101604E-03     -0.44370132E-03
    1210     -0.15473081E-03     -0.15967571E-03     -0.13106836E-03     -0.44370132E-03
    1211     -0.15473621E-03     -0.15967571E-03     -0.13111775E-03     -0.44370132E-03
    1212     -0.15475740E-03     -0.15967571E-03     -0.13122695E-03     -0.44370132E-03
    1213     -0.15475940E-03     -0.15967571E-03     -0.13125918E-03     -0.44370132E-03
    1214     -0.15476089E-03     -0.15967571E-03     -0.13129290E-03     -0.44370132E-03
    1215     -0.15476454E-03     -0.15967571E-03     -0.13135211E-03     -0.44370132E-03
    1216     -0.15476818E-03     -0.15967571E-03     -0.13141023E-03     -0.44370132E-03
    1217     -0.15480331E-03     -0.15967571E-03     -0.13158422E-03     -0.44370132E-03
    1218     -0.15484977E-03     -0.15967571E-03     -0.13185516E-03     -0.44370132E-03
    1219     -0.15485768E-03     -0.15967571E-03     -0.13195136E-03     -0.44370132E-03
    1220     -0.15486609E-03     -0.15967571E-03     -0.13203416E-03     -0.44370132E-03
    1221     -0.15487670E-03     -0.15967571E-03     -0.13212110E-03     -0.44370132E-03
    1222     -0.15487979E-03     -0.15967571E-03     -0.13214844E-03     -0.44370132E-03
    1223     -0.15488050E-03     -0.15967571E-03     -0.13216230E-03     -0.44370132E-03
    1224     -0.15488193E-03     -0.15967571E-03     -0.13218058E-03     -0.44370132E-03
    1225     -0.15488533E-03     -0.15967571E-03     -0.13221896E-03     -0.44370132E-03
    1226     -0.15488768E-03     -0.15967571E-03     -0.13225166E-03     -0.44370132E-03
    1227     -0.15489853E-03     -0.15967571E-03     -0.13236148E-03     -0.44370132E-03
    1228     -0.15490939E-03     -0.15967571E-03     -0.13247133E-03     -0.44370132E-03
    1229     -0.15491226E-03     -0.15967571E-03     -0.13252862E-03     -0.44370132E-03
    1230     -0.15491511E-03     -0.15967571E-03     -0.13258588E-03     -0.44370132E-03
    1231     -0.15491558E-03     -0.15967571E-03     -0.13259615E-03     -0.44370132E-03
    1232     -0.15491603E-03     -0.15967571E-03     -0.13260640E-03     -0.44370132E-03
    1233     -0.15491877E-03     -0.15967571E-03     -0.13264397E-03     -0.44370132E-03
    1234     -0.15492152E-03     -0.15967571E-03     -0.13268159E-03     -0.44370132E-03
    1235     -0.15493343E-03     -0.15967571E-03     -0.13275564E-03     -0.44370132E-03
    1236     -0.15493549E-03     -0.15967571E-03     -0.13277573E-03     -0.44370132E-03
    1237     -0.15495691E-03     -0.15967571E-03     -0.13290312E-03     -0.44370132E-03
    1238     -0.15498962E-03     -0.15967571E-03     -0.13309218E-03     -0.44370132E-03
    1239     -0.15499097E-03     -0.15967571E-03     -0.13311667E-03     -0.44370132E-03
    1240     -0.15499275E-03     -0.15967571E-03     -0.13314606E-03     -0.44370132E-03
    1241     -0.15499358E-03     -0.15967571E-03     -0.13316282E-03     -0.44370132E-03
    1242     -0.15499469E-03     -0.15967571E-03     -0.13317455E-03     -0.44370132E-03
    1243     -0.15499618E-03     -0.15967571E-03     -0.13319242E-03     -0.44370132E-03
    1244     -0.15499755E-03     -0.15967571E-03     -0.13321507E-03     -0.44370132E-03
    1245     -0.15499870E-03     -0.15967571E-03     -0.13323280E-03     -0.44370132E-03
    1246     -0.15500368E-03     -0.15967571E-03     -0.13327193E-03     -0.44370132E-03
    1247     -0.15500740E-03     -0.15967571E-03     -0.13335147E-03     -0.44370132E-03
    1248     -0.15501187E-03     -0.15967571E-03     -0.13344648E-03     -0.44370132E-03
    1249     -0.15501424E-03     -0.15967571E-03     -0.13348525E-03     -0.44370132E-03
    1250     -0.15501530E-03     -0.15967571E-03     -0.13350295E-03     -0.44370132E-03
    1251     -0.15505603E-03     -0.15967571E-03     -0.13374325E-03     -0.44370132E-03
    1252     -0.15509718E-03     -0.15967571E-03     -0.13398486E-03     -0.44370132E-03
    1253     -0.15510406E-03     -0.15967571E-03     -0.13403787E-03     -0.44370132E-03
    1254     -0.15511506E-03     -0.15967571E-03     -0.13411171E-03     -0.44370132E-03
    1255     -0.15511760E-03     -0.15967571E-03     -0.13415373E-03     -0.44370132E-03
    1256     -0.15512013E-03     -0.15967571E-03     -0.13419575E-03     -0.44370132E-03
    1257     -0.15512129E-03     -0.15967571E-03     -0.13421499E-03     -0.44370132E-03
    1258     -0.15512244E-03     -0.15967571E-03     -0.13423425E-03     -0.44370132E-03
    1259     -0.15512437E-03     -0.15967571E-03     -0.13425731E-03     -0.44370132E-03
    1260     -0.15512622E-03     -0.15967571E-03     -0.13428006E-03     -0.44370132E-03
    1261     -0.15518238E-03     -0.15967571E-03     -0.13452444E-03     -0.44370132E-03
    1262     -0.15518505E-03     -0.15967571E-03     -0.13456443E-03     -0.44370132E-03
    1263     -0.15523906E-03     -0.15967571E-03     -0.13482294E-03     -0.44370132E-03
    1264     -0.15524152E-03     -0.15967571E-03     -0.13485175E-03     -0.44370132E-03
    1265     -0.15524403E-03     -0.15967571E-03     -0.13488071E-03     -0.44370132E-03
    1266     -0.15524659E-03     -0.15967571E-03     -0.13489958E-03     -0.44370132E-03
    1267     -0.15524913E-03     -0.15967571E-03     -0.13491872E-03     -0.44370132E-03
    1268     -0.15525751E-03     -0.15967571E-03     -0.13502500E-03     -0.44370132E-03
    1269     -0.15526590E-03     -0.15967571E-03     -0.13513125E-03     -0.44370132E-03
    1270     -0.15528108E-03     -0.15967571E-03     -0.13521249E-03     -0.44370132E-03
    1271     -0.15528397E-03     -0.15967571E-03     -0.13525462E-03     -0.44370132E-03
    1272     -0.15532389E-03     -0.15967571E-03     -0.13545484E-03     -0.44370132E-03
    1273     -0.15532805E-03     -0.15967571E-03     -0.13552686E-03     -0.44370132E-03
    1274     -0.15533221E-03     -0.15967571E-03     -0.13559886E-03     -0.44370132E-03
    1275     -0.15533329E-03     -0.15967571E-03     -0.13561655E-03     -0.44370132E-03
    1276     -0.15533439E-03     -0.15967571E-03     -0.13563448E-03     -0.44370132E-03
    1277     -0.15533556E-03     -0.15967571E-03     -0.13565562E-03     -0.44370132E-03
    1278     -0.15533676E-03     -0.15967571E-03     -0.13567746E-03     -0.44370132E-03
    1279     -0.15534020E-03     -0.15967571E-03     -0.13572781E-03     -0.44370132E-03
    1280     -0.15534369E-03     -0.15967571E-03     -0.13577939E-03     -0.44370132E-03
    1281     -0.15534633E-03     -0.15967571E-03     -0.13581788E-03     -0.44370132E-03
    1282     -0.15535019E-03     -0.15967571E-03     -0.13585991E-03     -0.44370132E-03
    1283     -0.15535274E-03     -0.15967571E-03     -0.13588849E-03     -0.44370132E-03
    1284     -0.15535677E-03     -0.15967571E-03     -0.13595060E-03     -0.44370132E-03
    1285     -0.15539322E-03     -0.15967571E-03     -0.13623622E-03     -0.44370132E-03
    1286     -0.15542697E-03     -0.15967571E-03     -0.13648235E-03     -0.44370132E-03
    1287     -0.15542775E-03     -0.15967571E-03     -0.13649323E-03     -0.44370132E-03
    1288     -0.15543049E-03     -0.15967571E-03     -0.13651734E-03     -0.44370132E-03
    1289     -0.15543339E-03     -0.15967571E-03     -0.13653458E-03     -0.44370132E-03
    1290     -0.15543437E-03     -0.15967571E-03     -0.13655532E-03     -0.44370132E-03
    1291     -0.15543560E-03     -0.15967571E-03     -0.13657306E-03     -0.44370132E-03
    1292     -0.15543612E-03     -0.15967571E-03     -0.13658332E-03     -0.44370132E-03
    1293     -0.15543651E-03     -0.15967571E-03     -0.13659334E-03     -0.44370132E-03
    1294     -0.15543732E-03     -0.15967571E-03     -0.13660915E-03     -0.44370132E-03
    1295     -0.15543791E-03     -0.15967571E-03     -0.13662122E-03     -0.44370132E-03
    1296     -0.15544116E-03     -0.15967571E-03     -0.13666755E-03     -0.44370132E-03
    1297     -0.15544575E-03     -0.15967571E-03     -0.13673256E-03     -0.44370132E-03
    1298     -0.15544862E-03     -0.15967571E-03     -0.13677530E-03     -0.44370132E-03
    1299     -0.15545135E-03     -0.15967571E-03     -0.13681624E-03     -0.44370132E-03
    1300     -0.15545299E-03     -0.15967571E-03     -0.13683927E-03     -0.44370132E-03
    1301     -0.15546551E-03     -0.15967571E-03     -0.13700602E-03     -0.44370132E-03
    1302     -0.15548172E-03     -0.15967571E-03     -0.13725180E-03     -0.44370132E-03
    1303     -0.15549462E-03     -0.15967571E-03     -0.13747019E-03     -0.44370132E-03
    1304     -0.15550381E-03     -0.15967571E-03     -0.13761015E-03     -0.44370132E-03
    1305     -0.15550883E-03     -0.15967571E-03     -0.13772800E-03     -0.44370132E-03
    1306     -0.15551373E-03     -0.15967571E-03     -0.13784497E-03     -0.44370132E-03
    1307     -0.15551743E-03     -0.15967571E-03     -0.13789980E-03     -0.44370132E-03
    1308     -0.15552114E-03     -0.15967571E-03     -0.13795489E-03     -0.44370132E-03
    1309     -0.15554662E-03     -0.15967571E-03     -0.13814836E-03     -0.44370132E-03
    1310     -0.15556905E-03     -0.15967571E-03     -0.13832605E-03     -0.44370132E-03
    1311     -0.15559838E-03     -0.15967571E-03     -0.13849312E-03     -0.44370132E-03
    1312     -0.15563082E-03     -0.15967571E-03     -0.13867686E-03     -0.44370132E-03
    1313     -0.15564841E-03     -0.15967571E-03     -0.13883085E-03     -0.44370132E-03
    1314     -0.15566650E-03     -0.15967571E-03     -0.13899043E-03     -0.44370132E-03
    1315     -0.15566839E-03     -0.15967571E-03     -0.13901910E-03     -0.44370132E-03
    1316     -0.15567134E-03     -0.15967571E-03     -0.13906054E-03     -0.44370132E-03
    1317     -0.15569519E-03     -0.15967571E-03     -0.13925741E-03     -0.44370132E-03
    1318     -0.15571810E-03     -0.15967571E-03     -0.13944218E-03     -0.44370132E-03
    1319     -0.15571898E-03     -0.15967571E-03     -0.13945579E-03     -0.44370132E-03
    1320     -0.15571986E-03     -0.15967571E-03     -0.13946938E-03     -0.44370132E-03
    1321     -0.15572133E-03     -0.15967571E-03     -0.13949264E-03     -0.44370132E-03
    1322     -0.15572281E-03     -0.15967571E-03     -0.13951595E-03     -0.44370132E-03
    1323     -0.15572591E-03     -0.15967571E-03     -0.13956267E-03     -0.44370132E-03
    1324     -0.15572871E-03     -0.15967571E-03     -0.13960570E-03     -0.44370132E-03
    1325     -0.15573772E-03     -0.15967571E-03     -0.13972356E-03     -0.44370132E-03
    1326     -0.15574654E-03     -0.15967571E-03     -0.13983903E-03     -0.44370132E-03
    1327     -0.15574984E-03     -0.15967571E-03     -0.13988013E-03     -0.44370132E-03
    1328     -0.15575314E-03     -0.15967571E-03     -0.13992120E-03     -0.44370132E-03
    1329     -0.15575926E-03     -0.15967571E-03     -0.14001201E-03     -0.44370132E-03
    1330     -0.15576468E-03     -0.15967571E-03     -0.14009580E-03     -0.44370132E-03
    1331     -0.15576876E-03     -0.15967571E-03     -0.14015007E-03     -0.44370132E-03
    1332     -0.15577378E-03     -0.15967571E-03     -0.14021330E-03     -0.44370132E-03
    1333     -0.15577586E-03     -0.15967571E-03     -0.14024760E-03     -0.44370132E-03
    1334     -0.15577796E-03     -0.15967571E-03     -0.14028206E-03     -0.44370132E-03
    1335     -0.15578937E-03     -0.15967571E-03     -0.14044588E-03     -0.44370132E-03
    1336     -0.15580078E-03     -0.15967571E-03     -0.14060998E-03     -0.44370132E-03
    1337     -0.15580187E-03     -0.15967571E-03     -0.14063087E-03     -0.44370132E-03
    1338     -0.15580296E-03     -0.15967571E-03     -0.14065178E-03     -0.44370132E-03
    1339     -0.15580576E-03     -0.15967571E-03     -0.14068285E-03     -0.44370132E-03
    1340     -0.15580854E-03     -0.15967571E-03     -0.14071385E-03     -0.44370132E-03
    1341     -0.15581169E-03     -0.15967571E-03     -0.14075811E-03     -0.44370132E-03
    1342     -0.15581529E-03     -0.15967571E-03     -0.14081261E-03     -0.44370132E-03
    1343     -0.15581617E-03     -0.15967571E-03     -0.14083096E-03     -0.44370132E-03
    1344     -0.15581660E-03     -0.15967571E-03     -0.14083954E-03     -0.44370132E-03
    1345     -0.15581757E-03     -0.15967571E-03     -0.14085674E-03     -0.44370132E-03
    1346     -0.15581854E-03     -0.15967571E-03     -0.14087410E-03     -0.44370132E-03
    1347     -0.15582024E-03     -0.15967571E-03     -0.14089401E-03     -0.44370132E-03
    1348     -0.15582175E-03     -0.15967571E-03     -0.14092464E-03     -0.44370132E-03
    1349     -0.15582467E-03     -0.15967571E-03     -0.14097524E-03     -0.44370132E-03
    1350     -0.15582691E-03     -0.15967571E-03     -0.14101234E-03     -0.44370132E-03
    1351     -0.15583418E-03     -0.15967571E-03     -0.14112043E-03     -0.44370132E-03
    1352     -0.15584237E-03     -0.15967571E-03     -0.14123416E-03     -0.44370132E-03
    1353     -0.15584312E-03     -0.15967571E-03     -0.14124845E-03     -0.44370132E-03
    1354     -0.15584389E-03     -0.15967571E-03     -0.14126303E-03     -0.44370132E-03
    1355     -0.15584416E-03     -0.15967571E-03     -0.14127405E-03     -0.44370132E-03
    1356     -0.15584448E-03     -0.15967571E-03     -0.14128567E-03     -0.44370132E-03
    1357     -0.15584651E-03     -0.15967571E-03     -0.14132731E-03     -0.44370132E-03
    1358     -0.15584855E-03     -0.15967571E-03     -0.14136908E-03     -0.44370132E-03
    1359     -0.15585082E-03     -0.15967571E-03     -0.14140052E-03     -0.44370132E-03
    1360     -0.15585318E-03     -0.15967571E-03     -0.14143316E-03     -0.44370132E-03
    1361     -0.15587973E-03     -0.15967571E-03     -0.14169025E-03     -0.44370132E-03
    1362     -0.15590610E-03     -0.15967571E-03     -0.14194554E-03     -0.44370132E-03
    1363     -0.15590755E-03     -0.15967571E-03     -0.14197720E-03     -0.44370132E-03
    1364     -0.15590899E-03     -0.15967571E-03     -0.14200915E-03     -0.44370132E-03
    1365     -0.15590948E-03     -0.15967571E-03     -0.14202403E-03     -0.44370132E-03
    1366     -0.15591123E-03     -0.15967571E-03     -0.14206079E-03     -0.44370132E-03
    1367     -0.15591778E-03     -0.15967571E-03     -0.14217507E-03     -0.44370132E-03
    1368     -0.15592339E-03     -0.15967571E-03     -0.14227301E-03     -0.44370132E-03
    1369     -0.15592400E-03     -0.15967571E-03     -0.14228998E-03     -0.44370132E-03
    1370     -0.15592431E-03     -0.15967571E-03     -0.14230230E-03     -0.44370132E-03
    1371     -0.15592476E-03     -0.15967571E-03     -0.14231187E-03     -0.44370132E-03
    1372     -0.15592511E-03     -0.15967571E-03     -0.14231873E-03     -0.44370132E-03
    1373     -0.15592556E-03     -0.15967571E-03     -0.14232908E-03     -0.44370132E-03
    1374     -0.15592705E-03     -0.15967571E-03     -0.14236050E-03     -0.44370132E-03
    1375     -0.15592890E-03     -0.15967571E-03     -0.14239833E-03     -0.44370132E-03
    1376     -0.15593064E-03     -0.15967571E-03     -0.14242740E-03     -0.44370132E-03
    1377     -0.15596867E-03     -0.15967571E-03     -0.14270235E-03     -0.44370132E-03
    1378     -0.15600601E-03     -0.15967571E-03     -0.14296396E-03     -0.44370132E-03
    1379     -0.15600646E-03     -0.15967571E-03     -0.14297346E-03     -0.44370132E-03
    1380     -0.15600683E-03     -0.15967571E-03     -0.14298747E-03     -0.44370132E-03
    1381     -0.15600746E-03     -0.15967571E-03     -0.14300643E-03     -0.44370132E-03
    1382     -0.15600836E-03     -0.15967571E-03     -0.14302765E-03     -0.44370132E-03
    1383     -0.15600935E-03     -0.15967571E-03     -0.14304867E-03     -0.44370132E-03
    1384     -0.15601035E-03     -0.15967571E-03     -0.14306946E-03     -0.44370132E-03
    1385     -0.15601201E-03     -0.15967571E-03     -0.14310324E-03     -0.44370132E-03
    1386     -0.15601383E-03     -0.15967571E-03     -0.14313999E-03     -0.44370132E-03
    1387     -0.15601541E-03     -0.15967571E-03     -0.14317340E-03     -0.44370132E-03
    1388     -0.15601644E-03     -0.15967571E-03     -0.14319665E-03     -0.44370132E-03
    1389     -0.15601756E-03     -0.15967571E-03     -0.14321737E-03     -0.44370132E-03
    1390     -0.15601885E-03     -0.15967571E-03     -0.14325008E-03     -0.44370132E-03
    1391     -0.15603039E-03     -0.15967571E-03     -0.14341348E-03     -0.44370132E-03
    1392     -0.15604248E-03     -0.15967571E-03     -0.14357547E-03     -0.44370132E-03
    1393     -0.15604382E-03     -0.15967571E-03     -0.14359816E-03     -0.44370132E-03
    1394     -0.15604475E-03     -0.15967571E-03     -0.14361979E-03     -0.44370132E-03
    1395     -0.15604645E-03     -0.15967571E-03     -0.14365274E-03     -0.44370132E-03
    1396     -0.15604851E-03     -0.15967571E-03     -0.14367890E-03     -0.44370132E-03
    1397     -0.15605039E-03     -0.15967571E-03     -0.14371706E-03     -0.44370132E-03
    1398     -0.15605247E-03     -0.15967571E-03     -0.14376280E-03     -0.44370132E-03
    1399     -0.15605395E-03     -0.15967571E-03     -0.14379249E-03     -0.44370132E-03
    1400     -0.15605478E-03     -0.15967571E-03     -0.14381224E-03     -0.44370132E-03
    1401     -0.15605560E-03     -0.15967571E-03     -0.14383136E-03     -0.44370132E-03
    1402     -0.15605639E-03     -0.15967571E-03     -0.14385895E-03     -0.44370132E-03
    1403     -0.15605867E-03     -0.15967571E-03     -0.14388586E-03     -0.44370132E-03
    1404     -0.15607928E-03     -0.15967571E-03     -0.14409254E-03     -0.44370132E-03
    1405     -0.15610432E-03     -0.15967571E-03     -0.14439638E-03     -0.44370132E-03
    1406     -0.15611394E-03     -0.15967571E-03     -0.14454095E-03     -0.44370132E-03
    1407     -0.15611861E-03     -0.15967571E-03     -0.14460444E-03     -0.44370132E-03
    1408     -0.15612046E-03     -0.15967571E-03     -0.14463700E-03     -0.44370132E-03
    1409     -0.15612536E-03     -0.15967571E-03     -0.14472132E-03     -0.44370132E-03
    1410     -0.15614742E-03     -0.15967571E-03     -0.14495841E-03     -0.44370132E-03
    1411     -0.15616492E-03     -0.15967571E-03     -0.14511993E-03     -0.44370132E-03
    1412     -0.15616616E-03     -0.15967571E-03     -0.14513822E-03     -0.44370132E-03
    1413     -0.15616849E-03     -0.15967571E-03     -0.14517260E-03     -0.44370132E-03
    1414     -0.15617002E-03     -0.15967571E-03     -0.14519873E-03     -0.44370132E-03
    1415     -0.15617034E-03     -0.15967571E-03     -0.14521050E-03     -0.44370132E-03
    1416     -0.15617132E-03     -0.15967571E-03     -0.14523062E-03     -0.44370132E-03
    1417     -0.15617269E-03     -0.15967571E-03     -0.14525455E-03     -0.44370132E-03
    1418     -0.15617435E-03     -0.15967571E-03     -0.14527575E-03     -0.44370132E-03
    1419     -0.15617596E-03     -0.15967571E-03     -0.14529629E-03     -0.44370132E-03
    1420     -0.15617730E-03     -0.15967571E-03     -0.14531734E-03     -0.44370132E-03
    1421     -0.15617833E-03     -0.15967571E-03     -0.14533733E-03     -0.44370132E-03
    1422     -0.15618950E-03     -0.15967571E-03     -0.14551640E-03     -0.44370132E-03
    1423     -0.15620128E-03     -0.15967571E-03     -0.14569950E-03     -0.44370132E-03
    1424     -0.15620221E-03     -0.15967571E-03     -0.14572131E-03     -0.44370132E-03
    1425     -0.15620278E-03     -0.15967571E-03     -0.14573339E-03     -0.44370132E-03
    1426     -0.15620335E-03     -0.15967571E-03     -0.14574525E-03     -0.44370132E-03
    1427     -0.15620602E-03     -0.15967571E-03     -0.14579267E-03     -0.44370132E-03
    1428     -0.15620874E-03     -0.15967571E-03     -0.14583746E-03     -0.44370132E-03
    1429     -0.15620960E-03     -0.15967571E-03     -0.14585123E-03     -0.44370132E-03
    1430     -0.15621040E-03     -0.15967571E-03     -0.14586440E-03     -0.44370132E-03
    1431     -0.15621077E-03     -0.15967571E-03     -0.14587118E-03     -0.44370132E-03
    1432     -0.15621114E-03     -0.15967571E-03     -0.14587796E-03     -0.44370132E-03
    1433     -0.15621144E-03     -0.15967571E-03     -0.14589578E-03     -0.44370132E-03
    1434     -0.15621221E-03     -0.15967571E-03     -0.14591497E-03     -0.44370132E-03
    1435     -0.15621390E-03     -0.15967571E-03     -0.14594354E-03     -0.44370132E-03
    1436     -0.15621528E-03     -0.15967571E-03     -0.14596995E-03     -0.44370132E-03
    1437     -0.15621560E-03     -0.15967571E-03     -0.14598382E-03     -0.44370132E-03
    1438     -0.15621582E-03     -0.15967571E-03     -0.14599539E-03     -0.44370132E-03
    1439     -0.15621791E-03     -0.15967571E-03     -0.14604142E-03     -0.44370132E-03
    1440     -0.15621837E-03     -0.15967571E-03     -0.14605322E-03     -0.44370132E-03
    1441     -0.15621882E-03     -0.15967571E-03     -0.14606348E-03     -0.44370132E-03
    1442     -0.15622170E-03     -0.15967571E-03     -0.14612227E-03     -0.44370132E-03
    1443     -0.15622294E-03     -0.15967571E-03     -0.14614374E-03     -0.44370132E-03
    1444     -0.15622349E-03     -0.15967571E-03     -0.14615944E-03     -0.44370132E-03
    1445     -0.15622963E-03     -0.15967571E-03     -0.14626088E-03     -0.44370132E-03
    1446     -0.15623678E-03     -0.15967571E-03     -0.14637639E-03     -0.44370132E-03
    1447     -0.15623867E-03     -0.15967571E-03     -0.14640961E-03     -0.44370132E-03
    1448     -0.15623948E-03     -0.15967571E-03     -0.14642697E-03     -0.44370132E-03
    1449     -0.15625884E-03     -0.15967571E-03     -0.14663321E-03     -0.44370132E-03
    1450     -0.15627647E-03     -0.15967571E-03     -0.14682219E-03     -0.44370132E-03
    1451     -0.15627773E-03     -0.15967571E-03     -0.14685489E-03     -0.44370132E-03
    1452     -0.15627899E-03     -0.15967571E-03     -0.14688754E-03     -0.44370132E-03
    1453     -0.15628824E-03     -0.15967571E-03     -0.14698103E-03     -0.44370132E-03
    1454     -0.15629922E-03     -0.15967571E-03     -0.14709182E-03     -0.44370132E-03
    1455     -0.15630222E-03     -0.15967571E-03     -0.14715891E-03     -0.44370132E-03
    1456     -0.15630524E-03     -0.15967571E-03     -0.14722938E-03     -0.44370132E-03
    1457     -0.15630711E-03     -0.15967571E-03     -0.14727517E-03     -0.44370132E-03
    1458     -0.15630902E-03     -0.15967571E-03     -0.14732146E-03     -0.44370132E-03
    1459     -0.15632854E-03     -0.15967571E-03     -0.14758846E-03     -0.44370132E-03
    1460     -0.15634803E-03     -0.15967571E-03     -0.14785477E-03     -0.44370132E-03
    1461     -0.15635685E-03     -0.15967571E-03     -0.14800913E-03     -0.44370132E-03
    1462     -0.15636622E-03     -0.15967571E-03     -0.14817404E-03     -0.44370132E-03
    1463     -0.15636753E-03     -0.15967571E-03     -0.14820795E-03     -0.44370132E-03
    1464     -0.15636985E-03     -0.15967571E-03     -0.14825815E-03     -0.44370132E-03
    1465     -0.15637183E-03     -0.15967571E-03     -0.14830183E-03     -0.44370132E-03
    1466     -0.15637261E-03     -0.15967571E-03     -0.14832215E-03     -0.44370132E-03
    1467     -0.15637317E-03     -0.15967571E-03     -0.14833705E-03     -0.44370132E-03
    1468     -0.15637345E-03     -0.15967571E-03     -0.14834616E-03     -0.44370132E-03
    1469     -0.15637370E-03     -0.15967571E-03     -0.14835910E-03     -0.44370132E-03
    1470     -0.15637417E-03     -0.15967571E-03     -0.14837653E-03     -0.44370132E-03
    1471     -0.15637461E-03     -0.15967571E-03     -0.14839230E-03     -0.44370132E-03
    1472     -0.15637487E-03     -0.15967571E-03     -0.14841061E-03     -0.44370132E-03
    1473     -0.15637551E-03     -0.15967571E-03     -0.14842899E-03     -0.44370132E-03
    1474     -0.15637594E-03     -0.15967571E-03     -0.14844772E-03     -0.44370132E-03
    1475     -0.15638518E-03     -0.15967571E-03     -0.14858180E-03     -0.44370132E-03
    1476     -0.15640222E-03     -0.15967571E-03     -0.14885640E-03     -0.44370132E-03
    1477     -0.15640582E-03     -0.15967571E-03     -0.14892375E-03     -0.44370132E-03
    1478     -0.15640978E-03     -0.15967571E-03     -0.14899424E-03     -0.44370132E-03
    1479     -0.15641717E-03     -0.15967571E-03     -0.14914091E-03     -0.44370132E-03
    1480     -0.15642807E-03     -0.15967571E-03     -0.14933925E-03     -0.44370132E-03
    1481     -0.15643780E-03     -0.15967571E-03     -0.14953101E-03     -0.44370132E-03
    1482     -0.15643917E-03     -0.15967571E-03     -0.14955796E-03     -0.44370132E-03
    1483     -0.15644064E-03     -0.15967571E-03     -0.14958840E-03     -0.44370132E-03
    1484     -0.15644158E-03     -0.15967571E-03     -0.14961380E-03     -0.44370132E-03
    1485     -0.15644241E-03     -0.15967571E-03     -0.14963669E-03     -0.44370132E-03
    1486     -0.15644324E-03     -0.15967571E-03     -0.14965877E-03     -0.44370132E-03
    1487     -0.15644373E-03     -0.15967571E-03     -0.14967662E-03     -0.44370132E-03
    1488     -0.15644453E-03     -0.15967571E-03     -0.14969719E-03     -0.44370132E-03
    1489     -0.15644532E-03     -0.15967571E-03     -0.14971711E-03     -0.44370132E-03
    1490     -0.15644563E-03     -0.15967571E-03     -0.14973137E-03     -0.44370132E-03
    1491     -0.15644846E-03     -0.15967571E-03     -0.14978419E-03     -0.44370132E-03
    1492     -0.15645125E-03     -0.15967571E-03     -0.14983639E-03     -0.44370132E-03
    1493     -0.15645297E-03     -0.15967571E-03     -0.14987764E-03     -0.44370132E-03
    1494     -0.15645466E-03     -0.15967571E-03     -0.14991871E-03     -0.44370132E-03
    1495     -0.15645956E-03     -0.15967571E-03     -0.15001773E-03     -0.44370132E-03
    1496     -0.15646044E-03     -0.15967571E-03     -0.15003264E-03     -0.44370132E-03
    1497     -0.15646136E-03     -0.15967571E-03     -0.15005132E-03     -0.44370132E-03
    1498     -0.15646196E-03     -0.15967571E-03     -0.15006982E-03     -0.44370132E-03
    1499     -0.15647087E-03     -0.15967571E-03     -0.15024931E-03     -0.44370132E-03
    1500     -0.15648103E-03     -0.15967571E-03     -0.15044804E-03     -0.44370132E-03
    1501     -0.15648215E-03     -0.15967571E-03     -0.15047743E-03     -0.44370132E-03
    1502     -0.15648440E-03     -0.15967571E-03     -0.15052632E-03     -0.44370132E-03
    1503     -0.15648645E-03     -0.15967571E-03     -0.15057337E-03     -0.44370132E-03
    1504     -0.15648839E-03     -0.15967571E-03     -0.15061966E-03     -0.44370132E-03
    1505     -0.15648871E-03     -0.15967571E-03     -0.15063037E-03     -0.44370132E-03
    1506     -0.15649594E-03     -0.15967571E-03     -0.15078298E-03     -0.44370132E-03
    1507     -0.15649806E-03     -0.15967571E-03     -0.15083062E-03     -0.44370132E-03
    1508     -0.15649984E-03     -0.15967571E-03     -0.15087137E-03     -0.44370132E-03
    1509     -0.15651670E-03     -0.15967571E-03     -0.15113608E-03     -0.44370132E-03
    1510     -0.15653354E-03     -0.15967571E-03     -0.15140040E-03     -0.44370132E-03
    1511     -0.15654037E-03     -0.15967571E-03     -0.15153710E-03     -0.44370132E-03
    1512     -0.15654640E-03     -0.15967571E-03     -0.15165900E-03     -0.44370132E-03
    1513     -0.15654730E-03     -0.15967571E-03     -0.15168015E-03     -0.44370132E-03
    1514     -0.15654932E-03     -0.15967571E-03     -0.15172707E-03     -0.44370132E-03
    1515     -0.15655119E-03     -0.15967571E-03     -0.15177026E-03     -0.44370132E-03
    1516     -0.15655312E-03     -0.15967571E-03     -0.15181486E-03     -0.44370132E-03
    1517     -0.15655496E-03     -0.15967571E-03     -0.15185541E-03     -0.44370132E-03
    1518     -0.15655614E-03     -0.15967571E-03     -0.15188293E-03     -0.44370132E-03
    1519     -0.15655641E-03     -0.15967571E-03     -0.15189803E-03     -0.44370132E-03
    1520     -0.15655667E-03     -0.15967571E-03     -0.15191360E-03     -0.44370132E-03
    1521     -0.15655870E-03     -0.15967571E-03     -0.15195554E-03     -0.44370132E-03
    1522     -0.15656074E-03     -0.15967571E-03     -0.15199772E-03     -0.44370132E-03
    1523     -0.15656295E-03     -0.15967571E-03     -0.15204990E-03     -0.44370132E-03
    1524     -0.15656512E-03     -0.15967571E-03     -0.15210080E-03     -0.44370132E-03
    1525     -0.15656958E-03     -0.15967571E-03     -0.15219836E-03     -0.44370132E-03
    1526     -0.15657019E-03     -0.15967571E-03     -0.15221647E-03     -0.44370132E-03
    1527     -0.15657429E-03     -0.15967571E-03     -0.15231114E-03     -0.44370132E-03
    1528     -0.15657863E-03     -0.15967571E-03     -0.15240349E-03     -0.44370132E-03
    1529     -0.15657961E-03     -0.15967571E-03     -0.15242447E-03     -0.44370132E-03
    1530     -0.15658033E-03     -0.15967571E-03     -0.15244752E-03     -0.44370132E-03
    1531     -0.15658093E-03     -0.15967571E-03     -0.15246367E-03     -0.44370132E-03
    1532     -0.15658136E-03     -0.15967571E-03     -0.15247683E-03     -0.44370132E-03
    1533     -0.15658236E-03     -0.15967571E-03     -0.15250439E-03     -0.44370132E-03
    1534     -0.15658369E-03     -0.15967571E-03     -0.15253985E-03     -0.44370132E-03
    1535     -0.15658465E-03     -0.15967571E-03     -0.15255206E-03     -0.44370132E-03
    1536     -0.15658572E-03     -0.15967571E-03     -0.15257568E-03     -0.44370132E-03
    1537     -0.15658858E-03     -0.15967571E-03     -0.15263098E-03     -0.44370132E-03
    1538     -0.15660539E-03     -0.15967571E-03     -0.15287035E-03     -0.44370132E-03
    1539     -0.15660684E-03     -0.15967571E-03     -0.15290882E-03     -0.44370132E-03
    1540     -0.15661493E-03     -0.15967571E-03     -0.15302884E-03     -0.44370132E-03
    1541     -0.15661973E-03     -0.15967571E-03     -0.15309726E-03     -0.44370132E-03
    1542     -0.15662894E-03     -0.15967571E-03     -0.15321818E-03     -0.44370132E-03
    1543     -0.15664630E-03     -0.15967571E-03     -0.15347124E-03     -0.44370132E-03
    1544     -0.15666388E-03     -0.15967571E-03     -0.15372697E-03     -0.44370132E-03
    1545     -0.15666479E-03     -0.15967571E-03     -0.15373690E-03     -0.44370132E-03
    1546     -0.15667271E-03     -0.15967571E-03     -0.15388195E-03     -0.44370132E-03
    1547     -0.15668034E-03     -0.15967571E-03     -0.15402899E-03     -0.44370132E-03
    1548     -0.15668148E-03     -0.15967571E-03     -0.15405588E-03     -0.44370132E-03
    1549     -0.15668258E-03     -0.15967571E-03     -0.15407830E-03     -0.44370132E-03
    1550     -0.15668269E-03     -0.15967571E-03     -0.15408454E-03     -0.44370132E-03
    1551     -0.15668349E-03     -0.15967571E-03     -0.15410721E-03     -0.44370132E-03
    1552     -0.15668416E-03     -0.15967571E-03     -0.15412738E-03     -0.44370132E-03
    1553     -0.15668589E-03     -0.15967571E-03     -0.15416183E-03     -0.44370132E-03
    1554     -0.15668763E-03     -0.15967571E-03     -0.15419648E-03     -0.44370132E-03
    1555     -0.15668819E-03     -0.15967571E-03     -0.15421498E-03     -0.44370132E-03
    1556     -0.15668874E-03     -0.15967571E-03     -0.15423337E-03     -0.44370132E-03
    1557     -0.15668983E-03     -0.15967571E-03     -0.15425808E-03     -0.44370132E-03
    1558     -0.15669091E-03     -0.15967571E-03     -0.15428293E-03     -0.44370132E-03
    1559     -0.15669648E-03     -0.15967571E-03     -0.15439356E-03     -0.44370132E-03
    1560     -0.15670210E-03     -0.15967571E-03     -0.15450489E-03     -0.44370132E-03
    1561     -0.15670283E-03     -0.15967571E-03     -0.15452486E-03     -0.44370132E-03
    1562     -0.15670435E-03     -0.15967571E-03     -0.15456083E-03     -0.44370132E-03
    1563     -0.15670597E-03     -0.15967571E-03     -0.15459922E-03     -0.44370132E-03
    1564     -0.15670640E-03     -0.15967571E-03     -0.15461102E-03     -0.44370132E-03
    1565     -0.15670747E-03     -0.15967571E-03     -0.15464147E-03     -0.44370132E-03
    1566     -0.15670900E-03     -0.15967571E-03     -0.15468505E-03     -0.44370132E-03
    1567     -0.15671008E-03     -0.15967571E-03     -0.15469613E-03     -0.44370132E-03
    1568     -0.15671115E-03     -0.15967571E-03     -0.15470721E-03     -0.44370132E-03
    1569     -0.15671242E-03     -0.15967571E-03     -0.15473727E-03     -0.44370132E-03
    1570     -0.15671368E-03     -0.15967571E-03     -0.15476713E-03     -0.44370132E-03
    1571     -0.15671516E-03     -0.15967571E-03     -0.15478909E-03     -0.44370132E-03
    1572     -0.15671663E-03     -0.15967571E-03     -0.15481112E-03     -0.44370132E-03
    1573     -0.15671672E-03     -0.15967571E-03     -0.15482704E-03     -0.44370132E-03
    1574     -0.15672886E-03     -0.15967571E-03     -0.15508201E-03     -0.44370132E-03
    1575     -0.15674127E-03     -0.15967571E-03     -0.15533781E-03     -0.44370132E-03
    1576     -0.15674170E-03     -0.15967571E-03     -0.15535102E-03     -0.44370132E-03
    1577     -0.15674229E-03     -0.15967571E-03     -0.15536581E-03     -0.44370132E-03
    1578     -0.15674341E-03     -0.15967571E-03     -0.15539564E-03     -0.44370132E-03
    1579     -0.15674536E-03     -0.15967571E-03     -0.15543651E-03     -0.44370132E-03
    1580     -0.15674729E-03     -0.15967571E-03     -0.15547731E-03     -0.44370132E-03
    1581     -0.15674915E-03     -0.15967571E-03     -0.15551477E-03     -0.44370132E-03
    1582     -0.15675089E-03     -0.15967571E-03     -0.15555016E-03     -0.44370132E-03
    1583     -0.15675325E-03     -0.15967571E-03     -0.15560058E-03     -0.44370132E-03
    1584     -0.15675575E-03     -0.15967571E-03     -0.15565281E-03     -0.44370132E-03
    1585     -0.15675641E-03     -0.15967571E-03     -0.15566914E-03     -0.44370132E-03
    1586     -0.15675708E-03     -0.15967571E-03     -0.15568495E-03     -0.44370132E-03
    1587     -0.15675791E-03     -0.15967571E-03     -0.15570304E-03     -0.44370132E-03
    1588     -0.15675874E-03     -0.15967571E-03     -0.15572111E-03     -0.44370132E-03
    1589     -0.15675920E-03     -0.15967571E-03     -0.15574310E-03     -0.44370132E-03
    1590     -0.15675970E-03     -0.15967571E-03     -0.15576906E-03     -0.44370132E-03
    1591     -0.15676011E-03     -0.15967571E-03     -0.15578515E-03     -0.44370132E-03
    1592     -0.15676061E-03     -0.15967571E-03     -0.15580570E-03     -0.44370132E-03
    1593     -0.15676102E-03     -0.15967571E-03     -0.15582234E-03     -0.44370132E-03
    1594     -0.15676134E-03     -0.15967571E-03     -0.15583349E-03     -0.44370132E-03
    1595     -0.15676184E-03     -0.15967571E-03     -0.15584655E-03     -0.44370132E-03
    1596     -0.15676222E-03     -0.15967571E-03     -0.15586290E-03     -0.44370132E-03
    1597     -0.15676321E-03     -0.15967571E-03     -0.15588913E-03     -0.44370132E-03
    1598     -0.15676475E-03     -0.15967571E-03     -0.15592030E-03     -0.44370132E-03
    1599     -0.15676617E-03     -0.15967571E-03     -0.15594888E-03     -0.44370132E-03
    1600     -0.15676717E-03     -0.15967571E-03     -0.15600632E-03     -0.44370132E-03
    1601     -0.15676777E-03     -0.15967571E-03     -0.15626738E-03     -0.44370132E-03
    1602     -0.15676836E-03     -0.15967571E-03     -0.15656359E-03     -0.44370132E-03
    1603     -0.15678193E-03     -0.15967571E-03     -0.15674062E-03     -0.44370132E-03
    1604     -0.15679549E-03     -0.15967571E-03     -0.15691799E-03     -0.44370132E-03
    1605     -0.15679640E-03     -0.15967571E-03     -0.15694899E-03     -0.44370132E-03
    1606     -0.15679731E-03     -0.15967571E-03     -0.15697996E-03     -0.44370132E-03
    1607     -0.15679893E-03     -0.15967571E-03     -0.15702237E-03     -0.44370132E-03
    1608     -0.15680059E-03     -0.15967571E-03     -0.15706582E-03     -0.44370132E-03
    1609     -0.15680171E-03     -0.15967571E-03     -0.15711181E-03     -0.44370132E-03
    1610     -0.15680265E-03     -0.15967571E-03     -0.15715283E-03     -0.44370132E-03
    1611     -0.15681137E-03     -0.15967571E-03     -0.15756726E-03     -0.44370132E-03
    1612     -0.15682039E-03     -0.15967571E-03     -0.15799136E-03     -0.44370132E-03
    1613     -0.15682097E-03     -0.15967571E-03     -0.15800968E-03     -0.44370132E-03
    1614     -0.15683121E-03     -0.15967571E-03     -0.15826975E-03     -0.44370132E-03
    1615     -0.15684177E-03     -0.15967571E-03     -0.15853873E-03     -0.44370132E-03
    1616     -0.15684255E-03     -0.15967571E-03     -0.15856222E-03     -0.44370132E-03
    1617     -0.15684300E-03     -0.15967571E-03     -0.15857468E-03     -0.44370132E-03
    1618     -0.15684366E-03     -0.15967571E-03     -0.15859279E-03     -0.44370132E-03
    1619     -0.15684433E-03     -0.15967571E-03     -0.15861964E-03     -0.44370132E-03
    1620     -0.15684524E-03     -0.15967571E-03     -0.15874206E-03     -0.44370132E-03
    1621     -0.15684596E-03     -0.15967571E-03     -0.15885125E-03     -0.44370132E-03
    1622     -0.15684673E-03     -0.15967571E-03     -0.15889783E-03     -0.44370132E-03
    1623     -0.15684775E-03     -0.15967571E-03     -0.15895613E-03     -0.44370132E-03
    1624     -0.15684897E-03     -0.15967571E-03     -0.15900064E-03     -0.44370132E-03
    1625     -0.15685024E-03     -0.15967571E-03     -0.15904386E-03     -0.44370132E-03
    1626     -0.15685179E-03     -0.15967571E-03     -0.15908585E-03     -0.44370132E-03
    1627     -0.15685301E-03     -0.15967571E-03     -0.15912878E-03     -0.44370132E-03
    1628     -0.15685455E-03     -0.15967571E-03     -0.15932125E-03     -0.44370132E-03
    1629     -0.15685627E-03     -0.15967571E-03     -0.15951222E-03     -0.44370132E-03
    1630     -0.15685704E-03     -0.15967571E-03     -0.15953707E-03     -0.44370132E-03
    1631     -0.15685760E-03     -0.15967571E-03     -0.15955681E-03     -0.44370132E-03
    1632     -0.15685807E-03     -0.15967571E-03     -0.15957265E-03     -0.44370132E-03
    1633     -0.15685831E-03     -0.15967571E-03     -0.15958203E-03     -0.44370132E-03
    1634     -0.15685876E-03     -0.15967571E-03     -0.15959722E-03     -0.44370132E-03
    1635     -0.15686245E-03     -0.15967571E-03     -0.15980878E-03     -0.44370132E-03
    1636     -0.15686663E-03     -0.15967571E-03     -0.16003386E-03     -0.44370132E-03
    1637     -0.15686786E-03     -0.15967571E-03     -0.16007937E-03     -0.44370132E-03
    1638     -0.15686883E-03     -0.15967571E-03     -0.16011654E-03     -0.44370132E-03
    1639     -0.15686948E-03     -0.15967571E-03     -0.16014529E-03     -0.44370132E-03
    1640     -0.15687023E-03     -0.15967571E-03     -0.16018235E-03     -0.44370132E-03
    1641     -0.15687214E-03     -0.15967571E-03     -0.16023724E-03     -0.44370132E-03
    1642     -0.15687375E-03     -0.15967571E-03     -0.16027864E-03     -0.44370132E-03
    1643     -0.15687513E-03     -0.15967571E-03     -0.16031167E-03     -0.44370132E-03
    1644     -0.15687674E-03     -0.15967571E-03     -0.16035120E-03     -0.44370132E-03
    1645     -0.15687738E-03     -0.15967571E-03     -0.16037067E-03     -0.44370132E-03
    1646     -0.15687816E-03     -0.15967571E-03     -0.16039463E-03     -0.44370132E-03
    1647     -0.15687857E-03     -0.15967571E-03     -0.16041385E-03     -0.44370132E-03
    1648     -0.15687902E-03     -0.15967571E-03     -0.16043159E-03     -0.44370132E-03
    1649     -0.15687975E-03     -0.15967571E-03     -0.16045240E-03     -0.44370132E-03
    1650     -0.15688109E-03     -0.15967571E-03     -0.16048928E-03     -0.44370132E-03
    1651     -0.15688270E-03     -0.15967571E-03     -0.16052285E-03     -0.44370132E-03
    1652     -0.15688395E-03     -0.15967571E-03     -0.16055441E-03     -0.44370132E-03
    1653     -0.15688709E-03     -0.15967571E-03     -0.16062705E-03     -0.44370132E-03
    1654     -0.15688967E-03     -0.15967571E-03     -0.16068293E-03     -0.44370132E-03
    1655     -0.15689080E-03     -0.15967571E-03     -0.16071051E-03     -0.44370132E-03
    1656     -0.15689196E-03     -0.15967571E-03     -0.16073996E-03     -0.44370132E-03
    1657     -0.15689382E-03     -0.15967571E-03     -0.16078707E-03     -0.44370132E-03
    1658     -0.15689574E-03     -0.15967571E-03     -0.16083281E-03     -0.44370132E-03
    1659     -0.15689743E-03     -0.15967571E-03     -0.16098720E-03     -0.44370132E-03
    1660     -0.15689912E-03     -0.15967571E-03     -0.16114169E-03     -0.44370132E-03
    1661     -0.15689935E-03     -0.15967571E-03     -0.16115714E-03     -0.44370132E-03
    1662     -0.15689958E-03     -0.15967571E-03     -0.16117268E-03     -0.44370132E-03
    1663     -0.15690270E-03     -0.15967571E-03     -0.16124421E-03     -0.44370132E-03
    1664     -0.15690582E-03     -0.15967571E-03     -0.16131542E-03     -0.44370132E-03
    1665     -0.15690695E-03     -0.15967571E-03     -0.16133240E-03     -0.44370132E-03
    1666     -0.15690809E-03     -0.15967571E-03     -0.16134941E-03     -0.44370132E-03
    1667     -0.15690935E-03     -0.15967571E-03     -0.16137590E-03     -0.44370132E-03
    1668     -0.15691059E-03     -0.15967571E-03     -0.16140204E-03     -0.44370132E-03
    1669     -0.15691151E-03     -0.15967571E-03     -0.16143293E-03     -0.44370132E-03
    1670     -0.15691232E-03     -0.15967571E-03     -0.16146303E-03     -0.44370132E-03
    1671     -0.15691895E-03     -0.15967571E-03     -0.16161613E-03     -0.44370132E-03
    1672     -0.15692559E-03     -0.15967571E-03     -0.16176696E-03     -0.44370132E-03
    1673     -0.15692569E-03     -0.15967571E-03     -0.16177724E-03     -0.44370132E-03
    1674     -0.15692578E-03     -0.15967571E-03     -0.16178767E-03     -0.44370132E-03
    1675     -0.15692635E-03     -0.15967571E-03     -0.16180421E-03     -0.44370132E-03
    1676     -0.15692694E-03     -0.15967571E-03     -0.16182056E-03     -0.44370132E-03
    1677     -0.15692967E-03     -0.15967571E-03     -0.16189892E-03     -0.44370132E-03
    1678     -0.15693259E-03     -0.15967571E-03     -0.16197695E-03     -0.44370132E-03
    1679     -0.15693541E-03     -0.15967571E-03     -0.16204827E-03     -0.44370132E-03
    1680     -0.15693781E-03     -0.15967571E-03     -0.16211360E-03     -0.44370132E-03
    1681     -0.15693820E-03     -0.15967571E-03     -0.16212756E-03     -0.44370132E-03
    1682     -0.15693872E-03     -0.15967571E-03     -0.16214526E-03     -0.44370132E-03
    1683     -0.15694231E-03     -0.15967571E-03     -0.16225524E-03     -0.44370132E-03
    1684     -0.15694581E-03     -0.15967571E-03     -0.16235905E-03     -0.44370132E-03
    1685     -0.15694605E-03     -0.15967571E-03     -0.16236917E-03     -0.44370132E-03
    1686     -0.15694672E-03     -0.15967571E-03     -0.16238709E-03     -0.44370132E-03
    1687     -0.15694768E-03     -0.15967571E-03     -0.16240740E-03     -0.44370132E-03
    1688     -0.15694881E-03     -0.15967571E-03     -0.16242541E-03     -0.44370132E-03
    1689     -0.15695168E-03     -0.15967571E-03     -0.16251244E-03     -0.44370132E-03
    1690     -0.15695415E-03     -0.15967571E-03     -0.16260015E-03     -0.44370132E-03
    1691     -0.15695457E-03     -0.15967571E-03     -0.16261477E-03     -0.44370132E-03
    1692     -0.15695520E-03     -0.15967571E-03     -0.16263087E-03     -0.44370132E-03
    1693     -0.15695957E-03     -0.15967571E-03     -0.16280970E-03     -0.44370132E-03
    1694     -0.15696393E-03     -0.15967571E-03     -0.16298861E-03     -0.44370132E-03
    1695     -0.15696424E-03     -0.15967571E-03     -0.16299992E-03     -0.44370132E-03
    1696     -0.15696500E-03     -0.15967571E-03     -0.16302351E-03     -0.44370132E-03
    1697     -0.15696577E-03     -0.15967571E-03     -0.16305343E-03     -0.44370132E-03
    1698     -0.15696683E-03     -0.15967571E-03     -0.16308734E-03     -0.44370132E-03
    1699     -0.15696711E-03     -0.15967571E-03     -0.16310647E-03     -0.44370132E-03
    1700     -0.15696796E-03     -0.15967571E-03     -0.16313429E-03     -0.44370132E-03
    1701     -0.15697353E-03     -0.15967571E-03     -0.16325369E-03     -0.44370132E-03
    1702     -0.15697856E-03     -0.15967571E-03     -0.16335824E-03     -0.44370132E-03
    1703     -0.15698127E-03     -0.15967571E-03     -0.16344255E-03     -0.44370132E-03
    1704     -0.15698396E-03     -0.15967571E-03     -0.16352642E-03     -0.44370132E-03
    1705     -0.15698409E-03     -0.15967571E-03     -0.16353386E-03     -0.44370132E-03
    1706     -0.15698422E-03     -0.15967571E-03     -0.16354116E-03     -0.44370132E-03
    1707     -0.15698475E-03     -0.15967571E-03     -0.16355693E-03     -0.44370132E-03
    1708     -0.15698521E-03     -0.15967571E-03     -0.16357114E-03     -0.44370132E-03
    1709     -0.15698565E-03     -0.15967571E-03     -0.16359214E-03     -0.44370132E-03
    1710     -0.15698609E-03     -0.15967571E-03     -0.16361202E-03     -0.44370132E-03
    1711     -0.15698647E-03     -0.15967571E-03     -0.16362398E-03     -0.44370132E-03
    1712     -0.15698862E-03     -0.15967571E-03     -0.16368646E-03     -0.44370132E-03
    1713     -0.15699113E-03     -0.15967571E-03     -0.16375822E-03     -0.44370132E-03
    1714     -0.15699200E-03     -0.15967571E-03     -0.16378075E-03     -0.44370132E-03
    1715     -0.15699261E-03     -0.15967571E-03     -0.16380130E-03     -0.44370132E-03
    1716     -0.15699321E-03     -0.15967571E-03     -0.16382204E-03     -0.44370132E-03
    1717     -0.15699417E-03     -0.15967571E-03     -0.16384020E-03     -0.44370132E-03
    1718     -0.15699558E-03     -0.15967571E-03     -0.16397583E-03     -0.44370132E-03
    1719     -0.15699706E-03     -0.15967571E-03     -0.16411543E-03     -0.44370132E-03
    1720     -0.15699771E-03     -0.15967571E-03     -0.16414094E-03     -0.44370132E-03
    1721     -0.15699867E-03     -0.15967571E-03     -0.16417695E-03     -0.44370132E-03
    1722     -0.15699926E-03     -0.15967571E-03     -0.16420444E-03     -0.44370132E-03
    1723     -0.15700117E-03     -0.15967571E-03     -0.16425573E-03     -0.44370132E-03
    1724     -0.15700289E-03     -0.15967571E-03     -0.16429980E-03     -0.44370132E-03
    1725     -0.15700343E-03     -0.15967571E-03     -0.16432173E-03     -0.44370132E-03
    1726     -0.15700397E-03     -0.15967571E-03     -0.16434460E-03     -0.44370132E-03
    1727     -0.15700425E-03     -0.15967571E-03     -0.16435829E-03     -0.44370132E-03
    1728     -0.15700453E-03     -0.15967571E-03     -0.16437199E-03     -0.44370132E-03
    1729     -0.15700576E-03     -0.15967571E-03     -0.16440168E-03     -0.44370132E-03
    1730     -0.15700699E-03     -0.15967571E-03     -0.16443364E-03     -0.44370132E-03
    1731     -0.15700762E-03     -0.15967571E-03     -0.16446242E-03     -0.44370132E-03
    1732     -0.15700826E-03     -0.15967571E-03     -0.16449248E-03     -0.44370132E-03
    1733     -0.15701115E-03     -0.15967571E-03     -0.16456157E-03     -0.44370132E-03
    1734     -0.15701375E-03     -0.15967571E-03     -0.16462543E-03     -0.44370132E-03
    1735     -0.15701705E-03     -0.15967571E-03     -0.16469818E-03     -0.44370132E-03
    1736     -0.15702727E-03     -0.15967571E-03     -0.16490723E-03     -0.44370132E-03
    1737     -0.15703382E-03     -0.15967571E-03     -0.16504075E-03     -0.44370132E-03
    1738     -0.15703714E-03     -0.15967571E-03     -0.16509827E-03     -0.44370132E-03
    1739     -0.15704158E-03     -0.15967571E-03     -0.16518193E-03     -0.44370132E-03
    1740     -0.15704245E-03     -0.15967571E-03     -0.16520530E-03     -0.44370132E-03
    1741     -0.15704907E-03     -0.15967571E-03     -0.16532765E-03     -0.44370132E-03
    1742     -0.15705574E-03     -0.15967571E-03     -0.16544889E-03     -0.44370132E-03
    1743     -0.15705873E-03     -0.15967571E-03     -0.16551334E-03     -0.44370132E-03
    1744     -0.15706167E-03     -0.15967571E-03     -0.16557473E-03     -0.44370132E-03
    1745     -0.15706490E-03     -0.15967571E-03     -0.16566371E-03     -0.44370132E-03
    1746     -0.15706840E-03     -0.15967571E-03     -0.16575932E-03     -0.44370132E-03
    1747     -0.15706962E-03     -0.15967571E-03     -0.16580214E-03     -0.44370132E-03
    1748     -0.15707081E-03     -0.15967571E-03     -0.16584203E-03     -0.44370132E-03
    1749     -0.15707136E-03     -0.15967571E-03     -0.16586382E-03     -0.44370132E-03
    1750     -0.15707191E-03     -0.15967571E-03     -0.16588594E-03     -0.44370132E-03
    1751     -0.15707235E-03     -0.15967571E-03     -0.16590040E-03     -0.44370132E-03
    1752     -0.15707314E-03     -0.15967571E-03     -0.16592332E-03     -0.44370132E-03
    1753     -0.15707378E-03     -0.15967571E-03     -0.16594345E-03     -0.44370132E-03
    1754     -0.15707736E-03     -0.15967571E-03     -0.16605663E-03     -0.44370132E-03
    1755     -0.15708146E-03     -0.15967571E-03     -0.16618369E-03     -0.44370132E-03
    1756     -0.15708277E-03     -0.15967571E-03     -0.16622022E-03     -0.44370132E-03
    1757     -0.15708368E-03     -0.15967571E-03     -0.16625657E-03     -0.44370132E-03
    1758     -0.15708457E-03     -0.15967571E-03     -0.16629319E-03     -0.44370132E-03
    1759     -0.15708758E-03     -0.15967571E-03     -0.16646291E-03     -0.44370132E-03
    1760     -0.15709059E-03     -0.15967571E-03     -0.16663079E-03     -0.44370132E-03
    1761     -0.15709145E-03     -0.15967571E-03     -0.16665859E-03     -0.44370132E-03
    1762     -0.15709227E-03     -0.15967571E-03     -0.16668353E-03     -0.44370132E-03
    1763     -0.15709956E-03     -0.15967571E-03     -0.16687764E-03     -0.44370132E-03
    1764     -0.15710635E-03     -0.15967571E-03     -0.16706475E-03     -0.44370132E-03
    1765     -0.15710701E-03     -0.15967571E-03     -0.16709099E-03     -0.44370132E-03
    1766     -0.15710735E-03     -0.15967571E-03     -0.16711290E-03     -0.44370132E-03
    1767     -0.15710800E-03     -0.15967571E-03     -0.16713891E-03     -0.44370132E-03
    1768     -0.15710955E-03     -0.15967571E-03     -0.16718380E-03     -0.44370132E-03
    1769     -0.15711095E-03     -0.15967571E-03     -0.16721870E-03     -0.44370132E-03
    1770     -0.15711236E-03     -0.15967571E-03     -0.16725344E-03     -0.44370132E-03
    1771     -0.15711256E-03     -0.15967571E-03     -0.16726163E-03     -0.44370132E-03
    1772     -0.15711321E-03     -0.15967571E-03     -0.16728339E-03     -0.44370132E-03
    1773     -0.15711387E-03     -0.15967571E-03     -0.16730600E-03     -0.44370132E-03
    1774     -0.15711413E-03     -0.15967571E-03     -0.16731581E-03     -0.44370132E-03
    1775     -0.15711693E-03     -0.15967571E-03     -0.16739633E-03     -0.44370132E-03
    1776     -0.15711971E-03     -0.15967571E-03     -0.16747625E-03     -0.44370132E-03
    1777     -0.15712018E-03     -0.15967571E-03     -0.16749183E-03     -0.44370132E-03
    1778     -0.15712100E-03     -0.15967571E-03     -0.16751004E-03     -0.44370132E-03
    1779     -0.15712205E-03     -0.15967571E-03     -0.16753376E-03     -0.44370132E-03
    1780     -0.15712319E-03     -0.15967571E-03     -0.16758068E-03     -0.44370132E-03
    1781     -0.15712475E-03     -0.15967571E-03     -0.16773871E-03     -0.44370132E-03
    1782     -0.15712565E-03     -0.15967571E-03     -0.16786169E-03     -0.44370132E-03
    1783     -0.15712667E-03     -0.15967571E-03     -0.16789243E-03     -0.44370132E-03
    1784     -0.15712769E-03     -0.15967571E-03     -0.16792349E-03     -0.44370132E-03
    1785     -0.15713250E-03     -0.15967571E-03     -0.16805706E-03     -0.44370132E-03
    1786     -0.15713740E-03     -0.15967571E-03     -0.16819290E-03     -0.44370132E-03
    1787     -0.15713848E-03     -0.15967571E-03     -0.16822203E-03     -0.44370132E-03
    1788     -0.15713956E-03     -0.15967571E-03     -0.16825134E-03     -0.44370132E-03
    1789     -0.15714062E-03     -0.15967571E-03     -0.16827798E-03     -0.44370132E-03
    1790     -0.15714172E-03     -0.15967571E-03     -0.16830535E-03     -0.44370132E-03
    1791     -0.15714544E-03     -0.15967571E-03     -0.16847042E-03     -0.44370132E-03
    1792     -0.15714909E-03     -0.15967571E-03     -0.16863223E-03     -0.44370132E-03
    1793     -0.15715148E-03     -0.15967571E-03     -0.16874373E-03     -0.44370132E-03
    1794     -0.15715386E-03     -0.15967571E-03     -0.16885534E-03     -0.44370132E-03
    1795     -0.15715496E-03     -0.15967571E-03     -0.16890751E-03     -0.44370132E-03
    1796     -0.15715598E-03     -0.15967571E-03     -0.16895388E-03     -0.44370132E-03
    1797     -0.15715710E-03     -0.15967571E-03     -0.16899461E-03     -0.44370132E-03
    1798     -0.15715835E-03     -0.15967571E-03     -0.16904123E-03     -0.44370132E-03
    1799     -0.15715884E-03     -0.15967571E-03     -0.16906353E-03     -0.44370132E-03
    1800     -0.15715929E-03     -0.15967571E-03     -0.16908368E-03     -0.44370132E-03
    1801     -0.15716051E-03     -0.15967571E-03     -0.16912610E-03     -0.44370132E-03
    1802     -0.15716209E-03     -0.15967571E-03     -0.16919230E-03     -0.44370132E-03
    1803     -0.15716405E-03     -0.15967571E-03     -0.16929950E-03     -0.44370132E-03
    1804     -0.15716562E-03     -0.15967571E-03     -0.16937945E-03     -0.44370132E-03
    1805     -0.15716634E-03     -0.15967571E-03     -0.16941267E-03     -0.44370132E-03
    1806     -0.15716668E-03     -0.15967571E-03     -0.16943080E-03     -0.44370132E-03
    1807     -0.15716736E-03     -0.15967571E-03     -0.16945673E-03     -0.44370132E-03
    1808     -0.15716750E-03     -0.15967571E-03     -0.16946789E-03     -0.44370132E-03
    1809     -0.15716870E-03     -0.15967571E-03     -0.16958649E-03     -0.44370132E-03
    1810     -0.15716993E-03     -0.15967571E-03     -0.16970274E-03     -0.44370132E-03
    1811     -0.15718149E-03     -0.15967571E-03     -0.16992259E-03     -0.44370132E-03
    1812     -0.15719304E-03     -0.15967571E-03     -0.17014077E-03     -0.44370132E-03
    1813     -0.15719392E-03     -0.15967571E-03     -0.17020851E-03     -0.44370132E-03
    1814     -0.15719462E-03     -0.15967571E-03     -0.17023484E-03     -0.44370132E-03
    1815     -0.15719568E-03     -0.15967571E-03     -0.17026728E-03     -0.44370132E-03
    1816     -0.15719618E-03     -0.15967571E-03     -0.17029042E-03     -0.44370132E-03
    1817     -0.15719714E-03     -0.15967571E-03     -0.17032519E-03     -0.44370132E-03
    1818     -0.15719803E-03     -0.15967571E-03     -0.17036094E-03     -0.44370132E-03
    1819     -0.15719975E-03     -0.15967571E-03     -0.17040349E-03     -0.44370132E-03
    1820     -0.15720134E-03     -0.15967571E-03     -0.17044128E-03     -0.44370132E-03
    1821     -0.15720168E-03     -0.15967571E-03     -0.17045849E-03     -0.44370132E-03
    1822     -0.15720206E-03     -0.15967571E-03     -0.17047406E-03     -0.44370132E-03
    1823     -0.15720315E-03     -0.15967571E-03     -0.17051836E-03     -0.44370132E-03
    1824     -0.15720437E-03     -0.15967571E-03     -0.17057761E-03     -0.44370132E-03
    1825     -0.15720590E-03     -0.15967571E-03     -0.17061867E-03     -0.44370132E-03
    1826     -0.15720744E-03     -0.15967571E-03     -0.17066107E-03     -0.44370132E-03
    1827     -0.15720889E-03     -0.15967571E-03     -0.17071421E-03     -0.44370132E-03
    1828     -0.15721085E-03     -0.15967571E-03     -0.17078006E-03     -0.44370132E-03
    1829     -0.15721178E-03     -0.15967571E-03     -0.17082517E-03     -0.44370132E-03
    1830     -0.15721250E-03     -0.15967571E-03     -0.17086593E-03     -0.44370132E-03
    1831     -0.15721356E-03     -0.15967571E-03     -0.17091212E-03     -0.44370132E-03
    1832     -0.15721433E-03     -0.15967571E-03     -0.17095117E-03     -0.44370132E-03
    1833     -0.15721489E-03     -0.15967571E-03     -0.17097247E-03     -0.44370132E-03
    1834     -0.15721504E-03     -0.15967571E-03     -0.17099200E-03     -0.44370132E-03
    1835     -0.15721533E-03     -0.15967571E-03     -0.17101185E-03     -0.44370132E-03
    1836     -0.15721566E-03     -0.15967571E-03     -0.17103605E-03     -0.44370132E-03
    1837     -0.15721635E-03     -0.15967571E-03     -0.17107289E-03     -0.44370132E-03
    1838     -0.15721721E-03     -0.15967571E-03     -0.17111406E-03     -0.44370132E-03
    1839     -0.15721772E-03     -0.15967571E-03     -0.17114623E-03     -0.44370132E-03
    1840     -0.15721798E-03     -0.15967571E-03     -0.17116483E-03     -0.44370132E-03
    1841     -0.15721887E-03     -0.15967571E-03     -0.17122894E-03     -0.44370132E-03
    1842     -0.15722027E-03     -0.15967571E-03     -0.17132790E-03     -0.44370132E-03
    1843     -0.15722142E-03     -0.15967571E-03     -0.17138007E-03     -0.44370132E-03
    1844     -0.15722225E-03     -0.15967571E-03     -0.17141738E-03     -0.44370132E-03
    1845     -0.15722316E-03     -0.15967571E-03     -0.17145166E-03     -0.44370132E-03
    1846     -0.15722402E-03     -0.15967571E-03     -0.17148675E-03     -0.44370132E-03
    1847     -0.15722446E-03     -0.15967571E-03     -0.17151952E-03     -0.44370132E-03
    1848     -0.15722484E-03     -0.15967571E-03     -0.17154754E-03     -0.44370132E-03
    1849     -0.15722518E-03     -0.15967571E-03     -0.17156269E-03     -0.44370132E-03
    1850     -0.15722536E-03     -0.15967571E-03     -0.17157746E-03     -0.44370132E-03
    1851     -0.15722590E-03     -0.15967571E-03     -0.17159631E-03     -0.44370132E-03
    1852     -0.15722642E-03     -0.15967571E-03     -0.17161502E-03     -0.44370132E-03
    1853     -0.15722710E-03     -0.15967571E-03     -0.17163825E-03     -0.44370132E-03
    1854     -0.15722781E-03     -0.15967571E-03     -0.17166529E-03     -0.44370132E-03
    1855     -0.15722828E-03     -0.15967571E-03     -0.17169015E-03     -0.44370132E-03
    1856     -0.15722876E-03     -0.15967571E-03     -0.17171336E-03     -0.44370132E-03
    1857     -0.15723085E-03     -0.15967571E-03     -0.17188634E-03     -0.44370132E-03
    1858     -0.15723243E-03     -0.15967571E-03     -0.17204301E-03     -0.44370132E-03
    1859     -0.15723320E-03     -0.15967571E-03     -0.17207615E-03     -0.44370132E-03
    1860     -0.15723334E-03     -0.15967571E-03     -0.17209179E-03     -0.44370132E-03
    1861     -0.15723351E-03     -0.15967571E-03     -0.17211026E-03     -0.44370132E-03
    1862     -0.15723368E-03     -0.15967571E-03     -0.17212819E-03     -0.44370132E-03
    1863     -0.15723453E-03     -0.15967571E-03     -0.17216136E-03     -0.44370132E-03
    1864     -0.15723539E-03     -0.15967571E-03     -0.17219452E-03     -0.44370132E-03
    1865     -0.15723598E-03     -0.15967571E-03     -0.17221927E-03     -0.44370132E-03
    1866     -0.15723655E-03     -0.15967571E-03     -0.17224344E-03     -0.44370132E-03
    1867     -0.15723721E-03     -0.15967571E-03     -0.17227127E-03     -0.44370132E-03
    1868     -0.15723785E-03     -0.15967571E-03     -0.17229881E-03     -0.44370132E-03
    1869     -0.15723843E-03     -0.15967571E-03     -0.17232111E-03     -0.44370132E-03
    1870     -0.15723902E-03     -0.15967571E-03     -0.17234369E-03     -0.44370132E-03
    1871     -0.15723968E-03     -0.15967571E-03     -0.17235919E-03     -0.44370132E-03
    1872     -0.15723998E-03     -0.15967571E-03     -0.17237490E-03     -0.44370132E-03
    1873     -0.15724179E-03     -0.15967571E-03     -0.17245129E-03     -0.44370132E-03
    1874     -0.15724362E-03     -0.15967571E-03     -0.17252949E-03     -0.44370132E-03
    1875     -0.15724383E-03     -0.15967571E-03     -0.17254955E-03     -0.44370132E-03
    1876     -0.15724427E-03     -0.15967571E-03     -0.17256923E-03     -0.44370132E-03
    1877     -0.15724522E-03     -0.15967571E-03     -0.17260170E-03     -0.44370132E-03
    1878     -0.15724617E-03     -0.15967571E-03     -0.17263752E-03     -0.44370132E-03
    1879     -0.15724653E-03     -0.15967571E-03     -0.17266097E-03     -0.44370132E-03
    1880     -0.15724728E-03     -0.15967571E-03     -0.17270101E-03     -0.44370132E-03
    1881     -0.15724805E-03     -0.15967571E-03     -0.17274032E-03     -0.44370132E-03
    1882     -0.15724843E-03     -0.15967571E-03     -0.17276375E-03     -0.44370132E-03
    1883     -0.15724908E-03     -0.15967571E-03     -0.17278716E-03     -0.44370132E-03
    1884     -0.15724991E-03     -0.15967571E-03     -0.17280546E-03     -0.44370132E-03
    1885     -0.15725051E-03     -0.15967571E-03     -0.17283020E-03     -0.44370132E-03
    1886     -0.15725112E-03     -0.15967571E-03     -0.17285482E-03     -0.44370132E-03
    1887     -0.15725172E-03     -0.15967571E-03     -0.17287656E-03     -0.44370132E-03
    1888     -0.15725370E-03     -0.15967571E-03     -0.17293807E-03     -0.44370132E-03
    1889     -0.15725657E-03     -0.15967571E-03     -0.17302146E-03     -0.44370132E-03
    1890     -0.15725769E-03     -0.15967571E-03     -0.17306494E-03     -0.44370132E-03
    1891     -0.15725900E-03     -0.15967571E-03     -0.17310693E-03     -0.44370132E-03
    1892     -0.15726446E-03     -0.15967571E-03     -0.17325109E-03     -0.44370132E-03
    1893     -0.15726930E-03     -0.15967571E-03     -0.17338019E-03     -0.44370132E-03
    1894     -0.15727041E-03     -0.15967571E-03     -0.17342323E-03     -0.44370132E-03
    1895     -0.15727145E-03     -0.15967571E-03     -0.17346357E-03     -0.44370132E-03
    1896     -0.15727202E-03     -0.15967571E-03     -0.17348702E-03     -0.44370132E-03
    1897     -0.15727433E-03     -0.15967571E-03     -0.17356824E-03     -0.44370132E-03
    1898     -0.15727647E-03     -0.15967571E-03     -0.17364420E-03     -0.44370132E-03
    1899     -0.15727843E-03     -0.15967571E-03     -0.17371598E-03     -0.44370132E-03
    1900     -0.15728035E-03     -0.15967571E-03     -0.17378978E-03     -0.44370132E-03
    1901     -0.15728145E-03     -0.15967571E-03     -0.17385483E-03     -0.44370132E-03
    1902     -0.15728259E-03     -0.15967571E-03     -0.17392465E-03     -0.44370132E-03
    1903     -0.15728571E-03     -0.15967571E-03     -0.17402529E-03     -0.44370132E-03
    1904     -0.15728879E-03     -0.15967571E-03     -0.17412427E-03     -0.44370132E-03
    1905     -0.15728930E-03     -0.15967571E-03     -0.17415126E-03     -0.44370132E-03
    1906     -0.15729034E-03     -0.15967571E-03     -0.17418251E-03     -0.44370132E-03
    1907     -0.15729217E-03     -0.15967571E-03     -0.17430043E-03     -0.44370132E-03
    1908     -0.15729411E-03     -0.15967571E-03     -0.17444765E-03     -0.44370132E-03
    1909     -0.15729640E-03     -0.15967571E-03     -0.17456892E-03     -0.44370132E-03
    1910     -0.15729823E-03     -0.15967571E-03     -0.17467553E-03     -0.44370132E-03
    1911     -0.15729925E-03     -0.15967571E-03     -0.17474620E-03     -0.44370132E-03
    1912     -0.15730032E-03     -0.15967571E-03     -0.17481832E-03     -0.44370132E-03
    1913     -0.15730125E-03     -0.15967571E-03     -0.17484164E-03     -0.44370132E-03
    1914     -0.15730224E-03     -0.15967571E-03     -0.17488375E-03     -0.44370132E-03
    1915     -0.15730273E-03     -0.15967571E-03     -0.17492152E-03     -0.44370132E-03
    1916     -0.15730297E-03     -0.15967571E-03     -0.17493931E-03     -0.44370132E-03
    1917     -0.15730363E-03     -0.15967571E-03     -0.17497399E-03     -0.44370132E-03
    1918     -0.15730429E-03     -0.15967571E-03     -0.17500858E-03     -0.44370132E-03
    1919     -0.15730477E-03     -0.15967571E-03     -0.17502679E-03     -0.44370132E-03
    1920     -0.15730526E-03     -0.15967571E-03     -0.17504364E-03     -0.44370132E-03
    1921     -0.15730591E-03     -0.15967571E-03     -0.17506511E-03     -0.44370132E-03
    1922     -0.15730652E-03     -0.15967571E-03     -0.17508337E-03     -0.44370132E-03
    1923     -0.15730714E-03     -0.15967571E-03     -0.17510814E-03     -0.44370132E-03
    1924     -0.15730777E-03     -0.15967571E-03     -0.17513266E-03     -0.44370132E-03
    1925     -0.15730846E-03     -0.15967571E-03     -0.17518556E-03     -0.44370132E-03
    1926     -0.15730914E-03     -0.15967571E-03     -0.17523685E-03     -0.44370132E-03
    1927     -0.15730956E-03     -0.15967571E-03     -0.17526831E-03     -0.44370132E-03
    1928     -0.15730997E-03     -0.15967571E-03     -0.17530013E-03     -0.44370132E-03
    1929     -0.15731057E-03     -0.15967571E-03     -0.17532039E-03     -0.44370132E-03
    1930     -0.15731115E-03     -0.15967571E-03     -0.17533225E-03     -0.44370132E-03
    1931     -0.15731142E-03     -0.15967571E-03     -0.17534897E-03     -0.44370132E-03
    1932     -0.15731188E-03     -0.15967571E-03     -0.17536684E-03     -0.44370132E-03
    1933     -0.15731241E-03     -0.15967571E-03     -0.17539082E-03     -0.44370132E-03
    1934     -0.15731295E-03     -0.15967571E-03     -0.17541530E-03     -0.44370132E-03
    1935     -0.15731419E-03     -0.15967571E-03     -0.17546414E-03     -0.44370132E-03
    1936     -0.15731534E-03     -0.15967571E-03     -0.17551124E-03     -0.44370132E-03
    1937     -0.15731570E-03     -0.15967571E-03     -0.17554026E-03     -0.44370132E-03
    1938     -0.15731637E-03     -0.15967571E-03     -0.17557840E-03     -0.44370132E-03
    1939     -0.15731701E-03     -0.15967571E-03     -0.17560252E-03     -0.44370132E-03
    1940     -0.15731796E-03     -0.15967571E-03     -0.17563445E-03     -0.44370132E-03
    1941     -0.15731830E-03     -0.15967571E-03     -0.17564835E-03     -0.44370132E-03
    1942     -0.15731864E-03     -0.15967571E-03     -0.17566212E-03     -0.44370132E-03
    1943     -0.15731889E-03     -0.15967571E-03     -0.17567877E-03     -0.44370132E-03
    1944     -0.15731916E-03     -0.15967571E-03     -0.17569631E-03     -0.44370132E-03
    1945     -0.15731971E-03     -0.15967571E-03     -0.17571921E-03     -0.44370132E-03
    1946     -0.15732023E-03     -0.15967571E-03     -0.17573631E-03     -0.44370132E-03
    1947     -0.15732862E-03     -0.15967571E-03     -0.17595568E-03     -0.44370132E-03
    1948     -0.15733700E-03     -0.15967571E-03     -0.17617521E-03     -0.44370132E-03
    1949     -0.15733765E-03     -0.15967571E-03     -0.17619390E-03     -0.44370132E-03
    1950     -0.15733811E-03     -0.15967571E-03     -0.17621703E-03     -0.44370132E-03
    1951     -0.15733910E-03     -0.15967571E-03     -0.17624476E-03     -0.44370132E-03
    1952     -0.15734007E-03     -0.15967571E-03     -0.17626965E-03     -0.44370132E-03
    1953     -0.15734071E-03     -0.15967571E-03     -0.17629619E-03     -0.44370132E-03
    1954     -0.15734134E-03     -0.15967571E-03     -0.17632490E-03     -0.44370132E-03
    1955     -0.15734224E-03     -0.15967571E-03     -0.17636056E-03     -0.44370132E-03
    1956     -0.15734296E-03     -0.15967571E-03     -0.17639059E-03     -0.44370132E-03
    1957     -0.15735076E-03     -0.15967571E-03     -0.17658433E-03     -0.44370132E-03
    1958     -0.15735948E-03     -0.15967571E-03     -0.17683537E-03     -0.44370132E-03
    1959     -0.15736097E-03     -0.15967571E-03     -0.17693221E-03     -0.44370132E-03
    1960     -0.15736183E-03     -0.15967571E-03     -0.17697034E-03     -0.44370132E-03
    1961     -0.15736258E-03     -0.15967571E-03     -0.17700720E-03     -0.44370132E-03
    1962     -0.15736507E-03     -0.15967571E-03     -0.17709951E-03     -0.44370132E-03
    1963     -0.15736750E-03     -0.15967571E-03     -0.17718805E-03     -0.44370132E-03
    1964     -0.15736820E-03     -0.15967571E-03     -0.17722178E-03     -0.44370132E-03
    1965     -0.15737090E-03     -0.15967571E-03     -0.17730294E-03     -0.44370132E-03
    1966     -0.15737364E-03     -0.15967571E-03     -0.17738521E-03     -0.44370132E-03
    1967     -0.15737421E-03     -0.15967571E-03     -0.17741211E-03     -0.44370132E-03
    1968     -0.15737476E-03     -0.15967571E-03     -0.17744372E-03     -0.44370132E-03
    1969     -0.15737659E-03     -0.15967571E-03     -0.17751184E-03     -0.44370132E-03
    1970     -0.15737843E-03     -0.15967571E-03     -0.17757998E-03     -0.44370132E-03
    1971     -0.15737966E-03     -0.15967571E-03     -0.17763862E-03     -0.44370132E-03
    1972     -0.15738239E-03     -0.15967571E-03     -0.17775620E-03     -0.44370132E-03
    1973     -0.15738421E-03     -0.15967571E-03     -0.17784016E-03     -0.44370132E-03
    1974     -0.15738554E-03     -0.15967571E-03     -0.17798123E-03     -0.44370132E-03
    1975     -0.15738676E-03     -0.15967571E-03     -0.17812058E-03     -0.44370132E-03
    1976     -0.15738803E-03     -0.15967571E-03     -0.17821152E-03     -0.44370132E-03
    1977     -0.15739033E-03     -0.15967571E-03     -0.17834270E-03     -0.44370132E-03
    1978     -0.15739331E-03     -0.15967571E-03     -0.17846958E-03     -0.44370132E-03
    1979     -0.15739591E-03     -0.15967571E-03     -0.17857949E-03     -0.44370132E-03
    1980     -0.15739698E-03     -0.15967571E-03     -0.17862391E-03     -0.44370132E-03
    1981     -0.15739781E-03     -0.15967571E-03     -0.17866121E-03     -0.44370132E-03
    1982     -0.15739859E-03     -0.15967571E-03     -0.17869700E-03     -0.44370132E-03
    1983     -0.15739898E-03     -0.15967571E-03     -0.17872452E-03     -0.44370132E-03
    1984     -0.15739955E-03     -0.15967571E-03     -0.17875244E-03     -0.44370132E-03
    1985     -0.15740029E-03     -0.15967571E-03     -0.17879186E-03     -0.44370132E-03
    1986     -0.15740103E-03     -0.15967571E-03     -0.17883430E-03     -0.44370132E-03
    1987     -0.15740180E-03     -0.15967571E-03     -0.17886821E-03     -0.44370132E-03
    1988     -0.15740246E-03     -0.15967571E-03     -0.17888895E-03     -0.44370132E-03
    1989     -0.15740279E-03     -0.15967571E-03     -0.17889949E-03     -0.44370132E-03
    1990     -0.15740331E-03     -0.15967571E-03     -0.17893263E-03     -0.44370132E-03
    1991     -0.15740388E-03     -0.15967571E-03     -0.17896945E-03     -0.44370132E-03
    1992     -0.15740422E-03     -0.15967571E-03     -0.17899193E-03     -0.44370132E-03
    1993     -0.15740580E-03     -0.15967571E-03     -0.17907067E-03     -0.44370132E-03
    1994     -0.15740738E-03     -0.15967571E-03     -0.17914926E-03     -0.44370132E-03
    1995     -0.15740795E-03     -0.15967571E-03     -0.17917324E-03     -0.44370132E-03
    1996     -0.15740838E-03     -0.15967571E-03     -0.17919625E-03     -0.44370132E-03
    1997     -0.15740890E-03     -0.15967571E-03     -0.17921980E-03     -0.44370132E-03
    1998     -0.15740936E-03     -0.15967571E-03     -0.17924240E-03     -0.44370132E-03
    1999     -0.15741005E-03     -0.15967571E-03     -0.17928270E-03     -0.44370132E-03
    2000     -0.15741105E-03     -0.15967571E-03     -0.17931948E-03     -0.44370132E-03
    2001     -0.15741195E-03     -0.15967571E-03     -0.17936472E-03     -0.44370132E-03
    2002     -0.15741286E-03     -0.15967571E-03     -0.17941035E-03     -0.44370132E-03
    2003     -0.15741354E-03     -0.15967571E-03     -0.17944320E-03     -0.44370132E-03
    2004     -0.15741422E-03     -0.15967571E-03     -0.17947611E-03     -0.44370132E-03
    2005     -0.15741472E-03     -0.15967571E-03     -0.17949294E-03     -0.44370132E-03
    2006     -0.15741521E-03     -0.15967571E-03     -0.17950910E-03     -0.44370132E-03
    2007     -0.15741586E-03     -0.15967571E-03     -0.17954244E-03     -0.44370132E-03
    2008     -0.15741659E-03     -0.15967571E-03     -0.17957859E-03     -0.44370132E-03
    2009     -0.15741730E-03     -0.15967571E-03     -0.17961862E-03     -0.44370132E-03
    2010     -0.15741820E-03     -0.15967571E-03     -0.17965474E-03     -0.44370132E-03
    2011     -0.15742036E-03     -0.15967571E-03     -0.17979049E-03     -0.44370132E-03
    2012     -0.15742252E-03     -0.15967571E-03     -0.17992628E-03     -0.44370132E-03
    2013     -0.15742362E-03     -0.15967571E-03     -0.17996893E-03     -0.44370132E-03
    2014     -0.15742471E-03     -0.15967571E-03     -0.18001094E-03     -0.44370132E-03
    2015     -0.15742518E-03     -0.15967571E-03     -0.18004988E-03     -0.44370132E-03
    2016     -0.15742569E-03     -0.15967571E-03     -0.18009137E-03     -0.44370132E-03
    2017     -0.15742743E-03     -0.15967571E-03     -0.18016589E-03     -0.44370132E-03
    2018     -0.15742919E-03     -0.15967571E-03     -0.18024295E-03     -0.44370132E-03
    2019     -0.15743040E-03     -0.15967571E-03     -0.18027365E-03     -0.44370132E-03
    2020     -0.15743127E-03     -0.15967571E-03     -0.18030828E-03     -0.44370132E-03
    2021     -0.15743245E-03     -0.15967571E-03     -0.18036319E-03     -0.44370132E-03
    2022     -0.15743324E-03     -0.15967571E-03     -0.18040604E-03     -0.44370132E-03
    2023     -0.15743440E-03     -0.15967571E-03     -0.18044523E-03     -0.44370132E-03
    2024     -0.15743603E-03     -0.15967571E-03     -0.18051723E-03     -0.44370132E-03
    2025     -0.15743830E-03     -0.15967571E-03     -0.18069542E-03     -0.44370132E-03
    2026     -0.15743963E-03     -0.15967571E-03     -0.18083945E-03     -0.44370132E-03
    2027     -0.15744042E-03     -0.15967571E-03     -0.18088109E-03     -0.44370132E-03
    2028     -0.15744150E-03     -0.15967571E-03     -0.18092063E-03     -0.44370132E-03
    2029     -0.15744236E-03     -0.15967571E-03     -0.18094983E-03     -0.44370132E-03
    2030     -0.15744352E-03     -0.15967571E-03     -0.18100666E-03     -0.44370132E-03
    2031     -0.15744498E-03     -0.15967571E-03     -0.18107813E-03     -0.44370132E-03
    2032     -0.15744652E-03     -0.15967571E-03     -0.18113048E-03     -0.44370132E-03
    2033     -0.15744787E-03     -0.15967571E-03     -0.18117913E-03     -0.44370132E-03
    2034     -0.15744940E-03     -0.15967571E-03     -0.18126876E-03     -0.44370132E-03
    2035     -0.15745071E-03     -0.15967571E-03     -0.18134791E-03     -0.44370132E-03
    2036     -0.15745215E-03     -0.15967571E-03     -0.18141597E-03     -0.44370132E-03
    2037     -0.15745362E-03     -0.15967571E-03     -0.18150099E-03     -0.44370132E-03
    2038     -0.15745433E-03     -0.15967571E-03     -0.18155082E-03     -0.44370132E-03
    2039     -0.15745490E-03     -0.15967571E-03     -0.18158288E-03     -0.44370132E-03
    2040     -0.15745533E-03     -0.15967571E-03     -0.18160653E-03     -0.44370132E-03
    2041     -0.15745814E-03     -0.15967571E-03     -0.18169151E-03     -0.44370132E-03
    2042     -0.15746062E-03     -0.15967571E-03     -0.18176639E-03     -0.44370132E-03
    2043     -0.15746510E-03     -0.15967571E-03     -0.18189996E-03     -0.44370132E-03
    2044     -0.15746571E-03     -0.15967571E-03     -0.18193444E-03     -0.44370132E-03
    2045     -0.15746638E-03     -0.15967571E-03     -0.18197498E-03     -0.44370132E-03
    2046     -0.15746687E-03     -0.15967571E-03     -0.18200718E-03     -0.44370132E-03
    2047     -0.15746716E-03     -0.15967571E-03     -0.18202431E-03     -0.44370132E-03
    2048     -0.15746736E-03     -0.15967571E-03     -0.18204040E-03     -0.44370132E-03
    2049     -0.15746803E-03     -0.15967571E-03     -0.18207683E-03     -0.44370132E-03
    2050     -0.15746874E-03     -0.15967571E-03     -0.18211497E-03     -0.44370132E-03
    2051     -0.15746939E-03     -0.15967571E-03     -0.18214641E-03     -0.44370132E-03
    2052     -0.15747150E-03     -0.15967571E-03     -0.18223175E-03     -0.44370132E-03
    2053     -0.15747457E-03     -0.15967571E-03     -0.18236703E-03     -0.44370132E-03
    2054     -0.15747608E-03     -0.15967571E-03     -0.18244117E-03     -0.44370132E-03
    2055     -0.15747656E-03     -0.15967571E-03     -0.18248199E-03     -0.44370132E-03
    2056     -0.15747759E-03     -0.15967571E-03     -0.18254052E-03     -0.44370132E-03
    2057     -0.15748114E-03     -0.15967571E-03     -0.18265103E-03     -0.44370132E-03
    2058     -0.15748421E-03     -0.15967571E-03     -0.18274725E-03     -0.44370132E-03
    2059     -0.15748582E-03     -0.15967571E-03     -0.18282004E-03     -0.44370132E-03
    2060     -0.15748739E-03     -0.15967571E-03     -0.18289231E-03     -0.44370132E-03
    2061     -0.15748776E-03     -0.15967571E-03     -0.18291441E-03     -0.44370132E-03
    2062     -0.15748837E-03     -0.15967571E-03     -0.18294231E-03     -0.44370132E-03
    2063     -0.15748913E-03     -0.15967571E-03     -0.18298256E-03     -0.44370132E-03
    2064     -0.15748998E-03     -0.15967571E-03     -0.18301786E-03     -0.44370132E-03
    2065     -0.15749079E-03     -0.15967571E-03     -0.18304992E-03     -0.44370132E-03
    2066     -0.15749147E-03     -0.15967571E-03     -0.18307553E-03     -0.44370132E-03
    2067     -0.15749290E-03     -0.15967571E-03     -0.18315290E-03     -0.44370132E-03
    2068     -0.15749435E-03     -0.15967571E-03     -0.18323123E-03     -0.44370132E-03
    2069     -0.15749510E-03     -0.15967571E-03     -0.18325706E-03     -0.44370132E-03
    2070     -0.15749579E-03     -0.15967571E-03     -0.18328345E-03     -0.44370132E-03
    2071     -0.15749703E-03     -0.15967571E-03     -0.18334200E-03     -0.44370132E-03
    2072     -0.15749821E-03     -0.15967571E-03     -0.18339857E-03     -0.44370132E-03
    2073     -0.15749887E-03     -0.15967571E-03     -0.18343317E-03     -0.44370132E-03
    2074     -0.15749975E-03     -0.15967571E-03     -0.18346632E-03     -0.44370132E-03
    2075     -0.15750035E-03     -0.15967571E-03     -0.18350723E-03     -0.44370132E-03
    2076     -0.15750095E-03     -0.15967571E-03     -0.18354614E-03     -0.44370132E-03
    2077     -0.15750148E-03     -0.15967571E-03     -0.18356981E-03     -0.44370132E-03
    2078     -0.15750211E-03     -0.15967571E-03     -0.18359654E-03     -0.44370132E-03
    2079     -0.15750266E-03     -0.15967571E-03     -0.18362573E-03     -0.44370132E-03
    2080     -0.15750360E-03     -0.15967571E-03     -0.18367875E-03     -0.44370132E-03
    2081     -0.15750418E-03     -0.15967571E-03     -0.18371003E-03     -0.44370132E-03
    2082     -0.15750477E-03     -0.15967571E-03     -0.18373989E-03     -0.44370132E-03
    2083     -0.15750540E-03     -0.15967571E-03     -0.18377879E-03     -0.44370132E-03
    2084     -0.15750635E-03     -0.15967571E-03     -0.18383896E-03     -0.44370132E-03
    2085     -0.15750773E-03     -0.15967571E-03     -0.18388293E-03     -0.44370132E-03
    2086     -0.15750911E-03     -0.15967571E-03     -0.18393560E-03     -0.44370132E-03
    2087     -0.15751023E-03     -0.15967571E-03     -0.18402352E-03     -0.44370132E-03
    2088     -0.15751141E-03     -0.15967571E-03     -0.18411566E-03     -0.44370132E-03
    2089     -0.15751211E-03     -0.15967571E-03     -0.18414189E-03     -0.44370132E-03
    2090     -0.15751304E-03     -0.15967571E-03     -0.18421632E-03     -0.44370132E-03
    2091     -0.15751383E-03     -0.15967571E-03     -0.18428775E-03     -0.44370132E-03
    2092     -0.15751417E-03     -0.15967571E-03     -0.18431463E-03     -0.44370132E-03
    2093     -0.15751457E-03     -0.15967571E-03     -0.18433036E-03     -0.44370132E-03
    2094     -0.15751509E-03     -0.15967571E-03     -0.18434911E-03     -0.44370132E-03
    2095     -0.15751601E-03     -0.15967571E-03     -0.18440172E-03     -0.44370132E-03
    2096     -0.15751703E-03     -0.15967571E-03     -0.18445163E-03     -0.44370132E-03
    2097     -0.15752048E-03     -0.15967571E-03     -0.18460300E-03     -0.44370132E-03
    2098     -0.15752370E-03     -0.15967571E-03     -0.18474257E-03     -0.44370132E-03
    2099     -0.15752520E-03     -0.15967571E-03     -0.18480667E-03     -0.44370132E-03
    2100     -0.15752665E-03     -0.15967571E-03     -0.18486667E-03     -0.44370132E-03
    2101     -0.15753027E-03     -0.15967571E-03     -0.18505603E-03     -0.44370132E-03
    2102     -0.15753523E-03     -0.15967571E-03     -0.18530281E-03     -0.44370132E-03
    2103     -0.15753754E-03     -0.15967571E-03     -0.18540446E-03     -0.44370132E-03
    2104     -0.15753892E-03     -0.15967571E-03     -0.18547004E-03     -0.44370132E-03
    2105     -0.15753937E-03     -0.15967571E-03     -0.18551073E-03     -0.44370132E-03
    2106     -0.15753984E-03     -0.15967571E-03     -0.18553421E-03     -0.44370132E-03
    2107     -0.15754084E-03     -0.15967571E-03     -0.18556636E-03     -0.44370132E-03
    2108     -0.15754162E-03     -0.15967571E-03     -0.18560069E-03     -0.44370132E-03
    2109     -0.15754332E-03     -0.15967571E-03     -0.18566912E-03     -0.44370132E-03
    2110     -0.15754503E-03     -0.15967571E-03     -0.18573919E-03     -0.44370132E-03
    2111     -0.15754556E-03     -0.15967571E-03     -0.18576086E-03     -0.44370132E-03
    2112     -0.15754618E-03     -0.15967571E-03     -0.18578044E-03     -0.44370132E-03
    2113     -0.15754707E-03     -0.15967571E-03     -0.18580145E-03     -0.44370132E-03
    2114     -0.15754804E-03     -0.15967571E-03     -0.18585200E-03     -0.44370132E-03
    2115     -0.15754931E-03     -0.15967571E-03     -0.18594271E-03     -0.44370132E-03
    2116     -0.15755057E-03     -0.15967571E-03     -0.18602909E-03     -0.44370132E-03
    2117     -0.15755219E-03     -0.15967571E-03     -0.18612378E-03     -0.44370132E-03
    2118     -0.15755351E-03     -0.15967571E-03     -0.18620678E-03     -0.44370132E-03
    2119     -0.15755738E-03     -0.15967571E-03     -0.18636413E-03     -0.44370132E-03
    2120     -0.15756137E-03     -0.15967571E-03     -0.18651983E-03     -0.44370132E-03
    2121     -0.15756239E-03     -0.15967571E-03     -0.18657999E-03     -0.44370132E-03
    2122     -0.15756394E-03     -0.15967571E-03     -0.18667832E-03     -0.44370132E-03
    2123     -0.15756447E-03     -0.15967571E-03     -0.18670024E-03     -0.44370132E-03
    2124     -0.15756560E-03     -0.15967571E-03     -0.18675897E-03     -0.44370132E-03
    2125     -0.15756686E-03     -0.15967571E-03     -0.18681858E-03     -0.44370132E-03
    2126     -0.15756820E-03     -0.15967571E-03     -0.18687108E-03     -0.44370132E-03
    2127     -0.15756864E-03     -0.15967571E-03     -0.18689157E-03     -0.44370132E-03
    2128     -0.15756906E-03     -0.15967571E-03     -0.18691119E-03     -0.44370132E-03
    2129     -0.15756939E-03     -0.15967571E-03     -0.18692480E-03     -0.44370132E-03
    2130     -0.15756954E-03     -0.15967571E-03     -0.18693467E-03     -0.44370132E-03
    2131     -0.15757006E-03     -0.15967571E-03     -0.18695488E-03     -0.44370132E-03
    2132     -0.15757060E-03     -0.15967571E-03     -0.18697921E-03     -0.44370132E-03
    2133     -0.15757131E-03     -0.15967571E-03     -0.18701226E-03     -0.44370132E-03
    2134     -0.15757198E-03     -0.15967571E-03     -0.18704465E-03     -0.44370132E-03
    2135     -0.15757257E-03     -0.15967571E-03     -0.18708026E-03     -0.44370132E-03
    2136     -0.15757331E-03     -0.15967571E-03     -0.18711512E-03     -0.44370132E-03
    2137     -0.15757394E-03     -0.15967571E-03     -0.18715918E-03     -0.44370132E-03
    2138     -0.15757482E-03     -0.15967571E-03     -0.18719221E-03     -0.44370132E-03
    2139     -0.15757505E-03     -0.15967571E-03     -0.18721662E-03     -0.44370132E-03
    2140     -0.15757532E-03     -0.15967571E-03     -0.18723392E-03     -0.44370132E-03
    2141     -0.15757561E-03     -0.15967571E-03     -0.18724899E-03     -0.44370132E-03
    2142     -0.15757591E-03     -0.15967571E-03     -0.18726421E-03     -0.44370132E-03
    2143     -0.15757649E-03     -0.15967571E-03     -0.18729448E-03     -0.44370132E-03
    2144     -0.15757705E-03     -0.15967571E-03     -0.18732461E-03     -0.44370132E-03
    2145     -0.15757778E-03     -0.15967571E-03     -0.18735193E-03     -0.44370132E-03
    2146     -0.15757816E-03     -0.15967571E-03     -0.18737050E-03     -0.44370132E-03
    2147     -0.15757851E-03     -0.15967571E-03     -0.18738662E-03     -0.44370132E-03
    2148     -0.15757927E-03     -0.15967571E-03     -0.18741083E-03     -0.44370132E-03
    2149     -0.15758014E-03     -0.15967571E-03     -0.18745951E-03     -0.44370132E-03
    2150     -0.15758120E-03     -0.15967571E-03     -0.18751679E-03     -0.44370132E-03
    2151     -0.15758167E-03     -0.15967571E-03     -0.18753894E-03     -0.44370132E-03
    2152     -0.15758222E-03     -0.15967571E-03     -0.18756214E-03     -0.44370132E-03
    2153     -0.15758255E-03     -0.15967571E-03     -0.18758202E-03     -0.44370132E-03
    2154     -0.15758283E-03     -0.15967571E-03     -0.18760410E-03     -0.44370132E-03
    2155     -0.15758318E-03     -0.15967571E-03     -0.18761935E-03     -0.44370132E-03
    2156     -0.15758352E-03     -0.15967571E-03     -0.18763550E-03     -0.44370132E-03
    2157     -0.15758426E-03     -0.15967571E-03     -0.18765893E-03     -0.44370132E-03
    2158     -0.15758454E-03     -0.15967571E-03     -0.18767603E-03     -0.44370132E-03
    2159     -0.15758477E-03     -0.15967571E-03     -0.18769048E-03     -0.44370132E-03
    2160     -0.15758552E-03     -0.15967571E-03     -0.18771776E-03     -0.44370132E-03
    2161     -0.15758615E-03     -0.15967571E-03     -0.18775252E-03     -0.44370132E-03
    2162     -0.15758684E-03     -0.15967571E-03     -0.18779424E-03     -0.44370132E-03
    2163     -0.15758773E-03     -0.15967571E-03     -0.18783983E-03     -0.44370132E-03
    2164     -0.15758859E-03     -0.15967571E-03     -0.18788466E-03     -0.44370132E-03
    2165     -0.15758929E-03     -0.15967571E-03     -0.18791461E-03     -0.44370132E-03
    2166     -0.15759033E-03     -0.15967571E-03     -0.18798723E-03     -0.44370132E-03
    2167     -0.15759135E-03     -0.15967571E-03     -0.18805997E-03     -0.44370132E-03
    2168     -0.15759232E-03     -0.15967571E-03     -0.18810472E-03     -0.44370132E-03
    2169     -0.15759336E-03     -0.15967571E-03     -0.18815999E-03     -0.44370132E-03
    2170     -0.15759414E-03     -0.15967571E-03     -0.18821398E-03     -0.44370132E-03
    2171     -0.15759482E-03     -0.15967571E-03     -0.18825734E-03     -0.44370132E-03
    2172     -0.15759552E-03     -0.15967571E-03     -0.18829904E-03     -0.44370132E-03
    2173     -0.15759625E-03     -0.15967571E-03     -0.18834548E-03     -0.44370132E-03
    2174     -0.15759691E-03     -0.15967571E-03     -0.18838740E-03     -0.44370132E-03
    2175     -0.15759767E-03     -0.15967571E-03     -0.18842297E-03     -0.44370132E-03
    2176     -0.15759902E-03     -0.15967571E-03     -0.18847492E-03     -0.44370132E-03
    2177     -0.15759965E-03     -0.15967571E-03     -0.18849709E-03     -0.44370132E-03
    2178     -0.15760066E-03     -0.15967571E-03     -0.18853430E-03     -0.44370132E-03
    2179     -0.15760133E-03     -0.15967571E-03     -0.18856703E-03     -0.44370132E-03
    2180     -0.15760205E-03     -0.15967571E-03     -0.18860796E-03     -0.44370132E-03
    2181     -0.15760294E-03     -0.15967571E-03     -0.18867575E-03     -0.44370132E-03
    2182     -0.15760466E-03     -0.15967571E-03     -0.18878270E-03     -0.44370132E-03
    2183     -0.15760627E-03     -0.15967571E-03     -0.18887204E-03     -0.44370132E-03
    2184     -0.15760668E-03     -0.15967571E-03     -0.18891050E-03     -0.44370132E-03
    2185     -0.15761137E-03     -0.15967571E-03     -0.18909395E-03     -0.44370132E-03
    2186     -0.15761603E-03     -0.15967571E-03     -0.18927223E-03     -0.44370132E-03
    2187     -0.15761874E-03     -0.15967571E-03     -0.18938306E-03     -0.44370132E-03
    2188     -0.15762135E-03     -0.15967571E-03     -0.18948774E-03     -0.44370132E-03
    2189     -0.15762201E-03     -0.15967571E-03     -0.18953135E-03     -0.44370132E-03
    2190     -0.15762283E-03     -0.15967571E-03     -0.18958885E-03     -0.44370132E-03
    2191     -0.15762367E-03     -0.15967571E-03     -0.18961463E-03     -0.44370132E-03
    2192     -0.15762432E-03     -0.15967571E-03     -0.18964921E-03     -0.44370132E-03
    2193     -0.15762631E-03     -0.15967571E-03     -0.18975505E-03     -0.44370132E-03
    2194     -0.15762826E-03     -0.15967571E-03     -0.18986158E-03     -0.44370132E-03
    2195     -0.15762923E-03     -0.15967571E-03     -0.18991905E-03     -0.44370132E-03
    2196     -0.15763032E-03     -0.15967571E-03     -0.18998909E-03     -0.44370132E-03
    2197     -0.15763114E-03     -0.15967571E-03     -0.19004430E-03     -0.44370132E-03
    2198     -0.15763160E-03     -0.15967571E-03     -0.19006055E-03     -0.44370132E-03
    2199     -0.15763235E-03     -0.15967571E-03     -0.19010277E-03     -0.44370132E-03
    2200     -0.15763290E-03     -0.15967571E-03     -0.19014089E-03     -0.44370132E-03
    2201     -0.15763351E-03     -0.15967571E-03     -0.19017358E-03     -0.44370132E-03
    2202     -0.15763369E-03     -0.15967571E-03     -0.19019483E-03     -0.44370132E-03
    2203     -0.15763495E-03     -0.15967571E-03     -0.19026308E-03     -0.44370132E-03
    2204     -0.15763639E-03     -0.15967571E-03     -0.19034235E-03     -0.44370132E-03
    2205     -0.15763719E-03     -0.15967571E-03     -0.19037289E-03     -0.44370132E-03
    2206     -0.15763769E-03     -0.15967571E-03     -0.19040556E-03     -0.44370132E-03
    2207     -0.15763875E-03     -0.15967571E-03     -0.19045158E-03     -0.44370132E-03
    2208     -0.15763984E-03     -0.15967571E-03     -0.19049793E-03     -0.44370132E-03
    2209     -0.15764022E-03     -0.15967571E-03     -0.19051963E-03     -0.44370132E-03
    2210     -0.15764091E-03     -0.15967571E-03     -0.19054949E-03     -0.44370132E-03
    2211     -0.15764153E-03     -0.15967571E-03     -0.19057996E-03     -0.44370132E-03
    2212     -0.15764199E-03     -0.15967571E-03     -0.19060767E-03     -0.44370132E-03
    2213     -0.15764280E-03     -0.15967571E-03     -0.19064995E-03     -0.44370132E-03
    2214     -0.15764347E-03     -0.15967571E-03     -0.19068338E-03     -0.44370132E-03
    2215     -0.15764425E-03     -0.15967571E-03     -0.19072381E-03     -0.44370132E-03
    2216     -0.15764500E-03     -0.15967571E-03     -0.19077509E-03     -0.44370132E-03
    2217     -0.15764550E-03     -0.15967571E-03     -0.19081177E-03     -0.44370132E-03
    2218     -0.15764642E-03     -0.15967571E-03     -0.19085784E-03     -0.44370132E-03
    2219     -0.15764834E-03     -0.15967571E-03     -0.19095626E-03     -0.44370132E-03
    2220     -0.15764956E-03     -0.15967571E-03     -0.19103650E-03     -0.44370132E-03
    2221     -0.15765122E-03     -0.15967571E-03     -0.19112520E-03     -0.44370132E-03
    2222     -0.15765270E-03     -0.15967571E-03     -0.19120285E-03     -0.44370132E-03
    2223     -0.15765382E-03     -0.15967571E-03     -0.19124729E-03     -0.44370132E-03
    2224     -0.15765499E-03     -0.15967571E-03     -0.19132012E-03     -0.44370132E-03
    2225     -0.15765613E-03     -0.15967571E-03     -0.19138865E-03     -0.44370132E-03
    2226     -0.15765706E-03     -0.15967571E-03     -0.19143616E-03     -0.44370132E-03
    2227     -0.15765875E-03     -0.15967571E-03     -0.19156056E-03     -0.44370132E-03
    2228     -0.15766043E-03     -0.15967571E-03     -0.19168280E-03     -0.44370132E-03
    2229     -0.15766124E-03     -0.15967571E-03     -0.19173714E-03     -0.44370132E-03
    2230     -0.15766212E-03     -0.15967571E-03     -0.19179318E-03     -0.44370132E-03
    2231     -0.15766289E-03     -0.15967571E-03     -0.19182254E-03     -0.44370132E-03
    2232     -0.15766430E-03     -0.15967571E-03     -0.19189784E-03     -0.44370132E-03
    2233     -0.15766545E-03     -0.15967571E-03     -0.19196266E-03     -0.44370132E-03
    2234     -0.15766647E-03     -0.15967571E-03     -0.19201842E-03     -0.44370132E-03
    2235     -0.15766708E-03     -0.15967571E-03     -0.19206173E-03     -0.44370132E-03
    2236     -0.15766840E-03     -0.15967571E-03     -0.19213001E-03     -0.44370132E-03
    2237     -0.15766919E-03     -0.15967571E-03     -0.19216624E-03     -0.44370132E-03
    2238     -0.15766998E-03     -0.15967571E-03     -0.19221039E-03     -0.44370132E-03
    2239     -0.15767172E-03     -0.15967571E-03     -0.19228985E-03     -0.44370132E-03
    2240     -0.15767342E-03     -0.15967571E-03     -0.19237066E-03     -0.44370132E-03
    2241     -0.15767535E-03     -0.15967571E-03     -0.19245312E-03     -0.44370132E-03
    2242     -0.15767696E-03     -0.15967571E-03     -0.19253501E-03     -0.44370132E-03
    2243     -0.15767767E-03     -0.15967571E-03     -0.19255786E-03     -0.44370132E-03
    2244     -0.15767954E-03     -0.15967571E-03     -0.19266975E-03     -0.44370132E-03
    2245     -0.15768062E-03     -0.15967571E-03     -0.19272044E-03     -0.44370132E-03
    2246     -0.15768100E-03     -0.15967571E-03     -0.19274788E-03     -0.44370132E-03
    2247     -0.15768177E-03     -0.15967571E-03     -0.19277281E-03     -0.44370132E-03
    2248     -0.15768247E-03     -0.15967571E-03     -0.19280237E-03     -0.44370132E-03
    2249     -0.15768307E-03     -0.15967571E-03     -0.19283032E-03     -0.44370132E-03
    2250     -0.15768388E-03     -0.15967571E-03     -0.19285331E-03     -0.44370132E-03
    2251     -0.15768478E-03     -0.15967571E-03     -0.19288686E-03     -0.44370132E-03
    2252     -0.15768574E-03     -0.15967571E-03     -0.19293124E-03     -0.44370132E-03
    2253     -0.15768658E-03     -0.15967571E-03     -0.19297529E-03     -0.44370132E-03
    2254     -0.15768710E-03     -0.15967571E-03     -0.19300330E-03     -0.44370132E-03
    2255     -0.15768877E-03     -0.15967571E-03     -0.19311875E-03     -0.44370132E-03
    2256     -0.15769006E-03     -0.15967571E-03     -0.19321005E-03     -0.44370132E-03
    2257     -0.15769045E-03     -0.15967571E-03     -0.19324666E-03     -0.44370132E-03
    2258     -0.15769085E-03     -0.15967571E-03     -0.19328356E-03     -0.44370132E-03
    2259     -0.15769173E-03     -0.15967571E-03     -0.19331462E-03     -0.44370132E-03
    2260     -0.15769225E-03     -0.15967571E-03     -0.19334480E-03     -0.44370132E-03
    2261     -0.15769283E-03     -0.15967571E-03     -0.19336665E-03     -0.44370132E-03
    2262     -0.15769335E-03     -0.15967571E-03     -0.19339208E-03     -0.44370132E-03
    2263     -0.15769440E-03     -0.15967571E-03     -0.19343661E-03     -0.44370132E-03
    2264     -0.15769483E-03     -0.15967571E-03     -0.19347297E-03     -0.44370132E-03
    2265     -0.15769519E-03     -0.15967571E-03     -0.19350285E-03     -0.44370132E-03
    2266     -0.15769551E-03     -0.15967571E-03     -0.19352876E-03     -0.44370132E-03
    2267     -0.15769635E-03     -0.15967571E-03     -0.19358205E-03     -0.44370132E-03
    2268     -0.15769719E-03     -0.15967571E-03     -0.19363602E-03     -0.44370132E-03
    2269     -0.15769799E-03     -0.15967571E-03     -0.19368965E-03     -0.44370132E-03
    2270     -0.15769875E-03     -0.15967571E-03     -0.19374223E-03     -0.44370132E-03
    2271     -0.15769958E-03     -0.15967571E-03     -0.19377180E-03     -0.44370132E-03
    2272     -0.15770042E-03     -0.15967571E-03     -0.19380231E-03     -0.44370132E-03
    2273     -0.15770098E-03     -0.15967571E-03     -0.19383260E-03     -0.44370132E-03
    2274     -0.15770173E-03     -0.15967571E-03     -0.19387502E-03     -0.44370132E-03
    2275     -0.15770259E-03     -0.15967571E-03     -0.19393135E-03     -0.44370132E-03
    2276     -0.15770448E-03     -0.15967571E-03     -0.19406265E-03     -0.44370132E-03
    2277     -0.15770524E-03     -0.15967571E-03     -0.19411364E-03     -0.44370132E-03
    2278     -0.15770557E-03     -0.15967571E-03     -0.19414520E-03     -0.44370132E-03
    2279     -0.15770644E-03     -0.15967571E-03     -0.19420743E-03     -0.44370132E-03
    2280     -0.15770748E-03     -0.15967571E-03     -0.19426250E-03     -0.44370132E-03
    2281     -0.15770843E-03     -0.15967571E-03     -0.19432069E-03     -0.44370132E-03
    2282     -0.15770920E-03     -0.15967571E-03     -0.19437822E-03     -0.44370132E-03
    2283     -0.15770989E-03     -0.15967571E-03     -0.19442517E-03     -0.44370132E-03
    2284     -0.15771264E-03     -0.15967571E-03     -0.19458430E-03     -0.44370132E-03
    2285     -0.15771332E-03     -0.15967571E-03     -0.19462536E-03     -0.44370132E-03
    2286     -0.15771403E-03     -0.15967571E-03     -0.19466927E-03     -0.44370132E-03
    2287     -0.15771487E-03     -0.15967571E-03     -0.19470887E-03     -0.44370132E-03
    2288     -0.15771570E-03     -0.15967571E-03     -0.19473871E-03     -0.44370132E-03
    2289     -0.15771644E-03     -0.15967571E-03     -0.19476648E-03     -0.44370132E-03
    2290     -0.15771770E-03     -0.15967571E-03     -0.19484167E-03     -0.44370132E-03
    2291     -0.15772024E-03     -0.15967571E-03     -0.19501300E-03     -0.44370132E-03
    2292     -0.15772236E-03     -0.15967571E-03     -0.19515445E-03     -0.44370132E-03
    2293     -0.15772306E-03     -0.15967571E-03     -0.19519568E-03     -0.44370132E-03
    2294     -0.15772381E-03     -0.15967571E-03     -0.19524251E-03     -0.44370132E-03
    2295     -0.15772440E-03     -0.15967571E-03     -0.19527323E-03     -0.44370132E-03
    2296     -0.15772501E-03     -0.15967571E-03     -0.19530056E-03     -0.44370132E-03
    2297     -0.15772581E-03     -0.15967571E-03     -0.19535054E-03     -0.44370132E-03
    2298     -0.15772656E-03     -0.15967571E-03     -0.19541061E-03     -0.44370132E-03
    2299     -0.15772778E-03     -0.15967571E-03     -0.19549781E-03     -0.44370132E-03
    2300     -0.15772902E-03     -0.15967571E-03     -0.19558603E-03     -0.44370132E-03
    2301     -0.15772946E-03     -0.15967571E-03     -0.19561667E-03     -0.44370132E-03
    2302     -0.15773030E-03     -0.15967571E-03     -0.19567167E-03     -0.44370132E-03
    2303     -0.15773097E-03     -0.15967571E-03     -0.19571599E-03     -0.44370132E-03
    2304     -0.15773129E-03     -0.15967571E-03     -0.19574115E-03     -0.44370132E-03
    2305     -0.15773174E-03     -0.15967571E-03     -0.19576779E-03     -0.44370132E-03
    2306     -0.15773224E-03     -0.15967571E-03     -0.19579232E-03     -0.44370132E-03
    2307     -0.15773301E-03     -0.15967571E-03     -0.19582869E-03     -0.44370132E-03
    2308     -0.15773396E-03     -0.15967571E-03     -0.19587087E-03     -0.44370132E-03
    2309     -0.15773488E-03     -0.15967571E-03     -0.19590989E-03     -0.44370132E-03
    2310     -0.15773565E-03     -0.15967571E-03     -0.19594752E-03     -0.44370132E-03
    2311     -0.15773606E-03     -0.15967571E-03     -0.19597581E-03     -0.44370132E-03
    2312     -0.15773664E-03     -0.15967571E-03     -0.19601363E-03     -0.44370132E-03
    2313     -0.15773727E-03     -0.15967571E-03     -0.19605116E-03     -0.44370132E-03
    2314     -0.15773765E-03     -0.15967571E-03     -0.19607583E-03     -0.44370132E-03
    2315     -0.15774073E-03     -0.15967571E-03     -0.19620550E-03     -0.44370132E-03
    2316     -0.15774387E-03     -0.15967571E-03     -0.19633721E-03     -0.44370132E-03
    2317     -0.15774453E-03     -0.15967571E-03     -0.19637718E-03     -0.44370132E-03
    2318     -0.15774527E-03     -0.15967571E-03     -0.19641985E-03     -0.44370132E-03
    2319     -0.15774620E-03     -0.15967571E-03     -0.19646635E-03     -0.44370132E-03
    2320     -0.15774716E-03     -0.15967571E-03     -0.19650930E-03     -0.44370132E-03
    2321     -0.15774886E-03     -0.15967571E-03     -0.19658390E-03     -0.44370132E-03
    2322     -0.15775101E-03     -0.15967571E-03     -0.19667766E-03     -0.44370132E-03
    2323     -0.15775175E-03     -0.15967571E-03     -0.19671328E-03     -0.44370132E-03
    2324     -0.15775195E-03     -0.15967571E-03     -0.19673058E-03     -0.44370132E-03
    2325     -0.15775342E-03     -0.15967571E-03     -0.19685007E-03     -0.44370132E-03
    2326     -0.15775495E-03     -0.15967571E-03     -0.19697138E-03     -0.44370132E-03
    2327     -0.15775584E-03     -0.15967571E-03     -0.19702727E-03     -0.44370132E-03
    2328     -0.15775672E-03     -0.15967571E-03     -0.19708057E-03     -0.44370132E-03
    2329     -0.15775787E-03     -0.15967571E-03     -0.19715365E-03     -0.44370132E-03
    2330     -0.15775907E-03     -0.15967571E-03     -0.19722835E-03     -0.44370132E-03
    2331     -0.15775990E-03     -0.15967571E-03     -0.19727877E-03     -0.44370132E-03
    2332     -0.15776074E-03     -0.15967571E-03     -0.19732965E-03     -0.44370132E-03
    2333     -0.15776137E-03     -0.15967571E-03     -0.19736446E-03     -0.44370132E-03
    2334     -0.15776200E-03     -0.15967571E-03     -0.19739696E-03     -0.44370132E-03
    2335     -0.15776309E-03     -0.15967571E-03     -0.19745966E-03     -0.44370132E-03
    2336     -0.15776422E-03     -0.15967571E-03     -0.19752420E-03     -0.44370132E-03
    2337     -0.15776489E-03     -0.15967571E-03     -0.19756375E-03     -0.44370132E-03
    2338     -0.15776554E-03     -0.15967571E-03     -0.19760488E-03     -0.44370132E-03
    2339     -0.15776636E-03     -0.15967571E-03     -0.19764547E-03     -0.44370132E-03
    2340     -0.15776721E-03     -0.15967571E-03     -0.19768892E-03     -0.44370132E-03
    2341     -0.15776748E-03     -0.15967571E-03     -0.19771314E-03     -0.44370132E-03
    2342     -0.15776799E-03     -0.15967571E-03     -0.19774072E-03     -0.44370132E-03
    2343     -0.15776843E-03     -0.15967571E-03     -0.19777060E-03     -0.44370132E-03
    2344     -0.15776886E-03     -0.15967571E-03     -0.19780064E-03     -0.44370132E-03
    2345     -0.15776934E-03     -0.15967571E-03     -0.19783123E-03     -0.44370132E-03
    2346     -0.15776981E-03     -0.15967571E-03     -0.19786103E-03     -0.44370132E-03
    2347     -0.15777021E-03     -0.15967571E-03     -0.19788190E-03     -0.44370132E-03
    2348     -0.15777057E-03     -0.15967571E-03     -0.19790056E-03     -0.44370132E-03
    2349     -0.15777122E-03     -0.15967571E-03     -0.19792301E-03     -0.44370132E-03
    2350     -0.15777184E-03     -0.15967571E-03     -0.19795250E-03     -0.44370132E-03
    2351     -0.15777238E-03     -0.15967571E-03     -0.19799356E-03     -0.44370132E-03
    2352     -0.15777309E-03     -0.15967571E-03     -0.19803789E-03     -0.44370132E-03
    2353     -0.15777410E-03     -0.15967571E-03     -0.19807586E-03     -0.44370132E-03
    2354     -0.15777494E-03     -0.15967571E-03     -0.19810888E-03     -0.44370132E-03
    2355     -0.15777535E-03     -0.15967571E-03     -0.19814072E-03     -0.44370132E-03
    2356     -0.15777571E-03     -0.15967571E-03     -0.19817470E-03     -0.44370132E-03
    2357     -0.15777642E-03     -0.15967571E-03     -0.19820882E-03     -0.44370132E-03
    2358     -0.15777704E-03     -0.15967571E-03     -0.19823970E-03     -0.44370132E-03
    2359     -0.15777739E-03     -0.15967571E-03     -0.19826652E-03     -0.44370132E-03
    2360     -0.15777824E-03     -0.15967571E-03     -0.19830976E-03     -0.44370132E-03
    2361     -0.15777914E-03     -0.15967571E-03     -0.19835472E-03     -0.44370132E-03
    2362     -0.15777977E-03     -0.15967571E-03     -0.19837662E-03     -0.44370132E-03
    2363     -0.15778032E-03     -0.15967571E-03     -0.19839338E-03     -0.44370132E-03
    2364     -0.15778080E-03     -0.15967571E-03     -0.19843219E-03     -0.44370132E-03
    2365     -0.15778138E-03     -0.15967571E-03     -0.19848274E-03     -0.44370132E-03
    2366     -0.15778204E-03     -0.15967571E-03     -0.19851267E-03     -0.44370132E-03
    2367     -0.15778250E-03     -0.15967571E-03     -0.19853194E-03     -0.44370132E-03
    2368     -0.15778302E-03     -0.15967571E-03     -0.19855324E-03     -0.44370132E-03
    2369     -0.15778349E-03     -0.15967571E-03     -0.19858786E-03     -0.44370132E-03
    2370     -0.15778396E-03     -0.15967571E-03     -0.19862246E-03     -0.44370132E-03
    2371     -0.15778491E-03     -0.15967571E-03     -0.19864760E-03     -0.44370132E-03
    2372     -0.15778553E-03     -0.15967571E-03     -0.19867179E-03     -0.44370132E-03
    2373     -0.15778607E-03     -0.15967571E-03     -0.19869805E-03     -0.44370132E-03
    2374     -0.15778647E-03     -0.15967571E-03     -0.19872557E-03     -0.44370132E-03
    2375     -0.15778704E-03     -0.15967571E-03     -0.19874713E-03     -0.44370132E-03
    2376     -0.15778768E-03     -0.15967571E-03     -0.19876962E-03     -0.44370132E-03
    2377     -0.15778803E-03     -0.15967571E-03     -0.19881887E-03     -0.44370132E-03
    2378     -0.15778838E-03     -0.15967571E-03     -0.19886678E-03     -0.44370132E-03
    2379     -0.15778922E-03     -0.15967571E-03     -0.19891296E-03     -0.44370132E-03
    2380     -0.15779006E-03     -0.15967571E-03     -0.19895945E-03     -0.44370132E-03
    2381     -0.15779102E-03     -0.15967571E-03     -0.19898528E-03     -0.44370132E-03
    2382     -0.15779182E-03     -0.15967571E-03     -0.19902453E-03     -0.44370132E-03
    2383     -0.15779251E-03     -0.15967571E-03     -0.19907041E-03     -0.44370132E-03
    2384     -0.15779335E-03     -0.15967571E-03     -0.19911648E-03     -0.44370132E-03
    2385     -0.15779397E-03     -0.15967571E-03     -0.19916227E-03     -0.44370132E-03
    2386     -0.15779440E-03     -0.15967571E-03     -0.19920478E-03     -0.44370132E-03
    2387     -0.15779523E-03     -0.15967571E-03     -0.19925348E-03     -0.44370132E-03
    2388     -0.15779605E-03     -0.15967571E-03     -0.19930262E-03     -0.44370132E-03
    2389     -0.15779623E-03     -0.15967571E-03     -0.19932566E-03     -0.44370132E-03
    2390     -0.15779656E-03     -0.15967571E-03     -0.19934762E-03     -0.44370132E-03
    2391     -0.15779711E-03     -0.15967571E-03     -0.19937403E-03     -0.44370132E-03
    2392     -0.15779759E-03     -0.15967571E-03     -0.19939594E-03     -0.44370132E-03
    2393     -0.15779815E-03     -0.15967571E-03     -0.19942672E-03     -0.44370132E-03
    2394     -0.15779864E-03     -0.15967571E-03     -0.19944486E-03     -0.44370132E-03
    2395     -0.15779913E-03     -0.15967571E-03     -0.19947704E-03     -0.44370132E-03
    2396     -0.15779962E-03     -0.15967571E-03     -0.19950738E-03     -0.44370132E-03
    2397     -0.15780059E-03     -0.15967571E-03     -0.19955853E-03     -0.44370132E-03
    2398     -0.15780134E-03     -0.15967571E-03     -0.19960025E-03     -0.44370132E-03
    2399     -0.15780195E-03     -0.15967571E-03     -0.19962612E-03     -0.44370132E-03
    2400     -0.15780260E-03     -0.15967571E-03     -0.19964727E-03     -0.44370132E-03
    2401     -0.15780342E-03     -0.15967571E-03     -0.19968230E-03     -0.44370132E-03
    2402     -0.15780423E-03     -0.15967571E-03     -0.19971849E-03     -0.44370132E-03
    2403     -0.15780463E-03     -0.15967571E-03     -0.19974300E-03     -0.44370132E-03
    2404     -0.15780530E-03     -0.15967571E-03     -0.19977177E-03     -0.44370132E-03
    2405     -0.15780606E-03     -0.15967571E-03     -0.19980457E-03     -0.44370132E-03
    2406     -0.15780655E-03     -0.15967571E-03     -0.19983835E-03     -0.44370132E-03
    2407     -0.15780724E-03     -0.15967571E-03     -0.19987501E-03     -0.44370132E-03
    2408     -0.15780796E-03     -0.15967571E-03     -0.19991337E-03     -0.44370132E-03
    2409     -0.15781105E-03     -0.15967571E-03     -0.20008560E-03     -0.44370132E-03
    2410     -0.15781389E-03     -0.15967571E-03     -0.20024538E-03     -0.44370132E-03
    2411     -0.15781439E-03     -0.15967571E-03     -0.20028070E-03     -0.44370132E-03
    2412     -0.15781478E-03     -0.15967571E-03     -0.20031043E-03     -0.44370132E-03
    2413     -0.15781532E-03     -0.15967571E-03     -0.20035423E-03     -0.44370132E-03
    2414     -0.15781594E-03     -0.15967571E-03     -0.20039688E-03     -0.44370132E-03
    2415     -0.15781626E-03     -0.15967571E-03     -0.20042477E-03     -0.44370132E-03
    2416     -0.15781666E-03     -0.15967571E-03     -0.20046039E-03     -0.44370132E-03
    2417     -0.15781727E-03     -0.15967571E-03     -0.20049995E-03     -0.44370132E-03
    2418     -0.15781778E-03     -0.15967571E-03     -0.20053795E-03     -0.44370132E-03
    2419     -0.15781834E-03     -0.15967571E-03     -0.20057707E-03     -0.44370132E-03
    2420     -0.15781897E-03     -0.15967571E-03     -0.20060630E-03     -0.44370132E-03
    2421     -0.15781985E-03     -0.15967571E-03     -0.20064356E-03     -0.44370132E-03
    2422     -0.15782078E-03     -0.15967571E-03     -0.20070471E-03     -0.44370132E-03
    2423     -0.15782159E-03     -0.15967571E-03     -0.20076416E-03     -0.44370132E-03
    2424     -0.15782240E-03     -0.15967571E-03     -0.20081380E-03     -0.44370132E-03
    2425     -0.15782297E-03     -0.15967571E-03     -0.20084154E-03     -0.44370132E-03
    2426     -0.15782374E-03     -0.15967571E-03     -0.20088334E-03     -0.44370132E-03
    2427     -0.15782412E-03     -0.15967571E-03     -0.20090934E-03     -0.44370132E-03
    2428     -0.15782468E-03     -0.15967571E-03     -0.20093913E-03     -0.44370132E-03
    2429     -0.15782659E-03     -0.15967571E-03     -0.20102108E-03     -0.44370132E-03
    2430     -0.15782822E-03     -0.15967571E-03     -0.20109751E-03     -0.44370132E-03
    2431     -0.15782857E-03     -0.15967571E-03     -0.20111441E-03     -0.44370132E-03
    2432     -0.15782900E-03     -0.15967571E-03     -0.20112777E-03     -0.44370132E-03
    2433     -0.15782973E-03     -0.15967571E-03     -0.20114466E-03     -0.44370132E-03
    2434     -0.15783035E-03     -0.15967571E-03     -0.20116767E-03     -0.44370132E-03
    2435     -0.15783088E-03     -0.15967571E-03     -0.20120326E-03     -0.44370132E-03
    2436     -0.15783156E-03     -0.15967571E-03     -0.20123134E-03     -0.44370132E-03
    2437     -0.15783210E-03     -0.15967571E-03     -0.20126151E-03     -0.44370132E-03
    2438     -0.15783257E-03     -0.15967571E-03     -0.20128634E-03     -0.44370132E-03
    2439     -0.15783298E-03     -0.15967571E-03     -0.20130925E-03     -0.44370132E-03
    2440     -0.15783331E-03     -0.15967571E-03     -0.20133310E-03     -0.44370132E-03
    2441     -0.15783377E-03     -0.15967571E-03     -0.20137298E-03     -0.44370132E-03
    2442     -0.15783423E-03     -0.15967571E-03     -0.20141481E-03     -0.44370132E-03
    2443     -0.15783462E-03     -0.15967571E-03     -0.20144364E-03     -0.44370132E-03
    2444     -0.15783487E-03     -0.15967571E-03     -0.20146362E-03     -0.44370132E-03
    2445     -0.15783541E-03     -0.15967571E-03     -0.20147891E-03     -0.44370132E-03
    2446     -0.15783607E-03     -0.15967571E-03     -0.20150757E-03     -0.44370132E-03
    2447     -0.15783698E-03     -0.15967571E-03     -0.20153813E-03     -0.44370132E-03
    2448     -0.15783789E-03     -0.15967571E-03     -0.20156907E-03     -0.44370132E-03
    2449     -0.15783861E-03     -0.15967571E-03     -0.20160868E-03     -0.44370132E-03
    2450     -0.15783923E-03     -0.15967571E-03     -0.20163629E-03     -0.44370132E-03
    2451     -0.15783994E-03     -0.15967571E-03     -0.20167340E-03     -0.44370132E-03
    2452     -0.15784071E-03     -0.15967571E-03     -0.20171222E-03     -0.44370132E-03
    2453     -0.15784111E-03     -0.15967571E-03     -0.20172725E-03     -0.44370132E-03
    2454     -0.15784201E-03     -0.15967571E-03     -0.20176005E-03     -0.44370132E-03
    2455     -0.15784261E-03     -0.15967571E-03     -0.20178796E-03     -0.44370132E-03
    2456     -0.15784284E-03     -0.15967571E-03     -0.20181008E-03     -0.44370132E-03
    2457     -0.15784335E-03     -0.15967571E-03     -0.20183653E-03     -0.44370132E-03
    2458     -0.15784400E-03     -0.15967571E-03     -0.20186325E-03     -0.44370132E-03
    2459     -0.15784502E-03     -0.15967571E-03     -0.20194022E-03     -0.44370132E-03
    2460     -0.15784627E-03     -0.15967571E-03     -0.20201715E-03     -0.44370132E-03
    2461     -0.15784651E-03     -0.15967571E-03     -0.20205059E-03     -0.44370132E-03
    2462     -0.15784723E-03     -0.15967571E-03     -0.20209255E-03     -0.44370132E-03
    2463     -0.15785219E-03     -0.15967571E-03     -0.20225487E-03     -0.44370132E-03
    2464     -0.15785670E-03     -0.15967571E-03     -0.20239369E-03     -0.44370132E-03
    2465     -0.15785720E-03     -0.15967571E-03     -0.20242348E-03     -0.44370132E-03
    2466     -0.15785804E-03     -0.15967571E-03     -0.20245663E-03     -0.44370132E-03
    2467     -0.15785868E-03     -0.15967571E-03     -0.20250219E-03     -0.44370132E-03
    2468     -0.15785945E-03     -0.15967571E-03     -0.20255769E-03     -0.44370132E-03
    2469     -0.15786012E-03     -0.15967571E-03     -0.20259067E-03     -0.44370132E-03
    2470     -0.15786124E-03     -0.15967571E-03     -0.20266288E-03     -0.44370132E-03
    2471     -0.15786180E-03     -0.15967571E-03     -0.20270081E-03     -0.44370132E-03
    2472     -0.15786252E-03     -0.15967571E-03     -0.20275135E-03     -0.44370132E-03
    2473     -0.15786307E-03     -0.15967571E-03     -0.20278685E-03     -0.44370132E-03
    2474     -0.15786359E-03     -0.15967571E-03     -0.20281731E-03     -0.44370132E-03
    2475     -0.15786449E-03     -0.15967571E-03     -0.20287638E-03     -0.44370132E-03
    2476     -0.15786517E-03     -0.15967571E-03     -0.20291903E-03     -0.44370132E-03
    2477     -0.15786599E-03     -0.15967571E-03     -0.20295834E-03     -0.44370132E-03
    2478     -0.15786722E-03     -0.15967571E-03     -0.20303219E-03     -0.44370132E-03
    2479     -0.15786848E-03     -0.15967571E-03     -0.20309989E-03     -0.44370132E-03
    2480     -0.15786904E-03     -0.15967571E-03     -0.20312291E-03     -0.44370132E-03
    2481     -0.15787042E-03     -0.15967571E-03     -0.20321028E-03     -0.44370132E-03
    2482     -0.15787400E-03     -0.15967571E-03     -0.20332152E-03     -0.44370132E-03
    2483     -0.15787839E-03     -0.15967571E-03     -0.20345523E-03     -0.44370132E-03
    2484     -0.15787890E-03     -0.15967571E-03     -0.20349114E-03     -0.44370132E-03
    2485     -0.15787954E-03     -0.15967571E-03     -0.20353227E-03     -0.44370132E-03
    2486     -0.15788121E-03     -0.15967571E-03     -0.20359647E-03     -0.44370132E-03
    2487     -0.15788198E-03     -0.15967571E-03     -0.20365776E-03     -0.44370132E-03
    2488     -0.15788239E-03     -0.15967571E-03     -0.20368790E-03     -0.44370132E-03
    2489     -0.15788326E-03     -0.15967571E-03     -0.20376938E-03     -0.44370132E-03
    2490     -0.15788378E-03     -0.15967571E-03     -0.20381551E-03     -0.44370132E-03
    2491     -0.15788476E-03     -0.15967571E-03     -0.20385717E-03     -0.44370132E-03
    2492     -0.15788548E-03     -0.15967571E-03     -0.20390044E-03     -0.44370132E-03
    2493     -0.15788776E-03     -0.15967571E-03     -0.20398485E-03     -0.44370132E-03
    2494     -0.15789025E-03     -0.15967571E-03     -0.20407492E-03     -0.44370132E-03
    2495     -0.15789093E-03     -0.15967571E-03     -0.20410843E-03     -0.44370132E-03
    2496     -0.15789209E-03     -0.15967571E-03     -0.20416697E-03     -0.44370132E-03
    2497     -0.15789308E-03     -0.15967571E-03     -0.20421528E-03     -0.44370132E-03
    2498     -0.15789589E-03     -0.15967571E-03     -0.20432100E-03     -0.44370132E-03
    2499     -0.15789773E-03     -0.15967571E-03     -0.20439405E-03     -0.44370132E-03
    2500     -0.15789866E-03     -0.15967571E-03     -0.20442861E-03     -0.44370132E-03
    2501     -0.15790217E-03     -0.15967571E-03     -0.20454645E-03     -0.44370132E-03
    2502     -0.15790564E-03     -0.15967571E-03     -0.20466632E-03     -0.44370132E-03
    2503     -0.15790774E-03     -0.15967571E-03     -0.20476095E-03     -0.44370132E-03
    2504     -0.15790943E-03     -0.15967571E-03     -0.20482706E-03     -0.44370132E-03
    2505     -0.15791130E-03     -0.15967571E-03     -0.20490684E-03     -0.44370132E-03
    2506     -0.15791307E-03     -0.15967571E-03     -0.20496801E-03     -0.44370132E-03
    2507     -0.15791368E-03     -0.15967571E-03     -0.20501247E-03     -0.44370132E-03
    2508     -0.15791438E-03     -0.15967571E-03     -0.20503233E-03     -0.44370132E-03
    2509     -0.15791496E-03     -0.15967571E-03     -0.20507657E-03     -0.44370132E-03
    2510     -0.15791596E-03     -0.15967571E-03     -0.20515458E-03     -0.44370132E-03
    2511     -0.15791913E-03     -0.15967571E-03     -0.20527400E-03     -0.44370132E-03
    2512     -0.15792251E-03     -0.15967571E-03     -0.20539961E-03     -0.44370132E-03
    2513     -0.15792314E-03     -0.15967571E-03     -0.20544246E-03     -0.44370132E-03
    2514     -0.15792439E-03     -0.15967571E-03     -0.20549079E-03     -0.44370132E-03
    2515     -0.15792585E-03     -0.15967571E-03     -0.20554993E-03     -0.44370132E-03
    2516     -0.15792649E-03     -0.15967571E-03     -0.20558740E-03     -0.44370132E-03
    2517     -0.15792736E-03     -0.15967571E-03     -0.20563218E-03     -0.44370132E-03
    2518     -0.15792846E-03     -0.15967571E-03     -0.20568179E-03     -0.44370132E-03
    2519     -0.15792962E-03     -0.15967571E-03     -0.20573259E-03     -0.44370132E-03
    2520     -0.15793077E-03     -0.15967571E-03     -0.20578606E-03     -0.44370132E-03
    2521     -0.15793145E-03     -0.15967571E-03     -0.20581826E-03     -0.44370132E-03
    2522     -0.15793242E-03     -0.15967571E-03     -0.20586211E-03     -0.44370132E-03
    2523     -0.15793382E-03     -0.15967571E-03     -0.20591669E-03     -0.44370132E-03
    2524     -0.15793562E-03     -0.15967571E-03     -0.20601225E-03     -0.44370132E-03
    2525     -0.15793599E-03     -0.15967571E-03     -0.20603957E-03     -0.44370132E-03
    2526     -0.15793672E-03     -0.15967571E-03     -0.20607732E-03     -0.44370132E-03
    2527     -0.15793790E-03     -0.15967571E-03     -0.20613300E-03     -0.44370132E-03
    2528     -0.15793973E-03     -0.15967571E-03     -0.20620631E-03     -0.44370132E-03
    2529     -0.15794066E-03     -0.15967571E-03     -0.20624656E-03     -0.44370132E-03
    2530     -0.15794139E-03     -0.15967571E-03     -0.20628657E-03     -0.44370132E-03
    2531     -0.15794292E-03     -0.15967571E-03     -0.20634608E-03     -0.44370132E-03
    2532     -0.15794393E-03     -0.15967571E-03     -0.20638782E-03     -0.44370132E-03
    2533     -0.15794483E-03     -0.15967571E-03     -0.20642469E-03     -0.44370132E-03
    2534     -0.15794561E-03     -0.15967571E-03     -0.20646311E-03     -0.44370132E-03
    2535     -0.15794893E-03     -0.15967571E-03     -0.20656367E-03     -0.44370132E-03
    2536     -0.15795209E-03     -0.15967571E-03     -0.20667102E-03     -0.44370132E-03
    2537     -0.15795344E-03     -0.15967571E-03     -0.20673615E-03     -0.44370132E-03
    2538     -0.15795463E-03     -0.15967571E-03     -0.20678826E-03     -0.44370132E-03
    2539     -0.15795582E-03     -0.15967571E-03     -0.20685461E-03     -0.44370132E-03
    2540     -0.15795697E-03     -0.15967571E-03     -0.20690679E-03     -0.44370132E-03
    2541     -0.15795843E-03     -0.15967571E-03     -0.20697223E-03     -0.44370132E-03
    2542     -0.15796006E-03     -0.15967571E-03     -0.20703377E-03     -0.44370132E-03
    2543     -0.15796319E-03     -0.15967571E-03     -0.20716219E-03     -0.44370132E-03
    2544     -0.15796711E-03     -0.15967571E-03     -0.20731666E-03     -0.44370132E-03
    2545     -0.15796826E-03     -0.15967571E-03     -0.20736834E-03     -0.44370132E-03
    2546     -0.15796963E-03     -0.15967571E-03     -0.20742909E-03     -0.44370132E-03
    2547     -0.15797039E-03     -0.15967571E-03     -0.20746470E-03     -0.44370132E-03
    2548     -0.15797231E-03     -0.15967571E-03     -0.20753432E-03     -0.44370132E-03
    2549     -0.15797412E-03     -0.15967571E-03     -0.20760519E-03     -0.44370132E-03
    2550     -0.15797698E-03     -0.15967571E-03     -0.20770829E-03     -0.44370132E-03
    2551     -0.15797741E-03     -0.15967571E-03     -0.20773104E-03     -0.44370132E-03
    2552     -0.15797776E-03     -0.15967571E-03     -0.20775072E-03     -0.44370132E-03
    2553     -0.15797892E-03     -0.15967571E-03     -0.20781159E-03     -0.44370132E-03
    2554     -0.15798024E-03     -0.15967571E-03     -0.20787651E-03     -0.44370132E-03
    2555     -0.15798175E-03     -0.15967571E-03     -0.20794052E-03     -0.44370132E-03
    2556     -0.15798518E-03     -0.15967571E-03     -0.20805227E-03     -0.44370132E-03
    2557     -0.15798879E-03     -0.15967571E-03     -0.20817346E-03     -0.44370132E-03
    2558     -0.15798993E-03     -0.15967571E-03     -0.20822705E-03     -0.44370132E-03
    2559     -0.15799304E-03     -0.15967571E-03     -0.20834532E-03     -0.44370132E-03
    2560     -0.15799517E-03     -0.15967571E-03     -0.20843834E-03     -0.44370132E-03
    2561     -0.15800000E-03     -0.15967571E-03     -0.20861707E-03     -0.44370132E-03
    2562     -0.15800503E-03     -0.15967571E-03     -0.20879820E-03     -0.44370132E-03
    2563     -0.15800621E-03     -0.15967571E-03     -0.20885923E-03     -0.44370132E-03
    2564     -0.15800851E-03     -0.15967571E-03     -0.20894574E-03     -0.44370132E-03
    2565     -0.15801076E-03     -0.15967571E-03     -0.20902257E-03     -0.44370132E-03
    2566     -0.15801255E-03     -0.15967571E-03     -0.20908444E-03     -0.44370132E-03
    2567     -0.15801726E-03     -0.15967571E-03     -0.20923307E-03     -0.44370132E-03
    2568     -0.15802168E-03     -0.15967571E-03     -0.20937201E-03     -0.44370132E-03
    2569     -0.15802264E-03     -0.15967571E-03     -0.20943505E-03     -0.44370132E-03
    2570     -0.15802715E-03     -0.15967571E-03     -0.20962209E-03     -0.44370132E-03
    2571     -0.15803044E-03     -0.15967571E-03     -0.20975085E-03     -0.44370132E-03
    2572     -0.15803127E-03     -0.15967571E-03     -0.20980772E-03     -0.44370132E-03
    2573     -0.15803276E-03     -0.15967571E-03     -0.20987353E-03     -0.44370132E-03
    2574     -0.15803552E-03     -0.15967571E-03     -0.20998434E-03     -0.44370132E-03
    2575     -0.15803776E-03     -0.15967571E-03     -0.21007981E-03     -0.44370132E-03
    2576     -0.15803861E-03     -0.15967571E-03     -0.21012187E-03     -0.44370132E-03
    2577     -0.15803975E-03     -0.15967571E-03     -0.21017938E-03     -0.44370132E-03
    2578     -0.15804096E-03     -0.15967571E-03     -0.21023976E-03     -0.44370132E-03
    2579     -0.15804210E-03     -0.15967571E-03     -0.21029082E-03     -0.44370132E-03
    2580     -0.15804312E-03     -0.15967571E-03     -0.21033776E-03     -0.44370132E-03
    2581     -0.15804520E-03     -0.15967571E-03     -0.21043205E-03     -0.44370132E-03
    2582     -0.15804721E-03     -0.15967571E-03     -0.21052260E-03     -0.44370132E-03
    2583     -0.15805017E-03     -0.15967571E-03     -0.21066777E-03     -0.44370132E-03
    2584     -0.15805077E-03     -0.15967571E-03     -0.21071087E-03     -0.44370132E-03
    2585     -0.15805205E-03     -0.15967571E-03     -0.21077928E-03     -0.44370132E-03
    2586     -0.15805392E-03     -0.15967571E-03     -0.21088577E-03     -0.44370132E-03
    2587     -0.15805536E-03     -0.15967571E-03     -0.21097039E-03     -0.44370132E-03
    2588     -0.15805623E-03     -0.15967571E-03     -0.21101728E-03     -0.44370132E-03
    2589     -0.15805710E-03     -0.15967571E-03     -0.21106100E-03     -0.44370132E-03
    2590     -0.15805895E-03     -0.15967571E-03     -0.21114829E-03     -0.44370132E-03
    2591     -0.15806066E-03     -0.15967571E-03     -0.21125271E-03     -0.44370132E-03
    2592     -0.15806485E-03     -0.15967571E-03     -0.21146153E-03     -0.44370132E-03
    2593     -0.15806547E-03     -0.15967571E-03     -0.21149295E-03     -0.44370132E-03
    2594     -0.15806761E-03     -0.15967571E-03     -0.21162924E-03     -0.44370132E-03
    2595     -0.15806961E-03     -0.15967571E-03     -0.21176703E-03     -0.44370132E-03
    2596     -0.15807003E-03     -0.15967571E-03     -0.21179408E-03     -0.44370132E-03
    2597     -0.15807052E-03     -0.15967571E-03     -0.21182091E-03     -0.44370132E-03
    2598     -0.15807108E-03     -0.15967571E-03     -0.21184999E-03     -0.44370132E-03
    2599     -0.15807267E-03     -0.15967571E-03     -0.21194891E-03     -0.44370132E-03
    2600     -0.15807372E-03     -0.15967571E-03     -0.21203744E-03     -0.44370132E-03
    2601     -0.15807449E-03     -0.15967571E-03     -0.21209091E-03     -0.44370132E-03
    2602     -0.15807516E-03     -0.15967571E-03     -0.21212712E-03     -0.44370132E-03
    2603     -0.15807587E-03     -0.15967571E-03     -0.21217058E-03     -0.44370132E-03
    2604     -0.15807662E-03     -0.15967571E-03     -0.21222668E-03     -0.44370132E-03
    2605     -0.15807800E-03     -0.15967571E-03     -0.21231026E-03     -0.44370132E-03
    2606     -0.15807892E-03     -0.15967571E-03     -0.21235728E-03     -0.44370132E-03
    2607     -0.15808037E-03     -0.15967571E-03     -0.21243998E-03     -0.44370132E-03
    2608     -0.15808186E-03     -0.15967571E-03     -0.21251980E-03     -0.44370132E-03
    2609     -0.15808268E-03     -0.15967571E-03     -0.21256076E-03     -0.44370132E-03
    2610     -0.15808378E-03     -0.15967571E-03     -0.21263019E-03     -0.44370132E-03
    2611     -0.15808463E-03     -0.15967571E-03     -0.21266895E-03     -0.44370132E-03
    2612     -0.15808542E-03     -0.15967571E-03     -0.21270923E-03     -0.44370132E-03
    2613     -0.15808727E-03     -0.15967571E-03     -0.21280083E-03     -0.44370132E-03
    2614     -0.15808845E-03     -0.15967571E-03     -0.21286120E-03     -0.44370132E-03
    2615     -0.15809028E-03     -0.15967571E-03     -0.21294835E-03     -0.44370132E-03
    2616     -0.15809362E-03     -0.15967571E-03     -0.21318305E-03     -0.44370132E-03
    2617     -0.15809433E-03     -0.15967571E-03     -0.21322118E-03     -0.44370132E-03
    2618     -0.15809659E-03     -0.15967571E-03     -0.21335924E-03     -0.44370132E-03
    2619     -0.15809851E-03     -0.15967571E-03     -0.21347661E-03     -0.44370132E-03
    2620     -0.15810061E-03     -0.15967571E-03     -0.21362256E-03     -0.44370132E-03
    2621     -0.15810342E-03     -0.15967571E-03     -0.21377770E-03     -0.44370132E-03
    2622     -0.15810702E-03     -0.15967571E-03     -0.21399087E-03     -0.44370132E-03
    2623     -0.15811060E-03     -0.15967571E-03     -0.21418884E-03     -0.44370132E-03
    2624     -0.15811364E-03     -0.15967571E-03     -0.21435662E-03     -0.44370132E-03
    2625     -0.15811551E-03     -0.15967571E-03     -0.21446301E-03     -0.44370132E-03
    2626     -0.15811689E-03     -0.15967571E-03     -0.21455440E-03     -0.44370132E-03
    2627     -0.15811977E-03     -0.15967571E-03     -0.21471142E-03     -0.44370132E-03
    2628     -0.15812316E-03     -0.15967571E-03     -0.21487978E-03     -0.44370132E-03
    2629     -0.15812782E-03     -0.15967571E-03     -0.21510190E-03     -0.44370132E-03
    2630     -0.15813088E-03     -0.15967571E-03     -0.21524937E-03     -0.44370132E-03
    2631     -0.15813337E-03     -0.15967571E-03     -0.21542234E-03     -0.44370132E-03
    2632     -0.15813569E-03     -0.15967571E-03     -0.21555931E-03     -0.44370132E-03
    2633     -0.15813635E-03     -0.15967571E-03     -0.21558982E-03     -0.44370132E-03
    2634     -0.15813713E-03     -0.15967571E-03     -0.21562133E-03     -0.44370132E-03
    2635     -0.15813909E-03     -0.15967571E-03     -0.21572759E-03     -0.44370132E-03
    2636     -0.15814007E-03     -0.15967571E-03     -0.21576631E-03     -0.44370132E-03
    2637     -0.15814191E-03     -0.15967571E-03     -0.21584114E-03     -0.44370132E-03
    2638     -0.15814354E-03     -0.15967571E-03     -0.21591247E-03     -0.44370132E-03
    2639     -0.15814428E-03     -0.15967571E-03     -0.21595502E-03     -0.44370132E-03
    2640     -0.15814580E-03     -0.15967571E-03     -0.21605499E-03     -0.44370132E-03
    2641     -0.15814838E-03     -0.15967571E-03     -0.21621729E-03     -0.44370132E-03
    2642     -0.15815058E-03     -0.15967571E-03     -0.21634635E-03     -0.44370132E-03
    2643     -0.15815155E-03     -0.15967571E-03     -0.21641298E-03     -0.44370132E-03
    2644     -0.15815248E-03     -0.15967571E-03     -0.21646533E-03     -0.44370132E-03
    2645     -0.15815390E-03     -0.15967571E-03     -0.21657128E-03     -0.44370132E-03
    2646     -0.15815603E-03     -0.15967571E-03     -0.21672959E-03     -0.44370132E-03
    2647     -0.15815736E-03     -0.15967571E-03     -0.21681588E-03     -0.44370132E-03
    2648     -0.15815836E-03     -0.15967571E-03     -0.21688137E-03     -0.44370132E-03
    2649     -0.15815906E-03     -0.15967571E-03     -0.21692611E-03     -0.44370132E-03
    2650     -0.15815955E-03     -0.15967571E-03     -0.21695719E-03     -0.44370132E-03
    2651     -0.15816013E-03     -0.15967571E-03     -0.21698757E-03     -0.44370132E-03
    2652     -0.15816101E-03     -0.15967571E-03     -0.21703927E-03     -0.44370132E-03
    2653     -0.15816209E-03     -0.15967571E-03     -0.21709866E-03     -0.44370132E-03
    2654     -0.15816362E-03     -0.15967571E-03     -0.21719614E-03     -0.44370132E-03
    2655     -0.15816454E-03     -0.15967571E-03     -0.21724187E-03     -0.44370132E-03
    2656     -0.15816542E-03     -0.15967571E-03     -0.21728591E-03     -0.44370132E-03
    2657     -0.15816695E-03     -0.15967571E-03     -0.21738530E-03     -0.44370132E-03
    2658     -0.15816797E-03     -0.15967571E-03     -0.21744822E-03     -0.44370132E-03
    2659     -0.15816931E-03     -0.15967571E-03     -0.21750389E-03     -0.44370132E-03
    2660     -0.15817046E-03     -0.15967571E-03     -0.21755459E-03     -0.44370132E-03
    2661     -0.15817200E-03     -0.15967571E-03     -0.21761158E-03     -0.44370132E-03
    2662     -0.15817352E-03     -0.15967571E-03     -0.21767272E-03     -0.44370132E-03
    2663     -0.15817432E-03     -0.15967571E-03     -0.21772990E-03     -0.44370132E-03
    2664     -0.15817463E-03     -0.15967571E-03     -0.21776786E-03     -0.44370132E-03
    2665     -0.15817694E-03     -0.15967571E-03     -0.21785007E-03     -0.44370132E-03
    2666     -0.15817928E-03     -0.15967571E-03     -0.21793678E-03     -0.44370132E-03
    2667     -0.15818009E-03     -0.15967571E-03     -0.21799622E-03     -0.44370132E-03
    2668     -0.15818089E-03     -0.15967571E-03     -0.21805170E-03     -0.44370132E-03
    2669     -0.15818185E-03     -0.15967571E-03     -0.21809954E-03     -0.44370132E-03
    2670     -0.15818284E-03     -0.15967571E-03     -0.21815519E-03     -0.44370132E-03
    2671     -0.15818428E-03     -0.15967571E-03     -0.21823256E-03     -0.44370132E-03
    2672     -0.15818573E-03     -0.15967571E-03     -0.21830043E-03     -0.44370132E-03
    2673     -0.15818677E-03     -0.15967571E-03     -0.21833695E-03     -0.44370132E-03
    2674     -0.15818765E-03     -0.15967571E-03     -0.21837223E-03     -0.44370132E-03
    2675     -0.15819381E-03     -0.15967571E-03     -0.21861229E-03     -0.44370132E-03
    2676     -0.15819561E-03     -0.15967571E-03     -0.21867142E-03     -0.44370132E-03
    2677     -0.15820148E-03     -0.15967571E-03     -0.21891019E-03     -0.44370132E-03
    2678     -0.15820517E-03     -0.15967571E-03     -0.21901954E-03     -0.44370132E-03
    2679     -0.15820572E-03     -0.15967571E-03     -0.21904742E-03     -0.44370132E-03
    2680     -0.15820644E-03     -0.15967571E-03     -0.21907643E-03     -0.44370132E-03
    2681     -0.15820714E-03     -0.15967571E-03     -0.21911900E-03     -0.44370132E-03
    2682     -0.15820909E-03     -0.15967571E-03     -0.21920396E-03     -0.44370132E-03
    2683     -0.15821132E-03     -0.15967571E-03     -0.21932505E-03     -0.44370132E-03
    2684     -0.15821244E-03     -0.15967571E-03     -0.21940761E-03     -0.44370132E-03
    2685     -0.15821300E-03     -0.15967571E-03     -0.21944650E-03     -0.44370132E-03
    2686     -0.15821405E-03     -0.15967571E-03     -0.21950311E-03     -0.44370132E-03
    2687     -0.15821466E-03     -0.15967571E-03     -0.21954122E-03     -0.44370132E-03
    2688     -0.15821559E-03     -0.15967571E-03     -0.21960714E-03     -0.44370132E-03
    2689     -0.15821638E-03     -0.15967571E-03     -0.21965770E-03     -0.44370132E-03
    2690     -0.15821828E-03     -0.15967571E-03     -0.21973223E-03     -0.44370132E-03
    2691     -0.15822037E-03     -0.15967571E-03     -0.21982089E-03     -0.44370132E-03
    2692     -0.15822186E-03     -0.15967571E-03     -0.21988834E-03     -0.44370132E-03
    2693     -0.15822277E-03     -0.15967571E-03     -0.21993942E-03     -0.44370132E-03
    2694     -0.15822365E-03     -0.15967571E-03     -0.21998464E-03     -0.44370132E-03
    2695     -0.15822427E-03     -0.15967571E-03     -0.22002127E-03     -0.44370132E-03
    2696     -0.15822485E-03     -0.15967571E-03     -0.22007318E-03     -0.44370132E-03
    2697     -0.15822592E-03     -0.15967571E-03     -0.22014657E-03     -0.44370132E-03
    2698     -0.15822710E-03     -0.15967571E-03     -0.22021066E-03     -0.44370132E-03
    2699     -0.15822754E-03     -0.15967571E-03     -0.22024680E-03     -0.44370132E-03
    2700     -0.15822794E-03     -0.15967571E-03     -0.22028350E-03     -0.44370132E-03
    2701     -0.15822910E-03     -0.15967571E-03     -0.22035788E-03     -0.44370132E-03
    2702     -0.15823019E-03     -0.15967571E-03     -0.22043018E-03     -0.44370132E-03
    2703     -0.15823107E-03     -0.15967571E-03     -0.22048137E-03     -0.44370132E-03
    2704     -0.15823187E-03     -0.15967571E-03     -0.22054422E-03     -0.44370132E-03
    2705     -0.15823226E-03     -0.15967571E-03     -0.22058384E-03     -0.44370132E-03
    2706     -0.15823301E-03     -0.15967571E-03     -0.22062974E-03     -0.44370132E-03
    2707     -0.15823418E-03     -0.15967571E-03     -0.22068861E-03     -0.44370132E-03
    2708     -0.15823500E-03     -0.15967571E-03     -0.22072402E-03     -0.44370132E-03
    2709     -0.15823556E-03     -0.15967571E-03     -0.22075457E-03     -0.44370132E-03
    2710     -0.15823611E-03     -0.15967571E-03     -0.22078434E-03     -0.44370132E-03
    2711     -0.15823775E-03     -0.15967571E-03     -0.22089848E-03     -0.44370132E-03
    2712     -0.15824041E-03     -0.15967571E-03     -0.22105602E-03     -0.44370132E-03
    2713     -0.15824197E-03     -0.15967571E-03     -0.22112706E-03     -0.44370132E-03
    2714     -0.15824265E-03     -0.15967571E-03     -0.22115830E-03     -0.44370132E-03
    2715     -0.15824314E-03     -0.15967571E-03     -0.22119854E-03     -0.44370132E-03
    2716     -0.15824343E-03     -0.15967571E-03     -0.22121859E-03     -0.44370132E-03
    2717     -0.15824424E-03     -0.15967571E-03     -0.22126608E-03     -0.44370132E-03
    2718     -0.15824487E-03     -0.15967571E-03     -0.22130540E-03     -0.44370132E-03
    2719     -0.15824542E-03     -0.15967571E-03     -0.22133891E-03     -0.44370132E-03
    2720     -0.15824620E-03     -0.15967571E-03     -0.22137222E-03     -0.44370132E-03
    2721     -0.15824811E-03     -0.15967571E-03     -0.22146600E-03     -0.44370132E-03
    2722     -0.15824894E-03     -0.15967571E-03     -0.22151102E-03     -0.44370132E-03
    2723     -0.15824984E-03     -0.15967571E-03     -0.22155887E-03     -0.44370132E-03
    2724     -0.15825083E-03     -0.15967571E-03     -0.22160799E-03     -0.44370132E-03
    2725     -0.15825212E-03     -0.15967571E-03     -0.22166966E-03     -0.44370132E-03
    2726     -0.15825315E-03     -0.15967571E-03     -0.22172647E-03     -0.44370132E-03
    2727     -0.15825417E-03     -0.15967571E-03     -0.22178265E-03     -0.44370132E-03
    2728     -0.15825493E-03     -0.15967571E-03     -0.22182664E-03     -0.44370132E-03
    2729     -0.15825636E-03     -0.15967571E-03     -0.22190734E-03     -0.44370132E-03
    2730     -0.15825727E-03     -0.15967571E-03     -0.22196442E-03     -0.44370132E-03
    2731     -0.15825831E-03     -0.15967571E-03     -0.22203720E-03     -0.44370132E-03
    2732     -0.15825962E-03     -0.15967571E-03     -0.22212134E-03     -0.44370132E-03
    2733     -0.15826227E-03     -0.15967571E-03     -0.22225502E-03     -0.44370132E-03
    2734     -0.15826267E-03     -0.15967571E-03     -0.22227152E-03     -0.44370132E-03
    2735     -0.15826406E-03     -0.15967571E-03     -0.22235199E-03     -0.44370132E-03
    2736     -0.15826538E-03     -0.15967571E-03     -0.22243406E-03     -0.44370132E-03
    2737     -0.15826592E-03     -0.15967571E-03     -0.22248545E-03     -0.44370132E-03
    2738     -0.15826745E-03     -0.15967571E-03     -0.22258199E-03     -0.44370132E-03
    2739     -0.15826806E-03     -0.15967571E-03     -0.22262430E-03     -0.44370132E-03
    2740     -0.15826910E-03     -0.15967571E-03     -0.22269293E-03     -0.44370132E-03
    2741     -0.15826993E-03     -0.15967571E-03     -0.22275760E-03     -0.44370132E-03
    2742     -0.15827061E-03     -0.15967571E-03     -0.22280809E-03     -0.44370132E-03
    2743     -0.15827131E-03     -0.15967571E-03     -0.22284171E-03     -0.44370132E-03
    2744     -0.15827230E-03     -0.15967571E-03     -0.22289595E-03     -0.44370132E-03
    2745     -0.15827288E-03     -0.15967571E-03     -0.22292389E-03     -0.44370132E-03
    2746     -0.15827351E-03     -0.15967571E-03     -0.22295330E-03     -0.44370132E-03
    2747     -0.15827427E-03     -0.15967571E-03     -0.22298701E-03     -0.44370132E-03
    2748     -0.15827492E-03     -0.15967571E-03     -0.22301807E-03     -0.44370132E-03
    2749     -0.15827540E-03     -0.15967571E-03     -0.22305178E-03     -0.44370132E-03
    2750     -0.15827586E-03     -0.15967571E-03     -0.22308386E-03     -0.44370132E-03
    2751     -0.15827661E-03     -0.15967571E-03     -0.22313096E-03     -0.44370132E-03
    2752     -0.15827736E-03     -0.15967571E-03     -0.22317345E-03     -0.44370132E-03
    2753     -0.15827831E-03     -0.15967571E-03     -0.22324506E-03     -0.44370132E-03
    2754     -0.15827944E-03     -0.15967571E-03     -0.22333997E-03     -0.44370132E-03
    2755     -0.15827989E-03     -0.15967571E-03     -0.22338345E-03     -0.44370132E-03
    2756     -0.15828033E-03     -0.15967571E-03     -0.22343690E-03     -0.44370132E-03
    2757     -0.15828127E-03     -0.15967571E-03     -0.22350074E-03     -0.44370132E-03
    2758     -0.15828242E-03     -0.15967571E-03     -0.22358827E-03     -0.44370132E-03
    2759     -0.15828309E-03     -0.15967571E-03     -0.22365448E-03     -0.44370132E-03
    2760     -0.15828340E-03     -0.15967571E-03     -0.22368003E-03     -0.44370132E-03
    2761     -0.15828418E-03     -0.15967571E-03     -0.22375405E-03     -0.44370132E-03
    2762     -0.15828493E-03     -0.15967571E-03     -0.22382924E-03     -0.44370132E-03
    2763     -0.15828612E-03     -0.15967571E-03     -0.22393159E-03     -0.44370132E-03
    2764     -0.15828694E-03     -0.15967571E-03     -0.22400814E-03     -0.44370132E-03
    2765     -0.15828775E-03     -0.15967571E-03     -0.22406332E-03     -0.44370132E-03
    2766     -0.15828844E-03     -0.15967571E-03     -0.22410538E-03     -0.44370132E-03
    2767     -0.15828927E-03     -0.15967571E-03     -0.22416417E-03     -0.44370132E-03
    2768     -0.15828965E-03     -0.15967571E-03     -0.22419731E-03     -0.44370132E-03
    2769     -0.15829038E-03     -0.15967571E-03     -0.22424006E-03     -0.44370132E-03
    2770     -0.15829108E-03     -0.15967571E-03     -0.22427697E-03     -0.44370132E-03
    2771     -0.15829173E-03     -0.15967571E-03     -0.22431759E-03     -0.44370132E-03
    2772     -0.15829240E-03     -0.15967571E-03     -0.22435634E-03     -0.44370132E-03
    2773     -0.15829270E-03     -0.15967571E-03     -0.22438518E-03     -0.44370132E-03
    2774     -0.15829322E-03     -0.15967571E-03     -0.22443152E-03     -0.44370132E-03
    2775     -0.15829396E-03     -0.15967571E-03     -0.22449643E-03     -0.44370132E-03
    2776     -0.15829432E-03     -0.15967571E-03     -0.22452907E-03     -0.44370132E-03
    2777     -0.15829468E-03     -0.15967571E-03     -0.22455686E-03     -0.44370132E-03
    2778     -0.15829503E-03     -0.15967571E-03     -0.22458840E-03     -0.44370132E-03
    2779     -0.15829547E-03     -0.15967571E-03     -0.22461069E-03     -0.44370132E-03
    2780     -0.15829606E-03     -0.15967571E-03     -0.22463138E-03     -0.44370132E-03
    2781     -0.15829657E-03     -0.15967571E-03     -0.22466910E-03     -0.44370132E-03
    2782     -0.15829712E-03     -0.15967571E-03     -0.22471783E-03     -0.44370132E-03
    2783     -0.15829767E-03     -0.15967571E-03     -0.22477602E-03     -0.44370132E-03
    2784     -0.15829813E-03     -0.15967571E-03     -0.22481640E-03     -0.44370132E-03
    2785     -0.15829881E-03     -0.15967571E-03     -0.22486007E-03     -0.44370132E-03
    2786     -0.15829956E-03     -0.15967571E-03     -0.22491960E-03     -0.44370132E-03
    2787     -0.15830010E-03     -0.15967571E-03     -0.22495833E-03     -0.44370132E-03
    2788     -0.15830063E-03     -0.15967571E-03     -0.22499888E-03     -0.44370132E-03
    2789     -0.15830099E-03     -0.15967571E-03     -0.22504068E-03     -0.44370132E-03
    2790     -0.15830135E-03     -0.15967571E-03     -0.22507226E-03     -0.44370132E-03
    2791     -0.15830213E-03     -0.15967571E-03     -0.22511581E-03     -0.44370132E-03
    2792     -0.15830293E-03     -0.15967571E-03     -0.22515970E-03     -0.44370132E-03
    2793     -0.15830343E-03     -0.15967571E-03     -0.22518919E-03     -0.44370132E-03
    2794     -0.15830406E-03     -0.15967571E-03     -0.22523853E-03     -0.44370132E-03
    2795     -0.15830477E-03     -0.15967571E-03     -0.22530140E-03     -0.44370132E-03
    2796     -0.15830542E-03     -0.15967571E-03     -0.22535174E-03     -0.44370132E-03
    2797     -0.15830580E-03     -0.15967571E-03     -0.22537789E-03     -0.44370132E-03
    2798     -0.15830619E-03     -0.15967571E-03     -0.22541044E-03     -0.44370132E-03
    2799     -0.15830674E-03     -0.15967571E-03     -0.22545992E-03     -0.44370132E-03
    2800     -0.15830743E-03     -0.15967571E-03     -0.22550822E-03     -0.44370132E-03
    2801     -0.15830826E-03     -0.15967571E-03     -0.22555642E-03     -0.44370132E-03
    2802     -0.15830881E-03     -0.15967571E-03     -0.22559328E-03     -0.44370132E-03
    2803     -0.15830916E-03     -0.15967571E-03     -0.22561827E-03     -0.44370132E-03
    2804     -0.15830950E-03     -0.15967571E-03     -0.22564748E-03     -0.44370132E-03
    2805     -0.15830986E-03     -0.15967571E-03     -0.22566837E-03     -0.44370132E-03
    2806     -0.15831010E-03     -0.15967571E-03     -0.22570082E-03     -0.44370132E-03
    2807     -0.15831060E-03     -0.15967571E-03     -0.22573903E-03     -0.44370132E-03
    2808     -0.15831120E-03     -0.15967571E-03     -0.22578065E-03     -0.44370132E-03
    2809     -0.15831210E-03     -0.15967571E-03     -0.22585054E-03     -0.44370132E-03
    2810     -0.15831287E-03     -0.15967571E-03     -0.22590492E-03     -0.44370132E-03
    2811     -0.15831340E-03     -0.15967571E-03     -0.22595208E-03     -0.44370132E-03
    2812     -0.15831408E-03     -0.15967571E-03     -0.22600859E-03     -0.44370132E-03
    2813     -0.15831488E-03     -0.15967571E-03     -0.22606593E-03     -0.44370132E-03
    2814     -0.15831555E-03     -0.15967571E-03     -0.22611956E-03     -0.44370132E-03
    2815     -0.15831612E-03     -0.15967571E-03     -0.22616617E-03     -0.44370132E-03
    2816     -0.15831687E-03     -0.15967571E-03     -0.22622473E-03     -0.44370132E-03
    2817     -0.15831755E-03     -0.15967571E-03     -0.22626300E-03     -0.44370132E-03
    2818     -0.15831841E-03     -0.15967571E-03     -0.22632104E-03     -0.44370132E-03
    2819     -0.15831889E-03     -0.15967571E-03     -0.22635469E-03     -0.44370132E-03
    2820     -0.15831941E-03     -0.15967571E-03     -0.22638943E-03     -0.44370132E-03
    2821     -0.15832002E-03     -0.15967571E-03     -0.22643305E-03     -0.44370132E-03
    2822     -0.15832033E-03     -0.15967571E-03     -0.22647117E-03     -0.44370132E-03
    2823     -0.15832518E-03     -0.15967571E-03     -0.22667774E-03     -0.44370132E-03
    2824     -0.15832922E-03     -0.15967571E-03     -0.22685910E-03     -0.44370132E-03
    2825     -0.15833113E-03     -0.15967571E-03     -0.22695147E-03     -0.44370132E-03
    2826     -0.15833215E-03     -0.15967571E-03     -0.22701138E-03     -0.44370132E-03
    2827     -0.15833309E-03     -0.15967571E-03     -0.22706526E-03     -0.44370132E-03
    2828     -0.15833369E-03     -0.15967571E-03     -0.22710413E-03     -0.44370132E-03
    2829     -0.15833488E-03     -0.15967571E-03     -0.22724450E-03     -0.44370132E-03
    2830     -0.15833581E-03     -0.15967571E-03     -0.22731366E-03     -0.44370132E-03
    2831     -0.15833642E-03     -0.15967571E-03     -0.22741470E-03     -0.44370132E-03
    2832     -0.15833681E-03     -0.15967571E-03     -0.22744651E-03     -0.44370132E-03
    2833     -0.15833718E-03     -0.15967571E-03     -0.22748700E-03     -0.44370132E-03
    2834     -0.15833757E-03     -0.15967571E-03     -0.22752905E-03     -0.44370132E-03
    2835     -0.15833816E-03     -0.15967571E-03     -0.22757165E-03     -0.44370132E-03
    2836     -0.15833889E-03     -0.15967571E-03     -0.22763053E-03     -0.44370132E-03
    2837     -0.15833970E-03     -0.15967571E-03     -0.22769941E-03     -0.44370132E-03
    2838     -0.15834208E-03     -0.15967571E-03     -0.22781425E-03     -0.44370132E-03
    2839     -0.15834431E-03     -0.15967571E-03     -0.22792925E-03     -0.44370132E-03
    2840     -0.15834508E-03     -0.15967571E-03     -0.22798452E-03     -0.44370132E-03
    2841     -0.15834555E-03     -0.15967571E-03     -0.22801291E-03     -0.44370132E-03
    2842     -0.15834609E-03     -0.15967571E-03     -0.22806302E-03     -0.44370132E-03
    2843     -0.15834656E-03     -0.15967571E-03     -0.22809452E-03     -0.44370132E-03
    2844     -0.15834704E-03     -0.15967571E-03     -0.22812421E-03     -0.44370132E-03
    2845     -0.15835186E-03     -0.15967571E-03     -0.22831039E-03     -0.44370132E-03
    2846     -0.15835700E-03     -0.15967571E-03     -0.22850580E-03     -0.44370132E-03
    2847     -0.15835740E-03     -0.15967571E-03     -0.22853709E-03     -0.44370132E-03
    2848     -0.15835784E-03     -0.15967571E-03     -0.22856953E-03     -0.44370132E-03
    2849     -0.15835865E-03     -0.15967571E-03     -0.22863437E-03     -0.44370132E-03
    2850     -0.15835951E-03     -0.15967571E-03     -0.22869229E-03     -0.44370132E-03
    2851     -0.15836004E-03     -0.15967571E-03     -0.22873440E-03     -0.44370132E-03
    2852     -0.15836085E-03     -0.15967571E-03     -0.22879574E-03     -0.44370132E-03
    2853     -0.15836188E-03     -0.15967571E-03     -0.22887586E-03     -0.44370132E-03
    2854     -0.15836279E-03     -0.15967571E-03     -0.22894137E-03     -0.44370132E-03
    2855     -0.15836490E-03     -0.15967571E-03     -0.22909495E-03     -0.44370132E-03
    2856     -0.15836654E-03     -0.15967571E-03     -0.22922889E-03     -0.44370132E-03
    2857     -0.15836704E-03     -0.15967571E-03     -0.22926511E-03     -0.44370132E-03
    2858     -0.15836747E-03     -0.15967571E-03     -0.22930305E-03     -0.44370132E-03
    2859     -0.15836796E-03     -0.15967571E-03     -0.22935815E-03     -0.44370132E-03
    2860     -0.15836847E-03     -0.15967571E-03     -0.22941344E-03     -0.44370132E-03
    2861     -0.15836885E-03     -0.15967571E-03     -0.22944249E-03     -0.44370132E-03
    2862     -0.15836929E-03     -0.15967571E-03     -0.22946115E-03     -0.44370132E-03
    2863     -0.15836966E-03     -0.15967571E-03     -0.22949510E-03     -0.44370132E-03
    2864     -0.15837008E-03     -0.15967571E-03     -0.22953329E-03     -0.44370132E-03
    2865     -0.15837071E-03     -0.15967571E-03     -0.22956869E-03     -0.44370132E-03
    2866     -0.15837138E-03     -0.15967571E-03     -0.22961226E-03     -0.44370132E-03
    2867     -0.15837192E-03     -0.15967571E-03     -0.22964836E-03     -0.44370132E-03
    2868     -0.15837230E-03     -0.15967571E-03     -0.22968655E-03     -0.44370132E-03
    2869     -0.15837275E-03     -0.15967571E-03     -0.22973523E-03     -0.44370132E-03
    2870     -0.15837334E-03     -0.15967571E-03     -0.22977292E-03     -0.44370132E-03
    2871     -0.15837383E-03     -0.15967571E-03     -0.22980693E-03     -0.44370132E-03
    2872     -0.15837449E-03     -0.15967571E-03     -0.22984202E-03     -0.44370132E-03
    2873     -0.15837492E-03     -0.15967571E-03     -0.22987618E-03     -0.44370132E-03
    2874     -0.15837533E-03     -0.15967571E-03     -0.22991127E-03     -0.44370132E-03
    2875     -0.15837561E-03     -0.15967571E-03     -0.22993802E-03     -0.44370132E-03
    2876     -0.15837601E-03     -0.15967571E-03     -0.22996605E-03     -0.44370132E-03
    2877     -0.15837662E-03     -0.15967571E-03     -0.23001825E-03     -0.44370132E-03
    2878     -0.15837709E-03     -0.15967571E-03     -0.23006470E-03     -0.44370132E-03
    2879     -0.15837769E-03     -0.15967571E-03     -0.23010920E-03     -0.44370132E-03
    2880     -0.15837806E-03     -0.15967571E-03     -0.23014765E-03     -0.44370132E-03
    2881     -0.15837846E-03     -0.15967571E-03     -0.23019575E-03     -0.44370132E-03
    2882     -0.15837920E-03     -0.15967571E-03     -0.23025451E-03     -0.44370132E-03
    2883     -0.15837971E-03     -0.15967571E-03     -0.23029704E-03     -0.44370132E-03
    2884     -0.15838027E-03     -0.15967571E-03     -0.23034419E-03     -0.44370132E-03
    2885     -0.15838115E-03     -0.15967571E-03     -0.23039844E-03     -0.44370132E-03
    2886     -0.15838203E-03     -0.15967571E-03     -0.23045173E-03     -0.44370132E-03
    2887     -0.15838265E-03     -0.15967571E-03     -0.23050971E-03     -0.44370132E-03
    2888     -0.15838328E-03     -0.15967571E-03     -0.23057082E-03     -0.44370132E-03
    2889     -0.15838644E-03     -0.15967571E-03     -0.23072274E-03     -0.44370132E-03
    2890     -0.15838957E-03     -0.15967571E-03     -0.23088059E-03     -0.44370132E-03
    2891     -0.15839209E-03     -0.15967571E-03     -0.23101847E-03     -0.44370132E-03
    2892     -0.15839446E-03     -0.15967571E-03     -0.23114239E-03     -0.44370132E-03
    2893     -0.15839530E-03     -0.15967571E-03     -0.23120796E-03     -0.44370132E-03
    2894     -0.15839596E-03     -0.15967571E-03     -0.23125856E-03     -0.44370132E-03
    2895     -0.15839687E-03     -0.15967571E-03     -0.23133401E-03     -0.44370132E-03
    2896     -0.15839769E-03     -0.15967571E-03     -0.23140422E-03     -0.44370132E-03
    2897     -0.15839852E-03     -0.15967571E-03     -0.23146777E-03     -0.44370132E-03
    2898     -0.15839938E-03     -0.15967571E-03     -0.23153521E-03     -0.44370132E-03
    2899     -0.15840012E-03     -0.15967571E-03     -0.23159592E-03     -0.44370132E-03
    2900     -0.15840081E-03     -0.15967571E-03     -0.23165051E-03     -0.44370132E-03
    2901     -0.15840149E-03     -0.15967571E-03     -0.23170060E-03     -0.44370132E-03
    2902     -0.15840199E-03     -0.15967571E-03     -0.23175650E-03     -0.44370132E-03
    2903     -0.15840266E-03     -0.15967571E-03     -0.23179226E-03     -0.44370132E-03
    2904     -0.15840300E-03     -0.15967571E-03     -0.23182447E-03     -0.44370132E-03
    2905     -0.15840374E-03     -0.15967571E-03     -0.23188732E-03     -0.44370132E-03
    2906     -0.15840453E-03     -0.15967571E-03     -0.23195639E-03     -0.44370132E-03
    2907     -0.15840535E-03     -0.15967571E-03     -0.23201929E-03     -0.44370132E-03
    2908     -0.15840601E-03     -0.15967571E-03     -0.23206694E-03     -0.44370132E-03
    2909     -0.15840655E-03     -0.15967571E-03     -0.23210468E-03     -0.44370132E-03
    2910     -0.15840719E-03     -0.15967571E-03     -0.23214664E-03     -0.44370132E-03
    2911     -0.15840859E-03     -0.15967571E-03     -0.23224469E-03     -0.44370132E-03
    2912     -0.15840998E-03     -0.15967571E-03     -0.23234258E-03     -0.44370132E-03
    2913     -0.15841054E-03     -0.15967571E-03     -0.23237863E-03     -0.44370132E-03
    2914     -0.15841108E-03     -0.15967571E-03     -0.23241766E-03     -0.44370132E-03
    2915     -0.15841145E-03     -0.15967571E-03     -0.23245558E-03     -0.44370132E-03
    2916     -0.15841178E-03     -0.15967571E-03     -0.23249318E-03     -0.44370132E-03
    2917     -0.15841226E-03     -0.15967571E-03     -0.23255822E-03     -0.44370132E-03
    2918     -0.15841274E-03     -0.15967571E-03     -0.23261467E-03     -0.44370132E-03
    2919     -0.15841317E-03     -0.15967571E-03     -0.23265766E-03     -0.44370132E-03
    2920     -0.15841361E-03     -0.15967571E-03     -0.23269942E-03     -0.44370132E-03
    2921     -0.15841395E-03     -0.15967571E-03     -0.23273145E-03     -0.44370132E-03
    2922     -0.15841454E-03     -0.15967571E-03     -0.23276856E-03     -0.44370132E-03
    2923     -0.15841507E-03     -0.15967571E-03     -0.23281316E-03     -0.44370132E-03
    2924     -0.15841552E-03     -0.15967571E-03     -0.23285093E-03     -0.44370132E-03
    2925     -0.15841584E-03     -0.15967571E-03     -0.23287773E-03     -0.44370132E-03
    2926     -0.15841617E-03     -0.15967571E-03     -0.23290298E-03     -0.44370132E-03
    2927     -0.15841645E-03     -0.15967571E-03     -0.23293880E-03     -0.44370132E-03
    2928     -0.15841681E-03     -0.15967571E-03     -0.23298066E-03     -0.44370132E-03
    2929     -0.15841728E-03     -0.15967571E-03     -0.23302292E-03     -0.44370132E-03
    2930     -0.15841757E-03     -0.15967571E-03     -0.23307118E-03     -0.44370132E-03
    2931     -0.15841804E-03     -0.15967571E-03     -0.23311032E-03     -0.44370132E-03
    2932     -0.15841842E-03     -0.15967571E-03     -0.23314867E-03     -0.44370132E-03
    2933     -0.15841897E-03     -0.15967571E-03     -0.23320038E-03     -0.44370132E-03
    2934     -0.15841953E-03     -0.15967571E-03     -0.23325241E-03     -0.44370132E-03
    2935     -0.15842001E-03     -0.15967571E-03     -0.23328029E-03     -0.44370132E-03
    2936     -0.15842053E-03     -0.15967571E-03     -0.23331374E-03     -0.44370132E-03
    2937     -0.15842088E-03     -0.15967571E-03     -0.23334736E-03     -0.44370132E-03
    2938     -0.15842125E-03     -0.15967571E-03     -0.23339020E-03     -0.44370132E-03
    2939     -0.15842168E-03     -0.15967571E-03     -0.23342020E-03     -0.44370132E-03
    2940     -0.15842205E-03     -0.15967571E-03     -0.23346536E-03     -0.44370132E-03
    2941     -0.15842298E-03     -0.15967571E-03     -0.23353983E-03     -0.44370132E-03
    2942     -0.15842399E-03     -0.15967571E-03     -0.23362239E-03     -0.44370132E-03
    2943     -0.15842426E-03     -0.15967571E-03     -0.23364806E-03     -0.44370132E-03
    2944     -0.15842446E-03     -0.15967571E-03     -0.23369257E-03     -0.44370132E-03
    2945     -0.15842488E-03     -0.15967571E-03     -0.23372926E-03     -0.44370132E-03
    2946     -0.15842532E-03     -0.15967571E-03     -0.23378977E-03     -0.44370132E-03
    2947     -0.15842569E-03     -0.15967571E-03     -0.23383826E-03     -0.44370132E-03
    2948     -0.15842609E-03     -0.15967571E-03     -0.23386746E-03     -0.44370132E-03
    2949     -0.15842649E-03     -0.15967571E-03     -0.23390130E-03     -0.44370132E-03
    2950     -0.15842685E-03     -0.15967571E-03     -0.23393859E-03     -0.44370132E-03
    2951     -0.15842734E-03     -0.15967571E-03     -0.23398810E-03     -0.44370132E-03
    2952     -0.15842779E-03     -0.15967571E-03     -0.23404122E-03     -0.44370132E-03
    2953     -0.15842807E-03     -0.15967571E-03     -0.23407024E-03     -0.44370132E-03
    2954     -0.15842848E-03     -0.15967571E-03     -0.23410173E-03     -0.44370132E-03
    2955     -0.15842878E-03     -0.15967571E-03     -0.23413133E-03     -0.44370132E-03
    2956     -0.15842908E-03     -0.15967571E-03     -0.23416272E-03     -0.44370132E-03
    2957     -0.15842942E-03     -0.15967571E-03     -0.23419179E-03     -0.44370132E-03
    2958     -0.15843002E-03     -0.15967571E-03     -0.23422709E-03     -0.44370132E-03
    2959     -0.15843042E-03     -0.15967571E-03     -0.23425618E-03     -0.44370132E-03
    2960     -0.15843079E-03     -0.15967571E-03     -0.23428560E-03     -0.44370132E-03
    2961     -0.15843107E-03     -0.15967571E-03     -0.23431727E-03     -0.44370132E-03
    2962     -0.15843127E-03     -0.15967571E-03     -0.23434811E-03     -0.44370132E-03
    2963     -0.15843164E-03     -0.15967571E-03     -0.23439528E-03     -0.44370132E-03
    2964     -0.15843191E-03     -0.15967571E-03     -0.23444539E-03     -0.44370132E-03
    2965     -0.15843228E-03     -0.15967571E-03     -0.23448138E-03     -0.44370132E-03
    2966     -0.15843262E-03     -0.15967571E-03     -0.23450627E-03     -0.44370132E-03
    2967     -0.15843307E-03     -0.15967571E-03     -0.23454207E-03     -0.44370132E-03
    2968     -0.15843348E-03     -0.15967571E-03     -0.23456855E-03     -0.44370132E-03
    2969     -0.15843387E-03     -0.15967571E-03     -0.23460379E-03     -0.44370132E-03
    2970     -0.15843426E-03     -0.15967571E-03     -0.23463933E-03     -0.44370132E-03
    2971     -0.15843453E-03     -0.15967571E-03     -0.23467803E-03     -0.44370132E-03
    2972     -0.15843480E-03     -0.15967571E-03     -0.23471689E-03     -0.44370132E-03
    2973     -0.15843536E-03     -0.15967571E-03     -0.23476727E-03     -0.44370132E-03
    2974     -0.15843605E-03     -0.15967571E-03     -0.23481913E-03     -0.44370132E-03
    2975     -0.15843660E-03     -0.15967571E-03     -0.23487290E-03     -0.44370132E-03
    2976     -0.15843723E-03     -0.15967571E-03     -0.23491146E-03     -0.44370132E-03
    2977     -0.15843782E-03     -0.15967571E-03     -0.23498560E-03     -0.44370132E-03
    2978     -0.15843842E-03     -0.15967571E-03     -0.23505921E-03     -0.44370132E-03
    2979     -0.15843899E-03     -0.15967571E-03     -0.23511314E-03     -0.44370132E-03
    2980     -0.15843966E-03     -0.15967571E-03     -0.23516558E-03     -0.44370132E-03
    2981     -0.15844014E-03     -0.15967571E-03     -0.23520605E-03     -0.44370132E-03
    2982     -0.15844078E-03     -0.15967571E-03     -0.23525848E-03     -0.44370132E-03
    2983     -0.15844145E-03     -0.15967571E-03     -0.23531987E-03     -0.44370132E-03
    2984     -0.15844195E-03     -0.15967571E-03     -0.23537024E-03     -0.44370132E-03
    2985     -0.15844241E-03     -0.15967571E-03     -0.23543370E-03     -0.44370132E-03
    2986     -0.15844295E-03     -0.15967571E-03     -0.23548082E-03     -0.44370132E-03
    2987     -0.15844336E-03     -0.15967571E-03     -0.23555256E-03     -0.44370132E-03
    2988     -0.15844404E-03     -0.15967571E-03     -0.23563499E-03     -0.44370132E-03
    2989     -0.15844483E-03     -0.15967571E-03     -0.23569682E-03     -0.44370132E-03
    2990     -0.15844542E-03     -0.15967571E-03     -0.23573983E-03     -0.44370132E-03
    2991     -0.15844601E-03     -0.15967571E-03     -0.23581759E-03     -0.44370132E-03
    2992     -0.15844670E-03     -0.15967571E-03     -0.23590578E-03     -0.44370132E-03
    2993     -0.15844696E-03     -0.15967571E-03     -0.23595271E-03     -0.44370132E-03
    2994     -0.15844758E-03     -0.15967571E-03     -0.23602089E-03     -0.44370132E-03
    2995     -0.15844792E-03     -0.15967571E-03     -0.23605991E-03     -0.44370132E-03
    2996     -0.15844837E-03     -0.15967571E-03     -0.23609708E-03     -0.44370132E-03
    2997     -0.15844899E-03     -0.15967571E-03     -0.23615068E-03     -0.44370132E-03
    2998     -0.15844956E-03     -0.15967571E-03     -0.23620229E-03     -0.44370132E-03
    2999     -0.15844996E-03     -0.15967571E-03     -0.23623794E-03     -0.44370132E-03
    3000     -0.15845036E-03     -0.15967571E-03     -0.23631147E-03     -0.44370132E-03
    3001     -0.15845069E-03     -0.15967571E-03     -0.23635373E-03     -0.44370132E-03
    3002     -0.15845107E-03     -0.15967571E-03     -0.23639114E-03     -0.44370132E-03
    3003     -0.15845157E-03     -0.15967571E-03     -0.23644425E-03     -0.44370132E-03
    3004     -0.15845213E-03     -0.15967571E-03     -0.23650014E-03     -0.44370132E-03
    3005     -0.15845263E-03     -0.15967571E-03     -0.23653631E-03     -0.44370132E-03
    3006     -0.15845302E-03     -0.15967571E-03     -0.23656758E-03     -0.44370132E-03
    3007     -0.15845344E-03     -0.15967571E-03     -0.23660464E-03     -0.44370132E-03
    3008     -0.15845381E-03     -0.15967571E-03     -0.23664241E-03     -0.44370132E-03
    3009     -0.15845429E-03     -0.15967571E-03     -0.23668156E-03     -0.44370132E-03
    3010     -0.15845465E-03     -0.15967571E-03     -0.23673262E-03     -0.44370132E-03
    3011     -0.15845506E-03     -0.15967571E-03     -0.23677561E-03     -0.44370132E-03
    3012     -0.15845547E-03     -0.15967571E-03     -0.23681880E-03     -0.44370132E-03
    3013     -0.15845575E-03     -0.15967571E-03     -0.23684808E-03     -0.44370132E-03
    3014     -0.15845604E-03     -0.15967571E-03     -0.23687660E-03     -0.44370132E-03
    3015     -0.15845646E-03     -0.15967571E-03     -0.23692833E-03     -0.44370132E-03
    3016     -0.15845691E-03     -0.15967571E-03     -0.23697602E-03     -0.44370132E-03
    3017     -0.15845731E-03     -0.15967571E-03     -0.23701599E-03     -0.44370132E-03
    3018     -0.15845775E-03     -0.15967571E-03     -0.23708260E-03     -0.44370132E-03
    3019     -0.15845802E-03     -0.15967571E-03     -0.23710361E-03     -0.44370132E-03
    3020     -0.15845848E-03     -0.15967571E-03     -0.23714304E-03     -0.44370132E-03
    3021     -0.15845917E-03     -0.15967571E-03     -0.23718114E-03     -0.44370132E-03
    3022     -0.15845984E-03     -0.15967571E-03     -0.23723447E-03     -0.44370132E-03
    3023     -0.15846393E-03     -0.15967571E-03     -0.23744426E-03     -0.44370132E-03
    3024     -0.15846791E-03     -0.15967571E-03     -0.23765213E-03     -0.44370132E-03
    3025     -0.15846824E-03     -0.15967571E-03     -0.23770151E-03     -0.44370132E-03
    3026     -0.15846866E-03     -0.15967571E-03     -0.23774374E-03     -0.44370132E-03
    3027     -0.15846922E-03     -0.15967571E-03     -0.23779152E-03     -0.44370132E-03
    3028     -0.15846987E-03     -0.15967571E-03     -0.23783277E-03     -0.44370132E-03
    3029     -0.15847025E-03     -0.15967571E-03     -0.23786691E-03     -0.44370132E-03
    3030     -0.15847066E-03     -0.15967571E-03     -0.23790224E-03     -0.44370132E-03
    3031     -0.15847155E-03     -0.15967571E-03     -0.23798203E-03     -0.44370132E-03
    3032     -0.15847233E-03     -0.15967571E-03     -0.23806951E-03     -0.44370132E-03
    3033     -0.15847319E-03     -0.15967571E-03     -0.23814666E-03     -0.44370132E-03
    3034     -0.15847361E-03     -0.15967571E-03     -0.23819224E-03     -0.44370132E-03
    3035     -0.15847400E-03     -0.15967571E-03     -0.23826256E-03     -0.44370132E-03
    3036     -0.15847473E-03     -0.15967571E-03     -0.23836235E-03     -0.44370132E-03
    3037     -0.15847524E-03     -0.15967571E-03     -0.23840390E-03     -0.44370132E-03
    3038     -0.15847558E-03     -0.15967571E-03     -0.23844215E-03     -0.44370132E-03
    3039     -0.15847597E-03     -0.15967571E-03     -0.23847975E-03     -0.44370132E-03
    3040     -0.15847635E-03     -0.15967571E-03     -0.23851135E-03     -0.44370132E-03
    3041     -0.15847672E-03     -0.15967571E-03     -0.23856171E-03     -0.44370132E-03
    3042     -0.15847705E-03     -0.15967571E-03     -0.23861129E-03     -0.44370132E-03
    3043     -0.15847754E-03     -0.15967571E-03     -0.23864972E-03     -0.44370132E-03
    3044     -0.15847808E-03     -0.15967571E-03     -0.23868873E-03     -0.44370132E-03
    3045     -0.15847831E-03     -0.15967571E-03     -0.23872307E-03     -0.44370132E-03
    3046     -0.15847867E-03     -0.15967571E-03     -0.23876236E-03     -0.44370132E-03
    3047     -0.15847894E-03     -0.15967571E-03     -0.23878863E-03     -0.44370132E-03
    3048     -0.15847924E-03     -0.15967571E-03     -0.23882539E-03     -0.44370132E-03
    3049     -0.15847988E-03     -0.15967571E-03     -0.23887222E-03     -0.44370132E-03
    3050     -0.15848052E-03     -0.15967571E-03     -0.23890888E-03     -0.44370132E-03
    3051     -0.15848124E-03     -0.15967571E-03     -0.23899917E-03     -0.44370132E-03
    3052     -0.15848162E-03     -0.15967571E-03     -0.23906057E-03     -0.44370132E-03
    3053     -0.15848216E-03     -0.15967571E-03     -0.23910823E-03     -0.44370132E-03
    3054     -0.15848248E-03     -0.15967571E-03     -0.23913973E-03     -0.44370132E-03
    3055     -0.15848620E-03     -0.15967571E-03     -0.23932803E-03     -0.44370132E-03
    3056     -0.15848988E-03     -0.15967571E-03     -0.23950911E-03     -0.44370132E-03
    3057     -0.15849041E-03     -0.15967571E-03     -0.23955074E-03     -0.44370132E-03
    3058     -0.15849091E-03     -0.15967571E-03     -0.23958964E-03     -0.44370132E-03
    3059     -0.15849135E-03     -0.15967571E-03     -0.23962559E-03     -0.44370132E-03
    3060     -0.15849176E-03     -0.15967571E-03     -0.23966097E-03     -0.44370132E-03
    3061     -0.15849243E-03     -0.15967571E-03     -0.23972642E-03     -0.44370132E-03
    3062     -0.15849323E-03     -0.15967571E-03     -0.23979293E-03     -0.44370132E-03
    3063     -0.15849360E-03     -0.15967571E-03     -0.23983666E-03     -0.44370132E-03
    3064     -0.15849398E-03     -0.15967571E-03     -0.23988095E-03     -0.44370132E-03
    3065     -0.15849431E-03     -0.15967571E-03     -0.23991646E-03     -0.44370132E-03
    3066     -0.15849461E-03     -0.15967571E-03     -0.23995059E-03     -0.44370132E-03
    3067     -0.15849546E-03     -0.15967571E-03     -0.24001298E-03     -0.44370132E-03
    3068     -0.15849637E-03     -0.15967571E-03     -0.24007741E-03     -0.44370132E-03
    3069     -0.15849674E-03     -0.15967571E-03     -0.24010201E-03     -0.44370132E-03
    3070     -0.15849709E-03     -0.15967571E-03     -0.24013445E-03     -0.44370132E-03
    3071     -0.15849754E-03     -0.15967571E-03     -0.24016976E-03     -0.44370132E-03
    3072     -0.15849792E-03     -0.15967571E-03     -0.24020882E-03     -0.44370132E-03
    3073     -0.15849813E-03     -0.15967571E-03     -0.24024098E-03     -0.44370132E-03
    3074     -0.15849838E-03     -0.15967571E-03     -0.24027556E-03     -0.44370132E-03
    3075     -0.15849853E-03     -0.15967571E-03     -0.24030233E-03     -0.44370132E-03
    3076     -0.15849880E-03     -0.15967571E-03     -0.24033197E-03     -0.44370132E-03
    3077     -0.15849916E-03     -0.15967571E-03     -0.24037529E-03     -0.44370132E-03
    3078     -0.15849957E-03     -0.15967571E-03     -0.24041275E-03     -0.44370132E-03
    3079     -0.15850051E-03     -0.15967571E-03     -0.24045054E-03     -0.44370132E-03
    3080     -0.15850111E-03     -0.15967571E-03     -0.24053550E-03     -0.44370132E-03
    3081     -0.15850169E-03     -0.15967571E-03     -0.24058904E-03     -0.44370132E-03
    3082     -0.15850218E-03     -0.15967571E-03     -0.24063426E-03     -0.44370132E-03
    3083     -0.15850258E-03     -0.15967571E-03     -0.24066133E-03     -0.44370132E-03
    3084     -0.15850301E-03     -0.15967571E-03     -0.24072088E-03     -0.44370132E-03
    3085     -0.15850352E-03     -0.15967571E-03     -0.24075779E-03     -0.44370132E-03
    3086     -0.15850397E-03     -0.15967571E-03     -0.24080496E-03     -0.44370132E-03
    3087     -0.15850439E-03     -0.15967571E-03     -0.24085049E-03     -0.44370132E-03
    3088     -0.15850502E-03     -0.15967571E-03     -0.24090248E-03     -0.44370132E-03
    3089     -0.15850550E-03     -0.15967571E-03     -0.24094024E-03     -0.44370132E-03
    3090     -0.15850594E-03     -0.15967571E-03     -0.24098636E-03     -0.44370132E-03
    3091     -0.15850641E-03     -0.15967571E-03     -0.24102015E-03     -0.44370132E-03
    3092     -0.15850682E-03     -0.15967571E-03     -0.24107682E-03     -0.44370132E-03
    3093     -0.15850717E-03     -0.15967571E-03     -0.24111099E-03     -0.44370132E-03
    3094     -0.15850750E-03     -0.15967571E-03     -0.24114614E-03     -0.44370132E-03
    3095     -0.15850802E-03     -0.15967571E-03     -0.24118991E-03     -0.44370132E-03
    3096     -0.15850840E-03     -0.15967571E-03     -0.24125331E-03     -0.44370132E-03
    3097     -0.15850877E-03     -0.15967571E-03     -0.24131135E-03     -0.44370132E-03
    3098     -0.15850928E-03     -0.15967571E-03     -0.24135702E-03     -0.44370132E-03
    3099     -0.15850981E-03     -0.15967571E-03     -0.24144377E-03     -0.44370132E-03
    3100     -0.15851035E-03     -0.15967571E-03     -0.24150775E-03     -0.44370132E-03
    3101     -0.15851398E-03     -0.15967571E-03     -0.24176980E-03     -0.44370132E-03
    3102     -0.15851802E-03     -0.15967571E-03     -0.24202055E-03     -0.44370132E-03
    3103     -0.15851866E-03     -0.15967571E-03     -0.24210166E-03     -0.44370132E-03
    3104     -0.15851908E-03     -0.15967571E-03     -0.24213790E-03     -0.44370132E-03
    3105     -0.15851993E-03     -0.15967571E-03     -0.24219726E-03     -0.44370132E-03
    3106     -0.15852036E-03     -0.15967571E-03     -0.24223778E-03     -0.44370132E-03
    3107     -0.15852090E-03     -0.15967571E-03     -0.24227576E-03     -0.44370132E-03
    3108     -0.15852121E-03     -0.15967571E-03     -0.24231383E-03     -0.44370132E-03
    3109     -0.15852180E-03     -0.15967571E-03     -0.24235400E-03     -0.44370132E-03
    3110     -0.15852229E-03     -0.15967571E-03     -0.24238540E-03     -0.44370132E-03
    3111     -0.15852251E-03     -0.15967571E-03     -0.24243662E-03     -0.44370132E-03
    3112     -0.15852273E-03     -0.15967571E-03     -0.24248814E-03     -0.44370132E-03
    3113     -0.15852291E-03     -0.15967571E-03     -0.24251435E-03     -0.44370132E-03
    3114     -0.15852314E-03     -0.15967571E-03     -0.24253209E-03     -0.44370132E-03
    3115     -0.15852346E-03     -0.15967571E-03     -0.24256035E-03     -0.44370132E-03
    3116     -0.15852389E-03     -0.15967571E-03     -0.24259447E-03     -0.44370132E-03
    3117     -0.15852422E-03     -0.15967571E-03     -0.24261891E-03     -0.44370132E-03
    3118     -0.15852462E-03     -0.15967571E-03     -0.24265359E-03     -0.44370132E-03
    3119     -0.15852511E-03     -0.15967571E-03     -0.24271559E-03     -0.44370132E-03
    3120     -0.15852556E-03     -0.15967571E-03     -0.24277770E-03     -0.44370132E-03
    3121     -0.15852603E-03     -0.15967571E-03     -0.24281100E-03     -0.44370132E-03
    3122     -0.15852648E-03     -0.15967571E-03     -0.24286659E-03     -0.44370132E-03
    3123     -0.15852691E-03     -0.15967571E-03     -0.24294349E-03     -0.44370132E-03
    3124     -0.15852725E-03     -0.15967571E-03     -0.24301234E-03     -0.44370132E-03
    3125     -0.15852761E-03     -0.15967571E-03     -0.24307982E-03     -0.44370132E-03
    3126     -0.15852795E-03     -0.15967571E-03     -0.24312146E-03     -0.44370132E-03
    3127     -0.15852879E-03     -0.15967571E-03     -0.24318397E-03     -0.44370132E-03
    3128     -0.15852965E-03     -0.15967571E-03     -0.24324995E-03     -0.44370132E-03
    3129     -0.15853006E-03     -0.15967571E-03     -0.24327487E-03     -0.44370132E-03
    3130     -0.15853046E-03     -0.15967571E-03     -0.24330360E-03     -0.44370132E-03
    3131     -0.15853090E-03     -0.15967571E-03     -0.24333948E-03     -0.44370132E-03
    3132     -0.15853148E-03     -0.15967571E-03     -0.24338531E-03     -0.44370132E-03
    3133     -0.15853219E-03     -0.15967571E-03     -0.24352583E-03     -0.44370132E-03
    3134     -0.15853245E-03     -0.15967571E-03     -0.24355246E-03     -0.44370132E-03
    3135     -0.15853274E-03     -0.15967571E-03     -0.24358557E-03     -0.44370132E-03
    3136     -0.15853315E-03     -0.15967571E-03     -0.24362210E-03     -0.44370132E-03
    3137     -0.15853347E-03     -0.15967571E-03     -0.24365019E-03     -0.44370132E-03
    3138     -0.15853383E-03     -0.15967571E-03     -0.24367643E-03     -0.44370132E-03
    3139     -0.15853430E-03     -0.15967571E-03     -0.24371124E-03     -0.44370132E-03
    3140     -0.15853463E-03     -0.15967571E-03     -0.24374427E-03     -0.44370132E-03
    3141     -0.15853488E-03     -0.15967571E-03     -0.24378437E-03     -0.44370132E-03
    3142     -0.15853556E-03     -0.15967571E-03     -0.24392696E-03     -0.44370132E-03
    3143     -0.15853606E-03     -0.15967571E-03     -0.24398317E-03     -0.44370132E-03
    3144     -0.15853657E-03     -0.15967571E-03     -0.24403995E-03     -0.44370132E-03
    3145     -0.15853717E-03     -0.15967571E-03     -0.24409219E-03     -0.44370132E-03
    3146     -0.15853760E-03     -0.15967571E-03     -0.24412364E-03     -0.44370132E-03
    3147     -0.15853815E-03     -0.15967571E-03     -0.24417540E-03     -0.44370132E-03
    3148     -0.15853856E-03     -0.15967571E-03     -0.24420604E-03     -0.44370132E-03
    3149     -0.15853896E-03     -0.15967571E-03     -0.24427925E-03     -0.44370132E-03
    3150     -0.15853943E-03     -0.15967571E-03     -0.24436235E-03     -0.44370132E-03
    3151     -0.15853967E-03     -0.15967571E-03     -0.24440041E-03     -0.44370132E-03
    3152     -0.15853994E-03     -0.15967571E-03     -0.24444282E-03     -0.44370132E-03
    3153     -0.15854032E-03     -0.15967571E-03     -0.24449020E-03     -0.44370132E-03
    3154     -0.15854071E-03     -0.15967571E-03     -0.24452549E-03     -0.44370132E-03
    3155     -0.15854110E-03     -0.15967571E-03     -0.24456170E-03     -0.44370132E-03
    3156     -0.15854156E-03     -0.15967571E-03     -0.24461992E-03     -0.44370132E-03
    3157     -0.15854241E-03     -0.15967571E-03     -0.24472203E-03     -0.44370132E-03
    3158     -0.15854377E-03     -0.15967571E-03     -0.24484716E-03     -0.44370132E-03
    3159     -0.15854465E-03     -0.15967571E-03     -0.24492200E-03     -0.44370132E-03
    3160     -0.15854504E-03     -0.15967571E-03     -0.24495427E-03     -0.44370132E-03
    3161     -0.15854552E-03     -0.15967571E-03     -0.24499310E-03     -0.44370132E-03
    3162     -0.15854617E-03     -0.15967571E-03     -0.24504437E-03     -0.44370132E-03
    3163     -0.15854667E-03     -0.15967571E-03     -0.24513322E-03     -0.44370132E-03
    3164     -0.15854705E-03     -0.15967571E-03     -0.24517053E-03     -0.44370132E-03
    3165     -0.15854748E-03     -0.15967571E-03     -0.24521611E-03     -0.44370132E-03
    3166     -0.15854782E-03     -0.15967571E-03     -0.24526396E-03     -0.44370132E-03
    3167     -0.15854826E-03     -0.15967571E-03     -0.24534008E-03     -0.44370132E-03
    3168     -0.15854871E-03     -0.15967571E-03     -0.24538494E-03     -0.44370132E-03
    3169     -0.15854904E-03     -0.15967571E-03     -0.24544132E-03     -0.44370132E-03
    3170     -0.15854934E-03     -0.15967571E-03     -0.24549014E-03     -0.44370132E-03
    3171     -0.15854965E-03     -0.15967571E-03     -0.24553643E-03     -0.44370132E-03
    3172     -0.15854997E-03     -0.15967571E-03     -0.24557838E-03     -0.44370132E-03
    3173     -0.15855034E-03     -0.15967571E-03     -0.24562630E-03     -0.44370132E-03
    3174     -0.15855082E-03     -0.15967571E-03     -0.24571693E-03     -0.44370132E-03
    3175     -0.15855128E-03     -0.15967571E-03     -0.24576973E-03     -0.44370132E-03
    3176     -0.15855165E-03     -0.15967571E-03     -0.24581306E-03     -0.44370132E-03
    3177     -0.15855202E-03     -0.15967571E-03     -0.24584961E-03     -0.44370132E-03
    3178     -0.15855239E-03     -0.15967571E-03     -0.24588597E-03     -0.44370132E-03
    3179     -0.15855280E-03     -0.15967571E-03     -0.24592610E-03     -0.44370132E-03
    3180     -0.15855329E-03     -0.15967571E-03     -0.24597321E-03     -0.44370132E-03
    3181     -0.15855369E-03     -0.15967571E-03     -0.24601910E-03     -0.44370132E-03
    3182     -0.15855422E-03     -0.15967571E-03     -0.24607612E-03     -0.44370132E-03
    3183     -0.15855479E-03     -0.15967571E-03     -0.24612925E-03     -0.44370132E-03
    3184     -0.15855508E-03     -0.15967571E-03     -0.24616294E-03     -0.44370132E-03
    3185     -0.15855558E-03     -0.15967571E-03     -0.24621245E-03     -0.44370132E-03
    3186     -0.15855614E-03     -0.15967571E-03     -0.24626553E-03     -0.44370132E-03
    3187     -0.15855673E-03     -0.15967571E-03     -0.24631728E-03     -0.44370132E-03
    3188     -0.15855732E-03     -0.15967571E-03     -0.24636994E-03     -0.44370132E-03
    3189     -0.15855767E-03     -0.15967571E-03     -0.24641998E-03     -0.44370132E-03
    3190     -0.15855799E-03     -0.15967571E-03     -0.24645527E-03     -0.44370132E-03
    3191     -0.15855858E-03     -0.15967571E-03     -0.24657018E-03     -0.44370132E-03
    3192     -0.15855893E-03     -0.15967571E-03     -0.24661644E-03     -0.44370132E-03
    3193     -0.15855936E-03     -0.15967571E-03     -0.24665547E-03     -0.44370132E-03
    3194     -0.15855979E-03     -0.15967571E-03     -0.24669472E-03     -0.44370132E-03
    3195     -0.15856014E-03     -0.15967571E-03     -0.24674966E-03     -0.44370132E-03
    3196     -0.15856047E-03     -0.15967571E-03     -0.24680593E-03     -0.44370132E-03
    3197     -0.15856087E-03     -0.15967571E-03     -0.24685085E-03     -0.44370132E-03
    3198     -0.15856130E-03     -0.15967571E-03     -0.24690257E-03     -0.44370132E-03
    3199     -0.15856167E-03     -0.15967571E-03     -0.24693846E-03     -0.44370132E-03
    3200     -0.15856205E-03     -0.15967571E-03     -0.24698072E-03     -0.44370132E-03
    3201     -0.15856232E-03     -0.15967571E-03     -0.24702775E-03     -0.44370132E-03
    3202     -0.15856260E-03     -0.15967571E-03     -0.24705371E-03     -0.44370132E-03
    3203     -0.15856303E-03     -0.15967571E-03     -0.24709813E-03     -0.44370132E-03
    3204     -0.15856339E-03     -0.15967571E-03     -0.24713891E-03     -0.44370132E-03
    3205     -0.15856384E-03     -0.15967571E-03     -0.24720192E-03     -0.44370132E-03
    3206     -0.15856428E-03     -0.15967571E-03     -0.24722967E-03     -0.44370132E-03
    3207     -0.15856468E-03     -0.15967571E-03     -0.24725843E-03     -0.44370132E-03
    3208     -0.15856513E-03     -0.15967571E-03     -0.24728604E-03     -0.44370132E-03
    3209     -0.15856554E-03     -0.15967571E-03     -0.24734943E-03     -0.44370132E-03
    3210     -0.15856596E-03     -0.15967571E-03     -0.24741360E-03     -0.44370132E-03
    3211     -0.15856624E-03     -0.15967571E-03     -0.24744442E-03     -0.44370132E-03
    3212     -0.15856652E-03     -0.15967571E-03     -0.24747644E-03     -0.44370132E-03
    3213     -0.15856767E-03     -0.15967571E-03     -0.24756783E-03     -0.44370132E-03
    3214     -0.15856894E-03     -0.15967571E-03     -0.24766298E-03     -0.44370132E-03
    3215     -0.15856939E-03     -0.15967571E-03     -0.24770597E-03     -0.44370132E-03
    3216     -0.15856979E-03     -0.15967571E-03     -0.24774040E-03     -0.44370132E-03
    3217     -0.15857034E-03     -0.15967571E-03     -0.24778585E-03     -0.44370132E-03
    3218     -0.15857085E-03     -0.15967571E-03     -0.24783576E-03     -0.44370132E-03
    3219     -0.15857140E-03     -0.15967571E-03     -0.24789225E-03     -0.44370132E-03
    3220     -0.15857194E-03     -0.15967571E-03     -0.24793670E-03     -0.44370132E-03
    3221     -0.15857224E-03     -0.15967571E-03     -0.24798596E-03     -0.44370132E-03
    3222     -0.15857255E-03     -0.15967571E-03     -0.24803884E-03     -0.44370132E-03
    3223     -0.15857289E-03     -0.15967571E-03     -0.24807891E-03     -0.44370132E-03
    3224     -0.15857332E-03     -0.15967571E-03     -0.24812959E-03     -0.44370132E-03
    3225     -0.15857379E-03     -0.15967571E-03     -0.24817896E-03     -0.44370132E-03
    3226     -0.15857422E-03     -0.15967571E-03     -0.24822869E-03     -0.44370132E-03
    3227     -0.15857454E-03     -0.15967571E-03     -0.24828181E-03     -0.44370132E-03
    3228     -0.15857501E-03     -0.15967571E-03     -0.24837771E-03     -0.44370132E-03
    3229     -0.15857539E-03     -0.15967571E-03     -0.24841226E-03     -0.44370132E-03
    3230     -0.15857587E-03     -0.15967571E-03     -0.24844271E-03     -0.44370132E-03
    3231     -0.15857621E-03     -0.15967571E-03     -0.24849042E-03     -0.44370132E-03
    3232     -0.15857665E-03     -0.15967571E-03     -0.24854555E-03     -0.44370132E-03
    3233     -0.15857711E-03     -0.15967571E-03     -0.24860073E-03     -0.44370132E-03
    3234     -0.15857747E-03     -0.15967571E-03     -0.24862807E-03     -0.44370132E-03
    3235     -0.15857777E-03     -0.15967571E-03     -0.24865363E-03     -0.44370132E-03
    3236     -0.15857864E-03     -0.15967571E-03     -0.24871900E-03     -0.44370132E-03
    3237     -0.15857957E-03     -0.15967571E-03     -0.24878608E-03     -0.44370132E-03
    3238     -0.15857981E-03     -0.15967571E-03     -0.24882087E-03     -0.44370132E-03
    3239     -0.15858001E-03     -0.15967571E-03     -0.24885035E-03     -0.44370132E-03
    3240     -0.15858037E-03     -0.15967571E-03     -0.24888963E-03     -0.44370132E-03
    3241     -0.15858074E-03     -0.15967571E-03     -0.24897283E-03     -0.44370132E-03
    3242     -0.15858112E-03     -0.15967571E-03     -0.24905480E-03     -0.44370132E-03
    3243     -0.15858163E-03     -0.15967571E-03     -0.24909958E-03     -0.44370132E-03
    3244     -0.15858212E-03     -0.15967571E-03     -0.24914400E-03     -0.44370132E-03
    3245     -0.15858250E-03     -0.15967571E-03     -0.24917469E-03     -0.44370132E-03
    3246     -0.15858277E-03     -0.15967571E-03     -0.24919671E-03     -0.44370132E-03
    3247     -0.15858307E-03     -0.15967571E-03     -0.24923355E-03     -0.44370132E-03
    3248     -0.15858339E-03     -0.15967571E-03     -0.24927606E-03     -0.44370132E-03
    3249     -0.15858370E-03     -0.15967571E-03     -0.24934974E-03     -0.44370132E-03
    3250     -0.15858393E-03     -0.15967571E-03     -0.24939214E-03     -0.44370132E-03
    3251     -0.15858436E-03     -0.15967571E-03     -0.24942397E-03     -0.44370132E-03
    3252     -0.15858475E-03     -0.15967571E-03     -0.24945735E-03     -0.44370132E-03
    3253     -0.15858511E-03     -0.15967571E-03     -0.24950008E-03     -0.44370132E-03
    3254     -0.15858544E-03     -0.15967571E-03     -0.24953068E-03     -0.44370132E-03
    3255     -0.15858565E-03     -0.15967571E-03     -0.24957895E-03     -0.44370132E-03
    3256     -0.15858586E-03     -0.15967571E-03     -0.24961612E-03     -0.44370132E-03
    3257     -0.15858614E-03     -0.15967571E-03     -0.24964892E-03     -0.44370132E-03
    3258     -0.15858640E-03     -0.15967571E-03     -0.24968170E-03     -0.44370132E-03
    3259     -0.15858660E-03     -0.15967571E-03     -0.24971337E-03     -0.44370132E-03
    3260     -0.15858722E-03     -0.15967571E-03     -0.24976793E-03     -0.44370132E-03
    3261     -0.15858769E-03     -0.15967571E-03     -0.24984331E-03     -0.44370132E-03
    3262     -0.15858807E-03     -0.15967571E-03     -0.24989641E-03     -0.44370132E-03
    3263     -0.15858866E-03     -0.15967571E-03     -0.24994103E-03     -0.44370132E-03
    3264     -0.15858969E-03     -0.15967571E-03     -0.25001405E-03     -0.44370132E-03
    3265     -0.15858997E-03     -0.15967571E-03     -0.25005617E-03     -0.44370132E-03
    3266     -0.15859023E-03     -0.15967571E-03     -0.25010078E-03     -0.44370132E-03
    3267     -0.15859060E-03     -0.15967571E-03     -0.25013929E-03     -0.44370132E-03
    3268     -0.15859093E-03     -0.15967571E-03     -0.25020101E-03     -0.44370132E-03
    3269     -0.15859148E-03     -0.15967571E-03     -0.25025337E-03     -0.44370132E-03
    3270     -0.15859186E-03     -0.15967571E-03     -0.25028750E-03     -0.44370132E-03
    3271     -0.15859249E-03     -0.15967571E-03     -0.25036194E-03     -0.44370132E-03
    3272     -0.15859279E-03     -0.15967571E-03     -0.25041493E-03     -0.44370132E-03
    3273     -0.15859316E-03     -0.15967571E-03     -0.25046639E-03     -0.44370132E-03
    3274     -0.15859349E-03     -0.15967571E-03     -0.25051058E-03     -0.44370132E-03
    3275     -0.15859450E-03     -0.15967571E-03     -0.25058115E-03     -0.44370132E-03
    3276     -0.15859483E-03     -0.15967571E-03     -0.25061988E-03     -0.44370132E-03
    3277     -0.15859610E-03     -0.15967571E-03     -0.25072644E-03     -0.44370132E-03
    3278     -0.15859658E-03     -0.15967571E-03     -0.25078666E-03     -0.44370132E-03
    3279     -0.15859763E-03     -0.15967571E-03     -0.25098795E-03     -0.44370132E-03
    3280     -0.15859876E-03     -0.15967571E-03     -0.25120271E-03     -0.44370132E-03
    3281     -0.15859916E-03     -0.15967571E-03     -0.25125006E-03     -0.44370132E-03
    3282     -0.15859986E-03     -0.15967571E-03     -0.25136256E-03     -0.44370132E-03
    3283     -0.15860028E-03     -0.15967571E-03     -0.25140974E-03     -0.44370132E-03
    3284     -0.15860159E-03     -0.15967571E-03     -0.25150055E-03     -0.44370132E-03
    3285     -0.15860219E-03     -0.15967571E-03     -0.25159175E-03     -0.44370132E-03
    3286     -0.15860268E-03     -0.15967571E-03     -0.25170699E-03     -0.44370132E-03
    3287     -0.15860328E-03     -0.15967571E-03     -0.25176183E-03     -0.44370132E-03
    3288     -0.15860387E-03     -0.15967571E-03     -0.25183904E-03     -0.44370132E-03
    3289     -0.15860456E-03     -0.15967571E-03     -0.25189876E-03     -0.44370132E-03
    3290     -0.15860507E-03     -0.15967571E-03     -0.25194367E-03     -0.44370132E-03
    3291     -0.15860586E-03     -0.15967571E-03     -0.25201377E-03     -0.44370132E-03
    3292     -0.15860607E-03     -0.15967571E-03     -0.25205660E-03     -0.44370132E-03
    3293     -0.15860656E-03     -0.15967571E-03     -0.25210973E-03     -0.44370132E-03
    3294     -0.15860697E-03     -0.15967571E-03     -0.25214945E-03     -0.44370132E-03
    3295     -0.15860730E-03     -0.15967571E-03     -0.25219129E-03     -0.44370132E-03
    3296     -0.15860754E-03     -0.15967571E-03     -0.25222811E-03     -0.44370132E-03
    3297     -0.15860801E-03     -0.15967571E-03     -0.25228791E-03     -0.44370132E-03
    3298     -0.15860835E-03     -0.15967571E-03     -0.25231910E-03     -0.44370132E-03
    3299     -0.15860869E-03     -0.15967571E-03     -0.25236457E-03     -0.44370132E-03
    3300     -0.15860886E-03     -0.15967571E-03     -0.25238914E-03     -0.44370132E-03
    3301     -0.15860916E-03     -0.15967571E-03     -0.25241756E-03     -0.44370132E-03
    3302     -0.15860944E-03     -0.15967571E-03     -0.25244662E-03     -0.44370132E-03
    3303     -0.15860993E-03     -0.15967571E-03     -0.25248911E-03     -0.44370132E-03
    3304     -0.15861041E-03     -0.15967571E-03     -0.25255620E-03     -0.44370132E-03
    3305     -0.15861077E-03     -0.15967571E-03     -0.25258905E-03     -0.44370132E-03
    3306     -0.15861106E-03     -0.15967571E-03     -0.25262340E-03     -0.44370132E-03
    3307     -0.15861141E-03     -0.15967571E-03     -0.25266784E-03     -0.44370132E-03
    3308     -0.15861168E-03     -0.15967571E-03     -0.25270192E-03     -0.44370132E-03
    3309     -0.15861189E-03     -0.15967571E-03     -0.25274344E-03     -0.44370132E-03
    3310     -0.15861214E-03     -0.15967571E-03     -0.25278987E-03     -0.44370132E-03
    3311     -0.15861263E-03     -0.15967571E-03     -0.25282614E-03     -0.44370132E-03
    3312     -0.15861309E-03     -0.15967571E-03     -0.25286330E-03     -0.44370132E-03
    3313     -0.15861355E-03     -0.15967571E-03     -0.25289760E-03     -0.44370132E-03
    3314     -0.15861400E-03     -0.15967571E-03     -0.25292928E-03     -0.44370132E-03
    3315     -0.15861415E-03     -0.15967571E-03     -0.25295056E-03     -0.44370132E-03
    3316     -0.15861425E-03     -0.15967571E-03     -0.25297692E-03     -0.44370132E-03
    3317     -0.15861449E-03     -0.15967571E-03     -0.25300109E-03     -0.44370132E-03
    3318     -0.15861476E-03     -0.15967571E-03     -0.25302271E-03     -0.44370132E-03
    3319     -0.15861499E-03     -0.15967571E-03     -0.25305820E-03     -0.44370132E-03
    3320     -0.15861529E-03     -0.15967571E-03     -0.25310389E-03     -0.44370132E-03
    3321     -0.15861566E-03     -0.15967571E-03     -0.25313537E-03     -0.44370132E-03
    3322     -0.15861606E-03     -0.15967571E-03     -0.25318172E-03     -0.44370132E-03
    3323     -0.15861631E-03     -0.15967571E-03     -0.25321110E-03     -0.44370132E-03
    3324     -0.15861652E-03     -0.15967571E-03     -0.25325052E-03     -0.44370132E-03
    3325     -0.15861691E-03     -0.15967571E-03     -0.25328235E-03     -0.44370132E-03
    3326     -0.15861735E-03     -0.15967571E-03     -0.25331951E-03     -0.44370132E-03
    3327     -0.15861776E-03     -0.15967571E-03     -0.25334758E-03     -0.44370132E-03
    3328     -0.15861810E-03     -0.15967571E-03     -0.25337278E-03     -0.44370132E-03
    3329     -0.15861833E-03     -0.15967571E-03     -0.25340490E-03     -0.44370132E-03
    3330     -0.15861853E-03     -0.15967571E-03     -0.25342830E-03     -0.44370132E-03
    3331     -0.15861871E-03     -0.15967571E-03     -0.25345255E-03     -0.44370132E-03
    3332     -0.15861887E-03     -0.15967571E-03     -0.25347493E-03     -0.44370132E-03
    3333     -0.15861904E-03     -0.15967571E-03     -0.25350963E-03     -0.44370132E-03
    3334     -0.15861919E-03     -0.15967571E-03     -0.25354106E-03     -0.44370132E-03
    3335     -0.15861970E-03     -0.15967571E-03     -0.25359040E-03     -0.44370132E-03
    3336     -0.15862005E-03     -0.15967571E-03     -0.25363237E-03     -0.44370132E-03
    3337     -0.15862038E-03     -0.15967571E-03     -0.25367076E-03     -0.44370132E-03
    3338     -0.15862054E-03     -0.15967571E-03     -0.25370449E-03     -0.44370132E-03
    3339     -0.15862068E-03     -0.15967571E-03     -0.25373115E-03     -0.44370132E-03
    3340     -0.15862082E-03     -0.15967571E-03     -0.25375706E-03     -0.44370132E-03
    3341     -0.15862132E-03     -0.15967571E-03     -0.25380177E-03     -0.44370132E-03
    3342     -0.15862191E-03     -0.15967571E-03     -0.25385265E-03     -0.44370132E-03
    3343     -0.15862215E-03     -0.15967571E-03     -0.25389442E-03     -0.44370132E-03
    3344     -0.15862235E-03     -0.15967571E-03     -0.25392486E-03     -0.44370132E-03
    3345     -0.15862282E-03     -0.15967571E-03     -0.25397292E-03     -0.44370132E-03
    3346     -0.15862320E-03     -0.15967571E-03     -0.25402181E-03     -0.44370132E-03
    3347     -0.15862350E-03     -0.15967571E-03     -0.25407826E-03     -0.44370132E-03
    3348     -0.15862385E-03     -0.15967571E-03     -0.25413456E-03     -0.44370132E-03
    3349     -0.15862429E-03     -0.15967571E-03     -0.25417742E-03     -0.44370132E-03
    3350     -0.15862452E-03     -0.15967571E-03     -0.25421497E-03     -0.44370132E-03
    3351     -0.15862475E-03     -0.15967571E-03     -0.25426319E-03     -0.44370132E-03
    3352     -0.15862498E-03     -0.15967571E-03     -0.25430866E-03     -0.44370132E-03
    3353     -0.15862517E-03     -0.15967571E-03     -0.25433675E-03     -0.44370132E-03
    3354     -0.15862554E-03     -0.15967571E-03     -0.25438382E-03     -0.44370132E-03
    3355     -0.15862573E-03     -0.15967571E-03     -0.25441559E-03     -0.44370132E-03
    3356     -0.15862604E-03     -0.15967571E-03     -0.25445329E-03     -0.44370132E-03
    3357     -0.15862634E-03     -0.15967571E-03     -0.25448797E-03     -0.44370132E-03
    3358     -0.15862666E-03     -0.15967571E-03     -0.25451967E-03     -0.44370132E-03
    3359     -0.15862704E-03     -0.15967571E-03     -0.25455724E-03     -0.44370132E-03
    3360     -0.15862742E-03     -0.15967571E-03     -0.25459728E-03     -0.44370132E-03
    3361     -0.15862776E-03     -0.15967571E-03     -0.25463765E-03     -0.44370132E-03
    3362     -0.15862828E-03     -0.15967571E-03     -0.25468169E-03     -0.44370132E-03
    3363     -0.15862890E-03     -0.15967571E-03     -0.25473606E-03     -0.44370132E-03
    3364     -0.15862921E-03     -0.15967571E-03     -0.25477082E-03     -0.44370132E-03
    3365     -0.15862944E-03     -0.15967571E-03     -0.25480595E-03     -0.44370132E-03
    3366     -0.15862974E-03     -0.15967571E-03     -0.25484388E-03     -0.44370132E-03
    3367     -0.15863005E-03     -0.15967571E-03     -0.25487899E-03     -0.44370132E-03
    3368     -0.15863031E-03     -0.15967571E-03     -0.25490444E-03     -0.44370132E-03
    3369     -0.15863073E-03     -0.15967571E-03     -0.25494305E-03     -0.44370132E-03
    3370     -0.15863105E-03     -0.15967571E-03     -0.25498574E-03     -0.44370132E-03
    3371     -0.15863128E-03     -0.15967571E-03     -0.25503598E-03     -0.44370132E-03
    3372     -0.15863150E-03     -0.15967571E-03     -0.25507584E-03     -0.44370132E-03
    3373     -0.15863169E-03     -0.15967571E-03     -0.25510621E-03     -0.44370132E-03
    3374     -0.15863192E-03     -0.15967571E-03     -0.25514134E-03     -0.44370132E-03
    3375     -0.15863223E-03     -0.15967571E-03     -0.25518782E-03     -0.44370132E-03
    3376     -0.15863254E-03     -0.15967571E-03     -0.25523595E-03     -0.44370132E-03
    3377     -0.15863284E-03     -0.15967571E-03     -0.25530854E-03     -0.44370132E-03
    3378     -0.15863316E-03     -0.15967571E-03     -0.25536911E-03     -0.44370132E-03
    3379     -0.15863345E-03     -0.15967571E-03     -0.25540599E-03     -0.44370132E-03
    3380     -0.15863370E-03     -0.15967571E-03     -0.25543883E-03     -0.44370132E-03
    3381     -0.15863446E-03     -0.15967571E-03     -0.25552902E-03     -0.44370132E-03
    3382     -0.15863484E-03     -0.15967571E-03     -0.25558502E-03     -0.44370132E-03
    3383     -0.15863556E-03     -0.15967571E-03     -0.25564211E-03     -0.44370132E-03
    3384     -0.15863594E-03     -0.15967571E-03     -0.25569839E-03     -0.44370132E-03
    3385     -0.15863628E-03     -0.15967571E-03     -0.25574817E-03     -0.44370132E-03
    3386     -0.15863663E-03     -0.15967571E-03     -0.25580024E-03     -0.44370132E-03
    3387     -0.15863696E-03     -0.15967571E-03     -0.25582659E-03     -0.44370132E-03
    3388     -0.15863724E-03     -0.15967571E-03     -0.25586766E-03     -0.44370132E-03
    3389     -0.15863751E-03     -0.15967571E-03     -0.25590169E-03     -0.44370132E-03
    3390     -0.15863777E-03     -0.15967571E-03     -0.25593696E-03     -0.44370132E-03
    3391     -0.15863794E-03     -0.15967571E-03     -0.25595799E-03     -0.44370132E-03
    3392     -0.15863814E-03     -0.15967571E-03     -0.25599292E-03     -0.44370132E-03
    3393     -0.15863846E-03     -0.15967571E-03     -0.25603151E-03     -0.44370132E-03
    3394     -0.15863895E-03     -0.15967571E-03     -0.25607781E-03     -0.44370132E-03
    3395     -0.15863950E-03     -0.15967571E-03     -0.25612289E-03     -0.44370132E-03
    3396     -0.15863986E-03     -0.15967571E-03     -0.25615267E-03     -0.44370132E-03
    3397     -0.15864019E-03     -0.15967571E-03     -0.25619730E-03     -0.44370132E-03
    3398     -0.15864058E-03     -0.15967571E-03     -0.25623686E-03     -0.44370132E-03
    3399     -0.15864087E-03     -0.15967571E-03     -0.25626043E-03     -0.44370132E-03
    3400     -0.15864110E-03     -0.15967571E-03     -0.25629401E-03     -0.44370132E-03
    3401     -0.15864155E-03     -0.15967571E-03     -0.25635385E-03     -0.44370132E-03
    3402     -0.15864195E-03     -0.15967571E-03     -0.25638738E-03     -0.44370132E-03
    3403     -0.15864231E-03     -0.15967571E-03     -0.25641707E-03     -0.44370132E-03
    3404     -0.15864274E-03     -0.15967571E-03     -0.25647175E-03     -0.44370132E-03
    3405     -0.15864306E-03     -0.15967571E-03     -0.25650954E-03     -0.44370132E-03
    3406     -0.15864336E-03     -0.15967571E-03     -0.25654918E-03     -0.44370132E-03
    3407     -0.15864372E-03     -0.15967571E-03     -0.25659251E-03     -0.44370132E-03
    3408     -0.15864407E-03     -0.15967571E-03     -0.25664808E-03     -0.44370132E-03
    3409     -0.15864432E-03     -0.15967571E-03     -0.25668446E-03     -0.44370132E-03
    3410     -0.15864454E-03     -0.15967571E-03     -0.25673267E-03     -0.44370132E-03
    3411     -0.15864481E-03     -0.15967571E-03     -0.25676372E-03     -0.44370132E-03
    3412     -0.15864514E-03     -0.15967571E-03     -0.25679859E-03     -0.44370132E-03
    3413     -0.15864527E-03     -0.15967571E-03     -0.25683247E-03     -0.44370132E-03
    3414     -0.15864546E-03     -0.15967571E-03     -0.25685627E-03     -0.44370132E-03
    3415     -0.15864576E-03     -0.15967571E-03     -0.25688623E-03     -0.44370132E-03
    3416     -0.15864602E-03     -0.15967571E-03     -0.25692277E-03     -0.44370132E-03
    3417     -0.15864634E-03     -0.15967571E-03     -0.25695026E-03     -0.44370132E-03
    3418     -0.15864672E-03     -0.15967571E-03     -0.25698818E-03     -0.44370132E-03
    3419     -0.15864698E-03     -0.15967571E-03     -0.25701152E-03     -0.44370132E-03
    3420     -0.15864740E-03     -0.15967571E-03     -0.25705574E-03     -0.44370132E-03
    3421     -0.15864771E-03     -0.15967571E-03     -0.25708507E-03     -0.44370132E-03
    3422     -0.15864793E-03     -0.15967571E-03     -0.25711093E-03     -0.44370132E-03
    3423     -0.15864828E-03     -0.15967571E-03     -0.25714302E-03     -0.44370132E-03
    3424     -0.15864864E-03     -0.15967571E-03     -0.25717878E-03     -0.44370132E-03
    3425     -0.15864880E-03     -0.15967571E-03     -0.25721788E-03     -0.44370132E-03
    3426     -0.15864905E-03     -0.15967571E-03     -0.25725824E-03     -0.44370132E-03
    3427     -0.15864937E-03     -0.15967571E-03     -0.25729544E-03     -0.44370132E-03
    3428     -0.15864964E-03     -0.15967571E-03     -0.25732492E-03     -0.44370132E-03
    3429     -0.15864995E-03     -0.15967571E-03     -0.25736185E-03     -0.44370132E-03
    3430     -0.15865023E-03     -0.15967571E-03     -0.25740481E-03     -0.44370132E-03
    3431     -0.15865055E-03     -0.15967571E-03     -0.25745150E-03     -0.44370132E-03
    3432     -0.15865088E-03     -0.15967571E-03     -0.25750743E-03     -0.44370132E-03
    3433     -0.15865128E-03     -0.15967571E-03     -0.25755734E-03     -0.44370132E-03
    3434     -0.15865171E-03     -0.15967571E-03     -0.25760220E-03     -0.44370132E-03
    3435     -0.15865220E-03     -0.15967571E-03     -0.25765164E-03     -0.44370132E-03
    3436     -0.15865272E-03     -0.15967571E-03     -0.25770407E-03     -0.44370132E-03
    3437     -0.15865309E-03     -0.15967571E-03     -0.25774446E-03     -0.44370132E-03
    3438     -0.15865343E-03     -0.15967571E-03     -0.25777857E-03     -0.44370132E-03
    3439     -0.15865387E-03     -0.15967571E-03     -0.25782257E-03     -0.44370132E-03
    3440     -0.15865435E-03     -0.15967571E-03     -0.25787617E-03     -0.44370132E-03
    3441     -0.15865463E-03     -0.15967571E-03     -0.25791339E-03     -0.44370132E-03
    3442     -0.15865489E-03     -0.15967571E-03     -0.25795160E-03     -0.44370132E-03
    3443     -0.15865542E-03     -0.15967571E-03     -0.25799591E-03     -0.44370132E-03
    3444     -0.15865577E-03     -0.15967571E-03     -0.25802866E-03     -0.44370132E-03
    3445     -0.15865614E-03     -0.15967571E-03     -0.25807925E-03     -0.44370132E-03
    3446     -0.15865661E-03     -0.15967571E-03     -0.25812858E-03     -0.44370132E-03
    3447     -0.15865696E-03     -0.15967571E-03     -0.25817044E-03     -0.44370132E-03
    3448     -0.15865716E-03     -0.15967571E-03     -0.25821315E-03     -0.44370132E-03
    3449     -0.15865734E-03     -0.15967571E-03     -0.25825064E-03     -0.44370132E-03
    3450     -0.15865768E-03     -0.15967571E-03     -0.25828777E-03     -0.44370132E-03
    3451     -0.15865794E-03     -0.15967571E-03     -0.25832987E-03     -0.44370132E-03
    3452     -0.15865822E-03     -0.15967571E-03     -0.25837076E-03     -0.44370132E-03
    3453     -0.15865856E-03     -0.15967571E-03     -0.25840164E-03     -0.44370132E-03
    3454     -0.15865897E-03     -0.15967571E-03     -0.25843773E-03     -0.44370132E-03
    3455     -0.15865923E-03     -0.15967571E-03     -0.25848695E-03     -0.44370132E-03
    3456     -0.15865950E-03     -0.15967571E-03     -0.25853308E-03     -0.44370132E-03
    3457     -0.15865979E-03     -0.15967571E-03     -0.25857706E-03     -0.44370132E-03
    3458     -0.15866017E-03     -0.15967571E-03     -0.25862079E-03     -0.44370132E-03
    3459     -0.15866043E-03     -0.15967571E-03     -0.25865299E-03     -0.44370132E-03
    3460     -0.15866069E-03     -0.15967571E-03     -0.25868535E-03     -0.44370132E-03
    3461     -0.15866112E-03     -0.15967571E-03     -0.25872304E-03     -0.44370132E-03
    3462     -0.15866142E-03     -0.15967571E-03     -0.25875339E-03     -0.44370132E-03
    3463     -0.15866179E-03     -0.15967571E-03     -0.25879105E-03     -0.44370132E-03
    3464     -0.15866211E-03     -0.15967571E-03     -0.25883159E-03     -0.44370132E-03
    3465     -0.15866241E-03     -0.15967571E-03     -0.25889200E-03     -0.44370132E-03
    3466     -0.15866274E-03     -0.15967571E-03     -0.25894887E-03     -0.44370132E-03
    3467     -0.15866357E-03     -0.15967571E-03     -0.25903170E-03     -0.44370132E-03
    3468     -0.15866435E-03     -0.15967571E-03     -0.25911170E-03     -0.44370132E-03
    3469     -0.15866490E-03     -0.15967571E-03     -0.25915044E-03     -0.44370132E-03
    3470     -0.15866543E-03     -0.15967571E-03     -0.25919190E-03     -0.44370132E-03
    3471     -0.15866595E-03     -0.15967571E-03     -0.25925134E-03     -0.44370132E-03
    3472     -0.15866638E-03     -0.15967571E-03     -0.25931416E-03     -0.44370132E-03
    3473     -0.15866681E-03     -0.15967571E-03     -0.25936065E-03     -0.44370132E-03
    3474     -0.15866714E-03     -0.15967571E-03     -0.25939888E-03     -0.44370132E-03
    3475     -0.15866776E-03     -0.15967571E-03     -0.25945545E-03     -0.44370132E-03
    3476     -0.15866830E-03     -0.15967571E-03     -0.25950700E-03     -0.44370132E-03
    3477     -0.15866876E-03     -0.15967571E-03     -0.25954914E-03     -0.44370132E-03
    3478     -0.15866926E-03     -0.15967571E-03     -0.25959874E-03     -0.44370132E-03
    3479     -0.15866944E-03     -0.15967571E-03     -0.25964882E-03     -0.44370132E-03
    3480     -0.15866965E-03     -0.15967571E-03     -0.25969495E-03     -0.44370132E-03
    3481     -0.15867013E-03     -0.15967571E-03     -0.25974800E-03     -0.44370132E-03
    3482     -0.15867058E-03     -0.15967571E-03     -0.25979582E-03     -0.44370132E-03
    3483     -0.15867088E-03     -0.15967571E-03     -0.25983245E-03     -0.44370132E-03
    3484     -0.15867120E-03     -0.15967571E-03     -0.25987557E-03     -0.44370132E-03
    3485     -0.15867153E-03     -0.15967571E-03     -0.25990926E-03     -0.44370132E-03
    3486     -0.15867177E-03     -0.15967571E-03     -0.25995206E-03     -0.44370132E-03
    3487     -0.15867213E-03     -0.15967571E-03     -0.25998525E-03     -0.44370132E-03
    3488     -0.15867253E-03     -0.15967571E-03     -0.26002403E-03     -0.44370132E-03
    3489     -0.15867276E-03     -0.15967571E-03     -0.26006475E-03     -0.44370132E-03
    3490     -0.15867290E-03     -0.15967571E-03     -0.26009801E-03     -0.44370132E-03
    3491     -0.15867306E-03     -0.15967571E-03     -0.26013673E-03     -0.44370132E-03
    3492     -0.15867336E-03     -0.15967571E-03     -0.26019151E-03     -0.44370132E-03
    3493     -0.15867374E-03     -0.15967571E-03     -0.26023672E-03     -0.44370132E-03
    3494     -0.15867407E-03     -0.15967571E-03     -0.26027627E-03     -0.44370132E-03
    3495     -0.15867437E-03     -0.15967571E-03     -0.26031269E-03     -0.44370132E-03
    3496     -0.15867468E-03     -0.15967571E-03     -0.26034674E-03     -0.44370132E-03
    3497     -0.15867511E-03     -0.15967571E-03     -0.26039717E-03     -0.44370132E-03
    3498     -0.15867548E-03     -0.15967571E-03     -0.26043792E-03     -0.44370132E-03
    3499     -0.15867576E-03     -0.15967571E-03     -0.26048244E-03     -0.44370132E-03
    3500     -0.15867605E-03     -0.15967571E-03     -0.26053281E-03     -0.44370132E-03
    3501     -0.15867638E-03     -0.15967571E-03     -0.26057260E-03     -0.44370132E-03
    3502     -0.15867677E-03     -0.15967571E-03     -0.26061024E-03     -0.44370132E-03
    3503     -0.15867715E-03     -0.15967571E-03     -0.26065265E-03     -0.44370132E-03
    3504     -0.15867758E-03     -0.15967571E-03     -0.26069830E-03     -0.44370132E-03
    3505     -0.15867795E-03     -0.15967571E-03     -0.26073369E-03     -0.44370132E-03
    3506     -0.15867822E-03     -0.15967571E-03     -0.26077418E-03     -0.44370132E-03
    3507     -0.15867852E-03     -0.15967571E-03     -0.26082175E-03     -0.44370132E-03
    3508     -0.15867876E-03     -0.15967571E-03     -0.26086499E-03     -0.44370132E-03
    3509     -0.15867908E-03     -0.15967571E-03     -0.26091541E-03     -0.44370132E-03
    3510     -0.15867936E-03     -0.15967571E-03     -0.26096087E-03     -0.44370132E-03
    3511     -0.15867967E-03     -0.15967571E-03     -0.26100223E-03     -0.44370132E-03
    3512     -0.15867992E-03     -0.15967571E-03     -0.26103511E-03     -0.44370132E-03
    3513     -0.15868030E-03     -0.15967571E-03     -0.26107572E-03     -0.44370132E-03
    3514     -0.15868066E-03     -0.15967571E-03     -0.26113279E-03     -0.44370132E-03
    3515     -0.15868120E-03     -0.15967571E-03     -0.26120731E-03     -0.44370132E-03
    3516     -0.15868191E-03     -0.15967571E-03     -0.26127056E-03     -0.44370132E-03
    3517     -0.15868219E-03     -0.15967571E-03     -0.26130109E-03     -0.44370132E-03
    3518     -0.15868264E-03     -0.15967571E-03     -0.26134744E-03     -0.44370132E-03
    3519     -0.15868296E-03     -0.15967571E-03     -0.26138502E-03     -0.44370132E-03
    3520     -0.15868327E-03     -0.15967571E-03     -0.26142626E-03     -0.44370132E-03
    3521     -0.15868369E-03     -0.15967571E-03     -0.26154119E-03     -0.44370132E-03
    3522     -0.15868407E-03     -0.15967571E-03     -0.26164312E-03     -0.44370132E-03
    3523     -0.15868445E-03     -0.15967571E-03     -0.26167926E-03     -0.44370132E-03
    3524     -0.15868475E-03     -0.15967571E-03     -0.26171118E-03     -0.44370132E-03
    3525     -0.15868505E-03     -0.15967571E-03     -0.26174691E-03     -0.44370132E-03
    3526     -0.15868542E-03     -0.15967571E-03     -0.26179011E-03     -0.44370132E-03
    3527     -0.15868573E-03     -0.15967571E-03     -0.26183797E-03     -0.44370132E-03
    3528     -0.15868604E-03     -0.15967571E-03     -0.26190100E-03     -0.44370132E-03
    3529     -0.15868651E-03     -0.15967571E-03     -0.26197141E-03     -0.44370132E-03
    3530     -0.15868697E-03     -0.15967571E-03     -0.26202281E-03     -0.44370132E-03
    3531     -0.15868721E-03     -0.15967571E-03     -0.26205325E-03     -0.44370132E-03
    3532     -0.15868759E-03     -0.15967571E-03     -0.26209758E-03     -0.44370132E-03
    3533     -0.15868818E-03     -0.15967571E-03     -0.26215680E-03     -0.44370132E-03
    3534     -0.15868858E-03     -0.15967571E-03     -0.26220819E-03     -0.44370132E-03
    3535     -0.15868898E-03     -0.15967571E-03     -0.26225297E-03     -0.44370132E-03
    3536     -0.15868948E-03     -0.15967571E-03     -0.26229788E-03     -0.44370132E-03
    3537     -0.15868984E-03     -0.15967571E-03     -0.26234873E-03     -0.44370132E-03
    3538     -0.15869012E-03     -0.15967571E-03     -0.26240040E-03     -0.44370132E-03
    3539     -0.15869054E-03     -0.15967571E-03     -0.26245027E-03     -0.44370132E-03
    3540     -0.15869092E-03     -0.15967571E-03     -0.26250053E-03     -0.44370132E-03
    3541     -0.15869150E-03     -0.15967571E-03     -0.26256343E-03     -0.44370132E-03
    3542     -0.15869210E-03     -0.15967571E-03     -0.26263735E-03     -0.44370132E-03
    3543     -0.15869240E-03     -0.15967571E-03     -0.26270837E-03     -0.44370132E-03
    3544     -0.15869268E-03     -0.15967571E-03     -0.26277433E-03     -0.44370132E-03
    3545     -0.15869296E-03     -0.15967571E-03     -0.26280871E-03     -0.44370132E-03
    3546     -0.15869328E-03     -0.15967571E-03     -0.26284692E-03     -0.44370132E-03
    3547     -0.15869371E-03     -0.15967571E-03     -0.26289419E-03     -0.44370132E-03
    3548     -0.15869413E-03     -0.15967571E-03     -0.26293811E-03     -0.44370132E-03
    3549     -0.15869441E-03     -0.15967571E-03     -0.26299192E-03     -0.44370132E-03
    3550     -0.15869466E-03     -0.15967571E-03     -0.26304180E-03     -0.44370132E-03
    3551     -0.15869496E-03     -0.15967571E-03     -0.26307401E-03     -0.44370132E-03
    3552     -0.15869527E-03     -0.15967571E-03     -0.26311110E-03     -0.44370132E-03
    3553     -0.15869547E-03     -0.15967571E-03     -0.26314215E-03     -0.44370132E-03
    3554     -0.15869566E-03     -0.15967571E-03     -0.26317382E-03     -0.44370132E-03
    3555     -0.15869593E-03     -0.15967571E-03     -0.26320712E-03     -0.44370132E-03
    3556     -0.15869621E-03     -0.15967571E-03     -0.26323568E-03     -0.44370132E-03
    3557     -0.15869645E-03     -0.15967571E-03     -0.26326132E-03     -0.44370132E-03
    3558     -0.15869668E-03     -0.15967571E-03     -0.26328516E-03     -0.44370132E-03
    3559     -0.15869690E-03     -0.15967571E-03     -0.26331706E-03     -0.44370132E-03
    3560     -0.15869721E-03     -0.15967571E-03     -0.26337095E-03     -0.44370132E-03
    3561     -0.15869752E-03     -0.15967571E-03     -0.26342035E-03     -0.44370132E-03
    3562     -0.15869778E-03     -0.15967571E-03     -0.26344617E-03     -0.44370132E-03
    3563     -0.15869803E-03     -0.15967571E-03     -0.26348632E-03     -0.44370132E-03
    3564     -0.15869828E-03     -0.15967571E-03     -0.26352659E-03     -0.44370132E-03
    3565     -0.15869853E-03     -0.15967571E-03     -0.26355758E-03     -0.44370132E-03
    3566     -0.15869879E-03     -0.15967571E-03     -0.26358836E-03     -0.44370132E-03
    3567     -0.15869900E-03     -0.15967571E-03     -0.26362796E-03     -0.44370132E-03
    3568     -0.15869922E-03     -0.15967571E-03     -0.26366022E-03     -0.44370132E-03
    3569     -0.15869948E-03     -0.15967571E-03     -0.26370236E-03     -0.44370132E-03
    3570     -0.15869977E-03     -0.15967571E-03     -0.26373997E-03     -0.44370132E-03
    3571     -0.15870005E-03     -0.15967571E-03     -0.26380832E-03     -0.44370132E-03
    3572     -0.15870034E-03     -0.15967571E-03     -0.26387699E-03     -0.44370132E-03
    3573     -0.15870052E-03     -0.15967571E-03     -0.26390960E-03     -0.44370132E-03
    3574     -0.15870083E-03     -0.15967571E-03     -0.26394625E-03     -0.44370132E-03
    3575     -0.15870105E-03     -0.15967571E-03     -0.26397481E-03     -0.44370132E-03
    3576     -0.15870140E-03     -0.15967571E-03     -0.26401447E-03     -0.44370132E-03
    3577     -0.15870172E-03     -0.15967571E-03     -0.26405104E-03     -0.44370132E-03
    3578     -0.15870204E-03     -0.15967571E-03     -0.26408255E-03     -0.44370132E-03
    3579     -0.15870225E-03     -0.15967571E-03     -0.26411546E-03     -0.44370132E-03
    3580     -0.15870262E-03     -0.15967571E-03     -0.26415688E-03     -0.44370132E-03
    3581     -0.15870289E-03     -0.15967571E-03     -0.26419774E-03     -0.44370132E-03
    3582     -0.15870310E-03     -0.15967571E-03     -0.26424587E-03     -0.44370132E-03
    3583     -0.15870346E-03     -0.15967571E-03     -0.26432279E-03     -0.44370132E-03
    3584     -0.15870377E-03     -0.15967571E-03     -0.26435490E-03     -0.44370132E-03
    3585     -0.15870411E-03     -0.15967571E-03     -0.26441954E-03     -0.44370132E-03
    3586     -0.15870442E-03     -0.15967571E-03     -0.26447558E-03     -0.44370132E-03
    3587     -0.15870460E-03     -0.15967571E-03     -0.26451825E-03     -0.44370132E-03
    3588     -0.15870491E-03     -0.15967571E-03     -0.26456362E-03     -0.44370132E-03
    3589     -0.15870525E-03     -0.15967571E-03     -0.26461001E-03     -0.44370132E-03
    3590     -0.15870545E-03     -0.15967571E-03     -0.26464121E-03     -0.44370132E-03
    3591     -0.15870573E-03     -0.15967571E-03     -0.26468301E-03     -0.44370132E-03
    3592     -0.15870618E-03     -0.15967571E-03     -0.26472669E-03     -0.44370132E-03
    3593     -0.15870649E-03     -0.15967571E-03     -0.26475927E-03     -0.44370132E-03
    3594     -0.15870665E-03     -0.15967571E-03     -0.26479001E-03     -0.44370132E-03
    3595     -0.15870679E-03     -0.15967571E-03     -0.26482085E-03     -0.44370132E-03
    3596     -0.15870696E-03     -0.15967571E-03     -0.26485822E-03     -0.44370132E-03
    3597     -0.15870723E-03     -0.15967571E-03     -0.26488592E-03     -0.44370132E-03
    3598     -0.15870742E-03     -0.15967571E-03     -0.26491455E-03     -0.44370132E-03
    3599     -0.15870761E-03     -0.15967571E-03     -0.26494250E-03     -0.44370132E-03
    3600     -0.15870776E-03     -0.15967571E-03     -0.26498323E-03     -0.44370132E-03
    3601     -0.15870818E-03     -0.15967571E-03     -0.26503892E-03     -0.44370132E-03
    3602     -0.15870856E-03     -0.15967571E-03     -0.26509191E-03     -0.44370132E-03
    3603     -0.15870878E-03     -0.15967571E-03     -0.26513822E-03     -0.44370132E-03
    3604     -0.15870903E-03     -0.15967571E-03     -0.26518365E-03     -0.44370132E-03
    3605     -0.15870934E-03     -0.15967571E-03     -0.26522886E-03     -0.44370132E-03
    3606     -0.15870953E-03     -0.15967571E-03     -0.26526319E-03     -0.44370132E-03
    3607     -0.15870977E-03     -0.15967571E-03     -0.26529886E-03     -0.44370132E-03
    3608     -0.15871002E-03     -0.15967571E-03     -0.26533080E-03     -0.44370132E-03
    3609     -0.15871030E-03     -0.15967571E-03     -0.26537183E-03     -0.44370132E-03
    3610     -0.15871056E-03     -0.15967571E-03     -0.26541235E-03     -0.44370132E-03
    3611     -0.15871095E-03     -0.15967571E-03     -0.26545373E-03     -0.44370132E-03
    3612     -0.15871117E-03     -0.15967571E-03     -0.26547756E-03     -0.44370132E-03
    3613     -0.15871161E-03     -0.15967571E-03     -0.26552786E-03     -0.44370132E-03
    3614     -0.15871173E-03     -0.15967571E-03     -0.26557791E-03     -0.44370132E-03
    3615     -0.15871205E-03     -0.15967571E-03     -0.26561696E-03     -0.44370132E-03
    3616     -0.15871244E-03     -0.15967571E-03     -0.26565297E-03     -0.44370132E-03
    3617     -0.15871278E-03     -0.15967571E-03     -0.26570623E-03     -0.44370132E-03
    3618     -0.15871305E-03     -0.15967571E-03     -0.26573777E-03     -0.44370132E-03
    3619     -0.15871343E-03     -0.15967571E-03     -0.26578507E-03     -0.44370132E-03
    3620     -0.15871375E-03     -0.15967571E-03     -0.26582759E-03     -0.44370132E-03
    3621     -0.15871393E-03     -0.15967571E-03     -0.26585568E-03     -0.44370132E-03
    3622     -0.15871419E-03     -0.15967571E-03     -0.26588572E-03     -0.44370132E-03
    3623     -0.15871443E-03     -0.15967571E-03     -0.26591771E-03     -0.44370132E-03
    3624     -0.15871468E-03     -0.15967571E-03     -0.26595534E-03     -0.44370132E-03
    3625     -0.15871491E-03     -0.15967571E-03     -0.26598403E-03     -0.44370132E-03
    3626     -0.15871506E-03     -0.15967571E-03     -0.26601879E-03     -0.44370132E-03
    3627     -0.15871528E-03     -0.15967571E-03     -0.26604964E-03     -0.44370132E-03
    3628     -0.15871552E-03     -0.15967571E-03     -0.26608260E-03     -0.44370132E-03
    3629     -0.15871595E-03     -0.15967571E-03     -0.26613968E-03     -0.44370132E-03
    3630     -0.15871631E-03     -0.15967571E-03     -0.26619011E-03     -0.44370132E-03
    3631     -0.15871654E-03     -0.15967571E-03     -0.26623394E-03     -0.44370132E-03
    3632     -0.15871675E-03     -0.15967571E-03     -0.26627446E-03     -0.44370132E-03
    3633     -0.15871700E-03     -0.15967571E-03     -0.26631613E-03     -0.44370132E-03
    3634     -0.15871722E-03     -0.15967571E-03     -0.26636511E-03     -0.44370132E-03
    3635     -0.15871741E-03     -0.15967571E-03     -0.26639411E-03     -0.44370132E-03
    3636     -0.15871781E-03     -0.15967571E-03     -0.26644435E-03     -0.44370132E-03
    3637     -0.15871806E-03     -0.15967571E-03     -0.26649152E-03     -0.44370132E-03
    3638     -0.15871836E-03     -0.15967571E-03     -0.26654020E-03     -0.44370132E-03
    3639     -0.15871879E-03     -0.15967571E-03     -0.26660767E-03     -0.44370132E-03
    3640     -0.15871915E-03     -0.15967571E-03     -0.26666580E-03     -0.44370132E-03
    3641     -0.15871944E-03     -0.15967571E-03     -0.26670953E-03     -0.44370132E-03
    3642     -0.15871974E-03     -0.15967571E-03     -0.26675361E-03     -0.44370132E-03
    3643     -0.15871997E-03     -0.15967571E-03     -0.26677943E-03     -0.44370132E-03
    3644     -0.15872022E-03     -0.15967571E-03     -0.26680844E-03     -0.44370132E-03
    3645     -0.15872046E-03     -0.15967571E-03     -0.26685188E-03     -0.44370132E-03
    3646     -0.15872073E-03     -0.15967571E-03     -0.26689475E-03     -0.44370132E-03
    3647     -0.15872103E-03     -0.15967571E-03     -0.26692823E-03     -0.44370132E-03
    3648     -0.15872130E-03     -0.15967571E-03     -0.26695720E-03     -0.44370132E-03
    3649     -0.15872153E-03     -0.15967571E-03     -0.26698766E-03     -0.44370132E-03
    3650     -0.15872177E-03     -0.15967571E-03     -0.26702505E-03     -0.44370132E-03
    3651     -0.15872200E-03     -0.15967571E-03     -0.26705409E-03     -0.44370132E-03
    3652     -0.15872224E-03     -0.15967571E-03     -0.26708574E-03     -0.44370132E-03
    3653     -0.15872245E-03     -0.15967571E-03     -0.26712806E-03     -0.44370132E-03
    3654     -0.15872261E-03     -0.15967571E-03     -0.26716901E-03     -0.44370132E-03
    3655     -0.15872287E-03     -0.15967571E-03     -0.26720511E-03     -0.44370132E-03
    3656     -0.15872319E-03     -0.15967571E-03     -0.26724282E-03     -0.44370132E-03
    3657     -0.15872335E-03     -0.15967571E-03     -0.26729032E-03     -0.44370132E-03
    3658     -0.15872359E-03     -0.15967571E-03     -0.26734576E-03     -0.44370132E-03
    3659     -0.15872380E-03     -0.15967571E-03     -0.26738297E-03     -0.44370132E-03
    3660     -0.15872415E-03     -0.15967571E-03     -0.26742151E-03     -0.44370132E-03
    3661     -0.15872448E-03     -0.15967571E-03     -0.26748057E-03     -0.44370132E-03
    3662     -0.15872475E-03     -0.15967571E-03     -0.26753070E-03     -0.44370132E-03
    3663     -0.15872503E-03     -0.15967571E-03     -0.26758107E-03     -0.44370132E-03
    3664     -0.15872531E-03     -0.15967571E-03     -0.26762797E-03     -0.44370132E-03
    3665     -0.15872560E-03     -0.15967571E-03     -0.26767277E-03     -0.44370132E-03
    3666     -0.15872586E-03     -0.15967571E-03     -0.26771922E-03     -0.44370132E-03
    3667     -0.15872602E-03     -0.15967571E-03     -0.26775140E-03     -0.44370132E-03
    3668     -0.15872628E-03     -0.15967571E-03     -0.26778895E-03     -0.44370132E-03
    3669     -0.15872647E-03     -0.15967571E-03     -0.26783322E-03     -0.44370132E-03
    3670     -0.15872667E-03     -0.15967571E-03     -0.26787306E-03     -0.44370132E-03
    3671     -0.15872680E-03     -0.15967571E-03     -0.26792190E-03     -0.44370132E-03
    3672     -0.15872693E-03     -0.15967571E-03     -0.26796461E-03     -0.44370132E-03
    3673     -0.15872710E-03     -0.15967571E-03     -0.26798791E-03     -0.44370132E-03
    3674     -0.15872731E-03     -0.15967571E-03     -0.26801723E-03     -0.44370132E-03
    3675     -0.15872747E-03     -0.15967571E-03     -0.26804171E-03     -0.44370132E-03
    3676     -0.15872767E-03     -0.15967571E-03     -0.26807898E-03     -0.44370132E-03
    3677     -0.15872794E-03     -0.15967571E-03     -0.26810751E-03     -0.44370132E-03
    3678     -0.15872811E-03     -0.15967571E-03     -0.26813550E-03     -0.44370132E-03
    3679     -0.15872834E-03     -0.15967571E-03     -0.26816300E-03     -0.44370132E-03
    3680     -0.15872861E-03     -0.15967571E-03     -0.26819211E-03     -0.44370132E-03
    3681     -0.15872875E-03     -0.15967571E-03     -0.26822467E-03     -0.44370132E-03
    3682     -0.15872891E-03     -0.15967571E-03     -0.26825373E-03     -0.44370132E-03
    3683     -0.15872914E-03     -0.15967571E-03     -0.26829232E-03     -0.44370132E-03
    3684     -0.15872936E-03     -0.15967571E-03     -0.26832547E-03     -0.44370132E-03
    3685     -0.15872950E-03     -0.15967571E-03     -0.26835698E-03     -0.44370132E-03
    3686     -0.15872966E-03     -0.15967571E-03     -0.26838936E-03     -0.44370132E-03
    3687     -0.15872979E-03     -0.15967571E-03     -0.26841210E-03     -0.44370132E-03
    3688     -0.15873013E-03     -0.15967571E-03     -0.26846105E-03     -0.44370132E-03
    3689     -0.15873029E-03     -0.15967571E-03     -0.26850493E-03     -0.44370132E-03
    3690     -0.15873045E-03     -0.15967571E-03     -0.26855006E-03     -0.44370132E-03
    3691     -0.15873082E-03     -0.15967571E-03     -0.26862145E-03     -0.44370132E-03
    3692     -0.15873107E-03     -0.15967571E-03     -0.26868041E-03     -0.44370132E-03
    3693     -0.15873126E-03     -0.15967571E-03     -0.26875491E-03     -0.44370132E-03
    3694     -0.15873145E-03     -0.15967571E-03     -0.26880394E-03     -0.44370132E-03
    3695     -0.15873156E-03     -0.15967571E-03     -0.26883045E-03     -0.44370132E-03
    3696     -0.15873172E-03     -0.15967571E-03     -0.26885846E-03     -0.44370132E-03
    3697     -0.15873201E-03     -0.15967571E-03     -0.26889916E-03     -0.44370132E-03
    3698     -0.15873221E-03     -0.15967571E-03     -0.26897414E-03     -0.44370132E-03
    3699     -0.15873241E-03     -0.15967571E-03     -0.26904255E-03     -0.44370132E-03
    3700     -0.15873271E-03     -0.15967571E-03     -0.26907597E-03     -0.44370132E-03
    3701     -0.15873297E-03     -0.15967571E-03     -0.26911891E-03     -0.44370132E-03
    3702     -0.15873313E-03     -0.15967571E-03     -0.26916567E-03     -0.44370132E-03
    3703     -0.15873342E-03     -0.15967571E-03     -0.26919721E-03     -0.44370132E-03
    3704     -0.15873359E-03     -0.15967571E-03     -0.26922506E-03     -0.44370132E-03
    3705     -0.15873389E-03     -0.15967571E-03     -0.26927525E-03     -0.44370132E-03
    3706     -0.15873411E-03     -0.15967571E-03     -0.26934201E-03     -0.44370132E-03
    3707     -0.15873427E-03     -0.15967571E-03     -0.26941062E-03     -0.44370132E-03
    3708     -0.15873451E-03     -0.15967571E-03     -0.26946849E-03     -0.44370132E-03
    3709     -0.15873470E-03     -0.15967571E-03     -0.26950361E-03     -0.44370132E-03
    3710     -0.15873479E-03     -0.15967571E-03     -0.26954077E-03     -0.44370132E-03
    3711     -0.15873499E-03     -0.15967571E-03     -0.26957340E-03     -0.44370132E-03
    3712     -0.15873519E-03     -0.15967571E-03     -0.26960819E-03     -0.44370132E-03
    3713     -0.15873537E-03     -0.15967571E-03     -0.26965121E-03     -0.44370132E-03
    3714     -0.15873556E-03     -0.15967571E-03     -0.26969478E-03     -0.44370132E-03
    3715     -0.15873581E-03     -0.15967571E-03     -0.26972699E-03     -0.44370132E-03
    3716     -0.15873603E-03     -0.15967571E-03     -0.26976230E-03     -0.44370132E-03
    3717     -0.15873624E-03     -0.15967571E-03     -0.26980445E-03     -0.44370132E-03
    3718     -0.15873639E-03     -0.15967571E-03     -0.26983624E-03     -0.44370132E-03
    3719     -0.15873667E-03     -0.15967571E-03     -0.26988495E-03     -0.44370132E-03
    3720     -0.15873683E-03     -0.15967571E-03     -0.26992352E-03     -0.44370132E-03
    3721     -0.15873701E-03     -0.15967571E-03     -0.26995635E-03     -0.44370132E-03
    3722     -0.15873720E-03     -0.15967571E-03     -0.26999150E-03     -0.44370132E-03
    3723     -0.15873744E-03     -0.15967571E-03     -0.27002078E-03     -0.44370132E-03
    3724     -0.15873762E-03     -0.15967571E-03     -0.27004504E-03     -0.44370132E-03
    3725     -0.15873785E-03     -0.15967571E-03     -0.27008189E-03     -0.44370132E-03
    3726     -0.15873807E-03     -0.15967571E-03     -0.27011895E-03     -0.44370132E-03
    3727     -0.15873829E-03     -0.15967571E-03     -0.27014570E-03     -0.44370132E-03
    3728     -0.15873853E-03     -0.15967571E-03     -0.27017233E-03     -0.44370132E-03
    3729     -0.15873867E-03     -0.15967571E-03     -0.27020802E-03     -0.44370132E-03
    3730     -0.15873895E-03     -0.15967571E-03     -0.27024767E-03     -0.44370132E-03
    3731     -0.15873931E-03     -0.15967571E-03     -0.27030353E-03     -0.44370132E-03
    3732     -0.15873982E-03     -0.15967571E-03     -0.27036057E-03     -0.44370132E-03
    3733     -0.15873996E-03     -0.15967571E-03     -0.27038937E-03     -0.44370132E-03
    3734     -0.15874019E-03     -0.15967571E-03     -0.27042283E-03     -0.44370132E-03
    3735     -0.15874034E-03     -0.15967571E-03     -0.27045289E-03     -0.44370132E-03
    3736     -0.15874040E-03     -0.15967571E-03     -0.27047834E-03     -0.44370132E-03
    3737     -0.15874062E-03     -0.15967571E-03     -0.27050476E-03     -0.44370132E-03
    3738     -0.15874089E-03     -0.15967571E-03     -0.27054022E-03     -0.44370132E-03
    3739     -0.15874122E-03     -0.15967571E-03     -0.27058303E-03     -0.44370132E-03
    3740     -0.15874149E-03     -0.15967571E-03     -0.27061945E-03     -0.44370132E-03
    3741     -0.15874169E-03     -0.15967571E-03     -0.27064698E-03     -0.44370132E-03
    3742     -0.15874190E-03     -0.15967571E-03     -0.27067254E-03     -0.44370132E-03
    3743     -0.15874212E-03     -0.15967571E-03     -0.27070749E-03     -0.44370132E-03
    3744     -0.15874232E-03     -0.15967571E-03     -0.27074049E-03     -0.44370132E-03
    3745     -0.15874247E-03     -0.15967571E-03     -0.27077026E-03     -0.44370132E-03
    3746     -0.15874264E-03     -0.15967571E-03     -0.27080351E-03     -0.44370132E-03
    3747     -0.15874288E-03     -0.15967571E-03     -0.27083246E-03     -0.44370132E-03
    3748     -0.15874308E-03     -0.15967571E-03     -0.27086552E-03     -0.44370132E-03
    3749     -0.15874325E-03     -0.15967571E-03     -0.27089668E-03     -0.44370132E-03
    3750     -0.15874349E-03     -0.15967571E-03     -0.27093570E-03     -0.44370132E-03
    3751     -0.15874376E-03     -0.15967571E-03     -0.27097623E-03     -0.44370132E-03
    3752     -0.15874417E-03     -0.15967571E-03     -0.27103079E-03     -0.44370132E-03
    3753     -0.15874442E-03     -0.15967571E-03     -0.27107618E-03     -0.44370132E-03
    3754     -0.15874471E-03     -0.15967571E-03     -0.27112260E-03     -0.44370132E-03
    3755     -0.15874494E-03     -0.15967571E-03     -0.27115854E-03     -0.44370132E-03
    3756     -0.15874525E-03     -0.15967571E-03     -0.27120147E-03     -0.44370132E-03
    3757     -0.15874546E-03     -0.15967571E-03     -0.27123582E-03     -0.44370132E-03
    3758     -0.15874567E-03     -0.15967571E-03     -0.27126936E-03     -0.44370132E-03
    3759     -0.15874588E-03     -0.15967571E-03     -0.27131151E-03     -0.44370132E-03
    3760     -0.15874619E-03     -0.15967571E-03     -0.27136410E-03     -0.44370132E-03
    3761     -0.15874638E-03     -0.15967571E-03     -0.27139540E-03     -0.44370132E-03
    3762     -0.15874674E-03     -0.15967571E-03     -0.27145146E-03     -0.44370132E-03
    3763     -0.15874700E-03     -0.15967571E-03     -0.27148838E-03     -0.44370132E-03
    3764     -0.15874724E-03     -0.15967571E-03     -0.27152159E-03     -0.44370132E-03
    3765     -0.15874735E-03     -0.15967571E-03     -0.27154807E-03     -0.44370132E-03
    3766     -0.15874754E-03     -0.15967571E-03     -0.27158660E-03     -0.44370132E-03
    3767     -0.15874775E-03     -0.15967571E-03     -0.27162385E-03     -0.44370132E-03
    3768     -0.15874796E-03     -0.15967571E-03     -0.27165766E-03     -0.44370132E-03
    3769     -0.15874822E-03     -0.15967571E-03     -0.27169359E-03     -0.44370132E-03
    3770     -0.15874845E-03     -0.15967571E-03     -0.27171773E-03     -0.44370132E-03
    3771     -0.15874868E-03     -0.15967571E-03     -0.27176220E-03     -0.44370132E-03
    3772     -0.15874904E-03     -0.15967571E-03     -0.27183641E-03     -0.44370132E-03
    3773     -0.15874933E-03     -0.15967571E-03     -0.27190766E-03     -0.44370132E-03
    3774     -0.15874952E-03     -0.15967571E-03     -0.27194416E-03     -0.44370132E-03
    3775     -0.15874972E-03     -0.15967571E-03     -0.27198155E-03     -0.44370132E-03
    3776     -0.15874991E-03     -0.15967571E-03     -0.27201734E-03     -0.44370132E-03
    3777     -0.15875013E-03     -0.15967571E-03     -0.27205258E-03     -0.44370132E-03
    3778     -0.15875045E-03     -0.15967571E-03     -0.27209716E-03     -0.44370132E-03
    3779     -0.15875077E-03     -0.15967571E-03     -0.27214861E-03     -0.44370132E-03
    3780     -0.15875092E-03     -0.15967571E-03     -0.27217499E-03     -0.44370132E-03
    3781     -0.15875126E-03     -0.15967571E-03     -0.27223598E-03     -0.44370132E-03
    3782     -0.15875145E-03     -0.15967571E-03     -0.27228946E-03     -0.44370132E-03
    3783     -0.15875159E-03     -0.15967571E-03     -0.27231721E-03     -0.44370132E-03
    3784     -0.15875184E-03     -0.15967571E-03     -0.27235817E-03     -0.44370132E-03
    3785     -0.15875202E-03     -0.15967571E-03     -0.27238779E-03     -0.44370132E-03
    3786     -0.15875230E-03     -0.15967571E-03     -0.27248309E-03     -0.44370132E-03
    3787     -0.15875252E-03     -0.15967571E-03     -0.27251269E-03     -0.44370132E-03
    3788     -0.15875281E-03     -0.15967571E-03     -0.27255766E-03     -0.44370132E-03
    3789     -0.15875304E-03     -0.15967571E-03     -0.27261528E-03     -0.44370132E-03
    3790     -0.15875325E-03     -0.15967571E-03     -0.27265583E-03     -0.44370132E-03
    3791     -0.15875352E-03     -0.15967571E-03     -0.27268908E-03     -0.44370132E-03
    3792     -0.15875380E-03     -0.15967571E-03     -0.27272592E-03     -0.44370132E-03
    3793     -0.15875403E-03     -0.15967571E-03     -0.27278282E-03     -0.44370132E-03
    3794     -0.15875424E-03     -0.15967571E-03     -0.27281330E-03     -0.44370132E-03
    3795     -0.15875455E-03     -0.15967571E-03     -0.27288348E-03     -0.44370132E-03
    3796     -0.15875486E-03     -0.15967571E-03     -0.27292869E-03     -0.44370132E-03
    3797     -0.15875512E-03     -0.15967571E-03     -0.27298820E-03     -0.44370132E-03
    3798     -0.15875537E-03     -0.15967571E-03     -0.27304407E-03     -0.44370132E-03
    3799     -0.15875563E-03     -0.15967571E-03     -0.27308267E-03     -0.44370132E-03
    3800     -0.15875583E-03     -0.15967571E-03     -0.27311420E-03     -0.44370132E-03
    3801     -0.15875603E-03     -0.15967571E-03     -0.27315460E-03     -0.44370132E-03
    3802     -0.15875627E-03     -0.15967571E-03     -0.27319562E-03     -0.44370132E-03
    3803     -0.15875650E-03     -0.15967571E-03     -0.27323085E-03     -0.44370132E-03
    3804     -0.15875673E-03     -0.15967571E-03     -0.27325492E-03     -0.44370132E-03
    3805     -0.15875694E-03     -0.15967571E-03     -0.27328362E-03     -0.44370132E-03
    3806     -0.15875717E-03     -0.15967571E-03     -0.27332755E-03     -0.44370132E-03
    3807     -0.15875740E-03     -0.15967571E-03     -0.27336866E-03     -0.44370132E-03
    3808     -0.15875759E-03     -0.15967571E-03     -0.27340577E-03     -0.44370132E-03
    3809     -0.15875782E-03     -0.15967571E-03     -0.27349573E-03     -0.44370132E-03
    3810     -0.15875800E-03     -0.15967571E-03     -0.27358272E-03     -0.44370132E-03
    3811     -0.15875828E-03     -0.15967571E-03     -0.27365845E-03     -0.44370132E-03
    3812     -0.15875845E-03     -0.15967571E-03     -0.27371252E-03     -0.44370132E-03
    3813     -0.15875865E-03     -0.15967571E-03     -0.27375223E-03     -0.44370132E-03
    3814     -0.15875883E-03     -0.15967571E-03     -0.27379319E-03     -0.44370132E-03
    3815     -0.15875915E-03     -0.15967571E-03     -0.27383301E-03     -0.44370132E-03
    3816     -0.15875945E-03     -0.15967571E-03     -0.27387159E-03     -0.44370132E-03
    3817     -0.15875965E-03     -0.15967571E-03     -0.27391633E-03     -0.44370132E-03
    3818     -0.15875996E-03     -0.15967571E-03     -0.27395609E-03     -0.44370132E-03
    3819     -0.15876023E-03     -0.15967571E-03     -0.27399709E-03     -0.44370132E-03
    3820     -0.15876051E-03     -0.15967571E-03     -0.27403987E-03     -0.44370132E-03
    3821     -0.15876070E-03     -0.15967571E-03     -0.27408067E-03     -0.44370132E-03
    3822     -0.15876086E-03     -0.15967571E-03     -0.27411171E-03     -0.44370132E-03
    3823     -0.15876100E-03     -0.15967571E-03     -0.27414401E-03     -0.44370132E-03
    3824     -0.15876114E-03     -0.15967571E-03     -0.27417616E-03     -0.44370132E-03
    3825     -0.15876136E-03     -0.15967571E-03     -0.27422892E-03     -0.44370132E-03
    3826     -0.15876157E-03     -0.15967571E-03     -0.27426158E-03     -0.44370132E-03
    3827     -0.15876184E-03     -0.15967571E-03     -0.27430277E-03     -0.44370132E-03
    3828     -0.15876209E-03     -0.15967571E-03     -0.27434407E-03     -0.44370132E-03
    3829     -0.15876231E-03     -0.15967571E-03     -0.27440038E-03     -0.44370132E-03
    3830     -0.15876255E-03     -0.15967571E-03     -0.27445367E-03     -0.44370132E-03
    3831     -0.15876287E-03     -0.15967571E-03     -0.27449703E-03     -0.44370132E-03
    3832     -0.15876314E-03     -0.15967571E-03     -0.27453287E-03     -0.44370132E-03
    3833     -0.15876342E-03     -0.15967571E-03     -0.27457151E-03     -0.44370132E-03
    3834     -0.15876359E-03     -0.15967571E-03     -0.27461017E-03     -0.44370132E-03
    3835     -0.15876381E-03     -0.15967571E-03     -0.27463878E-03     -0.44370132E-03
    3836     -0.15876401E-03     -0.15967571E-03     -0.27467002E-03     -0.44370132E-03
    3837     -0.15876424E-03     -0.15967571E-03     -0.27470356E-03     -0.44370132E-03
    3838     -0.15876445E-03     -0.15967571E-03     -0.27473790E-03     -0.44370132E-03
    3839     -0.15876465E-03     -0.15967571E-03     -0.27477323E-03     -0.44370132E-03
    3840     -0.15876481E-03     -0.15967571E-03     -0.27480849E-03     -0.44370132E-03
    3841     -0.15876507E-03     -0.15967571E-03     -0.27484197E-03     -0.44370132E-03
    3842     -0.15876525E-03     -0.15967571E-03     -0.27487842E-03     -0.44370132E-03
    3843     -0.15876539E-03     -0.15967571E-03     -0.27490751E-03     -0.44370132E-03
    3844     -0.15876550E-03     -0.15967571E-03     -0.27495040E-03     -0.44370132E-03
    3845     -0.15876566E-03     -0.15967571E-03     -0.27497867E-03     -0.44370132E-03
    3846     -0.15876594E-03     -0.15967571E-03     -0.27502420E-03     -0.44370132E-03
    3847     -0.15876609E-03     -0.15967571E-03     -0.27504786E-03     -0.44370132E-03
    3848     -0.15876633E-03     -0.15967571E-03     -0.27508344E-03     -0.44370132E-03
    3849     -0.15876654E-03     -0.15967571E-03     -0.27511779E-03     -0.44370132E-03
    3850     -0.15876675E-03     -0.15967571E-03     -0.27515336E-03     -0.44370132E-03
    3851     -0.15876696E-03     -0.15967571E-03     -0.27518775E-03     -0.44370132E-03
    3852     -0.15876714E-03     -0.15967571E-03     -0.27522853E-03     -0.44370132E-03
    3853     -0.15876738E-03     -0.15967571E-03     -0.27527117E-03     -0.44370132E-03
    3854     -0.15876761E-03     -0.15967571E-03     -0.27531334E-03     -0.44370132E-03
    3855     -0.15876790E-03     -0.15967571E-03     -0.27535135E-03     -0.44370132E-03
    3856     -0.15876813E-03     -0.15967571E-03     -0.27539640E-03     -0.44370132E-03
    3857     -0.15876839E-03     -0.15967571E-03     -0.27543524E-03     -0.44370132E-03
    3858     -0.15876865E-03     -0.15967571E-03     -0.27548211E-03     -0.44370132E-03
    3859     -0.15876884E-03     -0.15967571E-03     -0.27553240E-03     -0.44370132E-03
    3860     -0.15876908E-03     -0.15967571E-03     -0.27557477E-03     -0.44370132E-03
    3861     -0.15876928E-03     -0.15967571E-03     -0.27561094E-03     -0.44370132E-03
    3862     -0.15876954E-03     -0.15967571E-03     -0.27565605E-03     -0.44370132E-03
    3863     -0.15876978E-03     -0.15967571E-03     -0.27569976E-03     -0.44370132E-03
    3864     -0.15877001E-03     -0.15967571E-03     -0.27574529E-03     -0.44370132E-03
    3865     -0.15877022E-03     -0.15967571E-03     -0.27577973E-03     -0.44370132E-03
    3866     -0.15877038E-03     -0.15967571E-03     -0.27581902E-03     -0.44370132E-03
    3867     -0.15877077E-03     -0.15967571E-03     -0.27586582E-03     -0.44370132E-03
    3868     -0.15877112E-03     -0.15967571E-03     -0.27593005E-03     -0.44370132E-03
    3869     -0.15877139E-03     -0.15967571E-03     -0.27596892E-03     -0.44370132E-03
    3870     -0.15877157E-03     -0.15967571E-03     -0.27600108E-03     -0.44370132E-03
    3871     -0.15877178E-03     -0.15967571E-03     -0.27604530E-03     -0.44370132E-03
    3872     -0.15877198E-03     -0.15967571E-03     -0.27608820E-03     -0.44370132E-03
    3873     -0.15877220E-03     -0.15967571E-03     -0.27611968E-03     -0.44370132E-03
    3874     -0.15877240E-03     -0.15967571E-03     -0.27614937E-03     -0.44370132E-03
    3875     -0.15877253E-03     -0.15967571E-03     -0.27618920E-03     -0.44370132E-03
    3876     -0.15877269E-03     -0.15967571E-03     -0.27622663E-03     -0.44370132E-03
    3877     -0.15877281E-03     -0.15967571E-03     -0.27625392E-03     -0.44370132E-03
    3878     -0.15877299E-03     -0.15967571E-03     -0.27629531E-03     -0.44370132E-03
    3879     -0.15877325E-03     -0.15967571E-03     -0.27635943E-03     -0.44370132E-03
    3880     -0.15877356E-03     -0.15967571E-03     -0.27640726E-03     -0.44370132E-03
    3881     -0.15877376E-03     -0.15967571E-03     -0.27644336E-03     -0.44370132E-03
    3882     -0.15877396E-03     -0.15967571E-03     -0.27647795E-03     -0.44370132E-03
    3883     -0.15877414E-03     -0.15967571E-03     -0.27651966E-03     -0.44370132E-03
    3884     -0.15877436E-03     -0.15967571E-03     -0.27655265E-03     -0.44370132E-03
    3885     -0.15877452E-03     -0.15967571E-03     -0.27658291E-03     -0.44370132E-03
    3886     -0.15877470E-03     -0.15967571E-03     -0.27660947E-03     -0.44370132E-03
    3887     -0.15877509E-03     -0.15967571E-03     -0.27666662E-03     -0.44370132E-03
    3888     -0.15877546E-03     -0.15967571E-03     -0.27672331E-03     -0.44370132E-03
    3889     -0.15877569E-03     -0.15967571E-03     -0.27676578E-03     -0.44370132E-03
    3890     -0.15877597E-03     -0.15967571E-03     -0.27680311E-03     -0.44370132E-03
    3891     -0.15877616E-03     -0.15967571E-03     -0.27683095E-03     -0.44370132E-03
    3892     -0.15877628E-03     -0.15967571E-03     -0.27685882E-03     -0.44370132E-03
    3893     -0.15877655E-03     -0.15967571E-03     -0.27691849E-03     -0.44370132E-03
    3894     -0.15877681E-03     -0.15967571E-03     -0.27698055E-03     -0.44370132E-03
    3895     -0.15877710E-03     -0.15967571E-03     -0.27703641E-03     -0.44370132E-03
    3896     -0.15877718E-03     -0.15967571E-03     -0.27705915E-03     -0.44370132E-03
    3897     -0.15877743E-03     -0.15967571E-03     -0.27710835E-03     -0.44370132E-03
    3898     -0.15877748E-03     -0.15967571E-03     -0.27712942E-03     -0.44370132E-03
    3899     -0.15877776E-03     -0.15967571E-03     -0.27719201E-03     -0.44370132E-03
    3900     -0.15877810E-03     -0.15967571E-03     -0.27724346E-03     -0.44370132E-03
    3901     -0.15877828E-03     -0.15967571E-03     -0.27727439E-03     -0.44370132E-03
    3902     -0.15877848E-03     -0.15967571E-03     -0.27730593E-03     -0.44370132E-03
    3903     -0.15877887E-03     -0.15967571E-03     -0.27736143E-03     -0.44370132E-03
    3904     -0.15877911E-03     -0.15967571E-03     -0.27741157E-03     -0.44370132E-03
    3905     -0.15877932E-03     -0.15967571E-03     -0.27744607E-03     -0.44370132E-03
    3906     -0.15877955E-03     -0.15967571E-03     -0.27748042E-03     -0.44370132E-03
    3907     -0.15877978E-03     -0.15967571E-03     -0.27752238E-03     -0.44370132E-03
    3908     -0.15878001E-03     -0.15967571E-03     -0.27757378E-03     -0.44370132E-03
    3909     -0.15878022E-03     -0.15967571E-03     -0.27761116E-03     -0.44370132E-03
    3910     -0.15878047E-03     -0.15967571E-03     -0.27765854E-03     -0.44370132E-03
    3911     -0.15878073E-03     -0.15967571E-03     -0.27769644E-03     -0.44370132E-03
    3912     -0.15878092E-03     -0.15967571E-03     -0.27773359E-03     -0.44370132E-03
    3913     -0.15878117E-03     -0.15967571E-03     -0.27777673E-03     -0.44370132E-03
    3914     -0.15878142E-03     -0.15967571E-03     -0.27781727E-03     -0.44370132E-03
    3915     -0.15878158E-03     -0.15967571E-03     -0.27786551E-03     -0.44370132E-03
    3916     -0.15878175E-03     -0.15967571E-03     -0.27791559E-03     -0.44370132E-03
    3917     -0.15878193E-03     -0.15967571E-03     -0.27796092E-03     -0.44370132E-03
    3918     -0.15878211E-03     -0.15967571E-03     -0.27798791E-03     -0.44370132E-03
    3919     -0.15878236E-03     -0.15967571E-03     -0.27802611E-03     -0.44370132E-03
    3920     -0.15878262E-03     -0.15967571E-03     -0.27806150E-03     -0.44370132E-03
    3921     -0.15878278E-03     -0.15967571E-03     -0.27810863E-03     -0.44370132E-03
    3922     -0.15878299E-03     -0.15967571E-03     -0.27815101E-03     -0.44370132E-03
    3923     -0.15878317E-03     -0.15967571E-03     -0.27820063E-03     -0.44370132E-03
    3924     -0.15878341E-03     -0.15967571E-03     -0.27823876E-03     -0.44370132E-03
    3925     -0.15878352E-03     -0.15967571E-03     -0.27826180E-03     -0.44370132E-03
    3926     -0.15878371E-03     -0.15967571E-03     -0.27829306E-03     -0.44370132E-03
    3927     -0.15878397E-03     -0.15967571E-03     -0.27833771E-03     -0.44370132E-03
    3928     -0.15878415E-03     -0.15967571E-03     -0.27837591E-03     -0.44370132E-03
    3929     -0.15878441E-03     -0.15967571E-03     -0.27841799E-03     -0.44370132E-03
    3930     -0.15878466E-03     -0.15967571E-03     -0.27845787E-03     -0.44370132E-03
    3931     -0.15878488E-03     -0.15967571E-03     -0.27848480E-03     -0.44370132E-03
    3932     -0.15878502E-03     -0.15967571E-03     -0.27851899E-03     -0.44370132E-03
    3933     -0.15878522E-03     -0.15967571E-03     -0.27855520E-03     -0.44370132E-03
    3934     -0.15878534E-03     -0.15967571E-03     -0.27858245E-03     -0.44370132E-03
    3935     -0.15878552E-03     -0.15967571E-03     -0.27861416E-03     -0.44370132E-03
    3936     -0.15878577E-03     -0.15967571E-03     -0.27864712E-03     -0.44370132E-03
    3937     -0.15878611E-03     -0.15967571E-03     -0.27873557E-03     -0.44370132E-03
    3938     -0.15878639E-03     -0.15967571E-03     -0.27877386E-03     -0.44370132E-03
    3939     -0.15878652E-03     -0.15967571E-03     -0.27881609E-03     -0.44370132E-03
    3940     -0.15878675E-03     -0.15967571E-03     -0.27886317E-03     -0.44370132E-03
    3941     -0.15878692E-03     -0.15967571E-03     -0.27888998E-03     -0.44370132E-03
    3942     -0.15878713E-03     -0.15967571E-03     -0.27891830E-03     -0.44370132E-03
    3943     -0.15878739E-03     -0.15967571E-03     -0.27895942E-03     -0.44370132E-03
    3944     -0.15878765E-03     -0.15967571E-03     -0.27900374E-03     -0.44370132E-03
    3945     -0.15878790E-03     -0.15967571E-03     -0.27909022E-03     -0.44370132E-03
    3946     -0.15878807E-03     -0.15967571E-03     -0.27912565E-03     -0.44370132E-03
    3947     -0.15878827E-03     -0.15967571E-03     -0.27916773E-03     -0.44370132E-03
    3948     -0.15878853E-03     -0.15967571E-03     -0.27921376E-03     -0.44370132E-03
    3949     -0.15878865E-03     -0.15967571E-03     -0.27924223E-03     -0.44370132E-03
    3950     -0.15878885E-03     -0.15967571E-03     -0.27927266E-03     -0.44370132E-03
    3951     -0.15878911E-03     -0.15967571E-03     -0.27932893E-03     -0.44370132E-03
    3952     -0.15878939E-03     -0.15967571E-03     -0.27937325E-03     -0.44370132E-03
    3953     -0.15878966E-03     -0.15967571E-03     -0.27940807E-03     -0.44370132E-03
    3954     -0.15878986E-03     -0.15967571E-03     -0.27944990E-03     -0.44370132E-03
    3955     -0.15878994E-03     -0.15967571E-03     -0.27949162E-03     -0.44370132E-03
    3956     -0.15879010E-03     -0.15967571E-03     -0.27952090E-03     -0.44370132E-03
    3957     -0.15879031E-03     -0.15967571E-03     -0.27958610E-03     -0.44370132E-03
    3958     -0.15879053E-03     -0.15967571E-03     -0.27961598E-03     -0.44370132E-03
    3959     -0.15879091E-03     -0.15967571E-03     -0.27966932E-03     -0.44370132E-03
    3960     -0.15879116E-03     -0.15967571E-03     -0.27971212E-03     -0.44370132E-03
    3961     -0.15879166E-03     -0.15967571E-03     -0.27976821E-03     -0.44370132E-03
    3962     -0.15879217E-03     -0.15967571E-03     -0.27982705E-03     -0.44370132E-03
    3963     -0.15879224E-03     -0.15967571E-03     -0.27985761E-03     -0.44370132E-03
    3964     -0.15879257E-03     -0.15967571E-03     -0.27989301E-03     -0.44370132E-03
    3965     -0.15879301E-03     -0.15967571E-03     -0.27993868E-03     -0.44370132E-03
    3966     -0.15879321E-03     -0.15967571E-03     -0.27997346E-03     -0.44370132E-03
    3967     -0.15879342E-03     -0.15967571E-03     -0.28000486E-03     -0.44370132E-03
    3968     -0.15879368E-03     -0.15967571E-03     -0.28004323E-03     -0.44370132E-03
    3969     -0.15879388E-03     -0.15967571E-03     -0.28008601E-03     -0.44370132E-03
    3970     -0.15879408E-03     -0.15967571E-03     -0.28012097E-03     -0.44370132E-03
    3971     -0.15879431E-03     -0.15967571E-03     -0.28017444E-03     -0.44370132E-03
    3972     -0.15879444E-03     -0.15967571E-03     -0.28021154E-03     -0.44370132E-03
    3973     -0.15879466E-03     -0.15967571E-03     -0.28025250E-03     -0.44370132E-03
    3974     -0.15879489E-03     -0.15967571E-03     -0.28030421E-03     -0.44370132E-03
    3975     -0.15879503E-03     -0.15967571E-03     -0.28033301E-03     -0.44370132E-03
    3976     -0.15879515E-03     -0.15967571E-03     -0.28036628E-03     -0.44370132E-03
    3977     -0.15879540E-03     -0.15967571E-03     -0.28040797E-03     -0.44370132E-03
    3978     -0.15879564E-03     -0.15967571E-03     -0.28048676E-03     -0.44370132E-03
    3979     -0.15879587E-03     -0.15967571E-03     -0.28054530E-03     -0.44370132E-03
    3980     -0.15879608E-03     -0.15967571E-03     -0.28059611E-03     -0.44370132E-03
    3981     -0.15879631E-03     -0.15967571E-03     -0.28064478E-03     -0.44370132E-03
    3982     -0.15879648E-03     -0.15967571E-03     -0.28067917E-03     -0.44370132E-03
    3983     -0.15879675E-03     -0.15967571E-03     -0.28071181E-03     -0.44370132E-03
    3984     -0.15879697E-03     -0.15967571E-03     -0.28074606E-03     -0.44370132E-03
    3985     -0.15879719E-03     -0.15967571E-03     -0.28078162E-03     -0.44370132E-03
    3986     -0.15879746E-03     -0.15967571E-03     -0.28085288E-03     -0.44370132E-03
    3987     -0.15879764E-03     -0.15967571E-03     -0.28088181E-03     -0.44370132E-03
    3988     -0.15879788E-03     -0.15967571E-03     -0.28092267E-03     -0.44370132E-03
    3989     -0.15879800E-03     -0.15967571E-03     -0.28096672E-03     -0.44370132E-03
    3990     -0.15879812E-03     -0.15967571E-03     -0.28100142E-03     -0.44370132E-03
    3991     -0.15879831E-03     -0.15967571E-03     -0.28103198E-03     -0.44370132E-03
    3992     -0.15879845E-03     -0.15967571E-03     -0.28105938E-03     -0.44370132E-03
    3993     -0.15879856E-03     -0.15967571E-03     -0.28108331E-03     -0.44370132E-03
    3994     -0.15879882E-03     -0.15967571E-03     -0.28114064E-03     -0.44370132E-03
    3995     -0.15879914E-03     -0.15967571E-03     -0.28121145E-03     -0.44370132E-03
    3996     -0.15879932E-03     -0.15967571E-03     -0.28124997E-03     -0.44370132E-03
    3997     -0.15879960E-03     -0.15967571E-03     -0.28128337E-03     -0.44370132E-03
    3998     -0.15879990E-03     -0.15967571E-03     -0.28132096E-03     -0.44370132E-03
    3999     -0.15880016E-03     -0.15967571E-03     -0.28136611E-03     -0.44370132E-03
    4000     -0.15880037E-03     -0.15967571E-03     -0.28142415E-03     -0.44370132E-03
    4001     -0.15880059E-03     -0.15967571E-03     -0.28147857E-03     -0.44370132E-03
    4002     -0.15880076E-03     -0.15967571E-03     -0.28153655E-03     -0.44370132E-03
    4003     -0.15880110E-03     -0.15967571E-03     -0.28158610E-03     -0.44370132E-03
    4004     -0.15880136E-03     -0.15967571E-03     -0.28163072E-03     -0.44370132E-03
    4005     -0.15880149E-03     -0.15967571E-03     -0.28165499E-03     -0.44370132E-03
    4006     -0.15880168E-03     -0.15967571E-03     -0.28169064E-03     -0.44370132E-03
    4007     -0.15880189E-03     -0.15967571E-03     -0.28172474E-03     -0.44370132E-03
    4008     -0.15880207E-03     -0.15967571E-03     -0.28175713E-03     -0.44370132E-03
    4009     -0.15880228E-03     -0.15967571E-03     -0.28179504E-03     -0.44370132E-03
    4010     -0.15880249E-03     -0.15967571E-03     -0.28182444E-03     -0.44370132E-03
    4011     -0.15880281E-03     -0.15967571E-03     -0.28187450E-03     -0.44370132E-03
    4012     -0.15880310E-03     -0.15967571E-03     -0.28192231E-03     -0.44370132E-03
    4013     -0.15880327E-03     -0.15967571E-03     -0.28194978E-03     -0.44370132E-03
    4014     -0.15880340E-03     -0.15967571E-03     -0.28198182E-03     -0.44370132E-03
    4015     -0.15880371E-03     -0.15967571E-03     -0.28202730E-03     -0.44370132E-03
    4016     -0.15880407E-03     -0.15967571E-03     -0.28208053E-03     -0.44370132E-03
    4017     -0.15880440E-03     -0.15967571E-03     -0.28213353E-03     -0.44370132E-03
    4018     -0.15880472E-03     -0.15967571E-03     -0.28219077E-03     -0.44370132E-03
    4019     -0.15880507E-03     -0.15967571E-03     -0.28225794E-03     -0.44370132E-03
    4020     -0.15880537E-03     -0.15967571E-03     -0.28231226E-03     -0.44370132E-03
    4021     -0.15880557E-03     -0.15967571E-03     -0.28234280E-03     -0.44370132E-03
    4022     -0.15880582E-03     -0.15967571E-03     -0.28237743E-03     -0.44370132E-03
    4023     -0.15880608E-03     -0.15967571E-03     -0.28241299E-03     -0.44370132E-03
    4024     -0.15880625E-03     -0.15967571E-03     -0.28244037E-03     -0.44370132E-03
    4025     -0.15880642E-03     -0.15967571E-03     -0.28247358E-03     -0.44370132E-03
    4026     -0.15880660E-03     -0.15967571E-03     -0.28250790E-03     -0.44370132E-03
    4027     -0.15880680E-03     -0.15967571E-03     -0.28254148E-03     -0.44370132E-03
    4028     -0.15880698E-03     -0.15967571E-03     -0.28257387E-03     -0.44370132E-03
    4029     -0.15880716E-03     -0.15967571E-03     -0.28260453E-03     -0.44370132E-03
    4030     -0.15880735E-03     -0.15967571E-03     -0.28265576E-03     -0.44370132E-03
    4031     -0.15880762E-03     -0.15967571E-03     -0.28270087E-03     -0.44370132E-03
    4032     -0.15880784E-03     -0.15967571E-03     -0.28273852E-03     -0.44370132E-03
    4033     -0.15880818E-03     -0.15967571E-03     -0.28278092E-03     -0.44370132E-03
    4034     -0.15880846E-03     -0.15967571E-03     -0.28281917E-03     -0.44370132E-03
    4035     -0.15880869E-03     -0.15967571E-03     -0.28285331E-03     -0.44370132E-03
    4036     -0.15880911E-03     -0.15967571E-03     -0.28293271E-03     -0.44370132E-03
    4037     -0.15880948E-03     -0.15967571E-03     -0.28299028E-03     -0.44370132E-03
    4038     -0.15880993E-03     -0.15967571E-03     -0.28308510E-03     -0.44370132E-03
    4039     -0.15881032E-03     -0.15967571E-03     -0.28315897E-03     -0.44370132E-03
    4040     -0.15881076E-03     -0.15967571E-03     -0.28322052E-03     -0.44370132E-03
    4041     -0.15881097E-03     -0.15967571E-03     -0.28325489E-03     -0.44370132E-03
    4042     -0.15881122E-03     -0.15967571E-03     -0.28329609E-03     -0.44370132E-03
    4043     -0.15881142E-03     -0.15967571E-03     -0.28333347E-03     -0.44370132E-03
    4044     -0.15881165E-03     -0.15967571E-03     -0.28339072E-03     -0.44370132E-03
    4045     -0.15881193E-03     -0.15967571E-03     -0.28343796E-03     -0.44370132E-03
    4046     -0.15881219E-03     -0.15967571E-03     -0.28349768E-03     -0.44370132E-03
    4047     -0.15881250E-03     -0.15967571E-03     -0.28357421E-03     -0.44370132E-03
    4048     -0.15881273E-03     -0.15967571E-03     -0.28363206E-03     -0.44370132E-03
    4049     -0.15881289E-03     -0.15967571E-03     -0.28366819E-03     -0.44370132E-03
    4050     -0.15881305E-03     -0.15967571E-03     -0.28369852E-03     -0.44370132E-03
    4051     -0.15881325E-03     -0.15967571E-03     -0.28376056E-03     -0.44370132E-03
    4052     -0.15881342E-03     -0.15967571E-03     -0.28381491E-03     -0.44370132E-03
    4053     -0.15881375E-03     -0.15967571E-03     -0.28387014E-03     -0.44370132E-03
    4054     -0.15881392E-03     -0.15967571E-03     -0.28389667E-03     -0.44370132E-03
    4055     -0.15881452E-03     -0.15967571E-03     -0.28408274E-03     -0.44370132E-03
    4056     -0.15881520E-03     -0.15967571E-03     -0.28433070E-03     -0.44370132E-03
    4057     -0.15881555E-03     -0.15967571E-03     -0.28439540E-03     -0.44370132E-03
    4058     -0.15881590E-03     -0.15967571E-03     -0.28445408E-03     -0.44370132E-03
    4059     -0.15881617E-03     -0.15967571E-03     -0.28450645E-03     -0.44370132E-03
    4060     -0.15881652E-03     -0.15967571E-03     -0.28456278E-03     -0.44370132E-03
    4061     -0.15881688E-03     -0.15967571E-03     -0.28464440E-03     -0.44370132E-03
    4062     -0.15881722E-03     -0.15967571E-03     -0.28471377E-03     -0.44370132E-03
    4063     -0.15881743E-03     -0.15967571E-03     -0.28475053E-03     -0.44370132E-03
    4064     -0.15881769E-03     -0.15967571E-03     -0.28478983E-03     -0.44370132E-03
    4065     -0.15881792E-03     -0.15967571E-03     -0.28482645E-03     -0.44370132E-03
    4066     -0.15881819E-03     -0.15967571E-03     -0.28487633E-03     -0.44370132E-03
    4067     -0.15881843E-03     -0.15967571E-03     -0.28491840E-03     -0.44370132E-03
    4068     -0.15881859E-03     -0.15967571E-03     -0.28494747E-03     -0.44370132E-03
    4069     -0.15881875E-03     -0.15967571E-03     -0.28497912E-03     -0.44370132E-03
    4070     -0.15881894E-03     -0.15967571E-03     -0.28501198E-03     -0.44370132E-03
    4071     -0.15881918E-03     -0.15967571E-03     -0.28504712E-03     -0.44370132E-03
    4072     -0.15881941E-03     -0.15967571E-03     -0.28508829E-03     -0.44370132E-03
    4073     -0.15881956E-03     -0.15967571E-03     -0.28513965E-03     -0.44370132E-03
    4074     -0.15881978E-03     -0.15967571E-03     -0.28517267E-03     -0.44370132E-03
    4075     -0.15881994E-03     -0.15967571E-03     -0.28520038E-03     -0.44370132E-03
    4076     -0.15882010E-03     -0.15967571E-03     -0.28522872E-03     -0.44370132E-03
    4077     -0.15882041E-03     -0.15967571E-03     -0.28526906E-03     -0.44370132E-03
    4078     -0.15882060E-03     -0.15967571E-03     -0.28529830E-03     -0.44370132E-03
    4079     -0.15882073E-03     -0.15967571E-03     -0.28532627E-03     -0.44370132E-03
    4080     -0.15882089E-03     -0.15967571E-03     -0.28535651E-03     -0.44370132E-03
    4081     -0.15882106E-03     -0.15967571E-03     -0.28538273E-03     -0.44370132E-03
    4082     -0.15882139E-03     -0.15967571E-03     -0.28542607E-03     -0.44370132E-03
    4083     -0.15882155E-03     -0.15967571E-03     -0.28545484E-03     -0.44370132E-03
    4084     -0.15882171E-03     -0.15967571E-03     -0.28548972E-03     -0.44370132E-03
    4085     -0.15882203E-03     -0.15967571E-03     -0.28552987E-03     -0.44370132E-03
    4086     -0.15882229E-03     -0.15967571E-03     -0.28556558E-03     -0.44370132E-03
    4087     -0.15882253E-03     -0.15967571E-03     -0.28559941E-03     -0.44370132E-03
    4088     -0.15882273E-03     -0.15967571E-03     -0.28562758E-03     -0.44370132E-03
    4089     -0.15882294E-03     -0.15967571E-03     -0.28565961E-03     -0.44370132E-03
    4090     -0.15882315E-03     -0.15967571E-03     -0.28569450E-03     -0.44370132E-03
    4091     -0.15882329E-03     -0.15967571E-03     -0.28574035E-03     -0.44370132E-03
    4092     -0.15882344E-03     -0.15967571E-03     -0.28576552E-03     -0.44370132E-03
    4093     -0.15882362E-03     -0.15967571E-03     -0.28579793E-03     -0.44370132E-03
    4094     -0.15882380E-03     -0.15967571E-03     -0.28583041E-03     -0.44370132E-03
    4095     -0.15882406E-03     -0.15967571E-03     -0.28587662E-03     -0.44370132E-03
    4096     -0.15882424E-03     -0.15967571E-03     -0.28591535E-03     -0.44370132E-03

