Difference added,Energy (eV)
0.0,-17.35207426012827
1.0,-17.341468865783696
1.0,-17.386123645844297
2.0,-17.52475581790327
2.0,-17.33722963205273
3.0,-17.335243808723376
4.0,-17.334212426086193
5.0,-17.333628650982693
6.0,-17.33327663102049
7.0,-17.333054628535553
8.0,-17.332913263395625
9.0,-17.332818573775096
10.0,-17.332752302216946
