Difference added,Energy (eV)
0.0,-16.839412689208984
1.0,-16.839412689208984
1.0,-16.839412689208984
2.0,-16.839412689208984
2.0,-16.839412689208984
3.0,-16.839412689208984
4.0,-16.839412689208984
5.0,-16.839412689208984
6.0,-16.839412689208984
7.0,-16.839412689208984
8.0,-16.839412689208984
9.0,-16.839412689208984
10.0,-16.839412689208984
